sid,rev,line,msg,final_status,final_event,final_reason,source_high_confidence_file,source_manual_review_file
108,12,2,MALWARE-BACKDOOR QAZ Worm Client Login access,INCLUDE,E04,E04 supported by rule text/metadata,sbd_rule_audit_pass2(1).csv,
258,17,67,SERVER-OTHER Bind Buffer Overflow via NXT records,INCLUDE,E01,E01 supported by rule text/metadata,sbd_rule_audit_pass2(1).csv,
259,18,68,SERVER-OTHER Bind Buffer Overflow via NXT records named overflow ADM,INCLUDE,E01,E01 supported by rule text/metadata,sbd_rule_audit_pass2(1).csv,
260,19,69,SERVER-OTHER Bind Buffer Overflow via NXT records named overflow ADMROCKS,INCLUDE,E01,E01 supported by rule text/metadata,sbd_rule_audit_pass2(1).csv,
261,16,70,SERVER-OTHER Bind named overflow attempt,INCLUDE,E01,E01 supported by rule text/metadata,sbd_rule_audit_pass2(1).csv,
262,15,71,OS-LINUX x86 Linux overflow attempt,INCLUDE,E01,E01 supported by rule text/metadata,sbd_rule_audit_pass2(1).csv,
264,14,72,OS-LINUX x86 Linux overflow attempt,INCLUDE,E01,E01 supported by rule text/metadata,sbd_rule_audit_pass2(1).csv,
265,16,73,OS-LINUX x86 Linux overflow attempt ADMv2,INCLUDE,E01,E01 supported by rule text/metadata,sbd_rule_audit_pass2(1).csv,
266,15,74,OS-OTHER x86 FreeBSD overflow attempt,INCLUDE,E01,E01 supported by rule text/metadata,sbd_rule_audit_pass2(1).csv,
267,13,75,OS-SOLARIS EXPLOIT sparc overflow attempt,INCLUDE,E01,E01 supported by rule text/metadata,sbd_rule_audit_pass2(1).csv,
283,14,84,BROWSER-OTHER Netscape 4.7 client overflow,INCLUDE,E01,E01 supported by rule text/metadata,sbd_rule_audit_pass2(1).csv,
286,18,85,PROTOCOL-POP EXPLOIT x86 BSD overflow,INCLUDE,E01,E01 supported by rule text/metadata,sbd_rule_audit_pass2(1).csv,
287,12,86,PROTOCOL-POP EXPLOIT x86 BSD overflow,INCLUDE,E01,E01 supported by rule text/metadata,sbd_rule_audit_pass2(1).csv,
288,13,87,PROTOCOL-POP EXPLOIT x86 Linux overflow,INCLUDE,E01,E01 supported by rule text/metadata,sbd_rule_audit_pass2(1).csv,
289,16,88,PROTOCOL-POP EXPLOIT x86 SCO overflow,INCLUDE,E01,E01 supported by rule text/metadata,sbd_rule_audit_pass2(1).csv,
290,16,89,PROTOCOL-POP EXPLOIT qpopper overflow,INCLUDE,E01,E01 supported by rule text/metadata,sbd_rule_audit_pass2(1).csv,
292,11,90,OS-LINUX x86 Linux samba overflow,INCLUDE,E01,E01 supported by rule text/metadata,sbd_rule_audit_pass2(1).csv,
300,13,91,OS-SOLARIS Oracle Solaris npls x86 overflow,INCLUDE,E01,E01 supported by rule text/metadata,sbd_rule_audit_pass2(1).csv,
301,12,92,SERVER-OTHER LPRng overflow,INCLUDE,E01,E01 supported by rule text/metadata,sbd_rule_audit_pass2(1).csv,
302,14,93,OS-LINUX Redhat 7.0 lprd overflow,INCLUDE,E01,E01 supported by rule text/metadata,sbd_rule_audit_pass2(1).csv,
303,24,94,SERVER-OTHER Bind Buffer Overflow named tsig overflow attempt,INCLUDE,E01,E01 supported by rule text/metadata,sbd_rule_audit_pass2(1).csv,
304,12,95,SERVER-OTHER SCO calserver overflow,INCLUDE,E01,E01 supported by rule text/metadata,sbd_rule_audit_pass2(1).csv,
305,15,96,SERVER-OTHER delegate proxy overflow,INCLUDE,E01,E01 supported by rule text/metadata,sbd_rule_audit_pass2(1).csv,
307,12,98,SERVER-OTHER CHAT IRC topic overflow,INCLUDE,E01,E01 supported by rule text/metadata,sbd_rule_audit_pass2(1).csv,
308,14,99,SERVER-OTHER NextFTP client overflow,INCLUDE,E01,E01 supported by rule text/metadata,sbd_rule_audit_pass2(1).csv,
309,17,100,SERVER-MAIL sniffit overflow,INCLUDE,E01,E01 supported by rule text/metadata,sbd_rule_audit_pass2(1).csv,
310,13,101,SERVER-MAIL x86 windows MailMax overflow,INCLUDE,E01,E01 supported by rule text/metadata,sbd_rule_audit_pass2(1).csv,
311,15,102,BROWSER-OTHER Netscape 4.7 unsucessful overflow,INCLUDE,E01,E01 supported by rule text/metadata,sbd_rule_audit_pass2(1).csv,
313,10,103,OS-LINUX ntalkd x86 Linux overflow,INCLUDE,E01,E01 supported by rule text/metadata,sbd_rule_audit_pass2(1).csv,
314,23,104,SERVER-OTHER Bind Buffer Overflow named tsig overflow attempt,INCLUDE,E01,E01 supported by rule text/metadata,sbd_rule_audit_pass2(1).csv,
315,11,105,OS-LINUX x86 Linux mountd overflow,INCLUDE,E01,E01 supported by rule text/metadata,sbd_rule_audit_pass2(1).csv,
316,11,106,OS-LINUX x86 Linux mountd overflow,INCLUDE,E01,E01 supported by rule text/metadata,sbd_rule_audit_pass2(1).csv,
317,11,107,OS-LINUX x86 Linux mountd overflow,INCLUDE,E01,E01 supported by rule text/metadata,sbd_rule_audit_pass2(1).csv,
321,10,109,PROTOCOL-FINGER account enumeration attempt,INCLUDE,E03,E03 supported by rule text/metadata,sbd_rule_audit_pass2(1).csv,
326,15,113,PROTOCOL-FINGER remote command execution attempt,INCLUDE,E02,E02 supported by rule text/metadata,sbd_rule_audit_pass2(1).csv,
327,14,114,PROTOCOL-FINGER remote command pipe execution attempt,INCLUDE,E02,E02 supported by rule text/metadata,sbd_rule_audit_pass2(1).csv,
337,21,123,PROTOCOL-FTP CEL overflow attempt,INCLUDE,E01,E01 supported by rule text/metadata,sbd_rule_audit_pass2(1).csv,
353,13,124,PROTOCOL-FTP adm scan,INCLUDE,E03,E03 supported by rule text/metadata,sbd_rule_audit_pass2(1).csv,
354,12,125,PROTOCOL-FTP iss scan,INCLUDE,E03,E03 supported by rule text/metadata,sbd_rule_audit_pass2(1).csv,
357,12,128,PROTOCOL-FTP piss scan,INCLUDE,E03,E03 supported by rule text/metadata,sbd_rule_audit_pass2(1).csv,
358,12,129,PROTOCOL-FTP saint scan,INCLUDE,E03,E03 supported by rule text/metadata,sbd_rule_audit_pass2(1).csv,
359,12,130,PROTOCOL-FTP satan scan,INCLUDE,E03,E03 supported by rule text/metadata,sbd_rule_audit_pass2(1).csv,
360,16,131,PROTOCOL-FTP serv-u directory traversal,INCLUDE,E01,"A detecção contém padrão objetivo de tentativa de exploração/vulnerabilidade (ex.: directory traversal, format string, CSRF, XSS, vulnerabilidade específica), correspondendo a E01.",,sbd_rule_review_162_final(1).csv
484,8,236,PROTOCOL-ICMP PING Sniffer Pro/NetXRay network scan,INCLUDE,E03,E03 supported by rule text/metadata,sbd_rule_audit_pass2(1).csv,
514,9,252,SERVER-OTHER ramen worm,INCLUDE,E04,E04 supported by rule text/metadata,sbd_rule_audit_pass2(1).csv,
534,9,260,NETBIOS SMB CD..,INCLUDE,E04,E04 supported by rule text/metadata,sbd_rule_audit_pass2(1).csv,
535,9,261,NETBIOS SMB CD...,INCLUDE,E04,E04 supported by rule text/metadata,sbd_rule_audit_pass2(1).csv,
569,25,280,PROTOCOL-RPC snmpXdmi overflow attempt TCP,INCLUDE,E01,E01 supported by rule text/metadata,sbd_rule_audit_pass2(1).csv,
613,11,316,INDICATOR-SCAN myscan,INCLUDE,E03,E03 supported by rule text/metadata,sbd_rule_audit_pass2(1).csv,
616,9,318,INDICATOR-SCAN ident version request,INCLUDE,E03,E03 supported by rule text/metadata,sbd_rule_audit_pass2(1).csv,
619,12,319,INDICATOR-SCAN cybercop os probe,INCLUDE,E03,E03 supported by rule text/metadata,sbd_rule_audit_pass2(1).csv,
622,12,320,INDICATOR-SCAN ipEye SYN scan,INCLUDE,E03,E03 supported by rule text/metadata,sbd_rule_audit_pass2(1).csv,
626,13,321,INDICATOR-SCAN cybercop os PA12 attempt,INCLUDE,E03,E03 supported by rule text/metadata,sbd_rule_audit_pass2(1).csv,
627,13,322,INDICATOR-SCAN cybercop os SFU12 probe,INCLUDE,E03,E03 supported by rule text/metadata,sbd_rule_audit_pass2(1).csv,
630,11,323,INDICATOR-SCAN synscan portscan,INCLUDE,E03,E03 supported by rule text/metadata,sbd_rule_audit_pass2(1).csv,
634,10,326,INDICATOR-SCAN Amanda client-version request,INCLUDE,E03,E03 supported by rule text/metadata,sbd_rule_audit_pass2(1).csv,
635,11,327,INDICATOR-SCAN XTACACS logout,INCLUDE,E03,E03 supported by rule text/metadata,sbd_rule_audit_pass2(1).csv,
636,9,328,INDICATOR-SCAN cybercop udp bomb,INCLUDE,E03,E03 supported by rule text/metadata,sbd_rule_audit_pass2(1).csv,
637,13,329,INDICATOR-SCAN Webtrends Scanner UDP Probe,INCLUDE,E03,E03 supported by rule text/metadata,sbd_rule_audit_pass2(1).csv,
638,11,330,INDICATOR-SHELLCODE SGI NOOP,INCLUDE,E02,E02 supported by rule text/metadata,sbd_rule_audit_pass2(1).csv,
639,11,331,INDICATOR-SHELLCODE SGI NOOP,INCLUDE,E02,E02 supported by rule text/metadata,sbd_rule_audit_pass2(1).csv,
640,11,332,INDICATOR-SHELLCODE AIX NOOP,INCLUDE,E02,E02 supported by rule text/metadata,sbd_rule_audit_pass2(1).csv,
641,12,333,INDICATOR-SHELLCODE Digital UNIX NOOP,INCLUDE,E02,E02 supported by rule text/metadata,sbd_rule_audit_pass2(1).csv,
642,12,334,INDICATOR-SHELLCODE HP-UX NOOP,INCLUDE,E02,E02 supported by rule text/metadata,sbd_rule_audit_pass2(1).csv,
643,13,335,INDICATOR-SHELLCODE HP-UX NOOP,INCLUDE,E02,E02 supported by rule text/metadata,sbd_rule_audit_pass2(1).csv,
644,11,336,INDICATOR-SHELLCODE sparc NOOP,INCLUDE,E02,E02 supported by rule text/metadata,sbd_rule_audit_pass2(1).csv,
645,11,337,INDICATOR-SHELLCODE sparc NOOP,INCLUDE,E02,E02 supported by rule text/metadata,sbd_rule_audit_pass2(1).csv,
646,11,338,INDICATOR-SHELLCODE sparc NOOP,INCLUDE,E02,E02 supported by rule text/metadata,sbd_rule_audit_pass2(1).csv,
647,15,339,INDICATOR-SHELLCODE Oracle sparc setuid 0,INCLUDE,E02,E02 supported by rule text/metadata,sbd_rule_audit_pass2(1).csv,
648,18,340,INDICATOR-SHELLCODE x86 NOOP,INCLUDE,E02,E02 supported by rule text/metadata,sbd_rule_audit_pass2(1).csv,
649,15,341,INDICATOR-SHELLCODE x86 setgid 0,INCLUDE,E02,E02 supported by rule text/metadata,sbd_rule_audit_pass2(1).csv,
650,15,342,INDICATOR-SHELLCODE x86 setuid 0,INCLUDE,E02,E02 supported by rule text/metadata,sbd_rule_audit_pass2(1).csv,
652,15,343,INDICATOR-SHELLCODE Linux shellcode,INCLUDE,E02,E02 supported by rule text/metadata,sbd_rule_audit_pass2(1).csv,
654,29,344,SERVER-MAIL RCPT TO overflow,INCLUDE,E01,E01 supported by rule text/metadata,sbd_rule_audit_pass2(1).csv,
655,16,345,SERVER-MAIL Sendmail 8.6.9 exploit,INCLUDE,E01,E01 supported by rule text/metadata,sbd_rule_audit_pass2(1).csv,
657,20,346,SERVER-MAIL Netmanager chameleon SMTPd buffer overflow attempt,INCLUDE,E01,E01 supported by rule text/metadata,sbd_rule_audit_pass2(1).csv,
662,17,351,SERVER-MAIL Sendmail 5.5.5 exploit,INCLUDE,E01,E01 supported by rule text/metadata,sbd_rule_audit_pass2(1).csv,
665,17,354,SERVER-MAIL Sendmail 5.6.5 exploit,INCLUDE,E01,E01 supported by rule text/metadata,sbd_rule_audit_pass2(1).csv,
667,17,355,SERVER-MAIL Sendmail 8.6.10 exploit,INCLUDE,E01,E01 supported by rule text/metadata,sbd_rule_audit_pass2(1).csv,
668,17,356,SERVER-MAIL Sendmail 8.6.10 exploit,INCLUDE,E01,E01 supported by rule text/metadata,sbd_rule_audit_pass2(1).csv,
669,17,357,SERVER-MAIL Sendmail 8.6.9 exploit,INCLUDE,E01,E01 supported by rule text/metadata,sbd_rule_audit_pass2(1).csv,
670,16,358,SERVER-MAIL Sendmail 8.6.9 exploit,INCLUDE,E01,E01 supported by rule text/metadata,sbd_rule_audit_pass2(1).csv,
671,17,359,SERVER-MAIL Sendmail 8.6.9c exploit,INCLUDE,E01,E01 supported by rule text/metadata,sbd_rule_audit_pass2(1).csv,
691,9,374,INDICATOR-SHELLCODE shellcode attempt,INCLUDE,E02,E02 supported by rule text/metadata,sbd_rule_audit_pass2(1).csv,
692,10,375,INDICATOR-SHELLCODE shellcode attempt,INCLUDE,E02,E02 supported by rule text/metadata,sbd_rule_audit_pass2(1).csv,
693,9,376,INDICATOR-SHELLCODE shellcode attempt,INCLUDE,E02,E02 supported by rule text/metadata,sbd_rule_audit_pass2(1).csv,
694,10,377,INDICATOR-SHELLCODE shellcode attempt,INCLUDE,E02,E02 supported by rule text/metadata,sbd_rule_audit_pass2(1).csv,
695,14,378,SERVER-MSSQL xp_sprintf possible buffer overflow,INCLUDE,E01,E01 supported by rule text/metadata,sbd_rule_audit_pass2(1).csv,
704,16,379,SERVER-MSSQL xp_sprintf possible buffer overflow,INCLUDE,E01,E01 supported by rule text/metadata,sbd_rule_audit_pass2(1).csv,
803,21,390,SERVER-WEBAPP HyperSeek hsx.cgi directory traversal attempt,INCLUDE,E01,"A detecção contém padrão objetivo de tentativa de exploração/vulnerabilidade (ex.: directory traversal, format string, CSRF, XSS, vulnerabilidade específica), correspondendo a E01.",,sbd_rule_review_162_final(1).csv
804,20,391,SERVER-WEBAPP SWSoft ASPSeek Overflow attempt,INCLUDE,E01,E01 supported by rule text/metadata,sbd_rule_audit_pass2(1).csv,
806,24,393,SERVER-WEBAPP yabb directory traversal attempt,INCLUDE,E01,"A detecção contém padrão objetivo de tentativa de exploração/vulnerabilidade (ex.: directory traversal, format string, CSRF, XSS, vulnerabilidade específica), correspondendo a E01.",,sbd_rule_review_162_final(1).csv
809,20,396,SERVER-WEBAPP whois_raw.cgi arbitrary command execution attempt,INCLUDE,E02,E02 supported by rule text/metadata,sbd_rule_audit_pass2(1).csv,
813,22,400,SERVER-WEBAPP webplus directory traversal,INCLUDE,E01,"A detecção contém padrão objetivo de tentativa de exploração/vulnerabilidade (ex.: directory traversal, format string, CSRF, XSS, vulnerabilidade específica), correspondendo a E01.",,sbd_rule_review_162_final(1).csv
820,19,405,SERVER-WEBAPP anaconda directory traversal attempt,INCLUDE,E01,"A detecção contém padrão objetivo de tentativa de exploração/vulnerabilidade (ex.: directory traversal, format string, CSRF, XSS, vulnerabilidade específica), correspondendo a E01.",,sbd_rule_review_162_final(1).csv
821,25,406,SERVER-WEBAPP imagemap.exe overflow attempt,INCLUDE,E01,E01 supported by rule text/metadata,sbd_rule_audit_pass2(1).csv,
848,20,429,SERVER-WEBAPP view-source directory traversal,INCLUDE,E01,"A detecção contém padrão objetivo de tentativa de exploração/vulnerabilidade (ex.: directory traversal, format string, CSRF, XSS, vulnerabilidade específica), correspondendo a E01.",,sbd_rule_review_162_final(1).csv
899,20,474,SERVER-WEBAPP Amaya templates sendtemp.pl directory traversal attempt,INCLUDE,E01,"A detecção contém padrão objetivo de tentativa de exploração/vulnerabilidade (ex.: directory traversal, format string, CSRF, XSS, vulnerabilidade específica), correspondendo a E01.",,sbd_rule_review_162_final(1).csv
900,22,475,SERVER-WEBAPP webspirs.cgi directory traversal attempt,INCLUDE,E01,"A detecção contém padrão objetivo de tentativa de exploração/vulnerabilidade (ex.: directory traversal, format string, CSRF, XSS, vulnerabilidade específica), correspondendo a E01.",,sbd_rule_review_162_final(1).csv
921,16,496,SERVER-OTHER Adobe Coldfusion admin encrypt attempt,INCLUDE,E05,E05 supported by rule text/metadata,sbd_rule_audit_pass2(1).csv,
924,16,499,SERVER-OTHER Adobe Coldfusion admin decrypt attempt,INCLUDE,E01,"A detecção contém padrão objetivo de tentativa de exploração/vulnerabilidade (ex.: directory traversal, format string, CSRF, XSS, vulnerabilidade específica), correspondendo a E01.",,sbd_rule_review_162_final(1).csv
974,23,545,SERVER-IIS Microsoft Windows IIS directory traversal attempt,INCLUDE,E01,"A detecção contém padrão objetivo de tentativa de exploração/vulnerabilidade (ex.: directory traversal, format string, CSRF, XSS, vulnerabilidade específica), correspondendo a E01.",,sbd_rule_review_162_final(1).csv
989,18,556,MALWARE-CNC sensepost.exe command shell,INCLUDE,E02,"A lógica da regra identifica tentativa de execução/comando remoto ou acesso explícito a mecanismo de execução, correspondendo a E02.",,sbd_rule_review_162_final(1).csv
1002,19,569,SERVER-IIS cmd.exe access,INCLUDE,E02,E02 supported by rule text/metadata,sbd_rule_audit_pass2(1).csv,
1051,23,615,FILE-OTHER technote main.cgi file directory traversal attempt,INCLUDE,E01,"A detecção contém padrão objetivo de tentativa de exploração/vulnerabilidade (ex.: directory traversal, format string, CSRF, XSS, vulnerabilidade específica), correspondendo a E01.",,sbd_rule_review_162_final(1).csv
1052,21,616,SERVER-WEBAPP technote print.cgi directory traversal attempt,INCLUDE,E01,"A detecção contém padrão objetivo de tentativa de exploração/vulnerabilidade (ex.: directory traversal, format string, CSRF, XSS, vulnerabilidade específica), correspondendo a E01.",,sbd_rule_review_162_final(1).csv
1053,23,617,SERVER-WEBAPP ads.cgi command execution attempt,INCLUDE,E02,E02 supported by rule text/metadata,sbd_rule_audit_pass2(1).csv,
1072,19,634,SERVER-WEBAPP Lotus Domino directory traversal,INCLUDE,E01,"A detecção contém padrão objetivo de tentativa de exploração/vulnerabilidade (ex.: directory traversal, format string, CSRF, XSS, vulnerabilidade específica), correspondendo a E01.",,sbd_rule_review_162_final(1).csv
1085,15,646,SERVER-WEBAPP strings overflow,INCLUDE,E01,E01 supported by rule text/metadata,sbd_rule_audit_pass2(1).csv,
1086,25,647,SERVER-WEBAPP strings overflow,INCLUDE,E01,E01 supported by rule text/metadata,sbd_rule_audit_pass2(1).csv,
1088,18,648,SERVER-WEBAPP eXtropia webstore directory traversal,INCLUDE,E01,"A detecção contém padrão objetivo de tentativa de exploração/vulnerabilidade (ex.: directory traversal, format string, CSRF, XSS, vulnerabilidade específica), correspondendo a E01.",,sbd_rule_review_162_final(1).csv
1089,16,649,SERVER-WEBAPP shopping cart directory traversal,INCLUDE,E01,"A detecção contém padrão objetivo de tentativa de exploração/vulnerabilidade (ex.: directory traversal, format string, CSRF, XSS, vulnerabilidade específica), correspondendo a E01.",,sbd_rule_review_162_final(1).csv
1092,21,652,SERVER-WEBAPP Armada Style Master Index directory traversal,INCLUDE,E01,"A detecção contém padrão objetivo de tentativa de exploração/vulnerabilidade (ex.: directory traversal, format string, CSRF, XSS, vulnerabilidade específica), correspondendo a E01.",,sbd_rule_review_162_final(1).csv
1093,18,653,SERVER-WEBAPP cached_feed.cgi moreover shopping cart directory traversal,INCLUDE,E01,"A detecção contém padrão objetivo de tentativa de exploração/vulnerabilidade (ex.: directory traversal, format string, CSRF, XSS, vulnerabilidade específica), correspondendo a E01.",,sbd_rule_review_162_final(1).csv
1095,17,654,SERVER-WEBAPP Talentsoft Web+ Source Code view access,INCLUDE,E03,"A lógica identifica acesso/enumeração/descoberta ou exposição de informação/configuração, correspondendo a E03.",,sbd_rule_review_162_final(1).csv
1097,18,656,SERVER-WEBAPP Talentsoft Web+ exploit attempt,INCLUDE,E01;E02,E01 supported by rule text/metadata,sbd_rule_audit_pass2(1).csv,
1099,15,658,SERVER-WEBAPP cybercop scan,INCLUDE,E03,E03 supported by rule text/metadata,sbd_rule_audit_pass2(1).csv,
1100,18,659,INDICATOR-SCAN L3retriever HTTP Probe,INCLUDE,E03,E03 supported by rule text/metadata,sbd_rule_audit_pass2(1).csv,
1101,18,660,INDICATOR-SCAN Webtrends HTTP probe,INCLUDE,E03,E03 supported by rule text/metadata,sbd_rule_audit_pass2(1).csv,
1111,18,669,SERVER-APACHE Apache Tomcat server exploit access,INCLUDE,E01,E01 supported by rule text/metadata,sbd_rule_audit_pass2(1).csv,
1132,14,686,SERVER-WEBAPP Netscape Unixware overflow,INCLUDE,E01,E01 supported by rule text/metadata,sbd_rule_audit_pass2(1).csv,
1133,18,687,INDICATOR-SCAN cybercop os probe,INCLUDE,E03,E03 supported by rule text/metadata,sbd_rule_audit_pass2(1).csv,
1159,18,709,SERVER-WEBAPP webplus access,INCLUDE,E03,A regra detecta acesso a recurso/endpoint específico associado à enumeração/reconhecimento; não há evidência de execução na lógica.,,sbd_rule_review_162_final(1).csv
1193,17,738,SERVER-WEBAPP oracle web arbitrary command execution attempt,INCLUDE,E02,E02 supported by rule text/metadata,sbd_rule_audit_pass2(1).csv,
1199,18,744,SERVER-WEBAPP Compaq Insight directory traversal,INCLUDE,E01,"A detecção contém padrão objetivo de tentativa de exploração/vulnerabilidade (ex.: directory traversal, format string, CSRF, XSS, vulnerabilidade específica), correspondendo a E01.",,sbd_rule_review_162_final(1).csv
1240,10,776,SERVER-OTHER MDBMS overflow,INCLUDE,E01,E01 supported by rule text/metadata,sbd_rule_audit_pass2(1).csv,
1241,15,777,SERVER-WEBAPP SWEditServlet directory traversal attempt,INCLUDE,E01,"A detecção contém padrão objetivo de tentativa de exploração/vulnerabilidade (ex.: directory traversal, format string, CSRF, XSS, vulnerabilidade específica), correspondendo a E01.",,sbd_rule_review_162_final(1).csv
1252,25,785,PROTOCOL-TELNET bsd telnet exploit response,INCLUDE,E01,E01 supported by rule text/metadata,sbd_rule_audit_pass2(1).csv,
1253,24,786,PROTOCOL-TELNET bsd exploit client finishing,INCLUDE,E01,E01 supported by rule text/metadata,sbd_rule_audit_pass2(1).csv,
1254,16,787,SERVER-WEBAPP PHPLIB remote command attempt,INCLUDE,E02,"A lógica da regra identifica tentativa de execução/comando remoto ou acesso explícito a mecanismo de execução, correspondendo a E02.",,sbd_rule_review_162_final(1).csv
1255,15,788,SERVER-WEBAPP PHPLIB remote command attempt,INCLUDE,E02,"A lógica da regra identifica tentativa de execução/comando remoto ou acesso explícito a mecanismo de execução, correspondendo a E02.",,sbd_rule_review_162_final(1).csv
1261,15,792,SERVER-OTHER AIX pdnsd overflow,INCLUDE,E01,E01 supported by rule text/metadata,sbd_rule_audit_pass2(1).csv,
1305,15,826,SERVER-WEBAPP txt2html.cgi directory traversal attempt,INCLUDE,E01,"A detecção contém padrão objetivo de tentativa de exploração/vulnerabilidade (ex.: directory traversal, format string, CSRF, XSS, vulnerabilidade específica), correspondendo a E01.",,sbd_rule_review_162_final(1).csv
1324,12,831,INDICATOR-SHELLCODE ssh CRC32 overflow /bin/sh,INCLUDE,E01;E02,E01;E02 supported by rule text/metadata,sbd_rule_audit_pass2(1).csv,
1325,14,832,INDICATOR-SHELLCODE ssh CRC32 overflow filler,INCLUDE,E01;E02,E01;E02 supported by rule text/metadata,sbd_rule_audit_pass2(1).csv,
1326,13,833,INDICATOR-SHELLCODE ssh CRC32 overflow NOOP,INCLUDE,E01;E02,E01;E02 supported by rule text/metadata,sbd_rule_audit_pass2(1).csv,
1327,14,834,INDICATOR-SHELLCODE ssh CRC32 overflow,INCLUDE,E01;E02,E01;E02 supported by rule text/metadata,sbd_rule_audit_pass2(1).csv,
1375,12,836,SERVER-WEBAPP sadmind worm access,INCLUDE,E04,E04 supported by rule text/metadata,sbd_rule_audit_pass2(1).csv,
1379,23,840,PROTOCOL-FTP STAT overflow attempt,INCLUDE,E01,E01 supported by rule text/metadata,sbd_rule_audit_pass2(1).csv,
1382,13,843,SERVER-OTHER CHAT IRC Ettercap parse overflow attempt,INCLUDE,E01,E01 supported by rule text/metadata,sbd_rule_audit_pass2(1).csv,
1386,15,846,SERVER-MSSQL raiserror possible buffer overflow,INCLUDE,E01,E01 supported by rule text/metadata,sbd_rule_audit_pass2(1).csv,
1387,13,847,SQL raiserror possible buffer overflow,INCLUDE,E01,E01 supported by rule text/metadata,sbd_rule_audit_pass2(1).csv,
1388,23,848,OS-WINDOWS Microsoft Windows UPnP Location overflow attempt,INCLUDE,E01,E01 supported by rule text/metadata,sbd_rule_audit_pass2(1).csv,
1390,17,849,INDICATOR-SHELLCODE x86 inc ebx NOOP,INCLUDE,E02,E02 supported by rule text/metadata,sbd_rule_audit_pass2(1).csv,
1394,17,851,INDICATOR-SHELLCODE x86 inc ecx NOOP,INCLUDE,E02,E02 supported by rule text/metadata,sbd_rule_audit_pass2(1).csv,
1398,14,855,SERVER-OTHER CDE dtspcd exploit attempt,INCLUDE,E01,E01 supported by rule text/metadata,sbd_rule_audit_pass2(1).csv,
1409,21,864,PROTOCOL-SNMP community string buffer overflow attempt,INCLUDE,E01,E01 supported by rule text/metadata,sbd_rule_audit_pass2(1).csv,
1422,21,877,PROTOCOL-SNMP community string buffer overflow attempt with evasion,INCLUDE,E01,E01 supported by rule text/metadata,sbd_rule_audit_pass2(1).csv,
1423,24,878,SERVER-WEBAPP content-disposition memchr overflow,INCLUDE,E01,E01 supported by rule text/metadata,sbd_rule_audit_pass2(1).csv,
1478,18,926,SERVER-WEBAPP Simple Web Counter URI Parameter Buffer Overflow attempt,INCLUDE,E01,E01 supported by rule text/metadata,sbd_rule_audit_pass2(1).csv,
1488,19,935,SERVER-WEBAPP store.cgi directory traversal attempt,INCLUDE,E01,"A detecção contém padrão objetivo de tentativa de exploração/vulnerabilidade (ex.: directory traversal, format string, CSRF, XSS, vulnerabilidade específica), correspondendo a E01.",,sbd_rule_review_162_final(1).csv
1492,17,939,SERVER-WEBAPP RBS ISP /newuser  directory traversal attempt,INCLUDE,E01,"A detecção contém padrão objetivo de tentativa de exploração/vulnerabilidade (ex.: directory traversal, format string, CSRF, XSS, vulnerabilidade específica), correspondendo a E01.",,sbd_rule_review_162_final(1).csv
1501,17,946,SERVER-WEBAPP a1stats a1disp3.cgi directory traversal attempt,INCLUDE,E01,"A detecção contém padrão objetivo de tentativa de exploração/vulnerabilidade (ex.: directory traversal, format string, CSRF, XSS, vulnerabilidade específica), correspondendo a E01.",,sbd_rule_review_162_final(1).csv
1505,16,950,SERVER-WEBAPP alchemy http server PRN arbitrary command execution attempt,INCLUDE,E02,E02 supported by rule text/metadata,sbd_rule_audit_pass2(1).csv,
1506,16,951,SERVER-WEBAPP alchemy http server NUL arbitrary command execution attempt,INCLUDE,E02,E02 supported by rule text/metadata,sbd_rule_audit_pass2(1).csv,
1507,18,952,SERVER-WEBAPP alibaba.pl arbitrary command execution attempt,INCLUDE,E02,E02 supported by rule text/metadata,sbd_rule_audit_pass2(1).csv,
1509,17,954,SERVER-WEBAPP AltaVista Intranet Search directory traversal attempt,INCLUDE,E01,"A detecção contém padrão objetivo de tentativa de exploração/vulnerabilidade (ex.: directory traversal, format string, CSRF, XSS, vulnerabilidade específica), correspondendo a E01.",,sbd_rule_review_162_final(1).csv
1510,16,955,SERVER-WEBAPP test.bat arbitrary command execution attempt,INCLUDE,E02,E02 supported by rule text/metadata,sbd_rule_audit_pass2(1).csv,
1512,17,957,SERVER-WEBAPP input.bat arbitrary command execution attempt,INCLUDE,E02,E02 supported by rule text/metadata,sbd_rule_audit_pass2(1).csv,
1514,17,959,SERVER-WEBAPP input2.bat arbitrary command execution attempt,INCLUDE,E02,E02 supported by rule text/metadata,sbd_rule_audit_pass2(1).csv,
1516,18,961,SERVER-WEBAPP envout.bat arbitrary command execution attempt,INCLUDE,E02,E02 supported by rule text/metadata,sbd_rule_audit_pass2(1).csv,
1529,17,974,PROTOCOL-FTP SITE overflow attempt,INCLUDE,E01,E01 supported by rule text/metadata,sbd_rule_audit_pass2(1).csv,
1534,20,978,SERVER-WEBAPP agora.cgi attempt,INCLUDE,E01,"A regra identifica uma tentativa de injeção/XSS no tráfego. Pela taxonomia adotada, isso caracteriza tentativa de exploração (E01), não execução comprovada (E02).",,sbd_rule_review_162_final(1).csv
1536,19,980,SERVER-WEBAPP calendar_admin.pl arbitrary command execution attempt,INCLUDE,E02,E02 supported by rule text/metadata,sbd_rule_audit_pass2(1).csv,
1538,22,982,PROTOCOL-NNTP AUTHINFO USER overflow attempt,INCLUDE,E01,E01 supported by rule text/metadata,sbd_rule_audit_pass2(1).csv,
1544,15,988,SERVER-WEBAPP Cisco Catalyst command execution attempt,INCLUDE,E02,E02 supported by rule text/metadata,sbd_rule_audit_pass2(1).csv,
1547,19,991,SERVER-WEBAPP csSearch.cgi arbitrary command execution attempt,INCLUDE,E02,E02 supported by rule text/metadata,sbd_rule_audit_pass2(1).csv,
1549,27,993,SERVER-MAIL HELO overflow attempt,INCLUDE,E01,E01 supported by rule text/metadata,sbd_rule_audit_pass2(1).csv,
1550,21,994,SERVER-MAIL ETRN overflow attempt,INCLUDE,E01,E01 supported by rule text/metadata,sbd_rule_audit_pass2(1).csv,
1558,12,1001,SERVER-WEBAPP Delegate whois overflow attempt,INCLUDE,E01,E01 supported by rule text/metadata,sbd_rule_audit_pass2(1).csv,
1562,18,1004,PROTOCOL-FTP SITE CHOWN overflow attempt,INCLUDE,E01,E01 supported by rule text/metadata,sbd_rule_audit_pass2(1).csv,
1565,21,1007,SERVER-WEBAPP eshop.pl arbitrary command execution attempt,INCLUDE,E02,E02 supported by rule text/metadata,sbd_rule_audit_pass2(1).csv,
1569,17,1011,SERVER-WEBAPP loadpage.cgi directory traversal attempt,INCLUDE,E01,"A detecção contém padrão objetivo de tentativa de exploração/vulnerabilidade (ex.: directory traversal, format string, CSRF, XSS, vulnerabilidade específica), correspondendo a E01.",,sbd_rule_review_162_final(1).csv
1571,16,1013,SERVER-WEBAPP dcforum.cgi directory traversal attempt,INCLUDE,E01,"A detecção contém padrão objetivo de tentativa de exploração/vulnerabilidade (ex.: directory traversal, format string, CSRF, XSS, vulnerabilidade específica), correspondendo a E01.",,sbd_rule_review_162_final(1).csv
1598,16,1039,SERVER-WEBAPP Home Free search.cgi directory traversal attempt,INCLUDE,E01,"A detecção contém padrão objetivo de tentativa de exploração/vulnerabilidade (ex.: directory traversal, format string, CSRF, XSS, vulnerabilidade específica), correspondendo a E01.",,sbd_rule_review_162_final(1).csv
1604,12,1045,SERVER-WEBAPP iChat directory traversal attempt,INCLUDE,E01,"A detecção contém padrão objetivo de tentativa de exploração/vulnerabilidade (ex.: directory traversal, format string, CSRF, XSS, vulnerabilidade específica), correspondendo a E01.",,sbd_rule_review_162_final(1).csv
1610,22,1050,SERVER-WEBAPP formmail arbitrary command execution attempt,INCLUDE,E02,E02 supported by rule text/metadata,sbd_rule_audit_pass2(1).csv,
1621,20,1059,PROTOCOL-FTP CMD overflow attempt,INCLUDE,E01,E01 supported by rule text/metadata,sbd_rule_audit_pass2(1).csv,
1624,18,1062,PROTOCOL-FTP PWD overflow attempt,INCLUDE,E01,E01 supported by rule text/metadata,sbd_rule_audit_pass2(1).csv,
1625,14,1063,PROTOCOL-FTP SYST overflow attempt,INCLUDE,E01,E01 supported by rule text/metadata,sbd_rule_audit_pass2(1).csv,
1628,19,1065,SERVER-WEBAPP FormHandler.cgi directory traversal attempt,INCLUDE,E01,"A detecção contém padrão objetivo de tentativa de exploração/vulnerabilidade (ex.: directory traversal, format string, CSRF, XSS, vulnerabilidade específica), correspondendo a E01.",,sbd_rule_review_162_final(1).csv
1634,25,1066,PROTOCOL-POP PASS overflow attempt,INCLUDE,E01,E01 supported by rule text/metadata,sbd_rule_audit_pass2(1).csv,
1635,19,1067,PROTOCOL-POP APOP overflow attempt,INCLUDE,E01,E01 supported by rule text/metadata,sbd_rule_audit_pass2(1).csv,
1636,14,1068,SERVER-OTHER Xtramail Username overflow attempt,INCLUDE,E01,E01 supported by rule text/metadata,sbd_rule_audit_pass2(1).csv,
1638,10,1070,INDICATOR-SCAN SSH Version map attempt,INCLUDE,E03,E03 supported by rule text/metadata,sbd_rule_audit_pass2(1).csv,
1655,18,1085,SERVER-WEBAPP pfdispaly.cgi arbitrary command execution attempt,INCLUDE,E02,E02 supported by rule text/metadata,sbd_rule_audit_pass2(1).csv,
1657,14,1087,SERVER-WEBAPP pagelog.cgi directory traversal attempt,INCLUDE,E01,"A detecção contém padrão objetivo de tentativa de exploração/vulnerabilidade (ex.: directory traversal, format string, CSRF, XSS, vulnerabilidade específica), correspondendo a E01.",,sbd_rule_review_162_final(1).csv
1667,15,1096,SERVER-WEBAPP cross site scripting HTML Image tag set to javascript attempt,INCLUDE,E01,"A regra identifica uma tentativa de injeção/XSS no tráfego. Pela taxonomia adotada, isso caracteriza tentativa de exploração (E01), não execução comprovada (E02).",,sbd_rule_review_162_final(1).csv
1703,17,1130,SERVER-WEBAPP auktion.cgi directory traversal attempt,INCLUDE,E01,"A detecção contém padrão objetivo de tentativa de exploração/vulnerabilidade (ex.: directory traversal, format string, CSRF, XSS, vulnerabilidade específica), correspondendo a E01.",,sbd_rule_review_162_final(1).csv
1704,15,1131,SERVER-WEBAPP cal_make.pl directory traversal attempt,INCLUDE,E01,"A detecção contém padrão objetivo de tentativa de exploração/vulnerabilidade (ex.: directory traversal, format string, CSRF, XSS, vulnerabilidade específica), correspondendo a E01.",,sbd_rule_review_162_final(1).csv
1705,14,1132,SERVER-WEBAPP echo.bat arbitrary command execution attempt,INCLUDE,E02,E02 supported by rule text/metadata,sbd_rule_audit_pass2(1).csv,
1707,14,1134,SERVER-WEBAPP hello.bat arbitrary command execution attempt,INCLUDE,E02,E02 supported by rule text/metadata,sbd_rule_audit_pass2(1).csv,
1719,14,1146,SERVER-WEBAPP talkback.cgi directory traversal attempt,INCLUDE,E01,"A detecção contém padrão objetivo de tentativa de exploração/vulnerabilidade (ex.: directory traversal, format string, CSRF, XSS, vulnerabilidade específica), correspondendo a E01.",,sbd_rule_review_162_final(1).csv
1730,16,1156,SERVER-WEBAPP ustorekeeper.pl directory traversal attempt,INCLUDE,E01,"A detecção contém padrão objetivo de tentativa de exploração/vulnerabilidade (ex.: directory traversal, format string, CSRF, XSS, vulnerabilidade específica), correspondendo a E01.",,sbd_rule_review_162_final(1).csv
1734,50,1160,PROTOCOL-FTP USER overflow attempt,INCLUDE,E01,E01 supported by rule text/metadata,sbd_rule_audit_pass2(1).csv,
1751,12,1175,SERVER-OTHER cachefsd buffer overflow attempt,INCLUDE,E01,E01 supported by rule text/metadata,sbd_rule_audit_pass2(1).csv,
1755,24,1178,PROTOCOL-IMAP partial body buffer overflow attempt,INCLUDE,E01,E01 supported by rule text/metadata,sbd_rule_audit_pass2(1).csv,
1757,14,1180,SERVER-WEBAPP b2 arbitrary command execution attempt,INCLUDE,E02,E02 supported by rule text/metadata,sbd_rule_audit_pass2(1).csv,
1762,27,1182,SERVER-WEBAPP phf arbitrary command execution attempt,INCLUDE,E02,E02 supported by rule text/metadata,sbd_rule_audit_pass2(1).csv,
1777,19,1196,PROTOCOL-FTP EXPLOIT STAT asterisk dos attempt,INCLUDE,E01,E01 supported by rule text/metadata,sbd_rule_audit_pass2(1).csv,
1778,18,1197,PROTOCOL-FTP EXPLOIT STAT ? dos attempt,INCLUDE,E01,E01 supported by rule text/metadata,sbd_rule_audit_pass2(1).csv,
1792,16,1202,PROTOCOL-NNTP return code buffer overflow attempt,INCLUDE,E01,E01 supported by rule text/metadata,sbd_rule_audit_pass2(1).csv,
1802,20,1203,SERVER-IIS .asa HTTP header buffer overflow attempt,INCLUDE,E01,E01 supported by rule text/metadata,sbd_rule_audit_pass2(1).csv,
1803,21,1204,SERVER-IIS .cer HTTP header buffer overflow attempt,INCLUDE,E01,E01 supported by rule text/metadata,sbd_rule_audit_pass2(1).csv,
1804,21,1205,SERVER-IIS .cdx HTTP header buffer overflow attempt,INCLUDE,E01,E01 supported by rule text/metadata,sbd_rule_audit_pass2(1).csv,
1808,17,1209,SERVER-WEBAPP Apache chunked-encoding memory corruption exploit attempt,INCLUDE,E01,E01 supported by rule text/metadata,sbd_rule_audit_pass2(1).csv,
1809,20,1210,SERVER-APACHE Apache chunked-encoding worm attempt,INCLUDE,E04,E04 supported by rule text/metadata,sbd_rule_audit_pass2(1).csv,
1810,19,1211,SERVER-OTHER successful gobbles ssh exploit GOBBLE,INCLUDE,E01,E01 supported by rule text/metadata,sbd_rule_audit_pass2(1).csv,
1811,17,1212,SERVER-OTHER successful gobbles ssh exploit uname,INCLUDE,E01,E01 supported by rule text/metadata,sbd_rule_audit_pass2(1).csv,
1812,13,1213,SERVER-OTHER gobbles SSH exploit attempt,INCLUDE,E01,E01 supported by rule text/metadata,sbd_rule_audit_pass2(1).csv,
1821,10,1222,SERVER-OTHER LPD dvips remote command execution attempt,INCLUDE,E02,E02 supported by rule text/metadata,sbd_rule_audit_pass2(1).csv,
1822,16,1223,SERVER-WEBAPP AlienForm alienform.cgi directory traversal attempt,INCLUDE,E01,"A detecção contém padrão objetivo de tentativa de exploração/vulnerabilidade (ex.: directory traversal, format string, CSRF, XSS, vulnerabilidade específica), correspondendo a E01.",,sbd_rule_review_162_final(1).csv
1823,15,1224,SERVER-WEBAPP AlienForm af.cgi directory traversal attempt,INCLUDE,E01,"A detecção contém padrão objetivo de tentativa de exploração/vulnerabilidade (ex.: directory traversal, format string, CSRF, XSS, vulnerabilidade específica), correspondendo a E01.",,sbd_rule_review_162_final(1).csv
1827,16,1228,SERVER-APACHE Apache Tomcat servlet mapping cross site scripting attempt,INCLUDE,E01,"A regra identifica uma tentativa de injeção/XSS no tráfego. Pela taxonomia adotada, isso caracteriza tentativa de exploração (E01), não execução comprovada (E02).",,sbd_rule_review_162_final(1).csv
1828,16,1229,SERVER-WEBAPP iPlanet Search directory traversal attempt,INCLUDE,E01,"A detecção contém padrão objetivo de tentativa de exploração/vulnerabilidade (ex.: directory traversal, format string, CSRF, XSS, vulnerabilidade específica), correspondendo a E01.",,sbd_rule_review_162_final(1).csv
1834,16,1234,SERVER-WEBAPP PHP-Wiki cross site scripting attempt,INCLUDE,E01,"A regra identifica uma tentativa de injeção/XSS no tráfego. Pela taxonomia adotada, isso caracteriza tentativa de exploração (E01), não execução comprovada (E02).",,sbd_rule_review_162_final(1).csv
1835,14,1235,SERVER-WEBAPP Macromedia SiteSpring cross site scripting attempt,INCLUDE,E01,"A regra identifica uma tentativa de injeção/XSS no tráfego. Pela taxonomia adotada, isso caracteriza tentativa de exploração (E01), não execução comprovada (E02).",,sbd_rule_review_162_final(1).csv
1838,14,1236,SERVER-OTHER SSH server banner overflow,INCLUDE,E01,E01 supported by rule text/metadata,sbd_rule_audit_pass2(1).csv,
1839,14,1237,SERVER-WEBAPP mailman cross site scripting attempt,INCLUDE,E01,"A regra identifica uma tentativa de injeção/XSS no tráfego. Pela taxonomia adotada, isso caracteriza tentativa de exploração (E01), não execução comprovada (E02).",,sbd_rule_review_162_final(1).csv
1842,35,1240,PROTOCOL-IMAP login buffer overflow attempt,INCLUDE,E01,E01 supported by rule text/metadata,sbd_rule_audit_pass2(1).csv,
1844,18,1242,PROTOCOL-IMAP authenticate overflow attempt,INCLUDE,E01,E01 supported by rule text/metadata,sbd_rule_audit_pass2(1).csv,
1845,24,1243,PROTOCOL-IMAP list literal overflow attempt,INCLUDE,E01,E01 supported by rule text/metadata,sbd_rule_audit_pass2(1).csv,
1858,12,1256,SERVER-WEBAPP CISCO PIX Firewall Manager directory traversal attempt,INCLUDE,E01,"A detecção contém padrão objetivo de tentativa de exploração/vulnerabilidade (ex.: directory traversal, format string, CSRF, XSS, vulnerabilidade específica), correspondendo a E01.",,sbd_rule_review_162_final(1).csv
1862,14,1260,SERVER-WEBAPP mrtg.cgi directory traversal attempt,INCLUDE,E01,"A detecção contém padrão objetivo de tentativa de exploração/vulnerabilidade (ex.: directory traversal, format string, CSRF, XSS, vulnerabilidade específica), correspondendo a E01.",,sbd_rule_review_162_final(1).csv
1866,26,1263,PROTOCOL-POP USER overflow attempt,INCLUDE,E01,E01 supported by rule text/metadata,sbd_rule_audit_pass2(1).csv,
1879,16,1276,SERVER-WEBAPP book.cgi arbitrary command execution attempt,INCLUDE,E02,E02 supported by rule text/metadata,sbd_rule_audit_pass2(1).csv,
1881,13,1278,SERVER-WEBAPP bad HTTP 1.1 request - potential worm attack,INCLUDE,E04,E04 supported by rule text/metadata,sbd_rule_audit_pass2(1).csv,
1887,9,1280,SERVER-OTHER OpenSSL Worm traffic,INCLUDE,E04,E04 supported by rule text/metadata,sbd_rule_audit_pass2(1).csv,
1888,14,1281,PROTOCOL-FTP SITE CPWD overflow attempt,INCLUDE,E01,E01 supported by rule text/metadata,sbd_rule_audit_pass2(1).csv,
1889,10,1282,MALWARE-CNC slapper worm admin traffic,INCLUDE,E04,E04 supported by rule text/metadata,sbd_rule_audit_pass2(1).csv,
1894,14,1287,INDICATOR-SHELLCODE kadmind buffer overflow attempt,INCLUDE,E01;E02,E01;E02 supported by rule text/metadata,sbd_rule_audit_pass2(1).csv,
1895,13,1288,INDICATOR-SHELLCODE kadmind buffer overflow attempt,INCLUDE,E01;E02,E01;E02 supported by rule text/metadata,sbd_rule_audit_pass2(1).csv,
1896,12,1289,INDICATOR-SHELLCODE kadmind buffer overflow attempt,INCLUDE,E01;E02,E01;E02 supported by rule text/metadata,sbd_rule_audit_pass2(1).csv,
1897,12,1290,INDICATOR-SHELLCODE kadmind buffer overflow attempt,INCLUDE,E01;E02,E01;E02 supported by rule text/metadata,sbd_rule_audit_pass2(1).csv,
1898,12,1291,INDICATOR-SHELLCODE kadmind buffer overflow attempt,INCLUDE,E01;E02,E01;E02 supported by rule text/metadata,sbd_rule_audit_pass2(1).csv,
1899,12,1292,INDICATOR-SHELLCODE kadmind buffer overflow attempt,INCLUDE,E01;E02,E01;E02 supported by rule text/metadata,sbd_rule_audit_pass2(1).csv,
1900,15,1293,SERVER-OTHER successful kadmind buffer overflow attempt,INCLUDE,E01,E01 supported by rule text/metadata,sbd_rule_audit_pass2(1).csv,
1901,16,1294,SERVER-OTHER successful kadmind buffer overflow attempt,INCLUDE,E01,E01 supported by rule text/metadata,sbd_rule_audit_pass2(1).csv,
1902,18,1295,PROTOCOL-IMAP lsub literal overflow attempt,INCLUDE,E01,E01 supported by rule text/metadata,sbd_rule_audit_pass2(1).csv,
1903,16,1296,PROTOCOL-IMAP rename overflow attempt,INCLUDE,E01,E01 supported by rule text/metadata,sbd_rule_audit_pass2(1).csv,
1904,16,1297,PROTOCOL-IMAP find overflow attempt,INCLUDE,E01,E01 supported by rule text/metadata,sbd_rule_audit_pass2(1).csv,
1905,15,1298,PROTOCOL-RPC AMD UDP amqproc_mount plog overflow attempt,INCLUDE,E01,E01 supported by rule text/metadata,sbd_rule_audit_pass2(1).csv,
1906,13,1299,PROTOCOL-RPC AMD TCP amqproc_mount plog overflow attempt,INCLUDE,E01,E01 supported by rule text/metadata,sbd_rule_audit_pass2(1).csv,
1907,18,1300,PROTOCOL-RPC CMSD UDP CMSD_CREATE buffer overflow attempt,INCLUDE,E01,E01 supported by rule text/metadata,sbd_rule_audit_pass2(1).csv,
1908,14,1301,PROTOCOL-RPC CMSD TCP CMSD_CREATE buffer overflow attempt,INCLUDE,E01,E01 supported by rule text/metadata,sbd_rule_audit_pass2(1).csv,
1909,17,1302,PROTOCOL-RPC CMSD TCP CMSD_INSERT buffer overflow attempt,INCLUDE,E01,E01 supported by rule text/metadata,sbd_rule_audit_pass2(1).csv,
1910,17,1303,PROTOCOL-RPC CMSD udp CMSD_INSERT buffer overflow attempt,INCLUDE,E01,E01 supported by rule text/metadata,sbd_rule_audit_pass2(1).csv,
1911,20,1304,PROTOCOL-RPC sadmind UDP NETMGT_PROC_SERVICE CLIENT_DOMAIN overflow attempt,INCLUDE,E01,E01 supported by rule text/metadata,sbd_rule_audit_pass2(1).csv,
1912,16,1305,PROTOCOL-RPC sadmind TCP NETMGT_PROC_SERVICE CLIENT_DOMAIN overflow attempt,INCLUDE,E01,E01 supported by rule text/metadata,sbd_rule_audit_pass2(1).csv,
1913,20,1306,PROTOCOL-RPC STATD UDP stat mon_name format string exploit attempt,INCLUDE,E01,E01 supported by rule text/metadata,sbd_rule_audit_pass2(1).csv,
1914,18,1307,PROTOCOL-RPC STATD TCP stat mon_name format string exploit attempt,INCLUDE,E01,E01 supported by rule text/metadata,sbd_rule_audit_pass2(1).csv,
1915,19,1308,PROTOCOL-RPC STATD UDP monitor mon_name format string exploit attempt,INCLUDE,E01,E01 supported by rule text/metadata,sbd_rule_audit_pass2(1).csv,
1916,17,1309,PROTOCOL-RPC STATD TCP monitor mon_name format string exploit attempt,INCLUDE,E01,E01 supported by rule text/metadata,sbd_rule_audit_pass2(1).csv,
1917,16,1310,INDICATOR-SCAN UPnP service discover attempt,INCLUDE,E03,E03 supported by rule text/metadata,sbd_rule_audit_pass2(1).csv,
1918,10,1311,PROTOCOL-ICMP SolarWinds IP scan attempt,INCLUDE,E03,E03 supported by rule text/metadata,sbd_rule_audit_pass2(1).csv,
1919,31,1312,PROTOCOL-FTP CWD overflow attempt,INCLUDE,E01,E01 supported by rule text/metadata,sbd_rule_audit_pass2(1).csv,
1920,13,1313,PROTOCOL-FTP SITE NEWER overflow attempt,INCLUDE,E01,E01 supported by rule text/metadata,sbd_rule_audit_pass2(1).csv,
1921,11,1314,PROTOCOL-FTP SITE ZIPCHK overflow attempt,INCLUDE,E01,E01 supported by rule text/metadata,sbd_rule_audit_pass2(1).csv,
1930,16,1322,PROTOCOL-IMAP auth literal overflow attempt,INCLUDE,E01,E01 supported by rule text/metadata,sbd_rule_audit_pass2(1).csv,
1932,11,1324,SERVER-WEBAPP rpc-smb.pl access,INCLUDE,E04,E04 supported by rule text/metadata,sbd_rule_audit_pass2(1).csv,
1936,14,1326,PROTOCOL-POP AUTH overflow attempt,INCLUDE,E01,E01 supported by rule text/metadata,sbd_rule_audit_pass2(1).csv,
1937,13,1327,PROTOCOL-POP LIST overflow attempt,INCLUDE,E01,E01 supported by rule text/metadata,sbd_rule_audit_pass2(1).csv,
1938,10,1328,PROTOCOL-POP XTND overflow attempt,INCLUDE,E01,E01 supported by rule text/metadata,sbd_rule_audit_pass2(1).csv,
1939,10,1329,SERVER-OTHER bootp hardware address length overflow,INCLUDE,E01,E01 supported by rule text/metadata,sbd_rule_audit_pass2(1).csv,
1941,24,1331,PROTOCOL-TFTP GET filename overflow attempt,INCLUDE,E01,E01 supported by rule text/metadata,sbd_rule_audit_pass2(1).csv,
1942,13,1332,PROTOCOL-FTP RMDIR overflow attempt,INCLUDE,E01,E01 supported by rule text/metadata,sbd_rule_audit_pass2(1).csv,
1947,15,1336,SERVER-WEBAPP answerbook2 arbitrary command execution attempt,INCLUDE,E02,E02 supported by rule text/metadata,sbd_rule_audit_pass2(1).csv,
1963,15,1352,PROTOCOL-RPC RQUOTA getquota overflow attempt UDP,INCLUDE,E01,E01 supported by rule text/metadata,sbd_rule_audit_pass2(1).csv,
1964,18,1353,PROTOCOL-RPC tooltalk UDP overflow attempt,INCLUDE,E01,E01 supported by rule text/metadata,sbd_rule_audit_pass2(1).csv,
1965,17,1354,PROTOCOL-RPC tooltalk TCP overflow attempt,INCLUDE,E01,E01 supported by rule text/metadata,sbd_rule_audit_pass2(1).csv,
1970,22,1359,SERVER-IIS MDAC Content-Type overflow attempt,INCLUDE,E01,E01 supported by rule text/metadata,sbd_rule_audit_pass2(1).csv,
1972,32,1361,PROTOCOL-FTP PASS overflow attempt,INCLUDE,E01,E01 supported by rule text/metadata,sbd_rule_audit_pass2(1).csv,
1973,31,1362,PROTOCOL-FTP MKD overflow attempt,INCLUDE,E01,E01 supported by rule text/metadata,sbd_rule_audit_pass2(1).csv,
1974,15,1363,PROTOCOL-FTP REST overflow attempt,INCLUDE,E01,E01 supported by rule text/metadata,sbd_rule_audit_pass2(1).csv,
1975,27,1364,PROTOCOL-FTP DELE overflow attempt,INCLUDE,E01,E01 supported by rule text/metadata,sbd_rule_audit_pass2(1).csv,
1976,23,1365,PROTOCOL-FTP RMD overflow attempt,INCLUDE,E01,E01 supported by rule text/metadata,sbd_rule_audit_pass2(1).csv,
1987,11,1376,SERVER-OTHER xfs overflow attempt,INCLUDE,E01,E01 supported by rule text/metadata,sbd_rule_audit_pass2(1).csv,
1992,14,1381,PROTOCOL-FTP LIST directory traversal attempt,INCLUDE,E01,"A detecção contém padrão objetivo de tentativa de exploração/vulnerabilidade (ex.: directory traversal, format string, CSRF, XSS, vulnerabilidade específica), correspondendo a E01.",,sbd_rule_review_162_final(1).csv
1993,24,1382,PROTOCOL-IMAP login literal buffer overflow attempt,INCLUDE,E01,E01 supported by rule text/metadata,sbd_rule_audit_pass2(1).csv,
2003,16,1392,SQL Worm propagation attempt,INCLUDE,E04,E04 supported by rule text/metadata,sbd_rule_audit_pass2(1).csv,
2004,15,1393,SQL Worm propagation attempt OUTBOUND,INCLUDE,E04,E04 supported by rule text/metadata,sbd_rule_audit_pass2(1).csv,
2007,16,1396,PROTOCOL-RPC kcms_server directory traversal attempt,INCLUDE,E01,"A detecção contém padrão objetivo de tentativa de exploração/vulnerabilidade (ex.: directory traversal, format string, CSRF, XSS, vulnerabilidade específica), correspondendo a E01.",,sbd_rule_review_162_final(1).csv
2010,12,1399,INDICATOR-COMPROMISE CVS double free exploit attempt response,INCLUDE,E01,E01 supported by rule text/metadata,sbd_rule_audit_pass2(1).csv,
2024,13,1413,PROTOCOL-RPC RQUOTA getquota overflow attempt TCP,INCLUDE,E01,E01 supported by rule text/metadata,sbd_rule_audit_pass2(1).csv,
2025,17,1414,PROTOCOL-RPC yppasswd username overflow attempt UDP,INCLUDE,E01,E01 supported by rule text/metadata,sbd_rule_audit_pass2(1).csv,
2026,15,1415,PROTOCOL-RPC yppasswd username overflow attempt TCP,INCLUDE,E01,E01 supported by rule text/metadata,sbd_rule_audit_pass2(1).csv,
2027,13,1416,PROTOCOL-RPC yppasswd old password overflow attempt UDP,INCLUDE,E01,E01 supported by rule text/metadata,sbd_rule_audit_pass2(1).csv,
2028,11,1417,PROTOCOL-RPC yppasswd old password overflow attempt TCP,INCLUDE,E01,E01 supported by rule text/metadata,sbd_rule_audit_pass2(1).csv,
2029,13,1418,PROTOCOL-RPC yppasswd new password overflow attempt UDP,INCLUDE,E01,E01 supported by rule text/metadata,sbd_rule_audit_pass2(1).csv,
2030,12,1419,PROTOCOL-RPC yppasswd new password overflow attempt TCP,INCLUDE,E01,E01 supported by rule text/metadata,sbd_rule_audit_pass2(1).csv,
2039,12,1428,SERVER-OTHER bootp hostname format string attempt,INCLUDE,E01,A regra detecta tentativa de exploração por format string no hostname; trata-se de tentativa de exploração/vulnerabilidade (E01).,,sbd_rule_review_162_final(1).csv
2041,9,1430,INDICATOR-SCAN xtacacs failed login response,INCLUDE,E03,E03 supported by rule text/metadata,sbd_rule_audit_pass2(1).csv,
2043,8,1432,INDICATOR-SCAN isakmp login failed,INCLUDE,E03,E03 supported by rule text/metadata,sbd_rule_audit_pass2(1).csv,
2045,21,1434,PROTOCOL-RPC snmpXdmi overflow attempt UDP,INCLUDE,E01,E01 supported by rule text/metadata,sbd_rule_audit_pass2(1).csv,
2046,14,1435,PROTOCOL-IMAP partial body.peek buffer overflow attempt,INCLUDE,E01,E01 supported by rule text/metadata,sbd_rule_audit_pass2(1).csv,
2050,19,1438,SERVER-MSSQL version overflow attempt,INCLUDE,E01,E01 supported by rule text/metadata,sbd_rule_audit_pass2(1).csv,
2052,13,1440,SERVER-WEBAPP overflow.cgi access,INCLUDE,E01,E01 supported by rule text/metadata,sbd_rule_audit_pass2(1).csv,
2065,7,1452,SERVER-WEBAPP Lotus Notes .csp script source download attempt,INCLUDE,E03,"A lógica identifica acesso/enumeração/descoberta ou exposição de informação/configuração, correspondendo a E03.",,sbd_rule_review_162_final(1).csv
2066,12,1453,SERVER-WEBAPP Lotus Notes .pl script source download attempt,INCLUDE,E03,"A lógica identifica acesso/enumeração/descoberta ou exposição de informação/configuração, correspondendo a E03.",,sbd_rule_review_162_final(1).csv
2067,12,1454,SERVER-WEBAPP Lotus Notes .exe script source download attempt,INCLUDE,E03,"A lógica identifica acesso/enumeração/descoberta ou exposição de informação/configuração, correspondendo a E03.",,sbd_rule_review_162_final(1).csv
2087,14,1474,SERVER-MAIL From comment overflow attempt,INCLUDE,E01,E01 supported by rule text/metadata,sbd_rule_audit_pass2(1).csv,
2090,22,1477,SERVER-IIS WEBDAV exploit attempt,INCLUDE,E01,E01 supported by rule text/metadata,sbd_rule_audit_pass2(1).csv,
2091,16,1478,SERVER-IIS WEBDAV nessus safe scan attempt,INCLUDE,E03,E03 supported by rule text/metadata,sbd_rule_audit_pass2(1).csv,
2092,14,1479,PROTOCOL-RPC portmap proxy integer overflow attempt UDP,INCLUDE,E01,E01 supported by rule text/metadata,sbd_rule_audit_pass2(1).csv,
2093,13,1480,PROTOCOL-RPC portmap proxy integer overflow attempt TCP,INCLUDE,E01,E01 supported by rule text/metadata,sbd_rule_audit_pass2(1).csv,
2094,18,1481,PROTOCOL-RPC CMSD UDP CMSD_CREATE array buffer overflow attempt,INCLUDE,E01,E01 supported by rule text/metadata,sbd_rule_audit_pass2(1).csv,
2095,14,1482,PROTOCOL-RPC CMSD TCP CMSD_CREATE array buffer overflow attempt,INCLUDE,E01,E01 supported by rule text/metadata,sbd_rule_audit_pass2(1).csv,
2101,23,1484,OS-WINDOWS Microsoft Windows SMB Trans Max Param/Count OS-WINDOWS attempt,INCLUDE,E04,E04 supported by rule text/metadata,sbd_rule_audit_pass2(1).csv,
2103,17,1485,NETBIOS SMB Trans2 OPEN2 unicode maximum param count overflow attempt,INCLUDE,E01;E04,E01;E04 supported by rule text/metadata,sbd_rule_audit_pass2(1).csv,
2105,16,1487,PROTOCOL-IMAP authenticate literal overflow attempt,INCLUDE,E01,E01 supported by rule text/metadata,sbd_rule_audit_pass2(1).csv,
2106,17,1488,PROTOCOL-IMAP lsub overflow attempt,INCLUDE,E01,E01 supported by rule text/metadata,sbd_rule_audit_pass2(1).csv,
2107,11,1489,PROTOCOL-IMAP create buffer overflow attempt,INCLUDE,E01,E01 supported by rule text/metadata,sbd_rule_audit_pass2(1).csv,
2108,9,1490,PROTOCOL-POP CAPA overflow attempt,INCLUDE,E01,E01 supported by rule text/metadata,sbd_rule_audit_pass2(1).csv,
2109,10,1491,PROTOCOL-POP TOP overflow attempt,INCLUDE,E01,E01 supported by rule text/metadata,sbd_rule_audit_pass2(1).csv,
2110,9,1492,PROTOCOL-POP STAT overflow attempt,INCLUDE,E01,E01 supported by rule text/metadata,sbd_rule_audit_pass2(1).csv,
2111,9,1493,PROTOCOL-POP DELE overflow attempt,INCLUDE,E01,E01 supported by rule text/metadata,sbd_rule_audit_pass2(1).csv,
2112,9,1494,PROTOCOL-POP RSET overflow attempt,INCLUDE,E01,E01 supported by rule text/metadata,sbd_rule_audit_pass2(1).csv,
2113,6,1495,PROTOCOL-SERVICES rexec username overflow attempt,INCLUDE,E01,E01 supported by rule text/metadata,sbd_rule_audit_pass2(1).csv,
2114,6,1496,PROTOCOL-SERVICES rexec password overflow attempt,INCLUDE,E01,E01 supported by rule text/metadata,sbd_rule_audit_pass2(1).csv,
2118,19,1500,PROTOCOL-IMAP list overflow attempt,INCLUDE,E01,E01 supported by rule text/metadata,sbd_rule_audit_pass2(1).csv,
2119,14,1501,PROTOCOL-IMAP rename literal overflow attempt,INCLUDE,E01,E01 supported by rule text/metadata,sbd_rule_audit_pass2(1).csv,
2120,12,1502,PROTOCOL-IMAP create literal buffer overflow attempt,INCLUDE,E01,E01 supported by rule text/metadata,sbd_rule_audit_pass2(1).csv,
2123,12,1505,INDICATOR-COMPROMISE Microsoft cmd.exe banner,INCLUDE,E02,E02 supported by rule text/metadata,sbd_rule_audit_pass2(1).csv,
2125,15,1507,PROTOCOL-FTP CWD Root directory traversal attempt,INCLUDE,E01,"A detecção contém padrão objetivo de tentativa de exploração/vulnerabilidade (ex.: directory traversal, format string, CSRF, XSS, vulnerabilidade específica), correspondendo a E01.",,sbd_rule_review_162_final(1).csv
2126,16,1508,OS-WINDOWS Microsoft Windows PPTP Start Control Request buffer overflow attempt,INCLUDE,E01,E01 supported by rule text/metadata,sbd_rule_audit_pass2(1).csv,
2141,8,1523,SERVER-WEBAPP shoutbox.php directory traversal attempt,INCLUDE,E01,"A detecção contém padrão objetivo de tentativa de exploração/vulnerabilidade (ex.: directory traversal, format string, CSRF, XSS, vulnerabilidade específica), correspondendo a E01.",,sbd_rule_review_162_final(1).csv
2153,11,1535,SERVER-WEBAPP autohtml.php directory traversal attempt,INCLUDE,E01,"A detecção contém padrão objetivo de tentativa de exploração/vulnerabilidade (ex.: directory traversal, format string, CSRF, XSS, vulnerabilidade específica), correspondendo a E01.",,sbd_rule_review_162_final(1).csv
2176,11,1542,OS-WINDOWS Microsoft Windows SMB startup folder access,INCLUDE,E04,E04 supported by rule text/metadata,sbd_rule_audit_pass2(1).csv,
2177,12,1543,OS-WINDOWS Microsoft Windows SMB startup folder unicode access,INCLUDE,E04,E04 supported by rule text/metadata,sbd_rule_audit_pass2(1).csv,
2183,16,1548,SERVER-MAIL Sendmail Content-Transfer-Encoding overflow attempt,INCLUDE,E01,E01 supported by rule text/metadata,sbd_rule_audit_pass2(1).csv,
2184,14,1549,PROTOCOL-RPC mountd TCP mount path overflow attempt,INCLUDE,E01,E01 supported by rule text/metadata,sbd_rule_audit_pass2(1).csv,
2191,6,1551,NETBIOS SMB DCERPC invalid bind attempt,INCLUDE,E04,E04 supported by rule text/metadata,sbd_rule_audit_pass2(1).csv,
2222,20,1580,SERVER-WEBAPP Infinity CGI exploit scanner nph-exploitscanget.cgi access,INCLUDE,E01,E01 supported by rule text/metadata,sbd_rule_audit_pass2(1).csv,
2252,22,1609,OS-WINDOWS Microsoft Windows SMB-DS DCERPC Remote Activation bind attempt,INCLUDE,E04,E04 supported by rule text/metadata,sbd_rule_audit_pass2(1).csv,
2253,20,1610,SERVER-MAIL XEXCH50 overflow attempt,INCLUDE,E01,E01 supported by rule text/metadata,sbd_rule_audit_pass2(1).csv,
2257,16,1613,OS-WINDOWS DCERPC Messenger Service buffer overflow attempt,INCLUDE,E01,E01 supported by rule text/metadata,sbd_rule_audit_pass2(1).csv,
2258,17,1614,OS-WINDOWS Microsoft Windows SMB-DS DCERPC Messenger Service buffer overflow attempt,INCLUDE,E01;E04,E01;E04 supported by rule text/metadata,sbd_rule_audit_pass2(1).csv,
2259,17,1615,SERVER-MAIL EXPN overflow attempt,INCLUDE,E01,E01 supported by rule text/metadata,sbd_rule_audit_pass2(1).csv,
2260,17,1616,SERVER-MAIL VRFY overflow attempt,INCLUDE,E01,E01 supported by rule text/metadata,sbd_rule_audit_pass2(1).csv,
2261,16,1617,SERVER-MAIL Sendmail SEND FROM prescan too many addresses overflow,INCLUDE,E01,E01 supported by rule text/metadata,sbd_rule_audit_pass2(1).csv,
2262,16,1618,SERVER-MAIL Sendmail SEND FROM prescan too long addresses overflow,INCLUDE,E01,E01 supported by rule text/metadata,sbd_rule_audit_pass2(1).csv,
2263,16,1619,SERVER-MAIL Sendmail SAML FROM prescan too many addresses overflow,INCLUDE,E01,E01 supported by rule text/metadata,sbd_rule_audit_pass2(1).csv,
2264,16,1620,SERVER-MAIL Sendmail SAML FROM prescan too long addresses overflow,INCLUDE,E01,E01 supported by rule text/metadata,sbd_rule_audit_pass2(1).csv,
2265,14,1621,SERVER-MAIL Sendmail SOML FROM prescan too many addresses overflow,INCLUDE,E01,E01 supported by rule text/metadata,sbd_rule_audit_pass2(1).csv,
2266,16,1622,SERVER-MAIL Sendmail SOML FROM prescan too long addresses overflow,INCLUDE,E01,E01 supported by rule text/metadata,sbd_rule_audit_pass2(1).csv,
2267,15,1623,SERVER-MAIL Sendmail MAIL FROM prescan too many addresses overflow,INCLUDE,E01,E01 supported by rule text/metadata,sbd_rule_audit_pass2(1).csv,
2268,16,1624,SERVER-MAIL Sendmail MAIL FROM prescan too long addresses overflow,INCLUDE,E01,E01 supported by rule text/metadata,sbd_rule_audit_pass2(1).csv,
2269,15,1625,SERVER-MAIL Sendmail RCPT TO prescan too many addresses overflow,INCLUDE,E01,E01 supported by rule text/metadata,sbd_rule_audit_pass2(1).csv,
2270,18,1626,SERVER-MAIL Sendmail RCPT TO prescan too long addresses overflow,INCLUDE,E01,E01 supported by rule text/metadata,sbd_rule_audit_pass2(1).csv,
2272,13,1628,PROTOCOL-FTP LIST integer overflow attempt,INCLUDE,E01,E01 supported by rule text/metadata,sbd_rule_audit_pass2(1).csv,
2319,7,1666,SERVER-OTHER ebola PASS overflow attempt,INCLUDE,E01,E01 supported by rule text/metadata,sbd_rule_audit_pass2(1).csv,
2320,7,1667,SERVER-OTHER ebola USER overflow attempt,INCLUDE,E01,E01 supported by rule text/metadata,sbd_rule_audit_pass2(1).csv,
2329,15,1676,SERVER-MSSQL probe response overflow attempt,INCLUDE,E01,E01 supported by rule text/metadata,sbd_rule_audit_pass2(1).csv,
2330,11,1677,PROTOCOL-IMAP auth overflow attempt,INCLUDE,E01,E01 supported by rule text/metadata,sbd_rule_audit_pass2(1).csv,
2337,23,1683,PROTOCOL-TFTP PUT filename overflow attempt,INCLUDE,E01,E01 supported by rule text/metadata,sbd_rule_audit_pass2(1).csv,
2338,35,1684,PROTOCOL-FTP LIST buffer overflow attempt,INCLUDE,E01,E01 supported by rule text/metadata,sbd_rule_audit_pass2(1).csv,
2340,15,1686,PROTOCOL-FTP SITE CHMOD overflow attempt,INCLUDE,E01,E01 supported by rule text/metadata,sbd_rule_audit_pass2(1).csv,
2341,13,1687,SERVER-WEBAPP DCP-Portal remote file include editor script attempt,INCLUDE,E02,"A lógica da regra identifica tentativa de execução/comando remoto ou acesso explícito a mecanismo de execução, correspondendo a E02.",,sbd_rule_review_162_final(1).csv
2342,13,1688,SERVER-WEBAPP DCP-Portal remote file include lib script attempt,INCLUDE,E02,"A lógica da regra identifica tentativa de execução/comando remoto ou acesso explícito a mecanismo de execução, correspondendo a E02.",,sbd_rule_review_162_final(1).csv
2343,14,1689,PROTOCOL-FTP STOR overflow attempt,INCLUDE,E01,E01 supported by rule text/metadata,sbd_rule_audit_pass2(1).csv,
2344,12,1690,PROTOCOL-FTP XCWD overflow attempt,INCLUDE,E01,E01 supported by rule text/metadata,sbd_rule_audit_pass2(1).csv,
2373,13,1714,PROTOCOL-FTP XMKD overflow attempt,INCLUDE,E01,E01 supported by rule text/metadata,sbd_rule_audit_pass2(1).csv,
2374,19,1715,PROTOCOL-FTP NLST overflow attempt,INCLUDE,E01,E01 supported by rule text/metadata,sbd_rule_audit_pass2(1).csv,
2376,9,1717,SERVER-OTHER ISAKMP first payload certificate request length overflow attempt,INCLUDE,E01;E02,E01;E02 supported by rule text/metadata,sbd_rule_audit_pass2(1).csv,
2377,9,1718,SERVER-OTHER ISAKMP second payload certificate request length overflow attempt,INCLUDE,E01;E02,E01;E02 supported by rule text/metadata,sbd_rule_audit_pass2(1).csv,
2378,10,1719,SERVER-OTHER ISAKMP third payload certificate request length overflow attempt,INCLUDE,E01;E02,E01;E02 supported by rule text/metadata,sbd_rule_audit_pass2(1).csv,
2379,10,1720,SERVER-OTHER ISAKMP forth payload certificate request length overflow attempt,INCLUDE,E01;E02,E01;E02 supported by rule text/metadata,sbd_rule_audit_pass2(1).csv,
2380,10,1721,SERVER-OTHER ISAKMP fifth payload certificate request length overflow attempt,INCLUDE,E01;E02,E01;E02 supported by rule text/metadata,sbd_rule_audit_pass2(1).csv,
2386,23,1722,SERVER-IIS NTLM ASN1 vulnerability scan attempt,INCLUDE,E01;E03,E03 supported by rule text/metadata,sbd_rule_audit_pass2(1).csv,
2389,21,1724,PROTOCOL-FTP RNTO overflow attempt,INCLUDE,E01,E01 supported by rule text/metadata,sbd_rule_audit_pass2(1).csv,
2390,12,1725,PROTOCOL-FTP STOU overflow attempt,INCLUDE,E01,E01 supported by rule text/metadata,sbd_rule_audit_pass2(1).csv,
2391,17,1726,PROTOCOL-FTP APPE overflow attempt,INCLUDE,E01,E01 supported by rule text/metadata,sbd_rule_audit_pass2(1).csv,
2392,22,1727,PROTOCOL-FTP RETR overflow attempt,INCLUDE,E01,E01 supported by rule text/metadata,sbd_rule_audit_pass2(1).csv,
2396,16,1731,SERVER-WEBAPP CCBill whereami.cgi arbitrary command execution attempt,INCLUDE,E02,E02 supported by rule text/metadata,sbd_rule_audit_pass2(1).csv,
2401,13,1736,NETBIOS SMB Session Setup andx username overflow attempt,INCLUDE,E01;E04,E01;E04 supported by rule text/metadata,sbd_rule_audit_pass2(1).csv,
2402,10,1737,NETBIOS SMB-DS Session Setup andx username overflow attempt,INCLUDE,E01;E04,E01;E04 supported by rule text/metadata,sbd_rule_audit_pass2(1).csv,
2403,14,1738,NETBIOS SMB Session Setup unicode username overflow attempt,INCLUDE,E01;E04,E01;E04 supported by rule text/metadata,sbd_rule_audit_pass2(1).csv,
2404,11,1739,NETBIOS SMB-DS Session Setup unicode andx username overflow attempt,INCLUDE,E01;E04,E01;E04 supported by rule text/metadata,sbd_rule_audit_pass2(1).csv,
2409,11,1744,PROTOCOL-POP APOP USER overflow attempt,INCLUDE,E01,E01 supported by rule text/metadata,sbd_rule_audit_pass2(1).csv,
2411,16,1746,SERVER-WEBAPP RealNetworks RealSystem Server DESCRIBE buffer overflow attempt,INCLUDE,E01,E01 supported by rule text/metadata,sbd_rule_audit_pass2(1).csv,
2412,9,1747,INDICATOR-COMPROMISE successful cross site scripting forced download attempt,INCLUDE,E01,"A regra identifica uma tentativa de injeção/XSS no tráfego. Pela taxonomia adotada, isso caracteriza tentativa de exploração (E01), não execução comprovada (E02).",,sbd_rule_review_162_final(1).csv
2415,16,1750,SERVER-OTHER ISAKMP second payload initial contact notification without SPI attempt,INCLUDE,E02,E02 supported by rule text/metadata,sbd_rule_audit_pass2(1).csv,
2424,13,1758,PROTOCOL-NNTP sendsys overflow attempt,INCLUDE,E01,E01 supported by rule text/metadata,sbd_rule_audit_pass2(1).csv,
2425,13,1759,PROTOCOL-NNTP senduuname overflow attempt,INCLUDE,E01,E01 supported by rule text/metadata,sbd_rule_audit_pass2(1).csv,
2426,13,1760,PROTOCOL-NNTP version overflow attempt,INCLUDE,E01,E01 supported by rule text/metadata,sbd_rule_audit_pass2(1).csv,
2427,13,1761,PROTOCOL-NNTP checkgroups overflow attempt,INCLUDE,E01,E01 supported by rule text/metadata,sbd_rule_audit_pass2(1).csv,
2428,13,1762,PROTOCOL-NNTP ihave overflow attempt,INCLUDE,E01,E01 supported by rule text/metadata,sbd_rule_audit_pass2(1).csv,
2429,13,1763,PROTOCOL-NNTP sendme overflow attempt,INCLUDE,E01,E01 supported by rule text/metadata,sbd_rule_audit_pass2(1).csv,
2430,15,1764,PROTOCOL-NNTP newgroup overflow attempt,INCLUDE,E01,E01 supported by rule text/metadata,sbd_rule_audit_pass2(1).csv,
2431,15,1765,PROTOCOL-NNTP rmgroup overflow attempt,INCLUDE,E01,E01 supported by rule text/metadata,sbd_rule_audit_pass2(1).csv,
2433,13,1767,SERVER-WEBAPP MDaemon form2raw.cgi overflow attempt,INCLUDE,E01,E01 supported by rule text/metadata,sbd_rule_audit_pass2(1).csv,
2438,24,1771,FILE-MULTIMEDIA RealNetworks RealPlayer playlist file URL overflow attempt,INCLUDE,E01,E01 supported by rule text/metadata,sbd_rule_audit_pass2(1).csv,
2439,24,1772,FILE-MULTIMEDIA RealNetworks RealPlayer playlist http URL overflow attempt,INCLUDE,E01,E01 supported by rule text/metadata,sbd_rule_audit_pass2(1).csv,
2440,24,1773,FILE-MULTIMEDIA RealNetworks RealPlayer playlist rtsp URL overflow attempt,INCLUDE,E01,E01 supported by rule text/metadata,sbd_rule_audit_pass2(1).csv,
2446,16,1775,SERVER-OTHER ICQ SRV_MULTI/SRV_META_USER overflow attempt - ISS Witty Worm,INCLUDE,E01;E04,E01;E04 supported by rule text/metadata,sbd_rule_audit_pass2(1).csv,
2449,12,1778,PROTOCOL-FTP ALLO overflow attempt,INCLUDE,E01,E01 supported by rule text/metadata,sbd_rule_audit_pass2(1).csv,
2462,10,1791,SERVER-OTHER Ethereal IGMP IGAP account overflow attempt,INCLUDE,E01,E01 supported by rule text/metadata,sbd_rule_audit_pass2(1).csv,
2463,10,1792,SERVER-OTHER Ethereal IGMP IGAP message overflow attempt,INCLUDE,E01,E01 supported by rule text/metadata,sbd_rule_audit_pass2(1).csv,
2464,10,1793,SERVER-OTHER Ethereal EIGRP prefix length overflow attempt,INCLUDE,E01,E01 supported by rule text/metadata,sbd_rule_audit_pass2(1).csv,
2474,10,1794,NETBIOS SMB-DS ADMIN$ share access,INCLUDE,E04,E04 supported by rule text/metadata,sbd_rule_audit_pass2(1).csv,
2486,14,1797,SERVER-OTHER ISAKMP invalid identification payload attempt,INCLUDE,E02,E02 supported by rule text/metadata,sbd_rule_audit_pass2(1).csv,
2487,17,1798,SERVER-MAIL WinZip MIME content-type buffer overflow,INCLUDE,E01,E01 supported by rule text/metadata,sbd_rule_audit_pass2(1).csv,
2488,18,1799,SERVER-MAIL WinZip MIME content-disposition buffer overflow,INCLUDE,E01,E01 supported by rule text/metadata,sbd_rule_audit_pass2(1).csv,
2489,9,1800,SERVER-OTHER esignal STREAMQUOTE buffer overflow attempt,INCLUDE,E01,E01 supported by rule text/metadata,sbd_rule_audit_pass2(1).csv,
2490,7,1801,SERVER-OTHER esignal SNAPQUOTE buffer overflow attempt,INCLUDE,E01,E01 supported by rule text/metadata,sbd_rule_audit_pass2(1).csv,
2508,24,1802,OS-WINDOWS DCERPC NCACN-IP-TCP lsass DsRolerUpgradeDownlevelServer overflow attempt,INCLUDE,E01,E01 supported by rule text/metadata,sbd_rule_audit_pass2(1).csv,
2511,22,1803,OS-WINDOWS DCERPC NCADG-IP-UDP lsass DsRolerUpgradeDownlevelServer overflow attempt,INCLUDE,E01,E01 supported by rule text/metadata,sbd_rule_audit_pass2(1).csv,
2545,7,1805,SERVER-OTHER AFP FPLoginExt username buffer overflow attempt,INCLUDE,E01,E01 supported by rule text/metadata,sbd_rule_audit_pass2(1).csv,
2546,14,1806,PROTOCOL-FTP MDTM overflow attempt,INCLUDE,E01,E01 supported by rule text/metadata,sbd_rule_audit_pass2(1).csv,
2547,11,1807,SERVER-OTHER HP Web JetAdmin remote file upload attempt,INCLUDE,E01,"A regra identifica uma tentativa de alteração/escrita/upload em serviço vulnerável; tratamos a tentativa de exploração como E01, sem inferir execução.",,sbd_rule_review_162_final(1).csv
2548,10,1808,SERVER-OTHER HP Web JetAdmin setinfo access attempt,INCLUDE,E01,"A regra identifica uma tentativa de alteração/escrita/upload em serviço vulnerável; tratamos a tentativa de exploração como E01, sem inferir execução.",,sbd_rule_review_162_final(1).csv
2549,7,1809,SERVER-OTHER HP Web JetAdmin file write attempt,INCLUDE,E01,"A regra identifica uma tentativa de alteração/escrita/upload em serviço vulnerável; tratamos a tentativa de exploração como E01, sem inferir execução.",,sbd_rule_review_162_final(1).csv
2550,10,1810,FILE-OTHER Nullsoft Winamp XM file buffer overflow attempt,INCLUDE,E01,E01 supported by rule text/metadata,sbd_rule_audit_pass2(1).csv,
2551,8,1811,SERVER-OTHER Oracle Web Cache GET overflow attempt,INCLUDE,E01,E01 supported by rule text/metadata,sbd_rule_audit_pass2(1).csv,
2552,8,1812,SERVER-OTHER Oracle Web Cache HEAD overflow attempt,INCLUDE,E01,E01 supported by rule text/metadata,sbd_rule_audit_pass2(1).csv,
2553,8,1813,SERVER-OTHER Oracle Web Cache PUT overflow attempt,INCLUDE,E01,E01 supported by rule text/metadata,sbd_rule_audit_pass2(1).csv,
2554,8,1814,SERVER-OTHER Oracle Web Cache POST overflow attempt,INCLUDE,E01,E01 supported by rule text/metadata,sbd_rule_audit_pass2(1).csv,
2555,8,1815,SERVER-OTHER Oracle Web Cache TRACE overflow attempt,INCLUDE,E01,E01 supported by rule text/metadata,sbd_rule_audit_pass2(1).csv,
2556,8,1816,SERVER-OTHER Oracle Web Cache DELETE overflow attempt,INCLUDE,E01,E01 supported by rule text/metadata,sbd_rule_audit_pass2(1).csv,
2557,8,1817,SERVER-OTHER Oracle Web Cache LOCK overflow attempt,INCLUDE,E01,E01 supported by rule text/metadata,sbd_rule_audit_pass2(1).csv,
2558,8,1818,SERVER-OTHER Oracle Web Cache MKCOL overflow attempt,INCLUDE,E01,E01 supported by rule text/metadata,sbd_rule_audit_pass2(1).csv,
2559,8,1819,SERVER-OTHER Oracle Web Cache COPY overflow attempt,INCLUDE,E01,E01 supported by rule text/metadata,sbd_rule_audit_pass2(1).csv,
2560,8,1820,SERVER-OTHER Oracle Web Cache MOVE overflow attempt,INCLUDE,E01,E01 supported by rule text/metadata,sbd_rule_audit_pass2(1).csv,
2561,8,1821,SERVER-OTHER rsync backup-dir directory traversal attempt,INCLUDE,E01,"A detecção contém padrão objetivo de tentativa de exploração/vulnerabilidade (ex.: directory traversal, format string, CSRF, XSS, vulnerabilidade específica), correspondendo a E01.",,sbd_rule_review_162_final(1).csv
2563,8,1823,NETBIOS NS lookup response name overflow attempt,INCLUDE,E01,E01 supported by rule text/metadata,sbd_rule_audit_pass2(1).csv,
2572,12,1832,SERVER-IIS SmarterTools SmarterMail login.aspx buffer overflow attempt,INCLUDE,E01,E01 supported by rule text/metadata,sbd_rule_audit_pass2(1).csv,
2576,9,1836,SERVER-ORACLE dbms_repcat.generate_replication_support buffer overflow attempt,INCLUDE,E01,E01 supported by rule text/metadata,sbd_rule_audit_pass2(1).csv,
2582,18,1840,OS-WINDOWS SAP Crystal Reports crystalImageHandler.asp directory traversal attempt,INCLUDE,E01,"A detecção contém padrão objetivo de tentativa de exploração/vulnerabilidade (ex.: directory traversal, format string, CSRF, XSS, vulnerabilidade específica), correspondendo a E01.",,sbd_rule_review_162_final(1).csv
2583,9,1841,SERVER-OTHER CVS Max-dotdot integer overflow attempt,INCLUDE,E01,E01 supported by rule text/metadata,sbd_rule_audit_pass2(1).csv,
2584,10,1842,SERVER-OTHER eMule buffer overflow attempt,INCLUDE,E01,E01 supported by rule text/metadata,sbd_rule_audit_pass2(1).csv,
2597,16,1847,SERVER-WEBAPP Samba SWAT Authorization overflow attempt,INCLUDE,E01,E01 supported by rule text/metadata,sbd_rule_audit_pass2(1).csv,
2598,14,1848,SERVER-WEBAPP Samba SWAT Authorization port 901 overflow attempt,INCLUDE,E01,E01 supported by rule text/metadata,sbd_rule_audit_pass2(1).csv,
2599,7,1849,SERVER-ORACLE dbms_repcat.add_grouped_column buffer overflow attempt,INCLUDE,E01,E01 supported by rule text/metadata,sbd_rule_audit_pass2(1).csv,
2601,7,1850,SERVER-ORACLE dbms_repcat.drop_master_repgroup buffer overflow attempt,INCLUDE,E01,E01 supported by rule text/metadata,sbd_rule_audit_pass2(1).csv,
2603,7,1851,SERVER-ORACLE dbms_repcat.create_mview_repgroup buffer overflow attempt,INCLUDE,E01,E01 supported by rule text/metadata,sbd_rule_audit_pass2(1).csv,
2605,7,1852,SERVER-ORACLE dbms_repcat.compare_old_values buffer overflow attempt,INCLUDE,E01,E01 supported by rule text/metadata,sbd_rule_audit_pass2(1).csv,
2606,7,1853,SERVER-ORACLE dbms_repcat.comment_on_repobject buffer overflow attempt,INCLUDE,E01,E01 supported by rule text/metadata,sbd_rule_audit_pass2(1).csv,
2608,7,1854,SERVER-ORACLE sysdbms_repcat_rgt.check_ddl_text buffer overflow attempt,INCLUDE,E01,E01 supported by rule text/metadata,sbd_rule_audit_pass2(1).csv,
2609,7,1855,SERVER-ORACLE dbms_repcat.cancel_statistics buffer overflow attempt,INCLUDE,E01,E01 supported by rule text/metadata,sbd_rule_audit_pass2(1).csv,
2611,12,1856,SERVER-ORACLE LINK metadata buffer overflow attempt,INCLUDE,E01,E01 supported by rule text/metadata,sbd_rule_audit_pass2(1).csv,
2612,5,1857,SERVER-ORACLE sys.dbms_repcat_auth.revoke_surrogate_repcat buffer overflow attempt,INCLUDE,E01,E01 supported by rule text/metadata,sbd_rule_audit_pass2(1).csv,
2614,6,1858,SERVER-ORACLE time_zone buffer overflow attempt,INCLUDE,E01,E01 supported by rule text/metadata,sbd_rule_audit_pass2(1).csv,
2615,5,1859,SERVER-ORACLE sys.dbms_repcat_auth.grant_surrogate_repcat buffer overflow attempt,INCLUDE,E01,E01 supported by rule text/metadata,sbd_rule_audit_pass2(1).csv,
2617,5,1860,SERVER-ORACLE sys.dbms_repcat.alter_mview_propagation buffer overflow attempt,INCLUDE,E01,E01 supported by rule text/metadata,sbd_rule_audit_pass2(1).csv,
2619,5,1861,SERVER-ORACLE dbms_repcat.alter_master_repobject buffer overflow attempt,INCLUDE,E01,E01 supported by rule text/metadata,sbd_rule_audit_pass2(1).csv,
2621,5,1862,SERVER-ORACLE dbms_repcat_sna_utl.register_flavor_change buffer overflow attempt,INCLUDE,E01,E01 supported by rule text/metadata,sbd_rule_audit_pass2(1).csv,
2624,5,1863,SERVER-ORACLE dbms_repcat_admin.unregister_user_repgroup buffer overflow attempt,INCLUDE,E01,E01 supported by rule text/metadata,sbd_rule_audit_pass2(1).csv,
2626,5,1864,SERVER-ORACLE dbms_repcat.send_old_values buffer overflow attempt,INCLUDE,E01,E01 supported by rule text/metadata,sbd_rule_audit_pass2(1).csv,
2627,5,1865,SERVER-ORACLE dbms_repcat.repcat_import_check buffer overflow attempt,INCLUDE,E01,E01 supported by rule text/metadata,sbd_rule_audit_pass2(1).csv,
2629,5,1866,SERVER-ORACLE dbms_repcat_admin.register_user_repgroup buffer overflow attempt,INCLUDE,E01,E01 supported by rule text/metadata,sbd_rule_audit_pass2(1).csv,
2633,7,1867,SERVER-ORACLE sys.dbms_rectifier_diff.rectify buffer overflow attempt,INCLUDE,E01,E01 supported by rule text/metadata,sbd_rule_audit_pass2(1).csv,
2637,5,1868,SERVER-ORACLE dbms_repcat.drop_master_repobject buffer overflow attempt,INCLUDE,E01,E01 supported by rule text/metadata,sbd_rule_audit_pass2(1).csv,
2639,5,1869,SERVER-ORACLE dbms_repcat.drop_mview_repgroup buffer overflow attempt,INCLUDE,E01,E01 supported by rule text/metadata,sbd_rule_audit_pass2(1).csv,
2641,6,1870,SERVER-ORACLE dbms_repcat_instantiate.drop_site_instantiation buffer overflow attempt,INCLUDE,E01,E01 supported by rule text/metadata,sbd_rule_audit_pass2(1).csv,
2643,5,1871,SERVER-ORACLE sys.dbms_repcat_fla.ensure_not_published buffer overflow attempt,INCLUDE,E01,E01 supported by rule text/metadata,sbd_rule_audit_pass2(1).csv,
2644,4,1872,SERVER-ORACLE from_tz buffer overflow attempt,INCLUDE,E01,E01 supported by rule text/metadata,sbd_rule_audit_pass2(1).csv,
2645,5,1873,SERVER-ORACLE dbms_repcat_instantiate.instantiate_offline buffer overflow attempt,INCLUDE,E01,E01 supported by rule text/metadata,sbd_rule_audit_pass2(1).csv,
2649,8,1874,SERVER-ORACLE Oracle 9i TNS Listener SERVICE_NAME Remote Buffer Overflow attempt,INCLUDE,E01,E01 supported by rule text/metadata,sbd_rule_audit_pass2(1).csv,
2650,6,1875,SERVER-ORACLE user name buffer overflow attempt,INCLUDE,E01,E01 supported by rule text/metadata,sbd_rule_audit_pass2(1).csv,
2651,6,1876,SERVER-ORACLE NUMTODSINTERVAL/NUMTOYMINTERVAL buffer overflow attempt,INCLUDE,E01,E01 supported by rule text/metadata,sbd_rule_audit_pass2(1).csv,
2652,6,1877,SERVER-ORACLE dbms_offline_og.begin_load buffer overflow attempt,INCLUDE,E01,E01 supported by rule text/metadata,sbd_rule_audit_pass2(1).csv,
2655,8,1879,SERVER-OTHER HP Web JetAdmin ExecuteFile admin access,INCLUDE,E02,"A lógica da regra identifica tentativa de execução/comando remoto ou acesso explícito a mecanismo de execução, correspondendo a E02.",,sbd_rule_review_162_final(1).csv
2656,22,1880,SERVER-WEBAPP SSLv2 Client_Hello Challenge Length overflow attempt,INCLUDE,E01,E01 supported by rule text/metadata,sbd_rule_audit_pass2(1).csv,
2657,20,1881,SERVER-WEBAPP SSLv2 Client_Hello with pad Challenge Length overflow attempt,INCLUDE,E01,E01 supported by rule text/metadata,sbd_rule_audit_pass2(1).csv,
2663,16,1882,SERVER-WEBAPP Ipswitch WhatsUpGold instancename overflow attempt,INCLUDE,E01,E01 supported by rule text/metadata,sbd_rule_audit_pass2(1).csv,
2671,18,1890,BROWSER-IE Microsoft Internet Explorer bitmap BitmapOffset integer overflow attempt,INCLUDE,E01,E01 supported by rule text/metadata,sbd_rule_audit_pass2(1).csv,
2673,13,1892,FILE-IMAGE libpng tRNS overflow attempt,INCLUDE,E01,E01 supported by rule text/metadata,sbd_rule_audit_pass2(1).csv,
2674,4,1893,SERVER-ORACLE dbms_repcat.add_delete_resolution buffer overflow attempt,INCLUDE,E01,E01 supported by rule text/metadata,sbd_rule_audit_pass2(1).csv,
2675,4,1894,SERVER-ORACLE dbms_repcat_rgt.instantiate_offline buffer overflow attempt,INCLUDE,E01,E01 supported by rule text/metadata,sbd_rule_audit_pass2(1).csv,
2677,4,1895,SERVER-ORACLE dbms_repcat_rgt.instantiate_online buffer overflow attempt,INCLUDE,E01,E01 supported by rule text/metadata,sbd_rule_audit_pass2(1).csv,
2678,4,1896,SERVER-ORACLE ctx_output.start_log buffer overflow attempt,INCLUDE,E01,E01 supported by rule text/metadata,sbd_rule_audit_pass2(1).csv,
2679,4,1897,SERVER-ORACLE sys.dbms_system.ksdwrt buffer overflow attempt,INCLUDE,E01,E01 supported by rule text/metadata,sbd_rule_audit_pass2(1).csv,
2680,4,1898,SERVER-ORACLE ctxsys.driddlr.subindexpopulate buffer overflow attempt,INCLUDE,E01,E01 supported by rule text/metadata,sbd_rule_audit_pass2(1).csv,
2681,4,1899,SERVER-ORACLE mdsys.sdo_admin.sdo_code_size buffer overflow attempt,INCLUDE,E01,E01 supported by rule text/metadata,sbd_rule_audit_pass2(1).csv,
2682,4,1900,SERVER-ORACLE mdsys.md2.validate_geom buffer overflow attempt,INCLUDE,E01,E01 supported by rule text/metadata,sbd_rule_audit_pass2(1).csv,
2683,4,1901,SERVER-ORACLE mdsys.md2.sdo_code_size buffer overflow attempt,INCLUDE,E01,E01 supported by rule text/metadata,sbd_rule_audit_pass2(1).csv,
2684,4,1902,SERVER-ORACLE sys.ltutil.pushdeferredtxns buffer overflow attempt,INCLUDE,E01,E01 supported by rule text/metadata,sbd_rule_audit_pass2(1).csv,
2685,4,1903,SERVER-ORACLE sys.dbms_repcat_rq.add_column buffer overflow attempt,INCLUDE,E01,E01 supported by rule text/metadata,sbd_rule_audit_pass2(1).csv,
2686,9,1904,SERVER-ORACLE sys.dbms_rectifier_diff.differences buffer overflow attempt,INCLUDE,E01,E01 supported by rule text/metadata,sbd_rule_audit_pass2(1).csv,
2687,4,1905,SERVER-ORACLE sys.dbms_internal_repcat.validate buffer overflow attempt,INCLUDE,E01,E01 supported by rule text/metadata,sbd_rule_audit_pass2(1).csv,
2688,4,1906,SERVER-ORACLE sys.dbms_internal_repcat.enable_receiver_trace buffer overflow attempt,INCLUDE,E01,E01 supported by rule text/metadata,sbd_rule_audit_pass2(1).csv,
2689,4,1907,SERVER-ORACLE sys.dbms_internal_repcat.disable_receiver_trace buffer overflow attempt,INCLUDE,E01,E01 supported by rule text/metadata,sbd_rule_audit_pass2(1).csv,
2690,4,1908,SERVER-ORACLE sys.dbms_defer_repcat.enable_propagation_to_dblink buffer overflow attempt,INCLUDE,E01,E01 supported by rule text/metadata,sbd_rule_audit_pass2(1).csv,
2691,4,1909,SERVER-ORACLE sys.dbms_defer_internal_sys.parallel_push_recovery buffer overflow attempt,INCLUDE,E01,E01 supported by rule text/metadata,sbd_rule_audit_pass2(1).csv,
2692,4,1910,SERVER-ORACLE sys.dbms_aqadm_sys.verify_queue_types buffer overflow attempt,INCLUDE,E01,E01 supported by rule text/metadata,sbd_rule_audit_pass2(1).csv,
2693,4,1911,SERVER-ORACLE sys.dbms_aqadm.verify_queue_types_no_queue buffer overflow attempt,INCLUDE,E01,E01 supported by rule text/metadata,sbd_rule_audit_pass2(1).csv,
2694,4,1912,SERVER-ORACLE sys.dbms_aqadm.verify_queue_types_get_nrp buffer overflow attempt,INCLUDE,E01,E01 supported by rule text/metadata,sbd_rule_audit_pass2(1).csv,
2695,4,1913,SERVER-ORACLE sys.dbms_aq_import_internal.aq_table_defn_update buffer overflow attempt,INCLUDE,E01,E01 supported by rule text/metadata,sbd_rule_audit_pass2(1).csv,
2696,4,1914,SERVER-ORACLE sys.dbms_repcat_utl.is_master buffer overflow attempt,INCLUDE,E01,E01 supported by rule text/metadata,sbd_rule_audit_pass2(1).csv,
2697,4,1915,SERVER-ORACLE alter file buffer overflow attempt,INCLUDE,E01,E01 supported by rule text/metadata,sbd_rule_audit_pass2(1).csv,
2698,4,1916,SERVER-ORACLE create file buffer overflow attempt,INCLUDE,E01,E01 supported by rule text/metadata,sbd_rule_audit_pass2(1).csv,
2699,5,1917,SERVER-ORACLE TO_CHAR buffer overflow attempt,INCLUDE,E01,E01 supported by rule text/metadata,sbd_rule_audit_pass2(1).csv,
2701,11,1918,SERVER-WEBAPP Oracle iSQLPlus sid overflow attempt,INCLUDE,E01,E01 supported by rule text/metadata,sbd_rule_audit_pass2(1).csv,
2702,11,1919,SERVER-WEBAPP Oracle iSQLPlus username overflow attempt,INCLUDE,E01,E01 supported by rule text/metadata,sbd_rule_audit_pass2(1).csv,
2703,11,1920,SERVER-WEBAPP Oracle iSQLPlus login.uix username overflow attempt,INCLUDE,E01,E01 supported by rule text/metadata,sbd_rule_audit_pass2(1).csv,
2704,12,1921,SERVER-WEBAPP Oracle 10g iSQLPlus login.unix connectID overflow attempt,INCLUDE,E01,E01 supported by rule text/metadata,sbd_rule_audit_pass2(1).csv,
2705,18,1922,FILE-IMAGE Microsoft Multiple Products JPEG parser heap overflow attempt,INCLUDE,E01,E01 supported by rule text/metadata,sbd_rule_audit_pass2(1).csv,
2707,14,1923,FILE-IMAGE JPEG parser multipacket heap overflow attempt,INCLUDE,E01,E01 supported by rule text/metadata,sbd_rule_audit_pass2(1).csv,
2708,4,1924,SERVER-ORACLE dbms_offline_og.begin_flavor_change buffer overflow attempt,INCLUDE,E01,E01 supported by rule text/metadata,sbd_rule_audit_pass2(1).csv,
2709,4,1925,SERVER-ORACLE dbms_offline_og.begin_instantiation buffer overflow attempt,INCLUDE,E01,E01 supported by rule text/metadata,sbd_rule_audit_pass2(1).csv,
2711,4,1926,SERVER-ORACLE dbms_offline_og.end_flavor_change buffer overflow attempt,INCLUDE,E01,E01 supported by rule text/metadata,sbd_rule_audit_pass2(1).csv,
2712,4,1927,SERVER-ORACLE dbms_offline_og.end_instantiation buffer overflow attempt,INCLUDE,E01,E01 supported by rule text/metadata,sbd_rule_audit_pass2(1).csv,
2713,4,1928,SERVER-ORACLE dbms_offline_og.end_load buffer overflow attempt,INCLUDE,E01,E01 supported by rule text/metadata,sbd_rule_audit_pass2(1).csv,
2714,4,1929,SERVER-ORACLE dbms_offline_og.resume_subset_of_masters buffer overflow attempt,INCLUDE,E01,E01 supported by rule text/metadata,sbd_rule_audit_pass2(1).csv,
2715,4,1930,SERVER-ORACLE dbms_offline_snapshot.begin_load buffer overflow attempt,INCLUDE,E01,E01 supported by rule text/metadata,sbd_rule_audit_pass2(1).csv,
2716,5,1931,SERVER-ORACLE dbms_offline_snapshot.end_load buffer overflow attempt,INCLUDE,E01,E01 supported by rule text/metadata,sbd_rule_audit_pass2(1).csv,
2717,5,1932,SERVER-ORACLE dbms_rectifier_diff.differences buffer overflow attempt,INCLUDE,E01,E01 supported by rule text/metadata,sbd_rule_audit_pass2(1).csv,
2718,4,1933,SERVER-ORACLE dbms_rectifier_diff.rectify buffer overflow attempt,INCLUDE,E01,E01 supported by rule text/metadata,sbd_rule_audit_pass2(1).csv,
2719,4,1934,SERVER-ORACLE dbms_repcat.abort_flavor_definition buffer overflow attempt,INCLUDE,E01,E01 supported by rule text/metadata,sbd_rule_audit_pass2(1).csv,
2720,4,1935,SERVER-ORACLE dbms_repcat.add_column_group_to_flavor buffer overflow attempt,INCLUDE,E01,E01 supported by rule text/metadata,sbd_rule_audit_pass2(1).csv,
2721,4,1936,SERVER-ORACLE dbms_repcat.add_columns_to_flavor buffer overflow attempt,INCLUDE,E01,E01 supported by rule text/metadata,sbd_rule_audit_pass2(1).csv,
2722,4,1937,SERVER-ORACLE dbms_repcat.add_object_to_flavor buffer overflow attempt,INCLUDE,E01,E01 supported by rule text/metadata,sbd_rule_audit_pass2(1).csv,
2723,4,1938,SERVER-ORACLE dbms_repcat.add_priority_char buffer overflow attempt,INCLUDE,E01,E01 supported by rule text/metadata,sbd_rule_audit_pass2(1).csv,
2724,4,1939,SERVER-ORACLE dbms_repcat.add_priority_date buffer overflow attempt,INCLUDE,E01,E01 supported by rule text/metadata,sbd_rule_audit_pass2(1).csv,
2725,4,1940,SERVER-ORACLE dbms_repcat.add_priority_nchar buffer overflow attempt,INCLUDE,E01,E01 supported by rule text/metadata,sbd_rule_audit_pass2(1).csv,
2726,4,1941,SERVER-ORACLE dbms_repcat.add_priority_number buffer overflow attempt,INCLUDE,E01,E01 supported by rule text/metadata,sbd_rule_audit_pass2(1).csv,
2727,4,1942,SERVER-ORACLE dbms_repcat.add_priority_nvarchar2 buffer overflow attempt,INCLUDE,E01,E01 supported by rule text/metadata,sbd_rule_audit_pass2(1).csv,
2728,4,1943,SERVER-ORACLE dbms_repcat.add_priority_raw buffer overflow attempt,INCLUDE,E01,E01 supported by rule text/metadata,sbd_rule_audit_pass2(1).csv,
2729,4,1944,SERVER-ORACLE dbms_repcat.add_priority_varchar2 buffer overflow attempt,INCLUDE,E01,E01 supported by rule text/metadata,sbd_rule_audit_pass2(1).csv,
2730,4,1945,SERVER-ORACLE dbms_repcat.add_site_priority_site buffer overflow attempt,INCLUDE,E01,E01 supported by rule text/metadata,sbd_rule_audit_pass2(1).csv,
2731,4,1946,SERVER-ORACLE dbms_repcat.add_unique_resolution buffer overflow attempt,INCLUDE,E01,E01 supported by rule text/metadata,sbd_rule_audit_pass2(1).csv,
2732,4,1947,SERVER-ORACLE dbms_repcat.add_update_resolution buffer overflow attempt,INCLUDE,E01,E01 supported by rule text/metadata,sbd_rule_audit_pass2(1).csv,
2733,4,1948,SERVER-ORACLE dbms_repcat.alter_master_propagation buffer overflow attempt,INCLUDE,E01,E01 supported by rule text/metadata,sbd_rule_audit_pass2(1).csv,
2734,4,1949,SERVER-ORACLE dbms_repcat.alter_mview_propagation buffer overflow attempt,INCLUDE,E01,E01 supported by rule text/metadata,sbd_rule_audit_pass2(1).csv,
2735,4,1950,SERVER-ORACLE dbms_repcat.alter_priority_char buffer overflow attempt,INCLUDE,E01,E01 supported by rule text/metadata,sbd_rule_audit_pass2(1).csv,
2736,4,1951,SERVER-ORACLE dbms_repcat.alter_priority_date buffer overflow attempt,INCLUDE,E01,E01 supported by rule text/metadata,sbd_rule_audit_pass2(1).csv,
2737,4,1952,SERVER-ORACLE dbms_repcat.alter_priority_nchar buffer overflow attempt,INCLUDE,E01,E01 supported by rule text/metadata,sbd_rule_audit_pass2(1).csv,
2738,4,1953,SERVER-ORACLE dbms_repcat.alter_priority_number buffer overflow attempt,INCLUDE,E01,E01 supported by rule text/metadata,sbd_rule_audit_pass2(1).csv,
2739,4,1954,SERVER-ORACLE dbms_repcat.alter_priority_nvarchar2 buffer overflow attempt,INCLUDE,E01,E01 supported by rule text/metadata,sbd_rule_audit_pass2(1).csv,
2740,6,1955,SERVER-ORACLE dbms_repcat.alter_priority_raw buffer overflow attempt,INCLUDE,E01,E01 supported by rule text/metadata,sbd_rule_audit_pass2(1).csv,
2741,6,1956,SERVER-ORACLE dbms_repcat.alter_priority buffer overflow attempt,INCLUDE,E01,E01 supported by rule text/metadata,sbd_rule_audit_pass2(1).csv,
2742,6,1957,SERVER-ORACLE dbms_repcat.alter_priority_varchar2 buffer overflow attempt,INCLUDE,E01,E01 supported by rule text/metadata,sbd_rule_audit_pass2(1).csv,
2743,6,1958,SERVER-ORACLE dbms_repcat.alter_site_priority_site buffer overflow attempt,INCLUDE,E01,E01 supported by rule text/metadata,sbd_rule_audit_pass2(1).csv,
2744,6,1959,SERVER-ORACLE dbms_repcat.alter_site_priority buffer overflow attempt,INCLUDE,E01,E01 supported by rule text/metadata,sbd_rule_audit_pass2(1).csv,
2745,6,1960,SERVER-ORACLE dbms_repcat.alter_snapshot_propagation buffer overflow attempt,INCLUDE,E01,E01 supported by rule text/metadata,sbd_rule_audit_pass2(1).csv,
2746,6,1961,SERVER-ORACLE dbms_repcat_auth.revoke_surrogate_repcat buffer overflow attempt,INCLUDE,E01,E01 supported by rule text/metadata,sbd_rule_audit_pass2(1).csv,
2747,6,1962,SERVER-ORACLE dbms_repcat.begin_flavor_definition buffer overflow attempt,INCLUDE,E01,E01 supported by rule text/metadata,sbd_rule_audit_pass2(1).csv,
2748,6,1963,SERVER-ORACLE dbms_repcat.comment_on_column_group buffer overflow attempt,INCLUDE,E01,E01 supported by rule text/metadata,sbd_rule_audit_pass2(1).csv,
2749,6,1964,SERVER-ORACLE dbms_repcat.comment_on_delete_resolution buffer overflow attempt,INCLUDE,E01,E01 supported by rule text/metadata,sbd_rule_audit_pass2(1).csv,
2750,4,1965,SERVER-ORACLE dbms_repcat.comment_on_mview_repsites buffer overflow attempt,INCLUDE,E01,E01 supported by rule text/metadata,sbd_rule_audit_pass2(1).csv,
2751,4,1966,SERVER-ORACLE dbms_repcat.comment_on_priority_group buffer overflow attempt,INCLUDE,E01,E01 supported by rule text/metadata,sbd_rule_audit_pass2(1).csv,
2752,4,1967,SERVER-ORACLE dbms_repcat.comment_on_repgroup buffer overflow attempt,INCLUDE,E01,E01 supported by rule text/metadata,sbd_rule_audit_pass2(1).csv,
2753,4,1968,SERVER-ORACLE dbms_repcat.comment_on_repsites buffer overflow attempt,INCLUDE,E01,E01 supported by rule text/metadata,sbd_rule_audit_pass2(1).csv,
2754,4,1969,SERVER-ORACLE dbms_repcat.comment_on_site_priority buffer overflow attempt,INCLUDE,E01,E01 supported by rule text/metadata,sbd_rule_audit_pass2(1).csv,
2755,4,1970,SERVER-ORACLE dbms_repcat.comment_on_unique_resolution buffer overflow attempt,INCLUDE,E01,E01 supported by rule text/metadata,sbd_rule_audit_pass2(1).csv,
2756,4,1971,SERVER-ORACLE dbms_repcat.comment_on_update_resolution buffer overflow attempt,INCLUDE,E01,E01 supported by rule text/metadata,sbd_rule_audit_pass2(1).csv,
2757,4,1972,SERVER-ORACLE dbms_repcat.create_master_repgroup buffer overflow attempt,INCLUDE,E01,E01 supported by rule text/metadata,sbd_rule_audit_pass2(1).csv,
2758,4,1973,SERVER-ORACLE dbms_repcat.create_master_repobject buffer overflow attempt,INCLUDE,E01,E01 supported by rule text/metadata,sbd_rule_audit_pass2(1).csv,
2759,4,1974,SERVER-ORACLE dbms_repcat.create_snapshot_repgroup buffer overflow attempt,INCLUDE,E01,E01 supported by rule text/metadata,sbd_rule_audit_pass2(1).csv,
2760,4,1975,SERVER-ORACLE dbms_repcat.define_column_group buffer overflow attempt,INCLUDE,E01,E01 supported by rule text/metadata,sbd_rule_audit_pass2(1).csv,
2761,4,1976,SERVER-ORACLE dbms_repcat.define_priority_group buffer overflow attempt,INCLUDE,E01,E01 supported by rule text/metadata,sbd_rule_audit_pass2(1).csv,
2762,4,1977,SERVER-ORACLE dbms_repcat.define_site_priority buffer overflow attempt,INCLUDE,E01,E01 supported by rule text/metadata,sbd_rule_audit_pass2(1).csv,
2763,4,1978,SERVER-ORACLE dbms_repcat.do_deferred_repcat_admin buffer overflow attempt,INCLUDE,E01,E01 supported by rule text/metadata,sbd_rule_audit_pass2(1).csv,
2764,4,1979,SERVER-ORACLE dbms_repcat.drop_column_group_from_flavor buffer overflow attempt,INCLUDE,E01,E01 supported by rule text/metadata,sbd_rule_audit_pass2(1).csv,
2765,4,1980,SERVER-ORACLE dbms_repcat.drop_column_group buffer overflow attempt,INCLUDE,E01,E01 supported by rule text/metadata,sbd_rule_audit_pass2(1).csv,
2766,4,1981,SERVER-ORACLE dbms_repcat.drop_columns_from_flavor buffer overflow attempt,INCLUDE,E01,E01 supported by rule text/metadata,sbd_rule_audit_pass2(1).csv,
2767,4,1982,SERVER-ORACLE dbms_repcat.drop_delete_resolution buffer overflow attempt,INCLUDE,E01,E01 supported by rule text/metadata,sbd_rule_audit_pass2(1).csv,
2768,4,1983,SERVER-ORACLE dbms_repcat.drop_grouped_column buffer overflow attempt,INCLUDE,E01,E01 supported by rule text/metadata,sbd_rule_audit_pass2(1).csv,
2769,4,1984,SERVER-ORACLE dbms_repcat.drop_mview_repobject buffer overflow attempt,INCLUDE,E01,E01 supported by rule text/metadata,sbd_rule_audit_pass2(1).csv,
2770,6,1985,SERVER-ORACLE dbms_repcat.drop_object_from_flavor buffer overflow attempt,INCLUDE,E01,E01 supported by rule text/metadata,sbd_rule_audit_pass2(1).csv,
2771,6,1986,SERVER-ORACLE dbms_repcat.drop_priority_char buffer overflow attempt,INCLUDE,E01,E01 supported by rule text/metadata,sbd_rule_audit_pass2(1).csv,
2772,6,1987,SERVER-ORACLE dbms_repcat.drop_priority_date buffer overflow attempt,INCLUDE,E01,E01 supported by rule text/metadata,sbd_rule_audit_pass2(1).csv,
2773,6,1988,SERVER-ORACLE dbms_repcat.drop_priority_nchar buffer overflow attempt,INCLUDE,E01,E01 supported by rule text/metadata,sbd_rule_audit_pass2(1).csv,
2774,6,1989,SERVER-ORACLE dbms_repcat.drop_priority_number buffer overflow attempt,INCLUDE,E01,E01 supported by rule text/metadata,sbd_rule_audit_pass2(1).csv,
2775,6,1990,SERVER-ORACLE dbms_repcat.drop_priority_nvarchar2 buffer overflow attempt,INCLUDE,E01,E01 supported by rule text/metadata,sbd_rule_audit_pass2(1).csv,
2776,6,1991,SERVER-ORACLE dbms_repcat.drop_priority_raw buffer overflow attempt,INCLUDE,E01,E01 supported by rule text/metadata,sbd_rule_audit_pass2(1).csv,
2777,6,1992,SERVER-ORACLE dbms_repcat.drop_priority buffer overflow attempt,INCLUDE,E01,E01 supported by rule text/metadata,sbd_rule_audit_pass2(1).csv,
2778,6,1993,SERVER-ORACLE dbms_repcat.drop_priority_varchar2 buffer overflow attempt,INCLUDE,E01,E01 supported by rule text/metadata,sbd_rule_audit_pass2(1).csv,
2779,6,1994,SERVER-ORACLE dbms_repcat.drop_site_priority_site buffer overflow attempt,INCLUDE,E01,E01 supported by rule text/metadata,sbd_rule_audit_pass2(1).csv,
2780,4,1995,SERVER-ORACLE dbms_repcat.drop_site_priority buffer overflow attempt,INCLUDE,E01,E01 supported by rule text/metadata,sbd_rule_audit_pass2(1).csv,
2781,4,1996,SERVER-ORACLE dbms_repcat.drop_snapshot_repgroup buffer overflow attempt,INCLUDE,E01,E01 supported by rule text/metadata,sbd_rule_audit_pass2(1).csv,
2782,4,1997,SERVER-ORACLE dbms_repcat.drop_snapshot_repobject buffer overflow attempt,INCLUDE,E01,E01 supported by rule text/metadata,sbd_rule_audit_pass2(1).csv,
2783,4,1998,SERVER-ORACLE dbms_repcat.drop_unique_resolution buffer overflow attempt,INCLUDE,E01,E01 supported by rule text/metadata,sbd_rule_audit_pass2(1).csv,
2784,4,1999,SERVER-ORACLE dbms_repcat.drop_update_resolution buffer overflow attempt,INCLUDE,E01,E01 supported by rule text/metadata,sbd_rule_audit_pass2(1).csv,
2785,4,2000,SERVER-ORACLE dbms_repcat.execute_ddl buffer overflow attempt,INCLUDE,E01,E01 supported by rule text/metadata,sbd_rule_audit_pass2(1).csv,
2786,4,2001,SERVER-ORACLE dbms_repcat.generate_replication_package buffer overflow attempt,INCLUDE,E01,E01 supported by rule text/metadata,sbd_rule_audit_pass2(1).csv,
2787,4,2002,SERVER-ORACLE dbms_repcat_instantiate.instantiate_online buffer overflow attempt,INCLUDE,E01,E01 supported by rule text/metadata,sbd_rule_audit_pass2(1).csv,
2788,4,2003,SERVER-ORACLE dbms_repcat.make_column_group buffer overflow attempt,INCLUDE,E01,E01 supported by rule text/metadata,sbd_rule_audit_pass2(1).csv,
2789,4,2004,SERVER-ORACLE dbms_repcat.obsolete_flavor_definition buffer overflow attempt,INCLUDE,E01,E01 supported by rule text/metadata,sbd_rule_audit_pass2(1).csv,
2790,4,2005,SERVER-ORACLE dbms_repcat.publish_flavor_definition buffer overflow attempt,INCLUDE,E01,E01 supported by rule text/metadata,sbd_rule_audit_pass2(1).csv,
2791,4,2006,SERVER-ORACLE dbms_repcat.purge_flavor_definition buffer overflow attempt,INCLUDE,E01,E01 supported by rule text/metadata,sbd_rule_audit_pass2(1).csv,
2792,4,2007,SERVER-ORACLE dbms_repcat.purge_master_log buffer overflow attempt,INCLUDE,E01,E01 supported by rule text/metadata,sbd_rule_audit_pass2(1).csv,
2793,4,2008,SERVER-ORACLE dbms_repcat.purge_statistics buffer overflow attempt,INCLUDE,E01,E01 supported by rule text/metadata,sbd_rule_audit_pass2(1).csv,
2794,5,2009,SERVER-ORACLE dbms_repcat.refresh_mview_repgroup buffer overflow attempt,INCLUDE,E01,E01 supported by rule text/metadata,sbd_rule_audit_pass2(1).csv,
2795,4,2010,SERVER-ORACLE dbms_repcat.refresh_snapshot_repgroup buffer overflow attempt,INCLUDE,E01,E01 supported by rule text/metadata,sbd_rule_audit_pass2(1).csv,
2796,4,2011,SERVER-ORACLE dbms_repcat.register_mview_repgroup buffer overflow attempt,INCLUDE,E01,E01 supported by rule text/metadata,sbd_rule_audit_pass2(1).csv,
2797,4,2012,SERVER-ORACLE dbms_repcat.register_snapshot_repgroup buffer overflow attempt,INCLUDE,E01,E01 supported by rule text/metadata,sbd_rule_audit_pass2(1).csv,
2798,4,2013,SERVER-ORACLE dbms_repcat.register_statistics buffer overflow attempt,INCLUDE,E01,E01 supported by rule text/metadata,sbd_rule_audit_pass2(1).csv,
2799,4,2014,SERVER-ORACLE dbms_repcat.relocate_masterdef buffer overflow attempt,INCLUDE,E01,E01 supported by rule text/metadata,sbd_rule_audit_pass2(1).csv,
2800,4,2015,SERVER-ORACLE dbms_repcat.rename_shadow_column_group buffer overflow attempt,INCLUDE,E01,E01 supported by rule text/metadata,sbd_rule_audit_pass2(1).csv,
2801,4,2016,SERVER-ORACLE dbms_repcat.resume_master_activity buffer overflow attempt,INCLUDE,E01,E01 supported by rule text/metadata,sbd_rule_audit_pass2(1).csv,
2802,4,2017,SERVER-ORACLE dbms_repcat_rgt.check_ddl_text buffer overflow attempt,INCLUDE,E01,E01 supported by rule text/metadata,sbd_rule_audit_pass2(1).csv,
2803,4,2018,SERVER-ORACLE dbms_repcat_rgt.drop_site_instantiation buffer overflow attempt,INCLUDE,E01,E01 supported by rule text/metadata,sbd_rule_audit_pass2(1).csv,
2804,4,2019,SERVER-ORACLE dbms_repcat.send_and_compare_old_values buffer overflow attempt,INCLUDE,E01,E01 supported by rule text/metadata,sbd_rule_audit_pass2(1).csv,
2805,4,2020,SERVER-ORACLE dbms_repcat.set_columns buffer overflow attempt,INCLUDE,E01,E01 supported by rule text/metadata,sbd_rule_audit_pass2(1).csv,
2806,4,2021,SERVER-ORACLE dbms_repcat.set_local_flavor buffer overflow attempt,INCLUDE,E01,E01 supported by rule text/metadata,sbd_rule_audit_pass2(1).csv,
2807,4,2022,SERVER-ORACLE dbms_repcat.specify_new_masters buffer overflow attempt,INCLUDE,E01,E01 supported by rule text/metadata,sbd_rule_audit_pass2(1).csv,
2808,4,2023,SERVER-ORACLE dbms_repcat.suspend_master_activity buffer overflow attempt,INCLUDE,E01,E01 supported by rule text/metadata,sbd_rule_audit_pass2(1).csv,
2809,4,2024,SERVER-ORACLE dbms_repcat.unregister_mview_repgroup buffer overflow attempt,INCLUDE,E01,E01 supported by rule text/metadata,sbd_rule_audit_pass2(1).csv,
2810,4,2025,SERVER-ORACLE dbms_repcat.unregister_snapshot_repgroup buffer overflow attempt,INCLUDE,E01,E01 supported by rule text/metadata,sbd_rule_audit_pass2(1).csv,
2811,4,2026,SERVER-ORACLE dbms_repcat.validate_flavor_definition buffer overflow attempt,INCLUDE,E01,E01 supported by rule text/metadata,sbd_rule_audit_pass2(1).csv,
2812,4,2027,SERVER-ORACLE dbms_repcat.validate_for_local_flavor buffer overflow attempt,INCLUDE,E01,E01 supported by rule text/metadata,sbd_rule_audit_pass2(1).csv,
2813,4,2028,SERVER-ORACLE sys.dbms_repcat_fla.abort_flavor_definition buffer overflow attempt,INCLUDE,E01,E01 supported by rule text/metadata,sbd_rule_audit_pass2(1).csv,
2814,4,2029,SERVER-ORACLE sys.dbms_repcat_fla.add_object_to_flavor buffer overflow attempt,INCLUDE,E01,E01 supported by rule text/metadata,sbd_rule_audit_pass2(1).csv,
2815,4,2030,SERVER-ORACLE sys.dbms_repcat_fla.begin_flavor_definition buffer overflow attempt,INCLUDE,E01,E01 supported by rule text/metadata,sbd_rule_audit_pass2(1).csv,
2816,4,2031,SERVER-ORACLE sys.dbms_repcat_fla.drop_object_from_flavor buffer overflow attempt,INCLUDE,E01,E01 supported by rule text/metadata,sbd_rule_audit_pass2(1).csv,
2817,4,2032,SERVER-ORACLE sys.dbms_repcat_fla_mas.add_column_group_to_flavor buffer overflow attempt,INCLUDE,E01,E01 supported by rule text/metadata,sbd_rule_audit_pass2(1).csv,
2818,4,2033,SERVER-ORACLE sys.dbms_repcat_fla_mas.add_columns_to_flavor buffer overflow attempt,INCLUDE,E01,E01 supported by rule text/metadata,sbd_rule_audit_pass2(1).csv,
2819,4,2034,SERVER-ORACLE sys.dbms_repcat_fla_mas.drop_column_group_from_flavor buffer overflow attempt,INCLUDE,E01,E01 supported by rule text/metadata,sbd_rule_audit_pass2(1).csv,
2820,4,2035,SERVER-ORACLE sys.dbms_repcat_fla_mas.drop_columns_from_flavor buffer overflow attempt,INCLUDE,E01,E01 supported by rule text/metadata,sbd_rule_audit_pass2(1).csv,
2821,4,2036,SERVER-ORACLE sys.dbms_repcat_fla_mas.obsolete_flavor_definition buffer overflow attempt,INCLUDE,E01,E01 supported by rule text/metadata,sbd_rule_audit_pass2(1).csv,
2822,4,2037,SERVER-ORACLE sys.dbms_repcat_fla_mas.publish_flavor_definition buffer overflow attempt,INCLUDE,E01,E01 supported by rule text/metadata,sbd_rule_audit_pass2(1).csv,
2823,4,2038,SERVER-ORACLE sys.dbms_repcat_fla_mas.purge_flavor_definition buffer overflow attempt,INCLUDE,E01,E01 supported by rule text/metadata,sbd_rule_audit_pass2(1).csv,
2824,4,2039,SERVER-ORACLE sys.dbms_repcat_fla.set_local_flavor buffer overflow attempt,INCLUDE,E01,E01 supported by rule text/metadata,sbd_rule_audit_pass2(1).csv,
2825,4,2040,SERVER-ORACLE sys.dbms_repcat_fla.validate_flavor_definition buffer overflow attempt,INCLUDE,E01,E01 supported by rule text/metadata,sbd_rule_audit_pass2(1).csv,
2826,4,2041,SERVER-ORACLE sys.dbms_repcat_fla.validate_for_local_flavor buffer overflow attempt,INCLUDE,E01,E01 supported by rule text/metadata,sbd_rule_audit_pass2(1).csv,
2827,4,2042,SERVER-ORACLE sys.dbms_repcat_mas.alter_master_repobject buffer overflow attempt,INCLUDE,E01,E01 supported by rule text/metadata,sbd_rule_audit_pass2(1).csv,
2828,4,2043,SERVER-ORACLE sys.dbms_repcat_mas.comment_on_repgroup buffer overflow attempt,INCLUDE,E01,E01 supported by rule text/metadata,sbd_rule_audit_pass2(1).csv,
2829,4,2044,SERVER-ORACLE sys.dbms_repcat_mas.comment_on_repobject buffer overflow attempt,INCLUDE,E01,E01 supported by rule text/metadata,sbd_rule_audit_pass2(1).csv,
2830,4,2045,SERVER-ORACLE sys.dbms_repcat_mas.create_master_repgroup buffer overflow attempt,INCLUDE,E01,E01 supported by rule text/metadata,sbd_rule_audit_pass2(1).csv,
2831,4,2046,SERVER-ORACLE sys.dbms_repcat_mas.create_master_repobject buffer overflow attempt,INCLUDE,E01,E01 supported by rule text/metadata,sbd_rule_audit_pass2(1).csv,
2832,4,2047,SERVER-ORACLE sys.dbms_repcat_mas.do_deferred_repcat_admin buffer overflow attempt,INCLUDE,E01,E01 supported by rule text/metadata,sbd_rule_audit_pass2(1).csv,
2833,4,2048,SERVER-ORACLE sys.dbms_repcat_mas.drop_master_repgroup buffer overflow attempt,INCLUDE,E01,E01 supported by rule text/metadata,sbd_rule_audit_pass2(1).csv,
2834,4,2049,SERVER-ORACLE sys.dbms_repcat_mas.generate_replication_package buffer overflow attempt,INCLUDE,E01,E01 supported by rule text/metadata,sbd_rule_audit_pass2(1).csv,
2835,4,2050,SERVER-ORACLE sys.dbms_repcat_mas.purge_master_log buffer overflow attempt,INCLUDE,E01,E01 supported by rule text/metadata,sbd_rule_audit_pass2(1).csv,
2836,4,2051,SERVER-ORACLE sys.dbms_repcat_mas.relocate_masterdef buffer overflow attempt,INCLUDE,E01,E01 supported by rule text/metadata,sbd_rule_audit_pass2(1).csv,
2837,4,2052,SERVER-ORACLE sys.dbms_repcat_mas.rename_shadow_column_group buffer overflow attempt,INCLUDE,E01,E01 supported by rule text/metadata,sbd_rule_audit_pass2(1).csv,
2838,4,2053,SERVER-ORACLE sys.dbms_repcat_mas.resume_master_activity buffer overflow attempt,INCLUDE,E01,E01 supported by rule text/metadata,sbd_rule_audit_pass2(1).csv,
2839,4,2054,SERVER-ORACLE sys.dbms_repcat_mas.suspend_master_activity buffer overflow attempt,INCLUDE,E01,E01 supported by rule text/metadata,sbd_rule_audit_pass2(1).csv,
2840,4,2055,SERVER-ORACLE sys.dbms_repcat_sna_utl.alter_snapshot_propagation buffer overflow attempt,INCLUDE,E01,E01 supported by rule text/metadata,sbd_rule_audit_pass2(1).csv,
2841,5,2056,SERVER-ORACLE sys.dbms_repcat_sna_utl.create_snapshot_repgroup buffer overflow attempt,INCLUDE,E01,E01 supported by rule text/metadata,sbd_rule_audit_pass2(1).csv,
2842,4,2057,SERVER-ORACLE sys.dbms_repcat_sna_utl.drop_snapshot_repgroup buffer overflow attempt,INCLUDE,E01,E01 supported by rule text/metadata,sbd_rule_audit_pass2(1).csv,
2843,4,2058,SERVER-ORACLE sys.dbms_repcat_sna_utl.drop_snapshot_repobject buffer overflow attempt,INCLUDE,E01,E01 supported by rule text/metadata,sbd_rule_audit_pass2(1).csv,
2844,4,2059,SERVER-ORACLE sys.dbms_repcat_sna_utl.refresh_snapshot_repgroup buffer overflow attempt,INCLUDE,E01,E01 supported by rule text/metadata,sbd_rule_audit_pass2(1).csv,
2845,4,2060,SERVER-ORACLE sys.dbms_repcat_sna_utl.register_snapshot_repgroup buffer overflow attempt,INCLUDE,E01,E01 supported by rule text/metadata,sbd_rule_audit_pass2(1).csv,
2846,4,2061,SERVER-ORACLE sys.dbms_repcat_sna_utl.repcat_import_check buffer overflow attempt,INCLUDE,E01,E01 supported by rule text/metadata,sbd_rule_audit_pass2(1).csv,
2847,4,2062,SERVER-ORACLE sys.dbms_repcat_sna_utl.unregister_snapshot_repgroup buffer overflow attempt,INCLUDE,E01,E01 supported by rule text/metadata,sbd_rule_audit_pass2(1).csv,
2848,4,2063,SERVER-ORACLE sys.dbms_repcat_utl4.drop_master_repobject buffer overflow attempt,INCLUDE,E01,E01 supported by rule text/metadata,sbd_rule_audit_pass2(1).csv,
2849,5,2064,SERVER-ORACLE sys.dbms_repcat_utl.drop_an_object buffer overflow attempt,INCLUDE,E01,E01 supported by rule text/metadata,sbd_rule_audit_pass2(1).csv,
2850,4,2065,SERVER-ORACLE dbms_repcat.create_mview_repobject buffer overflow attempt,INCLUDE,E01,E01 supported by rule text/metadata,sbd_rule_audit_pass2(1).csv,
2851,4,2066,SERVER-ORACLE dbms_repcat.create_snapshot_repobject buffer overflow attempt,INCLUDE,E01,E01 supported by rule text/metadata,sbd_rule_audit_pass2(1).csv,
2852,4,2067,SERVER-ORACLE dbms_repcat.generate_mview_support buffer overflow attempt,INCLUDE,E01,E01 supported by rule text/metadata,sbd_rule_audit_pass2(1).csv,
2853,4,2068,SERVER-ORACLE dbms_repcat.generate_replication_trigger buffer overflow attempt,INCLUDE,E01,E01 supported by rule text/metadata,sbd_rule_audit_pass2(1).csv,
2854,4,2069,SERVER-ORACLE dbms_repcat.generate_snapshot_support buffer overflow attempt,INCLUDE,E01,E01 supported by rule text/metadata,sbd_rule_audit_pass2(1).csv,
2855,4,2070,SERVER-ORACLE dbms_repcat.remove_master_databases buffer overflow attempt,INCLUDE,E01,E01 supported by rule text/metadata,sbd_rule_audit_pass2(1).csv,
2856,4,2071,SERVER-ORACLE dbms_repcat.switch_mview_master buffer overflow attempt,INCLUDE,E01,E01 supported by rule text/metadata,sbd_rule_audit_pass2(1).csv,
2857,4,2072,SERVER-ORACLE dbms_repcat.switch_snapshot_master buffer overflow attempt,INCLUDE,E01,E01 supported by rule text/metadata,sbd_rule_audit_pass2(1).csv,
2858,4,2073,SERVER-ORACLE sys.dbms_repcat_conf.add_delete_resolution buffer overflow attempt,INCLUDE,E01,E01 supported by rule text/metadata,sbd_rule_audit_pass2(1).csv,
2859,4,2074,SERVER-ORACLE sys.dbms_repcat_conf.add_priority_char buffer overflow attempt,INCLUDE,E01,E01 supported by rule text/metadata,sbd_rule_audit_pass2(1).csv,
2860,4,2075,SERVER-ORACLE sys.dbms_repcat_conf.add_priority_date buffer overflow attempt,INCLUDE,E01,E01 supported by rule text/metadata,sbd_rule_audit_pass2(1).csv,
2861,4,2076,SERVER-ORACLE sys.dbms_repcat_conf.add_priority_nchar buffer overflow attempt,INCLUDE,E01,E01 supported by rule text/metadata,sbd_rule_audit_pass2(1).csv,
2862,4,2077,SERVER-ORACLE sys.dbms_repcat_conf.add_priority_number buffer overflow attempt,INCLUDE,E01,E01 supported by rule text/metadata,sbd_rule_audit_pass2(1).csv,
2863,4,2078,SERVER-ORACLE sys.dbms_repcat_conf.add_priority_nvarchar2 buffer overflow attempt,INCLUDE,E01,E01 supported by rule text/metadata,sbd_rule_audit_pass2(1).csv,
2864,4,2079,SERVER-ORACLE sys.dbms_repcat_conf.add_priority_raw buffer overflow attempt,INCLUDE,E01,E01 supported by rule text/metadata,sbd_rule_audit_pass2(1).csv,
2865,4,2080,SERVER-ORACLE sys.dbms_repcat_conf.add_priority_varchar2 buffer overflow attempt,INCLUDE,E01,E01 supported by rule text/metadata,sbd_rule_audit_pass2(1).csv,
2866,4,2081,SERVER-ORACLE sys.dbms_repcat_conf.add_site_priority_site buffer overflow attempt,INCLUDE,E01,E01 supported by rule text/metadata,sbd_rule_audit_pass2(1).csv,
2867,4,2082,SERVER-ORACLE sys.dbms_repcat_conf.add_unique_resolution buffer overflow attempt,INCLUDE,E01,E01 supported by rule text/metadata,sbd_rule_audit_pass2(1).csv,
2868,4,2083,SERVER-ORACLE sys.dbms_repcat_conf.add_update_resolution buffer overflow attempt,INCLUDE,E01,E01 supported by rule text/metadata,sbd_rule_audit_pass2(1).csv,
2869,4,2084,SERVER-ORACLE sys.dbms_repcat_conf.alter_priority_char buffer overflow attempt,INCLUDE,E01,E01 supported by rule text/metadata,sbd_rule_audit_pass2(1).csv,
2870,4,2085,SERVER-ORACLE sys.dbms_repcat_conf.alter_priority_date buffer overflow attempt,INCLUDE,E01,E01 supported by rule text/metadata,sbd_rule_audit_pass2(1).csv,
2871,4,2086,SERVER-ORACLE sys.dbms_repcat_conf.alter_priority_nchar buffer overflow attempt,INCLUDE,E01,E01 supported by rule text/metadata,sbd_rule_audit_pass2(1).csv,
2872,4,2087,SERVER-ORACLE sys.dbms_repcat_conf.alter_priority_number buffer overflow attempt,INCLUDE,E01,E01 supported by rule text/metadata,sbd_rule_audit_pass2(1).csv,
2873,4,2088,SERVER-ORACLE sys.dbms_repcat_conf.alter_priority_nvarchar2 buffer overflow attempt,INCLUDE,E01,E01 supported by rule text/metadata,sbd_rule_audit_pass2(1).csv,
2874,4,2089,SERVER-ORACLE sys.dbms_repcat_conf.alter_priority_raw buffer overflow attempt,INCLUDE,E01,E01 supported by rule text/metadata,sbd_rule_audit_pass2(1).csv,
2875,4,2090,SERVER-ORACLE sys.dbms_repcat_conf.alter_priority buffer overflow attempt,INCLUDE,E01,E01 supported by rule text/metadata,sbd_rule_audit_pass2(1).csv,
2876,4,2091,SERVER-ORACLE sys.dbms_repcat_conf.alter_priority_varchar2 buffer overflow attempt,INCLUDE,E01,E01 supported by rule text/metadata,sbd_rule_audit_pass2(1).csv,
2877,4,2092,SERVER-ORACLE sys.dbms_repcat_conf.alter_site_priority_site buffer overflow attempt,INCLUDE,E01,E01 supported by rule text/metadata,sbd_rule_audit_pass2(1).csv,
2878,4,2093,SERVER-ORACLE sys.dbms_repcat_conf.alter_site_priority buffer overflow attempt,INCLUDE,E01,E01 supported by rule text/metadata,sbd_rule_audit_pass2(1).csv,
2879,4,2094,SERVER-ORACLE sys.dbms_repcat_conf.cancel_statistics buffer overflow attempt,INCLUDE,E01,E01 supported by rule text/metadata,sbd_rule_audit_pass2(1).csv,
2880,4,2095,SERVER-ORACLE sys.dbms_repcat_conf.comment_on_delete_resolution buffer overflow attempt,INCLUDE,E01,E01 supported by rule text/metadata,sbd_rule_audit_pass2(1).csv,
2881,4,2096,SERVER-ORACLE sys.dbms_repcat_conf.comment_on_priority_group buffer overflow attempt,INCLUDE,E01,E01 supported by rule text/metadata,sbd_rule_audit_pass2(1).csv,
2882,4,2097,SERVER-ORACLE sys.dbms_repcat_conf.comment_on_site_priority buffer overflow attempt,INCLUDE,E01,E01 supported by rule text/metadata,sbd_rule_audit_pass2(1).csv,
2883,4,2098,SERVER-ORACLE sys.dbms_repcat_conf.comment_on_unique_resolution buffer overflow attempt,INCLUDE,E01,E01 supported by rule text/metadata,sbd_rule_audit_pass2(1).csv,
2884,4,2099,SERVER-ORACLE sys.dbms_repcat_conf.comment_on_update_resolution buffer overflow attempt,INCLUDE,E01,E01 supported by rule text/metadata,sbd_rule_audit_pass2(1).csv,
2885,4,2100,SERVER-ORACLE sys.dbms_repcat_conf.define_priority_group buffer overflow attempt,INCLUDE,E01,E01 supported by rule text/metadata,sbd_rule_audit_pass2(1).csv,
2886,4,2101,SERVER-ORACLE sys.dbms_repcat_conf.define_site_priority buffer overflow attempt,INCLUDE,E01,E01 supported by rule text/metadata,sbd_rule_audit_pass2(1).csv,
2887,4,2102,SERVER-ORACLE sys.dbms_repcat_conf.drop_delete_resolution buffer overflow attempt,INCLUDE,E01,E01 supported by rule text/metadata,sbd_rule_audit_pass2(1).csv,
2888,4,2103,SERVER-ORACLE sys.dbms_repcat_conf.drop_priority_char buffer overflow attempt,INCLUDE,E01,E01 supported by rule text/metadata,sbd_rule_audit_pass2(1).csv,
2889,4,2104,SERVER-ORACLE sys.dbms_repcat_conf.drop_priority_date buffer overflow attempt,INCLUDE,E01,E01 supported by rule text/metadata,sbd_rule_audit_pass2(1).csv,
2890,4,2105,SERVER-ORACLE sys.dbms_repcat_conf.drop_priority_nchar buffer overflow attempt,INCLUDE,E01,E01 supported by rule text/metadata,sbd_rule_audit_pass2(1).csv,
2891,4,2106,SERVER-ORACLE sys.dbms_repcat_conf.drop_priority_number buffer overflow attempt,INCLUDE,E01,E01 supported by rule text/metadata,sbd_rule_audit_pass2(1).csv,
2892,4,2107,SERVER-ORACLE sys.dbms_repcat_conf.drop_priority_nvarchar2 buffer overflow attempt,INCLUDE,E01,E01 supported by rule text/metadata,sbd_rule_audit_pass2(1).csv,
2893,4,2108,SERVER-ORACLE sys.dbms_repcat_conf.drop_priority_raw buffer overflow attempt,INCLUDE,E01,E01 supported by rule text/metadata,sbd_rule_audit_pass2(1).csv,
2894,4,2109,SERVER-ORACLE sys.dbms_repcat_conf.drop_priority buffer overflow attempt,INCLUDE,E01,E01 supported by rule text/metadata,sbd_rule_audit_pass2(1).csv,
2895,4,2110,SERVER-ORACLE sys.dbms_repcat_conf.drop_priority_varchar2 buffer overflow attempt,INCLUDE,E01,E01 supported by rule text/metadata,sbd_rule_audit_pass2(1).csv,
2896,4,2111,SERVER-ORACLE sys.dbms_repcat_conf.drop_site_priority_site buffer overflow attempt,INCLUDE,E01,E01 supported by rule text/metadata,sbd_rule_audit_pass2(1).csv,
2897,4,2112,SERVER-ORACLE sys.dbms_repcat_conf.drop_site_priority buffer overflow attempt,INCLUDE,E01,E01 supported by rule text/metadata,sbd_rule_audit_pass2(1).csv,
2898,4,2113,SERVER-ORACLE sys.dbms_repcat_conf.drop_unique_resolution buffer overflow attempt,INCLUDE,E01,E01 supported by rule text/metadata,sbd_rule_audit_pass2(1).csv,
2899,4,2114,SERVER-ORACLE sys.dbms_repcat_conf.drop_update_resolution buffer overflow attempt,INCLUDE,E01,E01 supported by rule text/metadata,sbd_rule_audit_pass2(1).csv,
2900,4,2115,SERVER-ORACLE sys.dbms_repcat_conf.purge_statistics buffer overflow attempt,INCLUDE,E01,E01 supported by rule text/metadata,sbd_rule_audit_pass2(1).csv,
2901,4,2116,SERVER-ORACLE sys.dbms_repcat_conf.register_statistics buffer overflow attempt,INCLUDE,E01,E01 supported by rule text/metadata,sbd_rule_audit_pass2(1).csv,
2902,4,2117,SERVER-ORACLE sys.dbms_repcat_sna.alter_snapshot_propagation buffer overflow attempt,INCLUDE,E01,E01 supported by rule text/metadata,sbd_rule_audit_pass2(1).csv,
2903,4,2118,SERVER-ORACLE sys.dbms_repcat_sna.create_snapshot_repgroup buffer overflow attempt,INCLUDE,E01,E01 supported by rule text/metadata,sbd_rule_audit_pass2(1).csv,
2904,4,2119,SERVER-ORACLE sys.dbms_repcat_sna.create_snapshot_repobject buffer overflow attempt,INCLUDE,E01,E01 supported by rule text/metadata,sbd_rule_audit_pass2(1).csv,
2905,4,2120,SERVER-ORACLE sys.dbms_repcat_sna.create_snapshot_repschema buffer overflow attempt,INCLUDE,E01,E01 supported by rule text/metadata,sbd_rule_audit_pass2(1).csv,
2906,4,2121,SERVER-ORACLE sys.dbms_repcat_sna.drop_snapshot_repgroup buffer overflow attempt,INCLUDE,E01,E01 supported by rule text/metadata,sbd_rule_audit_pass2(1).csv,
2907,4,2122,SERVER-ORACLE sys.dbms_repcat_sna.drop_snapshot_repobject buffer overflow attempt,INCLUDE,E01,E01 supported by rule text/metadata,sbd_rule_audit_pass2(1).csv,
2908,4,2123,SERVER-ORACLE sys.dbms_repcat_sna.drop_snapshot_repschema buffer overflow attempt,INCLUDE,E01,E01 supported by rule text/metadata,sbd_rule_audit_pass2(1).csv,
2909,4,2124,SERVER-ORACLE sys.dbms_repcat_sna.generate_snapshot_support buffer overflow attempt,INCLUDE,E01,E01 supported by rule text/metadata,sbd_rule_audit_pass2(1).csv,
2910,4,2125,SERVER-ORACLE sys.dbms_repcat_sna.refresh_snapshot_repgroup buffer overflow attempt,INCLUDE,E01,E01 supported by rule text/metadata,sbd_rule_audit_pass2(1).csv,
2911,4,2126,SERVER-ORACLE sys.dbms_repcat_sna.refresh_snapshot_repschema buffer overflow attempt,INCLUDE,E01,E01 supported by rule text/metadata,sbd_rule_audit_pass2(1).csv,
2912,4,2127,SERVER-ORACLE sys.dbms_repcat_sna.register_snapshot_repgroup buffer overflow attempt,INCLUDE,E01,E01 supported by rule text/metadata,sbd_rule_audit_pass2(1).csv,
2913,4,2128,SERVER-ORACLE sys.dbms_repcat_sna.repcat_import_check buffer overflow attempt,INCLUDE,E01,E01 supported by rule text/metadata,sbd_rule_audit_pass2(1).csv,
2914,4,2129,SERVER-ORACLE sys.dbms_repcat_sna.set_local_flavor buffer overflow attempt,INCLUDE,E01,E01 supported by rule text/metadata,sbd_rule_audit_pass2(1).csv,
2915,4,2130,SERVER-ORACLE sys.dbms_repcat_sna.switch_snapshot_master buffer overflow attempt,INCLUDE,E01,E01 supported by rule text/metadata,sbd_rule_audit_pass2(1).csv,
2916,4,2131,SERVER-ORACLE sys.dbms_repcat_sna.unregister_snapshot_repgroup buffer overflow attempt,INCLUDE,E01,E01 supported by rule text/metadata,sbd_rule_audit_pass2(1).csv,
2917,4,2132,SERVER-ORACLE sys.dbms_repcat_sna_utl.switch_snapshot_master buffer overflow attempt,INCLUDE,E01,E01 supported by rule text/metadata,sbd_rule_audit_pass2(1).csv,
2918,4,2133,SERVER-ORACLE sys.dbms_repcat_sna.validate_for_local_flavor buffer overflow attempt,INCLUDE,E01,E01 supported by rule text/metadata,sbd_rule_audit_pass2(1).csv,
2919,4,2134,SERVER-ORACLE sys.dbms_repcat_untrusted.register_snapshot_repgroup buffer overflow attempt,INCLUDE,E01,E01 supported by rule text/metadata,sbd_rule_audit_pass2(1).csv,
2923,14,2137,NETBIOS SMB repeated logon failure,INCLUDE,E04,E04 supported by rule text/metadata,sbd_rule_audit_pass2(1).csv,
2924,9,2138,NETBIOS SMB-DS repeated logon failure,INCLUDE,E04,E04 supported by rule text/metadata,sbd_rule_audit_pass2(1).csv,
2927,13,2140,OS-WINDOWS Microsoft Windows XPAT pattern overflow attempt,INCLUDE,E01,E01 supported by rule text/metadata,sbd_rule_audit_pass2(1).csv,
2936,18,2141,OS-WINDOWS DCERPC NCACN-IP-TCP nddeapi NDdeSetTrustedShareW overflow attempt,INCLUDE,E01,E01 supported by rule text/metadata,sbd_rule_audit_pass2(1).csv,
3006,7,2143,SERVER-OTHER Volition Freespace 2 buffer overflow attempt,INCLUDE,E01,E01 supported by rule text/metadata,sbd_rule_audit_pass2(1).csv,
3007,22,2144,PROTOCOL-IMAP command overflow attempt,INCLUDE,E01,E01 supported by rule text/metadata,sbd_rule_audit_pass2(1).csv,
3008,13,2145,PROTOCOL-IMAP delete literal overflow attempt,INCLUDE,E01,E01 supported by rule text/metadata,sbd_rule_audit_pass2(1).csv,
3017,17,2154,OS-WINDOWS Microsoft Windows WINS overflow attempt,INCLUDE,E01,E01 supported by rule text/metadata,sbd_rule_audit_pass2(1).csv,
3018,6,2155,NETBIOS SMB NT Trans NT CREATE oversized Security Descriptor attempt,INCLUDE,E04,E04 supported by rule text/metadata,sbd_rule_audit_pass2(1).csv,
3019,8,2156,NETBIOS SMB NT Trans NT CREATE andx oversized Security Descriptor attempt,INCLUDE,E04,E04 supported by rule text/metadata,sbd_rule_audit_pass2(1).csv,
3020,6,2157,NETBIOS SMB NT Trans NT CREATE unicode oversized Security Descriptor attempt,INCLUDE,E04,E04 supported by rule text/metadata,sbd_rule_audit_pass2(1).csv,
3021,8,2158,NETBIOS SMB NT Trans NT CREATE unicode andx oversized Security Descriptor attempt,INCLUDE,E04,E04 supported by rule text/metadata,sbd_rule_audit_pass2(1).csv,
3022,7,2159,NETBIOS SMB-DS NT Trans NT CREATE oversized Security Descriptor attempt,INCLUDE,E04,E04 supported by rule text/metadata,sbd_rule_audit_pass2(1).csv,
3023,9,2160,NETBIOS SMB-DS NT Trans NT CREATE andx oversized Security Descriptor attempt,INCLUDE,E04,E04 supported by rule text/metadata,sbd_rule_audit_pass2(1).csv,
3024,7,2161,NETBIOS SMB-DS NT Trans NT CREATE unicode oversized Security Descriptor attempt,INCLUDE,E04,E04 supported by rule text/metadata,sbd_rule_audit_pass2(1).csv,
3025,9,2162,NETBIOS SMB-DS NT Trans NT CREATE unicode andx oversized Security Descriptor attempt,INCLUDE,E04,E04 supported by rule text/metadata,sbd_rule_audit_pass2(1).csv,
3026,6,2163,NETBIOS SMB NT Trans NT CREATE SACL overflow attempt,INCLUDE,E01;E04,E01;E04 supported by rule text/metadata,sbd_rule_audit_pass2(1).csv,
3027,8,2164,NETBIOS SMB NT Trans NT CREATE andx SACL overflow attempt,INCLUDE,E01;E04,E01;E04 supported by rule text/metadata,sbd_rule_audit_pass2(1).csv,
3028,6,2165,NETBIOS SMB NT Trans NT CREATE unicode SACL overflow attempt,INCLUDE,E01;E04,E01;E04 supported by rule text/metadata,sbd_rule_audit_pass2(1).csv,
3029,8,2166,NETBIOS SMB NT Trans NT CREATE unicode andx SACL overflow attempt,INCLUDE,E01;E04,E01;E04 supported by rule text/metadata,sbd_rule_audit_pass2(1).csv,
3030,7,2167,NETBIOS SMB-DS NT Trans NT CREATE SACL overflow attempt,INCLUDE,E01;E04,E01;E04 supported by rule text/metadata,sbd_rule_audit_pass2(1).csv,
3031,9,2168,NETBIOS SMB-DS NT Trans NT CREATE andx SACL overflow attempt,INCLUDE,E01;E04,E01;E04 supported by rule text/metadata,sbd_rule_audit_pass2(1).csv,
3032,7,2169,NETBIOS SMB-DS NT Trans NT CREATE unicode SACL overflow attempt,INCLUDE,E01;E04,E01;E04 supported by rule text/metadata,sbd_rule_audit_pass2(1).csv,
3033,9,2170,NETBIOS SMB-DS NT Trans NT CREATE unicode andx SACL overflow attempt,INCLUDE,E01;E04,E01;E04 supported by rule text/metadata,sbd_rule_audit_pass2(1).csv,
3034,6,2171,NETBIOS SMB NT Trans NT CREATE DACL overflow attempt,INCLUDE,E01;E04,E01;E04 supported by rule text/metadata,sbd_rule_audit_pass2(1).csv,
3035,8,2172,NETBIOS SMB NT Trans NT CREATE andx DACL overflow attempt,INCLUDE,E01;E04,E01;E04 supported by rule text/metadata,sbd_rule_audit_pass2(1).csv,
3036,6,2173,NETBIOS SMB NT Trans NT CREATE unicode DACL overflow attempt,INCLUDE,E01;E04,E01;E04 supported by rule text/metadata,sbd_rule_audit_pass2(1).csv,
3037,8,2174,NETBIOS SMB NT Trans NT CREATE unicode andx DACL overflow attempt,INCLUDE,E01;E04,E01;E04 supported by rule text/metadata,sbd_rule_audit_pass2(1).csv,
3038,7,2175,NETBIOS SMB-DS NT Trans NT CREATE DACL overflow attempt,INCLUDE,E01;E04,E01;E04 supported by rule text/metadata,sbd_rule_audit_pass2(1).csv,
3039,9,2176,NETBIOS SMB-DS NT Trans NT CREATE andx DACL overflow attempt,INCLUDE,E01;E04,E01;E04 supported by rule text/metadata,sbd_rule_audit_pass2(1).csv,
3040,5,2177,NETBIOS SMB-DS NT Trans NT CREATE unicode DACL overflow attempt,INCLUDE,E01;E04,E01;E04 supported by rule text/metadata,sbd_rule_audit_pass2(1).csv,
3041,5,2178,NETBIOS SMB-DS NT Trans NT CREATE unicode andx DACL overflow attempt,INCLUDE,E01;E04,E01;E04 supported by rule text/metadata,sbd_rule_audit_pass2(1).csv,
3042,4,2179,NETBIOS SMB NT Trans NT CREATE invalid SACL ace size dos attempt,INCLUDE,E04,E04 supported by rule text/metadata,sbd_rule_audit_pass2(1).csv,
3043,4,2180,NETBIOS SMB NT Trans NT CREATE andx invalid SACL ace size dos attempt,INCLUDE,E04,E04 supported by rule text/metadata,sbd_rule_audit_pass2(1).csv,
3044,4,2181,NETBIOS SMB NT Trans NT CREATE unicode invalid SACL ace size dos attempt,INCLUDE,E04,E04 supported by rule text/metadata,sbd_rule_audit_pass2(1).csv,
3045,4,2182,NETBIOS SMB NT Trans NT CREATE unicode andx invalid SACL ace size dos attempt,INCLUDE,E04,E04 supported by rule text/metadata,sbd_rule_audit_pass2(1).csv,
3046,5,2183,NETBIOS SMB-DS NT Trans NT CREATE invalid SACL ace size dos attempt,INCLUDE,E04,E04 supported by rule text/metadata,sbd_rule_audit_pass2(1).csv,
3047,5,2184,NETBIOS SMB-DS NT Trans NT CREATE andx invalid SACL ace size dos attempt,INCLUDE,E04,E04 supported by rule text/metadata,sbd_rule_audit_pass2(1).csv,
3048,5,2185,NETBIOS SMB-DS NT Trans NT CREATE unicode invalid SACL ace size dos attempt,INCLUDE,E04,E04 supported by rule text/metadata,sbd_rule_audit_pass2(1).csv,
3049,5,2186,NETBIOS SMB-DS NT Trans NT CREATE unicode andx invalid SACL ace size dos attempt,INCLUDE,E04,E04 supported by rule text/metadata,sbd_rule_audit_pass2(1).csv,
3050,4,2187,NETBIOS SMB NT Trans NT CREATE invalid SACL ace size dos attempt,INCLUDE,E04,E04 supported by rule text/metadata,sbd_rule_audit_pass2(1).csv,
3051,4,2188,NETBIOS SMB NT Trans NT CREATE andx invalid SACL ace size dos attempt,INCLUDE,E04,E04 supported by rule text/metadata,sbd_rule_audit_pass2(1).csv,
3052,4,2189,NETBIOS SMB NT Trans NT CREATE unicode invalid SACL ace size dos attempt,INCLUDE,E04,E04 supported by rule text/metadata,sbd_rule_audit_pass2(1).csv,
3053,4,2190,NETBIOS SMB NT Trans NT CREATE unicode andx invalid SACL ace size dos attempt,INCLUDE,E04,E04 supported by rule text/metadata,sbd_rule_audit_pass2(1).csv,
3054,5,2191,NETBIOS SMB-DS NT Trans NT CREATE invalid SACL ace size dos attempt,INCLUDE,E04,E04 supported by rule text/metadata,sbd_rule_audit_pass2(1).csv,
3055,5,2192,NETBIOS SMB-DS NT Trans NT CREATE andx invalid SACL ace size dos attempt,INCLUDE,E04,E04 supported by rule text/metadata,sbd_rule_audit_pass2(1).csv,
3056,5,2193,NETBIOS SMB-DS NT Trans NT CREATE unicode invalid SACL ace size dos attempt,INCLUDE,E04,E04 supported by rule text/metadata,sbd_rule_audit_pass2(1).csv,
3057,5,2194,NETBIOS SMB-DS NT Trans NT CREATE unicode andx invalid SACL ace size dos attempt,INCLUDE,E04,E04 supported by rule text/metadata,sbd_rule_audit_pass2(1).csv,
3058,13,2195,PROTOCOL-IMAP copy literal overflow attempt,INCLUDE,E01,E01 supported by rule text/metadata,sbd_rule_audit_pass2(1).csv,
3061,5,2196,APP-DETECT distccd remote command execution attempt,INCLUDE,E02,E02 supported by rule text/metadata,sbd_rule_audit_pass2(1).csv,
3065,12,2200,PROTOCOL-IMAP append literal overflow attempt,INCLUDE,E01,E01 supported by rule text/metadata,sbd_rule_audit_pass2(1).csv,
3066,17,2201,PROTOCOL-IMAP APPEND overflow attempt,INCLUDE,E01,E01 supported by rule text/metadata,sbd_rule_audit_pass2(1).csv,
3067,12,2202,PROTOCOL-IMAP examine literal overflow attempt,INCLUDE,E01,E01 supported by rule text/metadata,sbd_rule_audit_pass2(1).csv,
3069,12,2203,PROTOCOL-IMAP fetch literal overflow attempt,INCLUDE,E01,E01 supported by rule text/metadata,sbd_rule_audit_pass2(1).csv,
3070,13,2204,PROTOCOL-IMAP fetch overflow attempt,INCLUDE,E01,E01 supported by rule text/metadata,sbd_rule_audit_pass2(1).csv,
3071,14,2205,PROTOCOL-IMAP status literal overflow attempt,INCLUDE,E01,E01 supported by rule text/metadata,sbd_rule_audit_pass2(1).csv,
3072,20,2206,PROTOCOL-IMAP STATUS overflow attempt,INCLUDE,E01,E01 supported by rule text/metadata,sbd_rule_audit_pass2(1).csv,
3073,18,2207,PROTOCOL-IMAP SUBSCRIBE literal overflow attempt,INCLUDE,E01,E01 supported by rule text/metadata,sbd_rule_audit_pass2(1).csv,
3074,20,2208,PROTOCOL-IMAP SUBSCRIBE overflow attempt,INCLUDE,E01,E01 supported by rule text/metadata,sbd_rule_audit_pass2(1).csv,
3075,13,2209,PROTOCOL-IMAP unsubscribe literal overflow attempt,INCLUDE,E01,E01 supported by rule text/metadata,sbd_rule_audit_pass2(1).csv,
3076,14,2210,PROTOCOL-IMAP UNSUBSCRIBE overflow attempt,INCLUDE,E01,E01 supported by rule text/metadata,sbd_rule_audit_pass2(1).csv,
3077,9,2211,PROTOCOL-FTP RNFR overflow attempt,INCLUDE,E01,E01 supported by rule text/metadata,sbd_rule_audit_pass2(1).csv,
3078,13,2212,PROTOCOL-NNTP Microsoft Windows SEARCH pattern overflow attempt,INCLUDE,E01,E01 supported by rule text/metadata,sbd_rule_audit_pass2(1).csv,
3079,25,2213,BROWSER-IE Microsoft Internet Explorer ANI file parsing buffer overflow attempt,INCLUDE,E01,E01 supported by rule text/metadata,sbd_rule_audit_pass2(1).csv,
3080,9,2214,SERVER-OTHER Unreal Tournament secure overflow attempt,INCLUDE,E01,E01 supported by rule text/metadata,sbd_rule_audit_pass2(1).csv,
3084,16,2218,SERVER-OTHER Veritas backup overflow attempt,INCLUDE,E01,E01 supported by rule text/metadata,sbd_rule_audit_pass2(1).csv,
3085,14,2219,SERVER-OTHER AOL Instant Messenger goaway message buffer overflow attempt,INCLUDE,E01,E01 supported by rule text/metadata,sbd_rule_audit_pass2(1).csv,
3087,21,2221,SERVER-IIS w3who.dll buffer overflow attempt,INCLUDE,E01,E01 supported by rule text/metadata,sbd_rule_audit_pass2(1).csv,
3088,11,2222,FILE-MULTIMEDIA Nullsoft Winamp cda file name overflow attempt,INCLUDE,E01,E01 supported by rule text/metadata,sbd_rule_audit_pass2(1).csv,
3089,10,2223,SERVER-OTHER squid WCCP I_SEE_YOU message overflow attempt,INCLUDE,E01,E01 supported by rule text/metadata,sbd_rule_audit_pass2(1).csv,
3114,20,2224,OS-WINDOWS DCERPC NCACN-IP-TCP llsrpc LlsrConnect overflow attempt,INCLUDE,E01,E01 supported by rule text/metadata,sbd_rule_audit_pass2(1).csv,
3130,8,2225,PUA-OTHER Microsoft MSN Messenger png overflow,INCLUDE,E01,E01 supported by rule text/metadata,sbd_rule_audit_pass2(1).csv,
3131,10,2226,SERVER-WEBAPP mailman directory traversal attempt,INCLUDE,E01,"A detecção contém padrão objetivo de tentativa de exploração/vulnerabilidade (ex.: directory traversal, format string, CSRF, XSS, vulnerabilidade específica), correspondendo a E01.",,sbd_rule_review_162_final(1).csv
3132,15,2227,FILE-IMAGE Microsoft and libpng multiple products PNG large image width overflow attempt,INCLUDE,E01,E01 supported by rule text/metadata,sbd_rule_audit_pass2(1).csv,
3135,11,2230,NETBIOS SMB Trans2 QUERY_FILE_INFO attempt,INCLUDE,E04,E04 supported by rule text/metadata,sbd_rule_audit_pass2(1).csv,
3136,11,2231,NETBIOS SMB Trans2 QUERY_FILE_INFO andx attempt,INCLUDE,E04,E04 supported by rule text/metadata,sbd_rule_audit_pass2(1).csv,
3137,11,2232,NETBIOS SMB-DS Trans2 QUERY_FILE_INFO attempt,INCLUDE,E04,E04 supported by rule text/metadata,sbd_rule_audit_pass2(1).csv,
3138,11,2233,NETBIOS SMB-DS Trans2 QUERY_FILE_INFO andx attempt,INCLUDE,E04,E04 supported by rule text/metadata,sbd_rule_audit_pass2(1).csv,
3139,11,2234,NETBIOS SMB Trans2 FIND_FIRST2 attempt,INCLUDE,E04,E04 supported by rule text/metadata,sbd_rule_audit_pass2(1).csv,
3140,11,2235,NETBIOS SMB Trans2 FIND_FIRST2 andx attempt,INCLUDE,E04,E04 supported by rule text/metadata,sbd_rule_audit_pass2(1).csv,
3141,11,2236,NETBIOS SMB-DS Trans2 FIND_FIRST2 attempt,INCLUDE,E04,E04 supported by rule text/metadata,sbd_rule_audit_pass2(1).csv,
3142,11,2237,NETBIOS SMB-DS Trans2 FIND_FIRST2 andx attempt,INCLUDE,E04,E04 supported by rule text/metadata,sbd_rule_audit_pass2(1).csv,
3143,17,2238,OS-WINDOWS Microsoft Windows SMB Trans2 FIND_FIRST2 command response overflow attempt,INCLUDE,E01;E04,E01;E04 supported by rule text/metadata,sbd_rule_audit_pass2(1).csv,
3144,17,2239,OS-WINDOWS Microsoft Windows SMB Trans2 FIND_FIRST2 response andx overflow attempt,INCLUDE,E01;E04,E01;E04 supported by rule text/metadata,sbd_rule_audit_pass2(1).csv,
3145,16,2240,OS-WINDOWS Microsoft Windows SMB-DS Trans2 FIND_FIRST2 response overflow attempt,INCLUDE,E01;E04,E01;E04 supported by rule text/metadata,sbd_rule_audit_pass2(1).csv,
3146,18,2241,OS-WINDOWS Microsoft Windows SMB-DS Trans2 FIND_FIRST2 response andx overflow attempt,INCLUDE,E01;E04,E01;E04 supported by rule text/metadata,sbd_rule_audit_pass2(1).csv,
3147,15,2242,PROTOCOL-TELNET login buffer overflow attempt,INCLUDE,E01,E01 supported by rule text/metadata,sbd_rule_audit_pass2(1).csv,
3149,13,2244,BROWSER-IE Microsoft Internet Explorer malformed object type overflow attempt,INCLUDE,E01,E01 supported by rule text/metadata,sbd_rule_audit_pass2(1).csv,
3150,14,2245,SERVER-IIS SQLXML content type overflow,INCLUDE,E01,E01 supported by rule text/metadata,sbd_rule_audit_pass2(1).csv,
3153,9,2248,PROTOCOL-DNS TCP inverse query overflow,INCLUDE,E01,E01 supported by rule text/metadata,sbd_rule_audit_pass2(1).csv,
3154,12,2249,PROTOCOL-DNS UDP inverse query overflow,INCLUDE,E01,E01 supported by rule text/metadata,sbd_rule_audit_pass2(1).csv,
3171,16,2253,OS-WINDOWS DCERPC NCADG-IP-UDP msqueue function 4 overflow attempt,INCLUDE,E01,E01 supported by rule text/metadata,sbd_rule_audit_pass2(1).csv,
3192,19,2254,OS-WINDOWS Microsoft Windows Media Player directory traversal via Content-Disposition attempt,INCLUDE,E01,"A detecção contém padrão objetivo de tentativa de exploração/vulnerabilidade (ex.: directory traversal, format string, CSRF, XSS, vulnerabilidade específica), correspondendo a E01.",,sbd_rule_review_162_final(1).csv
3195,11,2257,OS-WINDOWS name query overflow attempt TCP,INCLUDE,E01,E01 supported by rule text/metadata,sbd_rule_audit_pass2(1).csv,
3196,9,2258,OS-WINDOWS name query overflow attempt UDP,INCLUDE,E01,E01 supported by rule text/metadata,sbd_rule_audit_pass2(1).csv,
3199,12,2259,OS-WINDOWS Microsoft Windows WINS name query overflow attempt TCP,INCLUDE,E01,E01 supported by rule text/metadata,sbd_rule_audit_pass2(1).csv,
3200,13,2260,OS-WINDOWS Microsoft Windows WINS name query overflow attempt UDP,INCLUDE,E01,E01 supported by rule text/metadata,sbd_rule_audit_pass2(1).csv,
3218,23,2262,OS-WINDOWS DCERPC NCACN-IP-TCP winreg OpenKey overflow attempt,INCLUDE,E01,E01 supported by rule text/metadata,sbd_rule_audit_pass2(1).csv,
3234,6,2263,OS-WINDOWS Messenger message little endian overflow attempt,INCLUDE,E01,E01 supported by rule text/metadata,sbd_rule_audit_pass2(1).csv,
3235,6,2264,OS-WINDOWS Messenger message overflow attempt,INCLUDE,E01,E01 supported by rule text/metadata,sbd_rule_audit_pass2(1).csv,
3238,15,2265,OS-WINDOWS DCERPC NCACN-IP-TCP irot IrotIsRunning/Revoke overflow attempt,INCLUDE,E01,E01 supported by rule text/metadata,sbd_rule_audit_pass2(1).csv,
3239,15,2266,OS-WINDOWS DCERPC NCADG-IP-UDP irot IrotIsRunning/Revoke overflow attempt,INCLUDE,E01,E01 supported by rule text/metadata,sbd_rule_audit_pass2(1).csv,
3274,15,2268,PROTOCOL-TELNET login buffer non-evasive overflow attempt ,INCLUDE,E01,E01 supported by rule text/metadata,sbd_rule_audit_pass2(1).csv,
3409,18,2271,OS-WINDOWS DCERPC NCACN-IP-TCP IActivation remoteactivation overflow attempt,INCLUDE,E01,E01 supported by rule text/metadata,sbd_rule_audit_pass2(1).csv,
3442,11,2273,OS-WINDOWS Microsoft Windows TCP print service overflow attempt,INCLUDE,E01,E01 supported by rule text/metadata,sbd_rule_audit_pass2(1).csv,
3455,7,2276,SERVER-OTHER Bontago Game Server Nickname buffer overflow,INCLUDE,E01,E01 supported by rule text/metadata,sbd_rule_audit_pass2(1).csv,
3457,14,2278,SERVER-OTHER Arkeia backup client type 77 overflow attempt,INCLUDE,E01,E01 supported by rule text/metadata,sbd_rule_audit_pass2(1).csv,
3458,9,2279,SERVER-OTHER Arkeia backup client type 84 overflow attempt,INCLUDE,E01,E01 supported by rule text/metadata,sbd_rule_audit_pass2(1).csv,
3461,18,2282,SERVER-MAIL Content-Type overflow attempt,INCLUDE,E01,E01 supported by rule text/metadata,sbd_rule_audit_pass2(1).csv,
3462,14,2283,BROWSER-IE Microsoft Internet Explorer Content-Encoding overflow attempt,INCLUDE,E01,E01 supported by rule text/metadata,sbd_rule_audit_pass2(1).csv,
3464,12,2285,SERVER-WEBAPP awstats.pl command execution attempt,INCLUDE,E02,E02 supported by rule text/metadata,sbd_rule_audit_pass2(1).csv,
17745,10,2302,NETBIOS SMB TRANS2 Find_First2 request attempt,INCLUDE,E04,E04 supported by rule text/metadata,sbd_rule_audit_pass2(1).csv,
19190,9,2303,NETBIOS SMB-DS Trans2 Distributed File System GET_DFS_REFERRAL request,INCLUDE,E04,E04 supported by rule text/metadata,sbd_rule_audit_pass2(1).csv,
21246,6,2333,MALWARE-CNC User-Agent known malicious user-agent string DataCha0s,INCLUDE,E03,E03 supported by rule text/metadata,sbd_rule_audit_pass2(1).csv,
21257,5,2336,MALWARE-CNC URI - known scanner tool muieblackcat,INCLUDE,E03,E03 supported by rule text/metadata,sbd_rule_audit_pass2(1).csv,
21266,5,2337,MALWARE-CNC User-Agent known malicious user-agent string Morfeus Scanner,INCLUDE,E03,E03 supported by rule text/metadata,sbd_rule_audit_pass2(1).csv,
21327,8,2346,MALWARE-CNC User-Agent ASafaWeb Scan,INCLUDE,E03,E03 supported by rule text/metadata,sbd_rule_audit_pass2(1).csv,
21375,8,2347,SERVER-WEBAPP Remote Execution Backdoor Attempt Against Horde,INCLUDE,E01,E01 supported by rule text/metadata,sbd_rule_audit_pass2(1).csv,
21417,10,2351,FILE-PDF hostile PDF associated with Laik exploit kit,INCLUDE,E01,E01 supported by rule text/metadata,sbd_rule_audit_pass2(1).csv,
21438,8,2352,EXPLOIT-KIT Blackhole exploit kit JavaScript carat string splitting with hostile applet,INCLUDE,E01,E01 supported by rule text/metadata,sbd_rule_audit_pass2(1).csv,
21818,5,2385,SERVER-WEBAPP System variable directory traversal attempt - %ALLUSERSPROFILE%,INCLUDE,E01,"A detecção contém padrão objetivo de tentativa de exploração/vulnerabilidade (ex.: directory traversal, format string, CSRF, XSS, vulnerabilidade específica), correspondendo a E01.",,sbd_rule_review_162_final(1).csv
21819,5,2386,SERVER-WEBAPP System variable directory traversal attempt - %PROGRAMDATA%,INCLUDE,E01,"A detecção contém padrão objetivo de tentativa de exploração/vulnerabilidade (ex.: directory traversal, format string, CSRF, XSS, vulnerabilidade específica), correspondendo a E01.",,sbd_rule_review_162_final(1).csv
21820,5,2387,SERVER-WEBAPP System variable directory traversal attempt - %APPDATA%,INCLUDE,E01,"A detecção contém padrão objetivo de tentativa de exploração/vulnerabilidade (ex.: directory traversal, format string, CSRF, XSS, vulnerabilidade específica), correspondendo a E01.",,sbd_rule_review_162_final(1).csv
21821,5,2388,SERVER-WEBAPP System variable directory traversal attempt - %COMMONPROGRAMFILES%,INCLUDE,E01,"A detecção contém padrão objetivo de tentativa de exploração/vulnerabilidade (ex.: directory traversal, format string, CSRF, XSS, vulnerabilidade específica), correspondendo a E01.",,sbd_rule_review_162_final(1).csv
21822,5,2389,SERVER-WEBAPP System variable directory traversal attempt - %COMMONPROGRAMFILES - x86%,INCLUDE,E01,"A detecção contém padrão objetivo de tentativa de exploração/vulnerabilidade (ex.: directory traversal, format string, CSRF, XSS, vulnerabilidade específica), correspondendo a E01.",,sbd_rule_review_162_final(1).csv
21823,5,2390,SERVER-WEBAPP System variable directory traversal attempt - %COMSPEC%,INCLUDE,E01,"A detecção contém padrão objetivo de tentativa de exploração/vulnerabilidade (ex.: directory traversal, format string, CSRF, XSS, vulnerabilidade específica), correspondendo a E01.",,sbd_rule_review_162_final(1).csv
21824,5,2391,SERVER-WEBAPP System variable directory traversal attempt - %HOMEDRIVE%,INCLUDE,E01,"A detecção contém padrão objetivo de tentativa de exploração/vulnerabilidade (ex.: directory traversal, format string, CSRF, XSS, vulnerabilidade específica), correspondendo a E01.",,sbd_rule_review_162_final(1).csv
21825,5,2392,SERVER-WEBAPP System variable directory traversal attempt - %HOMEPATH%,INCLUDE,E01,"A detecção contém padrão objetivo de tentativa de exploração/vulnerabilidade (ex.: directory traversal, format string, CSRF, XSS, vulnerabilidade específica), correspondendo a E01.",,sbd_rule_review_162_final(1).csv
21826,5,2393,SERVER-WEBAPP System variable directory traversal attempt - %LOCALAPPDATA%,INCLUDE,E01,"A detecção contém padrão objetivo de tentativa de exploração/vulnerabilidade (ex.: directory traversal, format string, CSRF, XSS, vulnerabilidade específica), correspondendo a E01.",,sbd_rule_review_162_final(1).csv
21827,5,2394,SERVER-WEBAPP System variable directory traversal attempt - %PROGRAMFILES%,INCLUDE,E01,"A detecção contém padrão objetivo de tentativa de exploração/vulnerabilidade (ex.: directory traversal, format string, CSRF, XSS, vulnerabilidade específica), correspondendo a E01.",,sbd_rule_review_162_final(1).csv
21828,5,2395,SERVER-WEBAPP System variable directory traversal attempt - %PROGRAMFILES - X86%,INCLUDE,E01,"A detecção contém padrão objetivo de tentativa de exploração/vulnerabilidade (ex.: directory traversal, format string, CSRF, XSS, vulnerabilidade específica), correspondendo a E01.",,sbd_rule_review_162_final(1).csv
21829,5,2396,SERVER-WEBAPP System variable directory traversal attempt - %SystemDrive%,INCLUDE,E01,"A detecção contém padrão objetivo de tentativa de exploração/vulnerabilidade (ex.: directory traversal, format string, CSRF, XSS, vulnerabilidade específica), correspondendo a E01.",,sbd_rule_review_162_final(1).csv
21830,5,2397,SERVER-WEBAPP System variable directory traversal attempt - %SystemRoot%,INCLUDE,E01,"A detecção contém padrão objetivo de tentativa de exploração/vulnerabilidade (ex.: directory traversal, format string, CSRF, XSS, vulnerabilidade específica), correspondendo a E01.",,sbd_rule_review_162_final(1).csv
21831,5,2398,SERVER-WEBAPP System variable directory traversal attempt - %TEMP%,INCLUDE,E01,"A detecção contém padrão objetivo de tentativa de exploração/vulnerabilidade (ex.: directory traversal, format string, CSRF, XSS, vulnerabilidade específica), correspondendo a E01.",,sbd_rule_review_162_final(1).csv
21832,5,2399,SERVER-WEBAPP System variable directory traversal attempt - %TMP%,INCLUDE,E01,"A detecção contém padrão objetivo de tentativa de exploração/vulnerabilidade (ex.: directory traversal, format string, CSRF, XSS, vulnerabilidade específica), correspondendo a E01.",,sbd_rule_review_162_final(1).csv
21833,5,2400,SERVER-WEBAPP System variable directory traversal attempt - %USERDATA%,INCLUDE,E01,"A detecção contém padrão objetivo de tentativa de exploração/vulnerabilidade (ex.: directory traversal, format string, CSRF, XSS, vulnerabilidade específica), correspondendo a E01.",,sbd_rule_review_162_final(1).csv
21834,5,2401,SERVER-WEBAPP System variable directory traversal attempt - %USERNAME%,INCLUDE,E01,"A detecção contém padrão objetivo de tentativa de exploração/vulnerabilidade (ex.: directory traversal, format string, CSRF, XSS, vulnerabilidade específica), correspondendo a E01.",,sbd_rule_review_162_final(1).csv
21835,5,2402,SERVER-WEBAPP System variable directory traversal attempt - %USERPROFILE%,INCLUDE,E01,"A detecção contém padrão objetivo de tentativa de exploração/vulnerabilidade (ex.: directory traversal, format string, CSRF, XSS, vulnerabilidade específica), correspondendo a E01.",,sbd_rule_review_162_final(1).csv
21836,5,2403,SERVER-WEBAPP System variable directory traversal attempt - %WINDIR%,INCLUDE,E01,"A detecção contém padrão objetivo de tentativa de exploração/vulnerabilidade (ex.: directory traversal, format string, CSRF, XSS, vulnerabilidade específica), correspondendo a E01.",,sbd_rule_review_162_final(1).csv
21837,5,2404,SERVER-WEBAPP System variable directory traversal attempt - %PUBLIC%,INCLUDE,E01,"A detecção contém padrão objetivo de tentativa de exploração/vulnerabilidade (ex.: directory traversal, format string, CSRF, XSS, vulnerabilidade específica), correspondendo a E01.",,sbd_rule_review_162_final(1).csv
21838,5,2405,SERVER-WEBAPP System variable directory traversal attempt - %PSModulePath%,INCLUDE,E01,"A detecção contém padrão objetivo de tentativa de exploração/vulnerabilidade (ex.: directory traversal, format string, CSRF, XSS, vulnerabilidade específica), correspondendo a E01.",,sbd_rule_review_162_final(1).csv
23055,10,2429,PROTOCOL-FTP Multiple Products FTP MKD buffer overflow attempt,INCLUDE,E01,E01 supported by rule text/metadata,sbd_rule_audit_pass2(1).csv,
24225,3,2457,MALWARE-OTHER malicious redirection attempt,INCLUDE,E01,E01 supported by rule text/metadata,sbd_rule_audit_pass2(1).csv,
24359,9,2462,OS-WINDOWS Microsoft Windows SMB NTLM NULL session attempt,INCLUDE,E04,E04 supported by rule text/metadata,sbd_rule_audit_pass2(1).csv,
24972,6,2470,NETBIOS SMB Trans2 FIND_FIRST2 find file and directory info request,INCLUDE,E04,E04 supported by rule text/metadata,sbd_rule_audit_pass2(1).csv,
25256,4,2475,MALWARE-CNC Win.Worm.Gamarue variant outbound connection,INCLUDE,E04,E04 supported by rule text/metadata,sbd_rule_audit_pass2(1).csv,
25358,6,2482,APP-DETECT Acunetix web vulnerability scan attempt,INCLUDE,E01;E03,E03 supported by rule text/metadata,sbd_rule_audit_pass2(1).csv,
25359,4,2483,APP-DETECT Acunetix web vulnerability scanner probe attempt,INCLUDE,E03,"A lógica identifica acesso/enumeração/descoberta ou exposição de informação/configuração, correspondendo a E03.",,sbd_rule_review_162_final(1).csv
25361,4,2485,APP-DETECT Acunetix web vulnerability scanner RFI attempt,INCLUDE,E01,"A regra identifica uma tentativa de injeção/XSS no tráfego. Pela taxonomia adotada, isso caracteriza tentativa de exploração (E01), não execução comprovada (E02).",,sbd_rule_review_162_final(1).csv
25362,4,2486,APP-DETECT Acunetix web vulnerability scanner base64 XSS attempt,INCLUDE,E01,"A regra identifica uma tentativa de injeção/XSS no tráfego. Pela taxonomia adotada, isso caracteriza tentativa de exploração (E01), não execução comprovada (E02).",,sbd_rule_review_162_final(1).csv
25363,5,2487,APP-DETECT Acunetix web vulnerability scanner URI injection attempt,INCLUDE,E01,"A regra identifica uma tentativa de injeção/XSS no tráfego. Pela taxonomia adotada, isso caracteriza tentativa de exploração (E01), não execução comprovada (E02).",,sbd_rule_review_162_final(1).csv
25364,4,2488,APP-DETECT Acunetix web vulnerability scanner prompt XSS attempt,INCLUDE,E01,"A regra identifica uma tentativa de injeção/XSS no tráfego. Pela taxonomia adotada, isso caracteriza tentativa de exploração (E01), não execução comprovada (E02).",,sbd_rule_review_162_final(1).csv
25365,4,2489,APP-DETECT Acunetix web vulnerability scanner XSS attempt,INCLUDE,E01,"A regra identifica uma tentativa de injeção/XSS no tráfego. Pela taxonomia adotada, isso caracteriza tentativa de exploração (E01), não execução comprovada (E02).",,sbd_rule_review_162_final(1).csv
25577,4,2505,MALWARE-CNC Win.Rootkit.Necurs possible URI with encrypted POST,INCLUDE,E05,E05 supported by rule text/metadata,sbd_rule_audit_pass2(1).csv,
25589,6,2509,SERVER-OTHER libupnp command buffer overflow attempt,INCLUDE,E01,E01 supported by rule text/metadata,sbd_rule_audit_pass2(1).csv,
25948,4,2520,EXPLOIT-KIT redirection to driveby download,INCLUDE,E01,E01 supported by rule text/metadata,sbd_rule_audit_pass2(1).csv,
26020,4,2522,EXPLOIT-KIT Sibhost exploit kit,INCLUDE,E01,E01 supported by rule text/metadata,sbd_rule_audit_pass2(1).csv,
26275,5,2535,SERVER-WEBAPP DD-WRT httpd cgi-bin remote command execution attempt,INCLUDE,E02,E02 supported by rule text/metadata,sbd_rule_audit_pass2(1).csv,
26288,3,2542,MALWARE-CNC Brontok Worm variant outbound connection,INCLUDE,E04,E04 supported by rule text/metadata,sbd_rule_audit_pass2(1).csv,
26335,3,2547,MALWARE-CNC FBI Ransom Trojan variant outbound connection,INCLUDE,E05,E05 supported by rule text/metadata,sbd_rule_audit_pass2(1).csv,
26411,3,2557,MALWARE-OTHER Win.Worm.Dorkbot folder snkb0ptz creation attempt SMB,INCLUDE,E04,E04 supported by rule text/metadata,sbd_rule_audit_pass2(1).csv,
26412,3,2558,MALWARE-OTHER Win.Worm.Dorkbot executable snkb0ptz.exe creation attempt SMB,INCLUDE,E04,E04 supported by rule text/metadata,sbd_rule_audit_pass2(1).csv,
26413,3,2559,MALWARE-OTHER Win.Worm.Dorkbot Desktop.ini snkb0ptz.exe creation attempt SMB,INCLUDE,E04,E04 supported by rule text/metadata,sbd_rule_audit_pass2(1).csv,
26482,2,2565,MALWARE-CNC Unknown Thinner Encrypted POST botnet C&C,INCLUDE,E05,E05 supported by rule text/metadata,sbd_rule_audit_pass2(1).csv,
26483,3,2566,SERVER-WEBAPP JavaScript tag in User-Agent field possible XSS attempt,INCLUDE,E01,"A regra identifica uma tentativa de injeção/XSS no tráfego. Pela taxonomia adotada, isso caracteriza tentativa de exploração (E01), não execução comprovada (E02).",,sbd_rule_review_162_final(1).csv
26526,6,2568,EXPLOIT-KIT Portable Executable downloaded with bad DOS stub,INCLUDE,E01,E01 supported by rule text/metadata,sbd_rule_audit_pass2(1).csv,
26534,7,2571,EXPLOIT-KIT Stamp exploit kit portable executable download,INCLUDE,E01,E01 supported by rule text/metadata,sbd_rule_audit_pass2(1).csv,
26562,3,2576,EXPLOIT-KIT Nuclear exploit kit Spoofed Host Header .com- requests,INCLUDE,E01,E01 supported by rule text/metadata,sbd_rule_audit_pass2(1).csv,
26585,3,2582,INDICATOR-COMPROMISE config.inc.php in iframe,INCLUDE,E01,E01 supported by rule text/metadata,sbd_rule_audit_pass2(1).csv,
26696,4,2591,MALWARE-CNC Cbeplay Ransomware variant outbound connection - Abnormal HTTP Headers,INCLUDE,E05,E05 supported by rule text/metadata,sbd_rule_audit_pass2(1).csv,
26697,4,2592,MALWARE-CNC Cbeplay Ransomware variant outbound connection - POST Body,INCLUDE,E05,E05 supported by rule text/metadata,sbd_rule_audit_pass2(1).csv,
26698,2,2593,MALWARE-OTHER Compromised Website response - leads to Exploit Kit,INCLUDE,E01,E01 supported by rule text/metadata,sbd_rule_audit_pass2(1).csv,
26722,2,2600,MALWARE-CNC Bancos fake JPG encrypted config file download,INCLUDE,E05,E05 supported by rule text/metadata,sbd_rule_audit_pass2(1).csv,
26774,4,2628,MALWARE-CNC Win.Worm.Luder variant outbound connection,INCLUDE,E04,E04 supported by rule text/metadata,sbd_rule_audit_pass2(1).csv,
26779,4,2631,MALWARE-CNC Win.Trojan.Cridex encrypted POST check-in,INCLUDE,E05,E05 supported by rule text/metadata,sbd_rule_audit_pass2(1).csv,
26814,3,2635,EXPLOIT-KIT Blackholev2 exploit kit Initial Gate from Linked-In Mailing Campaign,INCLUDE,E01,E01 supported by rule text/metadata,sbd_rule_audit_pass2(1).csv,
26834,5,2636,EXPLOIT-KIT Sweet Orange exploit kit landing page in.php base64 uri,INCLUDE,E01,E01 supported by rule text/metadata,sbd_rule_audit_pass2(1).csv,
26838,3,2640,EXPLOIT-KIT Blackholev2 exploit kit Initial Gate from NatPay Mailing Campaign,INCLUDE,E01,E01 supported by rule text/metadata,sbd_rule_audit_pass2(1).csv,
26910,3,2642,MALWARE-CNC ZeroAccess Encrypted 128-byte POST No Accept Headers,INCLUDE,E05,E05 supported by rule text/metadata,sbd_rule_audit_pass2(1).csv,
26947,5,2648,EXPLOIT-KIT DotkaChef/Rmayana/DotCache exploit kit inbound java exploit download,INCLUDE,E01,E01 supported by rule text/metadata,sbd_rule_audit_pass2(1).csv,
26948,5,2649,EXPLOIT-KIT DotkaChef/Rmayana/DotCache exploit kit inbound java exploit download,INCLUDE,E01,E01 supported by rule text/metadata,sbd_rule_audit_pass2(1).csv,
26949,4,2650,EXPLOIT-KIT DotkaChef/Rmayana/DotCache exploit kit landing page,INCLUDE,E01,E01 supported by rule text/metadata,sbd_rule_audit_pass2(1).csv,
26951,5,2651,EXPLOIT-KIT DotkaChef/Rmayana/DotCache exploit kit Malvertising Campaign URI request,INCLUDE,E01,E01 supported by rule text/metadata,sbd_rule_audit_pass2(1).csv,
26966,5,2653,MALWARE-CNC Win32/Autorun.JN variant outbound connection,INCLUDE,E04,E04 supported by rule text/metadata,sbd_rule_audit_pass2(1).csv,
26985,3,2658,EXPLOIT-KIT Rawin exploit kit outbound java retrieval,INCLUDE,E01,E01 supported by rule text/metadata,sbd_rule_audit_pass2(1).csv,
27040,4,2661,EXPLOIT-KIT Styx exploit kit plugin detection connection jorg,INCLUDE,E01,E01 supported by rule text/metadata,sbd_rule_audit_pass2(1).csv,
27041,4,2662,EXPLOIT-KIT Styx exploit kit plugin detection connection jlnp,INCLUDE,E01,E01 supported by rule text/metadata,sbd_rule_audit_pass2(1).csv,
27042,5,2663,EXPLOIT-KIT Styx exploit kit plugin detection connection jovf,INCLUDE,E01,E01 supported by rule text/metadata,sbd_rule_audit_pass2(1).csv,
27085,3,2667,EXPLOIT-KIT Unknown Malvertising exploit kit Hostile Jar pipe.class,INCLUDE,E01,E01 supported by rule text/metadata,sbd_rule_audit_pass2(1).csv,
27086,3,2668,EXPLOIT-KIT Unknown Malvertising exploit kit stage-1 redirect,INCLUDE,E01;E02,E01 supported by rule text/metadata,sbd_rule_audit_pass2(1).csv,
27110,7,2669,EXPLOIT-KIT Blackholev2/Cool exploit kit outbound portable executable request,INCLUDE,E01,E01 supported by rule text/metadata,sbd_rule_audit_pass2(1).csv,
27113,5,2670,EXPLOIT-KIT DotkaChef/Rmayana/DotCache exploit kit Zeroaccess download attempt,INCLUDE,E01,E01 supported by rule text/metadata,sbd_rule_audit_pass2(1).csv,
27144,3,2671,EXPLOIT-KIT Private exploit kit outbound traffic,INCLUDE,E01,E01 supported by rule text/metadata,sbd_rule_audit_pass2(1).csv,
27246,2,2677,MALWARE-OTHER Mac OSX FBI ransomware,INCLUDE,E05,E05 supported by rule text/metadata,sbd_rule_audit_pass2(1).csv,
27253,2,2680,MALWARE-CNC Win.Trojan.Cridex Encrypted POST w/ URL Pattern,INCLUDE,E05,E05 supported by rule text/metadata,sbd_rule_audit_pass2(1).csv,
27633,4,2694,MALWARE-CNC Worm.Silly variant outbound connection,INCLUDE,E04,E04 supported by rule text/metadata,sbd_rule_audit_pass2(1).csv,
27708,8,2698,MALWARE-CNC Win.Ransomware.Urausy outbound connection,INCLUDE,E05,E05 supported by rule text/metadata,sbd_rule_audit_pass2(1).csv,
27865,7,2708,EXPLOIT-KIT Blackholev2/Darkleech exploit kit landing page request,INCLUDE,E01,E01 supported by rule text/metadata,sbd_rule_audit_pass2(1).csv,
27866,2,2709,EXPLOIT-KIT Blackholev2/Darkleech exploit kit landing page,INCLUDE,E01,E01 supported by rule text/metadata,sbd_rule_audit_pass2(1).csv,
27907,8,2716,EXPLOIT-KIT Blackholev2/Cool exploit kit payload download attempt,INCLUDE,E01;E02,E01;E02 supported by rule text/metadata,sbd_rule_audit_pass2(1).csv,
27919,5,2723,MALWARE-CNC Win.Trojan.Zeus encrypted POST Data exfiltration,INCLUDE,E05,E05 supported by rule text/metadata,sbd_rule_audit_pass2(1).csv,
28007,2,2731,MALWARE-CNC BLYPT installer startupkey outbound traffic,INCLUDE,E01,E01 supported by rule text/metadata,sbd_rule_audit_pass2(1).csv,
28008,2,2732,MALWARE-CNC BLYPT installer reuse outbound traffic,INCLUDE,E01,E01 supported by rule text/metadata,sbd_rule_audit_pass2(1).csv,
28009,2,2733,MALWARE-CNC BLYPT installer configkey outbound traffic,INCLUDE,E01,E01 supported by rule text/metadata,sbd_rule_audit_pass2(1).csv,
28010,2,2734,MALWARE-CNC BLYPT installer tserror outbound traffic,INCLUDE,E01,E01 supported by rule text/metadata,sbd_rule_audit_pass2(1).csv,
28011,2,2735,MALWARE-CNC BLYPT installer createproc outbound traffic,INCLUDE,E01,E01 supported by rule text/metadata,sbd_rule_audit_pass2(1).csv,
28026,3,2737,EXPLOIT-KIT Blackholev2 exploit kit landing page,INCLUDE,E01,E01 supported by rule text/metadata,sbd_rule_audit_pass2(1).csv,
28028,6,2738,EXPLOIT-KIT Blackholev2/Cool exploit kit exploit download attempt,INCLUDE,E01,E01 supported by rule text/metadata,sbd_rule_audit_pass2(1).csv,
28033,3,2739,MALWARE-CNC Win.Ransomware.Urausy variant outbound connection,INCLUDE,E05,E05 supported by rule text/metadata,sbd_rule_audit_pass2(1).csv,
28114,2,2747,MALWARE-CNC Win.Trojan.Fareit variant outbound connection - /default.htm GET Encrypted Payload,INCLUDE,E02;E05,E02;E05 supported by rule text/metadata,sbd_rule_audit_pass2(1).csv,
28115,2,2748,MALWARE-CNC Win.Trojan.Fareit variant outbound connection - /file.htm GET Encrypted Payload,INCLUDE,E02;E05,E02;E05 supported by rule text/metadata,sbd_rule_audit_pass2(1).csv,
28116,2,2749,MALWARE-CNC Win.Trojan.Fareit variant outbound connection - /home.htm GET Encrypted Payload,INCLUDE,E02;E05,E02;E05 supported by rule text/metadata,sbd_rule_audit_pass2(1).csv,
28117,2,2750,MALWARE-CNC Win.Trojan.Fareit variant outbound connection - /install.htm GET Encrypted Payload,INCLUDE,E02;E05,E02;E05 supported by rule text/metadata,sbd_rule_audit_pass2(1).csv,
28118,2,2751,MALWARE-CNC Win.Trojan.Fareit variant outbound connection - /login.htm GET Encrypted Payload,INCLUDE,E02;E05,E02;E05 supported by rule text/metadata,sbd_rule_audit_pass2(1).csv,
28119,2,2752,MALWARE-CNC Win.Trojan.Fareit variant outbound connection - /search.htm GET Encrypted Payload,INCLUDE,E02;E05,E02;E05 supported by rule text/metadata,sbd_rule_audit_pass2(1).csv,
28120,2,2753,MALWARE-CNC Win.Trojan.Fareit variant outbound connection - /start.htm GET Encrypted Payload,INCLUDE,E02;E05,E02;E05 supported by rule text/metadata,sbd_rule_audit_pass2(1).csv,
28121,2,2754,MALWARE-CNC Win.Trojan.Fareit variant outbound connection - /welcome.htm GET Encrypted Payload,INCLUDE,E02;E05,E02;E05 supported by rule text/metadata,sbd_rule_audit_pass2(1).csv,
28122,2,2755,MALWARE-CNC Win.Trojan.Fareit variant outbound connection - /index.htm GET Encrypted Payload,INCLUDE,E02;E05,E02;E05 supported by rule text/metadata,sbd_rule_audit_pass2(1).csv,
28123,2,2756,MALWARE-CNC Win.Trojan.Fareit variant outbound connection - /setup.htm GET Encrypted Payload,INCLUDE,E02;E05,E02;E05 supported by rule text/metadata,sbd_rule_audit_pass2(1).csv,
28215,3,2764,SERVER-WEBAPP vBulletin upgrade.php exploit attempt,INCLUDE,E01,E01 supported by rule text/metadata,sbd_rule_audit_pass2(1).csv,
28233,3,2765,EXPLOIT-KIT Blackholev2/Cool exploit kit payload download attempt,INCLUDE,E01;E02,E01;E02 supported by rule text/metadata,sbd_rule_audit_pass2(1).csv,
28291,3,2769,EXPLOIT-KIT Blackholev2/Cool exploit kit exploit download attempt,INCLUDE,E01,E01 supported by rule text/metadata,sbd_rule_audit_pass2(1).csv,
28428,3,2780,EXPLOIT-KIT Glazunov exploit kit landing page,INCLUDE,E01;E02,E01 supported by rule text/metadata,sbd_rule_audit_pass2(1).csv,
28429,3,2781,EXPLOIT-KIT Glazunov exploit kit outbound jnlp download attempt,INCLUDE,E01,E01 supported by rule text/metadata,sbd_rule_audit_pass2(1).csv,
28430,4,2782,EXPLOIT-KIT Glazunov exploit kit zip file download,INCLUDE,E01,E01 supported by rule text/metadata,sbd_rule_audit_pass2(1).csv,
28450,2,2784,EXPLOIT-KIT Sakura exploit kit exploit payload retrieve attempt,INCLUDE,E01;E02,E01;E02 supported by rule text/metadata,sbd_rule_audit_pass2(1).csv,
28542,3,2788,MALWARE-CNC Win.Trojan.Conficker variant outbound connection,INCLUDE,E04,E04 supported by rule text/metadata,sbd_rule_audit_pass2(1).csv,
28543,3,2789,MALWARE-CNC Win.Trojan.Conficker variant outbound connection,INCLUDE,E04,E04 supported by rule text/metadata,sbd_rule_audit_pass2(1).csv,
28552,3,2790,INDICATOR-SCAN inbound probing for IPTUX messenger port ,INCLUDE,E03,E03 supported by rule text/metadata,sbd_rule_audit_pass2(1).csv,
28553,2,2791,MALWARE-CNC Win.Trojan.Fareit variant outbound connection - /main.htm GET Encrypted Payload,INCLUDE,E02;E05,E02;E05 supported by rule text/metadata,sbd_rule_audit_pass2(1).csv,
28554,2,2792,MALWARE-CNC Win.Trojan.Fareit variant outbound connection - /online.htm GET Encrypted Payload,INCLUDE,E02;E05,E02;E05 supported by rule text/metadata,sbd_rule_audit_pass2(1).csv,
28555,2,2793,MALWARE-OTHER SQL Slammer worm propagation attempt inbound,INCLUDE,E04,E04 supported by rule text/metadata,sbd_rule_audit_pass2(1).csv,
28596,4,2796,EXPLOIT-KIT Nuclear exploit kit payload request,INCLUDE,E01;E02,E01;E02 supported by rule text/metadata,sbd_rule_audit_pass2(1).csv,
28795,7,2797,EXPLOIT-KIT Goon/Infinity exploit kit payload download attempt,INCLUDE,E01;E02,E01;E02 supported by rule text/metadata,sbd_rule_audit_pass2(1).csv,
28969,4,2819,EXPLOIT-KIT HiMan exploit kit outbound payload retreival - specific string,INCLUDE,E01;E02,E01;E02 supported by rule text/metadata,sbd_rule_audit_pass2(1).csv,
28982,2,2822,MALWARE-CNC Win.Worm.Steckt IRCbot requesting URL through IRC,INCLUDE,E04,E04 supported by rule text/metadata,sbd_rule_audit_pass2(1).csv,
28984,5,2824,MALWARE-CNC Win.Worm.Steckt IRCbot executable download,INCLUDE,E04,E04 supported by rule text/metadata,sbd_rule_audit_pass2(1).csv,
28985,4,2825,MALWARE-CNC Win.Worm.Steckt IRCbot executable download,INCLUDE,E04,E04 supported by rule text/metadata,sbd_rule_audit_pass2(1).csv,
28986,3,2826,MALWARE-CNC Win.Worm.Neeris IRCbot variant outbound connection,INCLUDE,E04,E04 supported by rule text/metadata,sbd_rule_audit_pass2(1).csv,
28987,3,2827,MALWARE-CNC Win.Worm.Steckt IRCbot variant outbound connection,INCLUDE,E04,E04 supported by rule text/metadata,sbd_rule_audit_pass2(1).csv,
28988,3,2828,MALWARE-CNC Win.Worm.Steckt IRCbot variant outbound connection,INCLUDE,E04,E04 supported by rule text/metadata,sbd_rule_audit_pass2(1).csv,
29166,6,2831,EXPLOIT-KIT CritX exploit kit payload download attempt,INCLUDE,E01;E02,E01;E02 supported by rule text/metadata,sbd_rule_audit_pass2(1).csv,
29167,6,2832,EXPLOIT-KIT CritX exploit kit payload download attempt,INCLUDE,E01;E02,E01;E02 supported by rule text/metadata,sbd_rule_audit_pass2(1).csv,
29189,5,2834,EXPLOIT-KIT Magnitude exploit kit Microsoft Internet Explorer Payload request,INCLUDE,E01;E02,E01;E02 supported by rule text/metadata,sbd_rule_audit_pass2(1).csv,
29378,2,2842,MALWARE-CNC Win.Trojan.Dropper inbound encrypted traffic,INCLUDE,E05,E05 supported by rule text/metadata,sbd_rule_audit_pass2(1).csv,
29379,3,2843,MALWARE-CNC Win.Trojan.Dropper outbound encrypted traffic - potential exfiltration,INCLUDE,E05,E05 supported by rule text/metadata,sbd_rule_audit_pass2(1).csv,
29380,2,2844,MALWARE-CNC Win.Trojan.Dropper outbound encrypted traffic,INCLUDE,E05,E05 supported by rule text/metadata,sbd_rule_audit_pass2(1).csv,
29666,4,2861,MALWARE-CNC Win.Trojan.Linkup outbound connection,INCLUDE,E05,E05 supported by rule text/metadata,sbd_rule_audit_pass2(1).csv,
29829,2,2871,SERVER-WEBAPP HNAP remote code execution attempt,INCLUDE,E01;E04,E01;E04 supported by rule text/metadata,sbd_rule_audit_pass2(1).csv,
29830,4,2872,SERVER-WEBAPP Linksys E-series HNAP TheMoon remote code execution attempt,INCLUDE,E01;E04,E01;E04 supported by rule text/metadata,sbd_rule_audit_pass2(1).csv,
29831,3,2873,SERVER-WEBAPP Linksys E-series HNAP TheMoon remote code execution attempt,INCLUDE,E01;E04,E01;E04 supported by rule text/metadata,sbd_rule_audit_pass2(1).csv,
29864,2,2876,EXPLOIT-KIT Redkit exploit kit payload request,INCLUDE,E01;E02,E01;E02 supported by rule text/metadata,sbd_rule_audit_pass2(1).csv,
30003,6,2887,EXPLOIT-KIT Hello/LightsOut exploit kit payload download attempt,INCLUDE,E01;E02,E01;E02 supported by rule text/metadata,sbd_rule_audit_pass2(1).csv,
30220,6,2897,EXPLOIT-KIT Nuclear exploit kit outbound payload request,INCLUDE,E01;E02,E01;E02 supported by rule text/metadata,sbd_rule_audit_pass2(1).csv,
30319,5,2908,EXPLOIT-KIT Goon/Infinity exploit kit malicious portable executable file request,INCLUDE,E01,E01 supported by rule text/metadata,sbd_rule_audit_pass2(1).csv,
30520,9,2921,SERVER-OTHER OpenSSL SSLv3 heartbeat read overrun attempt - vulnerable client response,INCLUDE,E01,"A detecção contém padrão objetivo de tentativa de exploração/vulnerabilidade (ex.: directory traversal, format string, CSRF, XSS, vulnerabilidade específica), correspondendo a E01.",,sbd_rule_review_162_final(1).csv
30521,9,2922,SERVER-OTHER OpenSSL TLSv1 heartbeat read overrun attempt - vulnerable client response,INCLUDE,E01,"A detecção contém padrão objetivo de tentativa de exploração/vulnerabilidade (ex.: directory traversal, format string, CSRF, XSS, vulnerabilidade específica), correspondendo a E01.",,sbd_rule_review_162_final(1).csv
30522,9,2923,SERVER-OTHER OpenSSL TLSv1.1 heartbeat read overrun attempt - vulnerable client response,INCLUDE,E01,"A detecção contém padrão objetivo de tentativa de exploração/vulnerabilidade (ex.: directory traversal, format string, CSRF, XSS, vulnerabilidade específica), correspondendo a E01.",,sbd_rule_review_162_final(1).csv
30523,9,2924,SERVER-OTHER OpenSSL TLSv1.2 heartbeat read overrun attempt - vulnerable client response,INCLUDE,E01,"A detecção contém padrão objetivo de tentativa de exploração/vulnerabilidade (ex.: directory traversal, format string, CSRF, XSS, vulnerabilidade específica), correspondendo a E01.",,sbd_rule_review_162_final(1).csv
30920,2,2955,EXPLOIT-KIT Multiple exploit kit redirection gate,INCLUDE,E01,E01 supported by rule text/metadata,sbd_rule_audit_pass2(1).csv,
30973,7,2957,EXPLOIT-KIT CritX exploit kit payload request,INCLUDE,E01;E02,E01;E02 supported by rule text/metadata,sbd_rule_audit_pass2(1).csv,
31262,4,2978,MALWARE-CNC Win.Worm.VBNA variant outbound connection,INCLUDE,E04,E04 supported by rule text/metadata,sbd_rule_audit_pass2(1).csv,
31405,2,2982,SERVER-APACHE Apache Chunked-Encoding worm attempt,INCLUDE,E04,E04 supported by rule text/metadata,sbd_rule_audit_pass2(1).csv,
31455,4,2989,EXPLOIT-KIT Rig Exploit Kit Outbound DGA Request,INCLUDE,E01,E01 supported by rule text/metadata,sbd_rule_audit_pass2(1).csv,
31606,2,3002,MALWARE-CNC Win.Trojan.Glupteba payload download request,INCLUDE,E02,E02 supported by rule text/metadata,sbd_rule_audit_pass2(1).csv,
31719,2,3012,FILE-IMAGE Microsoft Multiple Products JPEG parser heap overflow attempt,INCLUDE,E01,E01 supported by rule text/metadata,sbd_rule_audit_pass2(1).csv,
31965,4,3024,EXPLOIT-KIT Astrum exploit kit landing page,INCLUDE,E01,E01 supported by rule text/metadata,sbd_rule_audit_pass2(1).csv,
31966,3,3025,EXPLOIT-KIT Astrum exploit kit payload delivery,INCLUDE,E01;E02,E01;E02 supported by rule text/metadata,sbd_rule_audit_pass2(1).csv,
31967,3,3026,EXPLOIT-KIT Astrum exploit kit payload delivery,INCLUDE,E01;E02,E01;E02 supported by rule text/metadata,sbd_rule_audit_pass2(1).csv,
31970,4,3027,EXPLOIT-KIT Astrum exploit kit redirection attempt,INCLUDE,E01,E01 supported by rule text/metadata,sbd_rule_audit_pass2(1).csv,
31971,9,3028,EXPLOIT-KIT Astrum exploit kit multiple exploit download request,INCLUDE,E01,E01 supported by rule text/metadata,sbd_rule_audit_pass2(1).csv,
31972,3,3029,EXPLOIT-KIT Astrum exploit kit payload delivery,INCLUDE,E01;E02,E01;E02 supported by rule text/metadata,sbd_rule_audit_pass2(1).csv,
32074,2,3053,MALWARE-CNC Win.Trojan.Zemot payload download attempt,INCLUDE,E02,E02 supported by rule text/metadata,sbd_rule_audit_pass2(1).csv,
32370,4,3067,SERVER-OTHER AOL Instant Messenger goaway message buffer overflow attempt,INCLUDE,E01,E01 supported by rule text/metadata,sbd_rule_audit_pass2(1).csv,
32386,4,3071,EXPLOIT-KIT Nuclear exploit kit outbound structure,INCLUDE,E01,E01 supported by rule text/metadata,sbd_rule_audit_pass2(1).csv,
32605,3,3075,MALWARE-CNC Win.Worm.Jenxcus variant outbound connection,INCLUDE,E04,E04 supported by rule text/metadata,sbd_rule_audit_pass2(1).csv,
32889,2,3101,FILE-IMAGE Microsoft and libpng multiple products PNG large image width overflow attempt,INCLUDE,E01,E01 supported by rule text/metadata,sbd_rule_audit_pass2(1).csv,
33825,7,3176,OS-WINDOWS Microsoft Windows SMB NTLM NULL session attempt,INCLUDE,E04,E04 supported by rule text/metadata,sbd_rule_audit_pass2(1).csv,
34145,2,3195,PUA-ADWARE SuperOptimizer encrypted data transmission,INCLUDE,E05,E05 supported by rule text/metadata,sbd_rule_audit_pass2(1).csv,
34365,3,3216,SERVER-WEBAPP Magento remote code execution attempt,INCLUDE,E01,E01 supported by rule text/metadata,sbd_rule_audit_pass2(1).csv,
35745,2,3253,INDICATOR-COMPROMISE Wild Neutron potential exploit attempt,INCLUDE,E01,E01 supported by rule text/metadata,sbd_rule_audit_pass2(1).csv,
37730,5,3277,PROTOCOL-DNS glibc getaddrinfo A record stack buffer overflow attempt,INCLUDE,E01,E01 supported by rule text/metadata,sbd_rule_audit_pass2(1).csv,
37731,5,3278,PROTOCOL-DNS glibc getaddrinfo AAAA record stack buffer overflow attempt,INCLUDE,E01,E01 supported by rule text/metadata,sbd_rule_audit_pass2(1).csv,
38584,2,3322,MALWARE-CNC Win.Backdoor.DFSCook variant JS dropper outbound connection,INCLUDE,E02,E02 supported by rule text/metadata,sbd_rule_audit_pass2(1).csv,
39737,2,3374,SERVER-WEBAPP HttpOxy CGI application vulnerability potential man-in-the-middle attempt,INCLUDE,E01,"A detecção contém padrão objetivo de tentativa de exploração/vulnerabilidade (ex.: directory traversal, format string, CSRF, XSS, vulnerabilidade específica), correspondendo a E01.",,sbd_rule_review_162_final(1).csv
40184,2,3385,EXPLOIT-KIT Phoenix Exploit Kit inbound geoip.php bdr exploit attempt,INCLUDE,E01,E01 supported by rule text/metadata,sbd_rule_audit_pass2(1).csv,
40541,3,3392,MALWARE-CNC Win.Trojan.Satana ransomware outbound connection,INCLUDE,E05,E05 supported by rule text/metadata,sbd_rule_audit_pass2(1).csv,
40549,2,3393,MALWARE-CNC Win.Trojan.CryPy ransomware variant outbound connection,INCLUDE,E05,E05 supported by rule text/metadata,sbd_rule_audit_pass2(1).csv,
40836,4,3407,MALWARE-CNC Win.Backdoor.Houdini variant file enumeration inbound init/root/faf command attempt,INCLUDE,E03,"A regra identifica explicitamente comando de enumeração de arquivos, correspondendo a E03.",,sbd_rule_review_162_final(1).csv
40866,3,3412,PROTOCOL-OTHER TP-Link TDDP SET_CONFIG type buffer overflow attempt,INCLUDE,E01,E01 supported by rule text/metadata,sbd_rule_audit_pass2(1).csv,
40907,2,3415,PROTOCOL-OTHER TP-Link TDDP Get_config configuration leak attempt,INCLUDE,E03,"A lógica identifica acesso/enumeração/descoberta ou exposição de informação/configuração, correspondendo a E03.",,sbd_rule_review_162_final(1).csv
41096,4,3419,SERVER-WEBAPP Netgear WNR2000 hidden_lang_avi stack buffer overflow attempt,INCLUDE,E01,E01 supported by rule text/metadata,sbd_rule_audit_pass2(1).csv,
41346,3,3424,SERVER-WEBAPP Western Digital MyCloud command injection attempt,INCLUDE,E01,E01 supported by rule text/metadata,sbd_rule_audit_pass2(1).csv,
41347,3,3425,SERVER-WEBAPP Western Digital MyCloud command injection attempt,INCLUDE,E01,E01 supported by rule text/metadata,sbd_rule_audit_pass2(1).csv,
41348,3,3426,SERVER-WEBAPP Western Digital MyCloud command injection attempt,INCLUDE,E01,E01 supported by rule text/metadata,sbd_rule_audit_pass2(1).csv,
41349,3,3427,SERVER-WEBAPP Western Digital MyCloud command injection attempt,INCLUDE,E01,E01 supported by rule text/metadata,sbd_rule_audit_pass2(1).csv,
41442,3,3433,MALWARE-CNC Win.Ransomware.X-Mas outbound connection,INCLUDE,E05,E05 supported by rule text/metadata,sbd_rule_audit_pass2(1).csv,
41443,4,3434,MALWARE-CNC Win.Ransomware.X-Mas variant keylogger outbound connection,INCLUDE,E05,E05 supported by rule text/metadata,sbd_rule_audit_pass2(1).csv,
41444,4,3435,MALWARE-CNC Win.Ransomware.X-Mas variant keylogger outbound connection,INCLUDE,E05,E05 supported by rule text/metadata,sbd_rule_audit_pass2(1).csv,
41445,2,3436,SERVER-OTHER QNAP remote buffer overflow attempt,INCLUDE,E01,E01 supported by rule text/metadata,sbd_rule_audit_pass2(1).csv,
41498,2,3440,MALWARE-CNC Win.Ransomware.CryptoLocker binary download response attempt,INCLUDE,E05,E05 supported by rule text/metadata,sbd_rule_audit_pass2(1).csv,
41499,6,3441,SERVER-SAMBA Microsoft Windows SMBv2/SMBv3 Buffer Overflow attempt,INCLUDE,E01;E04,E01;E04 supported by rule text/metadata,sbd_rule_audit_pass2(1).csv,
41504,4,3442,SERVER-WEBAPP Netgear passwordrecovered.cgi insecure admin password disclosure attempt,INCLUDE,E03,"A lógica identifica acesso/enumeração/descoberta ou exposição de informação/configuração, correspondendo a E03.",,sbd_rule_review_162_final(1).csv
41698,3,3444,SERVER-WEBAPP Netgear DGN2200 ping.cgi command injection attempt,INCLUDE,E01,E01 supported by rule text/metadata,sbd_rule_audit_pass2(1).csv,
41699,3,3445,SERVER-WEBAPP Netgear DGN2200 ping.cgi command injection attempt,INCLUDE,E01,E01 supported by rule text/metadata,sbd_rule_audit_pass2(1).csv,
41700,3,3446,SERVER-WEBAPP Netgear DGN2200 ping.cgi command injection attempt,INCLUDE,E01,E01 supported by rule text/metadata,sbd_rule_audit_pass2(1).csv,
41713,2,3450,SERVER-WEBAPP DotNetNuke installation attempt detected,INCLUDE,E01,E01 supported by rule text/metadata,sbd_rule_audit_pass2(1).csv,
41748,3,3455,SERVER-WEBAPP Netgear DGN2200 dnslookup.cgi command injection attempt,INCLUDE,E01,E01 supported by rule text/metadata,sbd_rule_audit_pass2(1).csv,
41749,3,3456,SERVER-WEBAPP Netgear DGN2200 dnslookup.cgi command injection attempt,INCLUDE,E01,E01 supported by rule text/metadata,sbd_rule_audit_pass2(1).csv,
41750,3,3457,SERVER-WEBAPP Netgear DGN2200 dnslookup.cgi command injection attempt,INCLUDE,E01,E01 supported by rule text/metadata,sbd_rule_audit_pass2(1).csv,
41751,3,3458,SERVER-WEBAPP Netgear DGN2200 dnslookup.cgi command injection attempt,INCLUDE,E01,E01 supported by rule text/metadata,sbd_rule_audit_pass2(1).csv,
41978,5,3459,OS-WINDOWS Microsoft Windows SMB remote code execution attempt,INCLUDE,E01;E04,E01;E04 supported by rule text/metadata,sbd_rule_audit_pass2(1).csv,
42059,2,3462,MALWARE-CNC Win.Ransomware.Sage variant outbound connection,INCLUDE,E05,E05 supported by rule text/metadata,sbd_rule_audit_pass2(1).csv,
42256,7,3467,OS-WINDOWS Microsoft Windows SMB anonymous user session setup request detected,INCLUDE,E04,E04 supported by rule text/metadata,sbd_rule_audit_pass2(1).csv,
42331,5,3468,MALWARE-CNC Win.Trojan.Doublepulsar variant process injection command,INCLUDE,E04,E04 supported by rule text/metadata,sbd_rule_audit_pass2(1).csv,
42332,8,3469,MALWARE-CNC Win.Trojan.Doublepulsar variant ping command,INCLUDE,E04,E04 supported by rule text/metadata,sbd_rule_audit_pass2(1).csv,
42338,3,3470,OS-WINDOWS Microsoft Windows SMB large NT RENAME transaction request memory leak attempt,INCLUDE,E01;E04,E04 supported by rule text/metadata,sbd_rule_audit_pass2(1).csv,
42339,3,3471,OS-WINDOWS Microsoft Windows SMB possible leak of kernel heap memory,INCLUDE,E01;E04,E04 supported by rule text/metadata,sbd_rule_audit_pass2(1).csv,
42340,4,3472,OS-WINDOWS Microsoft Windows SMB anonymous session IPC share access attempt,INCLUDE,E01;E04,E04 supported by rule text/metadata,sbd_rule_audit_pass2(1).csv,
42857,4,3477,SERVER-WEBAPP MVPower DVR Shell arbitrary command execution attempt,INCLUDE,E02,E02 supported by rule text/metadata,sbd_rule_audit_pass2(1).csv,
42944,2,3485,OS-WINDOWS Microsoft Windows SMB remote code execution attempt,INCLUDE,E01;E04,E01;E04 supported by rule text/metadata,sbd_rule_audit_pass2(1).csv,
43002,8,3486,PROTOCOL-OTHER NETBIOS SMB IPC share access attempt,INCLUDE,E04,E04 supported by rule text/metadata,sbd_rule_audit_pass2(1).csv,
43003,8,3487,PROTOCOL-OTHER NETBIOS SMB IPC share access attempt,INCLUDE,E04,E04 supported by rule text/metadata,sbd_rule_audit_pass2(1).csv,
43004,5,3488,SERVER-SAMBA Samba is_known_pipe arbitrary module load code execution attempt,INCLUDE,E01;E04,E01;E04 supported by rule text/metadata,sbd_rule_audit_pass2(1).csv,
43663,2,3502,SERVER-OTHER WSFTP IpSwitch custom SITE command execution attempt,INCLUDE,E02,E02 supported by rule text/metadata,sbd_rule_audit_pass2(1).csv,
43809,2,3503,SERVER-WEBAPP Kaspersky Linux File Server WMC cross site request forgery attempt,INCLUDE,E01,"A detecção contém padrão objetivo de tentativa de exploração/vulnerabilidade (ex.: directory traversal, format string, CSRF, XSS, vulnerabilidade específica), correspondendo a E01.",,sbd_rule_review_162_final(1).csv
43810,2,3504,SERVER-WEBAPP Kaspersky Linux File Server WMC directory traversal attempt,INCLUDE,E01,"A detecção contém padrão objetivo de tentativa de exploração/vulnerabilidade (ex.: directory traversal, format string, CSRF, XSS, vulnerabilidade específica), correspondendo a E01.",,sbd_rule_review_162_final(1).csv
43811,2,3505,SERVER-WEBAPP Kaspersky Linux File Server WMC directory traversal attempt,INCLUDE,E01,"A detecção contém padrão objetivo de tentativa de exploração/vulnerabilidade (ex.: directory traversal, format string, CSRF, XSS, vulnerabilidade específica), correspondendo a E01.",,sbd_rule_review_162_final(1).csv
43812,2,3506,SERVER-WEBAPP Kaspersky Linux File Server WMC directory traversal attempt,INCLUDE,E01,"A detecção contém padrão objetivo de tentativa de exploração/vulnerabilidade (ex.: directory traversal, format string, CSRF, XSS, vulnerabilidade específica), correspondendo a E01.",,sbd_rule_review_162_final(1).csv
43813,2,3507,SERVER-WEBAPP Kaspersky Linux File Server WMC cross site scripting attempt,INCLUDE,E01,"A regra identifica uma tentativa de injeção/XSS no tráfego. Pela taxonomia adotada, isso caracteriza tentativa de exploração (E01), não execução comprovada (E02).",,sbd_rule_review_162_final(1).csv
43957,2,3509,SERVER-WEBAPP Ubiquiti Networks UniFi Cloud Key Firm v0.6.1 Host Remote Command Execution attempt,INCLUDE,E02,E02 supported by rule text/metadata,sbd_rule_audit_pass2(1).csv,
44005,3,3514,SERVER-WEBAPP Cisco DDR2200 ADSL gateway command injection attempt,INCLUDE,E01,E01 supported by rule text/metadata,sbd_rule_audit_pass2(1).csv,
44006,3,3515,SERVER-WEBAPP Cisco DDR2200 ADSL gateway command injection attempt,INCLUDE,E01,E01 supported by rule text/metadata,sbd_rule_audit_pass2(1).csv,
44007,3,3516,SERVER-WEBAPP Cisco DDR2200 ADSL gateway command injection attempt,INCLUDE,E01,E01 supported by rule text/metadata,sbd_rule_audit_pass2(1).csv,
44008,2,3517,SERVER-WEBAPP Cisco DDR2200 ADSL gateway command injection attempt,INCLUDE,E01,E01 supported by rule text/metadata,sbd_rule_audit_pass2(1).csv,
44591,2,3524,MALWARE-CNC Win.Trojan.PandaZeus malicious certificate exchange,INCLUDE,E05,E05 supported by rule text/metadata,sbd_rule_audit_pass2(1).csv,
44687,3,3529,SERVER-WEBAPP Netgear DGN1000 series routers authentication bypass attempt,INCLUDE,E01,E01 supported by rule text/metadata,sbd_rule_audit_pass2(1).csv,
44688,4,3530,SERVER-WEBAPP Netgear DGN1000 series routers arbitrary command execution attempt,INCLUDE,E01;E02,E01;E02 supported by rule text/metadata,sbd_rule_audit_pass2(1).csv,
44743,3,3534,SERVER-OTHER libupnp command buffer overflow attempt,INCLUDE,E01,E01 supported by rule text/metadata,sbd_rule_audit_pass2(1).csv,
44762,2,3535,MALWARE-CNC Win.Trojan.KopiLuwak variant outbound request detected,INCLUDE,E02,E02 supported by rule text/metadata,sbd_rule_audit_pass2(1).csv,
44971,3,3538,SERVER-OTHER QNAP transcode server command injection attempt,INCLUDE,E01,E01 supported by rule text/metadata,sbd_rule_audit_pass2(1).csv,
45411,3,3551,POLICY-OTHER TrendMicro ServerProtect server configuration file download detected,INCLUDE,E03,"A lógica identifica acesso/enumeração/descoberta ou exposição de informação/configuração, correspondendo a E03.",,sbd_rule_review_162_final(1).csv
45643,4,3559,MALWARE-CNC Vbs.Trojan.Agent inbound payload download,INCLUDE,E02,E02 supported by rule text/metadata,sbd_rule_audit_pass2(1).csv,
45644,3,3560,MALWARE-CNC Vbs.Trojan.Agent inbound payload download,INCLUDE,E02,E02 supported by rule text/metadata,sbd_rule_audit_pass2(1).csv,
45645,3,3561,MALWARE-CNC Vbs.Trojan.Agent inbound payload download,INCLUDE,E02,E02 supported by rule text/metadata,sbd_rule_audit_pass2(1).csv,
45646,4,3562,MALWARE-CNC Vbs.Trojan.Agent outbound system information disclosure,INCLUDE,E03,"A lógica identifica acesso/enumeração/descoberta ou exposição de informação/configuração, correspondendo a E03.",,sbd_rule_review_162_final(1).csv
45964,1,3567,MALWARE-CNC Win.Trojan.UDPOS outbound system information disclousre,INCLUDE,E03,"A lógica identifica acesso/enumeração/descoberta ou exposição de informação/configuração, correspondendo a E03.",,sbd_rule_review_162_final(1).csv
45977,2,3571,OS-WINDOWS Microsoft Windows SMB kernel heap memory leak attempt,INCLUDE,E01;E04,E04 supported by rule text/metadata,sbd_rule_audit_pass2(1).csv,
45978,2,3572,OS-WINDOWS Microsoft Windows SMB kernel heap memory leak attempt,INCLUDE,E01;E04,E04 supported by rule text/metadata,sbd_rule_audit_pass2(1).csv,
46076,2,3585,NETBIOS MikroTik RouterOS buffer overflow attempt,INCLUDE,E01,E01 supported by rule text/metadata,sbd_rule_audit_pass2(1).csv,
46080,4,3586,SERVER-WEBAPP Linksys E-Series apply.cgi cross site scripting attempt,INCLUDE,E01,"A regra identifica uma tentativa de injeção/XSS no tráfego. Pela taxonomia adotada, isso caracteriza tentativa de exploração (E01), não execução comprovada (E02).",,sbd_rule_review_162_final(1).csv
46081,4,3587,SERVER-WEBAPP Linksys E-Series apply.cgi cross site scripting attempt,INCLUDE,E01,"A regra identifica uma tentativa de injeção/XSS no tráfego. Pela taxonomia adotada, isso caracteriza tentativa de exploração (E01), não execução comprovada (E02).",,sbd_rule_review_162_final(1).csv
46082,3,3588,SERVER-WEBAPP Linksys E-Series apply.cgi ping function command injection attempt,INCLUDE,E01,E01 supported by rule text/metadata,sbd_rule_audit_pass2(1).csv,
46083,3,3589,SERVER-WEBAPP Linksys E-Series apply.cgi directory traversal attempt,INCLUDE,E01,"A detecção contém padrão objetivo de tentativa de exploração/vulnerabilidade (ex.: directory traversal, format string, CSRF, XSS, vulnerabilidade específica), correspondendo a E01.",,sbd_rule_review_162_final(1).csv
46084,3,3590,SERVER-WEBAPP Linksys E-Series apply.cgi directory traversal attempt,INCLUDE,E01,"A detecção contém padrão objetivo de tentativa de exploração/vulnerabilidade (ex.: directory traversal, format string, CSRF, XSS, vulnerabilidade específica), correspondendo a E01.",,sbd_rule_review_162_final(1).csv
46085,3,3591,SERVER-WEBAPP Linksys E-Series apply.cgi ping function command injection attempt,INCLUDE,E01,E01 supported by rule text/metadata,sbd_rule_audit_pass2(1).csv,
46086,3,3592,SERVER-WEBAPP Linksys E-Series apply.cgi ping function command injection attempt,INCLUDE,E01,E01 supported by rule text/metadata,sbd_rule_audit_pass2(1).csv,
46297,3,3601,SERVER-WEBAPP QNAP VioStor NVR and QNAP NAS command injection attempt,INCLUDE,E01,E01 supported by rule text/metadata,sbd_rule_audit_pass2(1).csv,
46298,3,3602,SERVER-WEBAPP QNAP VioStor NVR and QNAP NAS command injection attempt,INCLUDE,E01,E01 supported by rule text/metadata,sbd_rule_audit_pass2(1).csv,
46299,3,3603,SERVER-WEBAPP QNAP VioStor NVR and QNAP NAS command injection attempt,INCLUDE,E01,E01 supported by rule text/metadata,sbd_rule_audit_pass2(1).csv,
46300,3,3604,SERVER-WEBAPP QNAP VioStor NVR and QNAP NAS command injection attempt,INCLUDE,E01,E01 supported by rule text/metadata,sbd_rule_audit_pass2(1).csv,
46301,2,3605,SERVER-OTHER QNAP QTS X-Forwarded-For buffer overflow,INCLUDE,E01,E01 supported by rule text/metadata,sbd_rule_audit_pass2(1).csv,
46305,2,3606,SERVER-WEBAPP QNAP WTS 4.2.1 command injection attempt,INCLUDE,E01,E01 supported by rule text/metadata,sbd_rule_audit_pass2(1).csv,
46306,2,3607,SERVER-WEBAPP QNAP WTS 4.2.1 command injection attempt,INCLUDE,E01;E04,E01;E04 supported by rule text/metadata,sbd_rule_audit_pass2(1).csv,
46307,2,3608,SERVER-WEBAPP QNAP WTS 4.2.1 command injection attempt,INCLUDE,E01;E04,E01;E04 supported by rule text/metadata,sbd_rule_audit_pass2(1).csv,
46308,2,3609,SERVER-WEBAPP QNAP WTS 4.2.1 command injection attempt,INCLUDE,E01,E01 supported by rule text/metadata,sbd_rule_audit_pass2(1).csv,
46309,2,3610,SERVER-OTHER QNAP NVR/NAS Heap/Stack Overflow attempt,INCLUDE,E01,E01 supported by rule text/metadata,sbd_rule_audit_pass2(1).csv,
46310,2,3611,SERVER-OTHER QNAP NVR/NAS Heap/Stack Overflow attempt,INCLUDE,E01,E01 supported by rule text/metadata,sbd_rule_audit_pass2(1).csv,
46316,5,3616,SERVER-WEBAPP Drupal 8 remote code execution attempt,INCLUDE,E01,E01 supported by rule text/metadata,sbd_rule_audit_pass2(1).csv,
46322,2,3619,SERVER-WEBAPP Netgear DGN2200B stored cross-site scripting attempt,INCLUDE,E01,"A regra identifica uma tentativa de injeção/XSS no tráfego. Pela taxonomia adotada, isso caracteriza tentativa de exploração (E01), não execução comprovada (E02).",,sbd_rule_review_162_final(1).csv
46323,2,3620,SERVER-WEBAPP Netgear DGN2200B stored cross-site scripting attempt,INCLUDE,E01,"A regra identifica uma tentativa de injeção/XSS no tráfego. Pela taxonomia adotada, isso caracteriza tentativa de exploração (E01), não execução comprovada (E02).",,sbd_rule_review_162_final(1).csv
46339,3,3622,MALWARE-CNC Win.Ransomware.Matrix outbound connection,INCLUDE,E05,E05 supported by rule text/metadata,sbd_rule_audit_pass2(1).csv,
46340,3,3623,SERVER-WEBAPP Akeeba Kickstart restoration.php reconnaissance attempt,INCLUDE,E03,E03 supported by rule text/metadata,sbd_rule_audit_pass2(1).csv,
46376,2,3626,SERVER-OTHER libgd heap-overflow attempt,INCLUDE,E01,E01 supported by rule text/metadata,sbd_rule_audit_pass2(1).csv,
46377,2,3627,SERVER-OTHER libgd heap-overflow attempt,INCLUDE,E01,E01 supported by rule text/metadata,sbd_rule_audit_pass2(1).csv,
46510,1,3646,SERVER-WEBAPP Belkin N750 F9K1103 wireless router command injection attempt,INCLUDE,E01,E01 supported by rule text/metadata,sbd_rule_audit_pass2(1).csv,
46511,1,3647,SERVER-WEBAPP Belkin N750 F9K1103 wireless router command injection attempt,INCLUDE,E01,E01 supported by rule text/metadata,sbd_rule_audit_pass2(1).csv,
46512,1,3648,SERVER-WEBAPP Belkin N750 F9K1103 wireless router command injection attempt,INCLUDE,E01,E01 supported by rule text/metadata,sbd_rule_audit_pass2(1).csv,
46513,1,3649,SERVER-WEBAPP Belkin N750 F9K1103 wireless router command injection attempt,INCLUDE,E01,E01 supported by rule text/metadata,sbd_rule_audit_pass2(1).csv,
46514,1,3650,SERVER-WEBAPP Belkin N750 F9K1103 wireless router command injection attempt,INCLUDE,E01,E01 supported by rule text/metadata,sbd_rule_audit_pass2(1).csv,
46515,1,3651,SERVER-WEBAPP Belkin N750 F9K1103 wireless router command injection attempt,INCLUDE,E01,E01 supported by rule text/metadata,sbd_rule_audit_pass2(1).csv,
46516,1,3652,SERVER-WEBAPP Belkin N750 F9K1103 wireless router command injection attempt,INCLUDE,E01,E01 supported by rule text/metadata,sbd_rule_audit_pass2(1).csv,
46517,1,3653,SERVER-WEBAPP Belkin N750 F9K1103 wireless router command injection attempt,INCLUDE,E01,E01 supported by rule text/metadata,sbd_rule_audit_pass2(1).csv,
46775,1,3667,SERVER-WEBAPP Nagios XI command injection attempt,INCLUDE,E01,E01 supported by rule text/metadata,sbd_rule_audit_pass2(1).csv,
46776,1,3668,SERVER-WEBAPP Nagios XI command injection attempt,INCLUDE,E01,E01 supported by rule text/metadata,sbd_rule_audit_pass2(1).csv,
46777,1,3669,SERVER-WEBAPP Nagios XI command injection attempt,INCLUDE,E01,E01 supported by rule text/metadata,sbd_rule_audit_pass2(1).csv,
46778,1,3670,SERVER-WEBAPP Nagios XI command injection attempt,INCLUDE,E01,E01 supported by rule text/metadata,sbd_rule_audit_pass2(1).csv,
46802,1,3680,SERVER-WEBAPP Anti-Web directory traversal attempt,INCLUDE,E01,"A detecção contém padrão objetivo de tentativa de exploração/vulnerabilidade (ex.: directory traversal, format string, CSRF, XSS, vulnerabilidade específica), correspondendo a E01.",,sbd_rule_review_162_final(1).csv
46803,1,3681,SERVER-WEBAPP Anti-Web directory traversal attempt,INCLUDE,E01,"A detecção contém padrão objetivo de tentativa de exploração/vulnerabilidade (ex.: directory traversal, format string, CSRF, XSS, vulnerabilidade específica), correspondendo a E01.",,sbd_rule_review_162_final(1).csv
46804,1,3682,SERVER-WEBAPP Anti-Web directory traversal attempt,INCLUDE,E01,"A detecção contém padrão objetivo de tentativa de exploração/vulnerabilidade (ex.: directory traversal, format string, CSRF, XSS, vulnerabilidade específica), correspondendo a E01.",,sbd_rule_review_162_final(1).csv
46818,1,3686,MALWARE-CNC Win.Ransomware.Satan outbound connection,INCLUDE,E05,E05 supported by rule text/metadata,sbd_rule_audit_pass2(1).csv,
46819,1,3687,MALWARE-OTHER Win.Ransomware.Satan payload download,INCLUDE,E02;E05,E02;E05 supported by rule text/metadata,sbd_rule_audit_pass2(1).csv,
46847,1,3691,OS-LINUX Red Hat NetworkManager DHCP client command injection attempt,INCLUDE,E01,E01 supported by rule text/metadata,sbd_rule_audit_pass2(1).csv,
46979,2,3703,INDICATOR-COMPROMISE Microsoft Office Discovery User-Agent to a potential URL shortener service,INCLUDE,E03,E03 supported by rule text/metadata,sbd_rule_audit_pass2(1).csv,
46980,2,3704,INDICATOR-COMPROMISE Microsoft Office Discovery User-Agent to a potential URL shortener service,INCLUDE,E03,E03 supported by rule text/metadata,sbd_rule_audit_pass2(1).csv,
46983,1,3706,INDICATOR-COMPROMISE Microsoft cmd.exe banner,INCLUDE,E02,E02 supported by rule text/metadata,sbd_rule_audit_pass2(1).csv,
47387,2,3722,SERVER-WEBAPP Oracle WebLogic Server potential unauthenticated reconnaissance attempt,INCLUDE,E03,E03 supported by rule text/metadata,sbd_rule_audit_pass2(1).csv,
48767,1,3758,MALWARE-CNC Win.Trojan.Zebrocy variant payload download attempt,INCLUDE,E02,E02 supported by rule text/metadata,sbd_rule_audit_pass2(1).csv,
48819,1,3760,MALWARE-CNC Js.Trojan.Agent variant inbound payload download,INCLUDE,E02,E02 supported by rule text/metadata,sbd_rule_audit_pass2(1).csv,
49090,1,3826,SERVER-SAMBA Samba is_known_pipe arbitrary module load code execution attempt,INCLUDE,E01;E04,E01;E04 supported by rule text/metadata,sbd_rule_audit_pass2(1).csv,
49282,2,3827,SERVER-WEBAPP Magecart inbound scan for vulnerable plugin attempt,INCLUDE,E01;E03,E03 supported by rule text/metadata,sbd_rule_audit_pass2(1).csv,
49676,1,3839,MALWARE-CNC Win.Ransomware.Lockergoga binary download attempt,INCLUDE,E05,E05 supported by rule text/metadata,sbd_rule_audit_pass2(1).csv,
49677,1,3840,MALWARE-CNC Win.Ransomware.Lockergoga binary download attempt,INCLUDE,E05,E05 supported by rule text/metadata,sbd_rule_audit_pass2(1).csv,
49678,1,3841,MALWARE-CNC Win.Ransomware.Lockergoga binary download attempt,INCLUDE,E05,E05 supported by rule text/metadata,sbd_rule_audit_pass2(1).csv,
49679,1,3842,MALWARE-CNC Win.Ransomware.Lockergoga binary download attempt,INCLUDE,E05,E05 supported by rule text/metadata,sbd_rule_audit_pass2(1).csv,
49680,1,3843,MALWARE-CNC Win.Ransomware.Lockergoga binary download attempt,INCLUDE,E05,E05 supported by rule text/metadata,sbd_rule_audit_pass2(1).csv,
49839,1,3849,SERVER-WEBAPP LG-Ericsson iPECS NMS 30M directory traversal attempt,INCLUDE,E01,E01 supported by rule text/metadata,sbd_rule_audit_pass2(1).csv,
49840,1,3850,SERVER-WEBAPP LG-Ericsson iPECS NMS 30M directory traversal attempt,INCLUDE,E01,E01 supported by rule text/metadata,sbd_rule_audit_pass2(1).csv,
49841,1,3851,SERVER-WEBAPP LG-Ericsson iPECS NMS 30M directory traversal attempt,INCLUDE,E01,E01 supported by rule text/metadata,sbd_rule_audit_pass2(1).csv,
49842,1,3852,SERVER-WEBAPP LG-Ericsson iPECS NMS 30M directory traversal attempt,INCLUDE,E01,E01 supported by rule text/metadata,sbd_rule_audit_pass2(1).csv,
50137,2,3853,OS-WINDOWS Microsoft Windows RDP MS_T120 channel bind attempt,INCLUDE,E01,E01 supported by rule text/metadata,sbd_rule_audit_pass2(1).csv,
50260,2,3856,MALWARE-CNC Win.Downloader.TeamBot additional payload download attempt,INCLUDE,E02,E02 supported by rule text/metadata,sbd_rule_audit_pass2(1).csv,
50262,2,3858,MALWARE-CNC Win.Downloader.TeamBot additional payload download attempt,INCLUDE,E02,E02 supported by rule text/metadata,sbd_rule_audit_pass2(1).csv,
50276,3,3861,MALWARE-BACKDOOR Win.Backdoor.Chopper webshell inbound request attempt,INCLUDE,E01,E01 supported by rule text/metadata,sbd_rule_audit_pass2(1).csv,
50277,4,3862,MALWARE-BACKDOOR Win.Backdoor.Chopper webshell inbound request attempt,INCLUDE,E01,E01 supported by rule text/metadata,sbd_rule_audit_pass2(1).csv,
50445,1,3864,MALWARE-CNC Win.Downloader.TeamBot additional payload download attempt,INCLUDE,E02,E02 supported by rule text/metadata,sbd_rule_audit_pass2(1).csv,
51368,2,3869,MALWARE-BACKDOOR Win.Backdoor.Agent webshell inbound request attempt,INCLUDE,E01,E01 supported by rule text/metadata,sbd_rule_audit_pass2(1).csv,
52022,1,3884,OS-LINUX Red Hat NetworkManager DHCP client command injection attempt,INCLUDE,E01,E01 supported by rule text/metadata,sbd_rule_audit_pass2(1).csv,
52620,2,3892,SERVER-WEBAPP Citrix ADC and Gateway arbitrary code execution attempt,INCLUDE,E01,E01 supported by rule text/metadata,sbd_rule_audit_pass2(1).csv,
56891,1,3933,MALWARE-CNC Win.Trojan.BasicPipeShell variant communication attempt,INCLUDE,E04,E04 supported by rule text/metadata,sbd_rule_audit_pass2(1).csv,
56892,1,3934,MALWARE-CNC Win.Trojan.BasicPipeShell variant communication attempt,INCLUDE,E04,E04 supported by rule text/metadata,sbd_rule_audit_pass2(1).csv,
57067,1,3935,SERVER-OTHER HP Web JetAdmin file write attempt,INCLUDE,E01,"A regra identifica uma tentativa de alteração/escrita/upload em serviço vulnerável; tratamos a tentativa de exploração como E01, sem inferir execução.",,sbd_rule_review_162_final(1).csv
57252,1,3936,SERVER-MAIL Microsoft Exchange Server arbitrary file write attempt,INCLUDE,E01,E01 supported by rule text/metadata,sbd_rule_audit_pass2(1).csv,
57253,1,3937,SERVER-MAIL Microsoft Exchange Server arbitrary file write attempt,INCLUDE,E01,E01 supported by rule text/metadata,sbd_rule_audit_pass2(1).csv,
57879,2,3949,INDICATOR-COMPROMISE Revil Kaseya ransomware log clearing http upload,INCLUDE,E05,E05 supported by rule text/metadata,sbd_rule_audit_pass2(1).csv,
57906,7,3950,SERVER-WEBAPP Microsoft Exchange autodiscover server side request forgery attempt,INCLUDE,E01,E01 supported by rule text/metadata,sbd_rule_audit_pass2(1).csv,
57907,8,3951,SERVER-WEBAPP Microsoft Exchange autodiscover server side request forgery attempt,INCLUDE,E01,E01 supported by rule text/metadata,sbd_rule_audit_pass2(1).csv,
57908,7,3952,SERVER-WEBAPP Microsoft Exchange autodiscover server side request forgery attempt,INCLUDE,E01,E01 supported by rule text/metadata,sbd_rule_audit_pass2(1).csv,
57983,6,3953,SERVER-WEBAPP Microsoft Exchange autodiscover server side request forgery attempt,INCLUDE,E01,E01 supported by rule text/metadata,sbd_rule_audit_pass2(1).csv,
58722,5,3957,SERVER-OTHER Apache Log4j logging remote code execution attempt,INCLUDE,E01,E01 supported by rule text/metadata,sbd_rule_audit_pass2(1).csv,
58723,6,3958,SERVER-OTHER Apache Log4j logging remote code execution attempt,INCLUDE,E01,E01 supported by rule text/metadata,sbd_rule_audit_pass2(1).csv,
58724,6,3959,SERVER-OTHER Apache Log4j logging remote code execution attempt,INCLUDE,E01,E01 supported by rule text/metadata,sbd_rule_audit_pass2(1).csv,
58725,5,3960,SERVER-OTHER Apache Log4j logging remote code execution attempt,INCLUDE,E01,E01 supported by rule text/metadata,sbd_rule_audit_pass2(1).csv,
58726,7,3961,SERVER-OTHER Apache Log4j logging remote code execution attempt,INCLUDE,E01,E01 supported by rule text/metadata,sbd_rule_audit_pass2(1).csv,
58727,5,3962,SERVER-OTHER Apache Log4j logging remote code execution attempt,INCLUDE,E01,E01 supported by rule text/metadata,sbd_rule_audit_pass2(1).csv,
58728,5,3963,SERVER-OTHER Apache Log4j logging remote code execution attempt,INCLUDE,E01,E01 supported by rule text/metadata,sbd_rule_audit_pass2(1).csv,
58729,5,3964,SERVER-OTHER Apache Log4j logging remote code execution attempt,INCLUDE,E01,E01 supported by rule text/metadata,sbd_rule_audit_pass2(1).csv,
58730,7,3965,SERVER-OTHER Apache Log4j logging remote code execution attempt,INCLUDE,E01,E01 supported by rule text/metadata,sbd_rule_audit_pass2(1).csv,
58731,6,3966,SERVER-OTHER Apache Log4j logging remote code execution attempt,INCLUDE,E01,E01 supported by rule text/metadata,sbd_rule_audit_pass2(1).csv,
58732,7,3967,SERVER-OTHER Apache Log4j logging remote code execution attempt,INCLUDE,E01,E01 supported by rule text/metadata,sbd_rule_audit_pass2(1).csv,
58733,5,3968,SERVER-OTHER Apache Log4j logging remote code execution attempt,INCLUDE,E01,E01 supported by rule text/metadata,sbd_rule_audit_pass2(1).csv,
58734,4,3969,SERVER-OTHER Apache Log4j logging remote code execution attempt,INCLUDE,E01,E01 supported by rule text/metadata,sbd_rule_audit_pass2(1).csv,
58735,4,3970,SERVER-OTHER Apache Log4j logging remote code execution attempt,INCLUDE,E01,E01 supported by rule text/metadata,sbd_rule_audit_pass2(1).csv,
58736,4,3971,SERVER-OTHER Apache Log4j logging remote code execution attempt,INCLUDE,E01,E01 supported by rule text/metadata,sbd_rule_audit_pass2(1).csv,
58737,5,3972,SERVER-OTHER Apache Log4j logging remote code execution attempt,INCLUDE,E01,E01 supported by rule text/metadata,sbd_rule_audit_pass2(1).csv,
58738,5,3973,SERVER-OTHER Apache Log4j logging remote code execution attempt,INCLUDE,E01,E01 supported by rule text/metadata,sbd_rule_audit_pass2(1).csv,
58739,5,3974,SERVER-OTHER Apache Log4j logging remote code execution attempt,INCLUDE,E01,E01 supported by rule text/metadata,sbd_rule_audit_pass2(1).csv,
58740,6,3975,SERVER-OTHER Apache Log4j logging remote code execution attempt,INCLUDE,E01,E01 supported by rule text/metadata,sbd_rule_audit_pass2(1).csv,
58741,6,3976,SERVER-OTHER Apache Log4j logging remote code execution attempt,INCLUDE,E01,E01 supported by rule text/metadata,sbd_rule_audit_pass2(1).csv,
58742,8,3977,SERVER-OTHER Apache Log4j logging remote code execution attempt,INCLUDE,E01,E01 supported by rule text/metadata,sbd_rule_audit_pass2(1).csv,
58744,6,3978,SERVER-OTHER Apache Log4j logging remote code execution attempt,INCLUDE,E01,E01 supported by rule text/metadata,sbd_rule_audit_pass2(1).csv,
58751,4,3979,SERVER-OTHER Apache Log4j logging remote code execution attempt,INCLUDE,E01,E01 supported by rule text/metadata,sbd_rule_audit_pass2(1).csv,
58784,4,3980,SERVER-OTHER Apache Log4j logging remote code execution attempt,INCLUDE,E01,E01 supported by rule text/metadata,sbd_rule_audit_pass2(1).csv,
58785,4,3981,SERVER-OTHER Apache Log4j logging remote code execution attempt,INCLUDE,E01,E01 supported by rule text/metadata,sbd_rule_audit_pass2(1).csv,
58786,4,3982,SERVER-OTHER Apache Log4j logging remote code execution attempt,INCLUDE,E01,E01 supported by rule text/metadata,sbd_rule_audit_pass2(1).csv,
58787,4,3983,SERVER-OTHER Apache Log4j logging remote code execution attempt,INCLUDE,E01,E01 supported by rule text/metadata,sbd_rule_audit_pass2(1).csv,
58788,4,3984,SERVER-OTHER Apache Log4j logging remote code execution attempt,INCLUDE,E01,E01 supported by rule text/metadata,sbd_rule_audit_pass2(1).csv,
58789,4,3985,SERVER-OTHER Apache Log4j logging remote code execution attempt,INCLUDE,E01,E01 supported by rule text/metadata,sbd_rule_audit_pass2(1).csv,
58790,4,3986,SERVER-OTHER Apache Log4j logging remote code execution attempt,INCLUDE,E01,E01 supported by rule text/metadata,sbd_rule_audit_pass2(1).csv,
58795,4,3987,SERVER-OTHER Apache Log4j logging remote code execution attempt,INCLUDE,E01,E01 supported by rule text/metadata,sbd_rule_audit_pass2(1).csv,
58801,5,3988,INDICATOR-COMPROMISE JNDI LDAP searchResEntry dynamic code download attempt,INCLUDE,E01,E01 supported by rule text/metadata,sbd_rule_audit_pass2(1).csv,
59502,1,3990,OS-WINDOWS Microsoft Windows Server 2003 smart card authentication buffer overflow attempt,INCLUDE,E01,E01 supported by rule text/metadata,sbd_rule_audit_pass2(1).csv,
59927,2,3993,MALWARE-BACKDOOR Jsp.Webshell.TinyUploader upload attempt,INCLUDE,E01,E01 supported by rule text/metadata,sbd_rule_audit_pass2(1).csv,
59928,2,3994,MALWARE-BACKDOOR Jsp.Webshell.Chopper webshell download attempt,INCLUDE,E01,E01 supported by rule text/metadata,sbd_rule_audit_pass2(1).csv,
59929,2,3995,MALWARE-BACKDOOR Jsp.Webshell.Behinder download attempt,INCLUDE,E01,E01 supported by rule text/metadata,sbd_rule_audit_pass2(1).csv,
59930,2,3996,MALWARE-BACKDOOR Jsp.Webshell.Noop download attempt,INCLUDE,E01,E01 supported by rule text/metadata,sbd_rule_audit_pass2(1).csv,
59931,2,3997,MALWARE-BACKDOOR Jsp.Webshell.Chopper upload attempt,INCLUDE,E01,E01 supported by rule text/metadata,sbd_rule_audit_pass2(1).csv,
59932,2,3998,MALWARE-BACKDOOR Jsp.Webshell.Behinder upload attempt,INCLUDE,E01,E01 supported by rule text/metadata,sbd_rule_audit_pass2(1).csv,
59933,2,3999,MALWARE-BACKDOOR Jsp.Webshell.Noop upload attempt,INCLUDE,E01,E01 supported by rule text/metadata,sbd_rule_audit_pass2(1).csv,
60642,4,4004,SERVER-WEBAPP Microsoft Exchange Server remote code execution attempt,INCLUDE,E01;E02,E01;E02 supported by rule text/metadata,sbd_rule_audit_pass2(1).csv,
62506,1,4006,SERVER-WEBAPP Atlassian Confluence remote code execution attempt,INCLUDE,E01,E01 supported by rule text/metadata,sbd_rule_audit_pass2(1).csv,
62507,1,4007,SERVER-WEBAPP Atlassian Confluence remote code execution attempt,INCLUDE,E01,E01 supported by rule text/metadata,sbd_rule_audit_pass2(1).csv,
300001,1,4008,SERVER-WEBAPP Citrix ADC and Gateway arbitrary code execution attempt,INCLUDE,E01,E01 supported by rule text/metadata,sbd_rule_audit_pass2(1).csv,
300052,1,4009,OS-WINDOWS Microsoft Windows HTTP protocol stack remote code execution attempt,INCLUDE,E01,E01 supported by rule text/metadata,sbd_rule_audit_pass2(1).csv,
300055,3,4010,SERVER-OTHER Apache Log4j logging remote code execution attempt,INCLUDE,E01,E01 supported by rule text/metadata,sbd_rule_audit_pass2(1).csv,
300056,3,4011,SERVER-OTHER Apache Log4j logging remote code execution attempt,INCLUDE,E01,E01 supported by rule text/metadata,sbd_rule_audit_pass2(1).csv,
300057,3,4012,SERVER-OTHER Apache Log4j logging remote code execution attempt,INCLUDE,E01,E01 supported by rule text/metadata,sbd_rule_audit_pass2(1).csv,
300058,3,4013,SERVER-OTHER Apache Log4j logging remote code execution attempt,INCLUDE,E01,E01 supported by rule text/metadata,sbd_rule_audit_pass2(1).csv,
300061,1,4014,SERVER-OTHER Apache Log4j logging remote code execution attempt,INCLUDE,E01,E01 supported by rule text/metadata,sbd_rule_audit_pass2(1).csv,
300131,3,4015,SERVER-WEBAPP F5 BIG-IP iControl remote code execution attempt,INCLUDE,E01,E01 supported by rule text/metadata,sbd_rule_audit_pass2(1).csv,
300306,3,4016,SERVER-OTHER OpenSSL x509 crafted email address buffer overflow attempt,INCLUDE,E01,E01 supported by rule text/metadata,sbd_rule_audit_pass2(1).csv,
300307,3,4017,SERVER-OTHER OpenSSL x509 crafted email address buffer overflow attempt,INCLUDE,E01,E01 supported by rule text/metadata,sbd_rule_audit_pass2(1).csv,
