sid,rev,final_event,final_status,version_key,version_note,msg
108,12,E04,INCLUDE,108:12,Revision preserved; not counted as an independent rule solely because REV differs.,MALWARE-BACKDOOR QAZ Worm Client Login access
258,17,E01,INCLUDE,258:17,Revision preserved; not counted as an independent rule solely because REV differs.,SERVER-OTHER Bind Buffer Overflow via NXT records
259,18,E01,INCLUDE,259:18,Revision preserved; not counted as an independent rule solely because REV differs.,SERVER-OTHER Bind Buffer Overflow via NXT records named overflow ADM
260,19,E01,INCLUDE,260:19,Revision preserved; not counted as an independent rule solely because REV differs.,SERVER-OTHER Bind Buffer Overflow via NXT records named overflow ADMROCKS
261,16,E01,INCLUDE,261:16,Revision preserved; not counted as an independent rule solely because REV differs.,SERVER-OTHER Bind named overflow attempt
262,15,E01,INCLUDE,262:15,Revision preserved; not counted as an independent rule solely because REV differs.,OS-LINUX x86 Linux overflow attempt
264,14,E01,INCLUDE,264:14,Revision preserved; not counted as an independent rule solely because REV differs.,OS-LINUX x86 Linux overflow attempt
265,16,E01,INCLUDE,265:16,Revision preserved; not counted as an independent rule solely because REV differs.,OS-LINUX x86 Linux overflow attempt ADMv2
266,15,E01,INCLUDE,266:15,Revision preserved; not counted as an independent rule solely because REV differs.,OS-OTHER x86 FreeBSD overflow attempt
267,13,E01,INCLUDE,267:13,Revision preserved; not counted as an independent rule solely because REV differs.,OS-SOLARIS EXPLOIT sparc overflow attempt
283,14,E01,INCLUDE,283:14,Revision preserved; not counted as an independent rule solely because REV differs.,BROWSER-OTHER Netscape 4.7 client overflow
286,18,E01,INCLUDE,286:18,Revision preserved; not counted as an independent rule solely because REV differs.,PROTOCOL-POP EXPLOIT x86 BSD overflow
287,12,E01,INCLUDE,287:12,Revision preserved; not counted as an independent rule solely because REV differs.,PROTOCOL-POP EXPLOIT x86 BSD overflow
288,13,E01,INCLUDE,288:13,Revision preserved; not counted as an independent rule solely because REV differs.,PROTOCOL-POP EXPLOIT x86 Linux overflow
289,16,E01,INCLUDE,289:16,Revision preserved; not counted as an independent rule solely because REV differs.,PROTOCOL-POP EXPLOIT x86 SCO overflow
290,16,E01,INCLUDE,290:16,Revision preserved; not counted as an independent rule solely because REV differs.,PROTOCOL-POP EXPLOIT qpopper overflow
292,11,E01,INCLUDE,292:11,Revision preserved; not counted as an independent rule solely because REV differs.,OS-LINUX x86 Linux samba overflow
300,13,E01,INCLUDE,300:13,Revision preserved; not counted as an independent rule solely because REV differs.,OS-SOLARIS Oracle Solaris npls x86 overflow
301,12,E01,INCLUDE,301:12,Revision preserved; not counted as an independent rule solely because REV differs.,SERVER-OTHER LPRng overflow
302,14,E01,INCLUDE,302:14,Revision preserved; not counted as an independent rule solely because REV differs.,OS-LINUX Redhat 7.0 lprd overflow
303,24,E01,INCLUDE,303:24,Revision preserved; not counted as an independent rule solely because REV differs.,SERVER-OTHER Bind Buffer Overflow named tsig overflow attempt
304,12,E01,INCLUDE,304:12,Revision preserved; not counted as an independent rule solely because REV differs.,SERVER-OTHER SCO calserver overflow
305,15,E01,INCLUDE,305:15,Revision preserved; not counted as an independent rule solely because REV differs.,SERVER-OTHER delegate proxy overflow
307,12,E01,INCLUDE,307:12,Revision preserved; not counted as an independent rule solely because REV differs.,SERVER-OTHER CHAT IRC topic overflow
308,14,E01,INCLUDE,308:14,Revision preserved; not counted as an independent rule solely because REV differs.,SERVER-OTHER NextFTP client overflow
309,17,E01,INCLUDE,309:17,Revision preserved; not counted as an independent rule solely because REV differs.,SERVER-MAIL sniffit overflow
310,13,E01,INCLUDE,310:13,Revision preserved; not counted as an independent rule solely because REV differs.,SERVER-MAIL x86 windows MailMax overflow
311,15,E01,INCLUDE,311:15,Revision preserved; not counted as an independent rule solely because REV differs.,BROWSER-OTHER Netscape 4.7 unsucessful overflow
313,10,E01,INCLUDE,313:10,Revision preserved; not counted as an independent rule solely because REV differs.,OS-LINUX ntalkd x86 Linux overflow
314,23,E01,INCLUDE,314:23,Revision preserved; not counted as an independent rule solely because REV differs.,SERVER-OTHER Bind Buffer Overflow named tsig overflow attempt
315,11,E01,INCLUDE,315:11,Revision preserved; not counted as an independent rule solely because REV differs.,OS-LINUX x86 Linux mountd overflow
316,11,E01,INCLUDE,316:11,Revision preserved; not counted as an independent rule solely because REV differs.,OS-LINUX x86 Linux mountd overflow
317,11,E01,INCLUDE,317:11,Revision preserved; not counted as an independent rule solely because REV differs.,OS-LINUX x86 Linux mountd overflow
321,10,E03,INCLUDE,321:10,Revision preserved; not counted as an independent rule solely because REV differs.,PROTOCOL-FINGER account enumeration attempt
326,15,E02,INCLUDE,326:15,Revision preserved; not counted as an independent rule solely because REV differs.,PROTOCOL-FINGER remote command execution attempt
327,14,E02,INCLUDE,327:14,Revision preserved; not counted as an independent rule solely because REV differs.,PROTOCOL-FINGER remote command pipe execution attempt
337,21,E01,INCLUDE,337:21,Revision preserved; not counted as an independent rule solely because REV differs.,PROTOCOL-FTP CEL overflow attempt
353,13,E03,INCLUDE,353:13,Revision preserved; not counted as an independent rule solely because REV differs.,PROTOCOL-FTP adm scan
354,12,E03,INCLUDE,354:12,Revision preserved; not counted as an independent rule solely because REV differs.,PROTOCOL-FTP iss scan
357,12,E03,INCLUDE,357:12,Revision preserved; not counted as an independent rule solely because REV differs.,PROTOCOL-FTP piss scan
358,12,E03,INCLUDE,358:12,Revision preserved; not counted as an independent rule solely because REV differs.,PROTOCOL-FTP saint scan
359,12,E03,INCLUDE,359:12,Revision preserved; not counted as an independent rule solely because REV differs.,PROTOCOL-FTP satan scan
360,16,E01,INCLUDE,360:16,Revision preserved; not counted as an independent rule solely because REV differs.,PROTOCOL-FTP serv-u directory traversal
484,8,E03,INCLUDE,484:8,Revision preserved; not counted as an independent rule solely because REV differs.,PROTOCOL-ICMP PING Sniffer Pro/NetXRay network scan
514,9,E04,INCLUDE,514:9,Revision preserved; not counted as an independent rule solely because REV differs.,SERVER-OTHER ramen worm
534,9,E04,INCLUDE,534:9,Revision preserved; not counted as an independent rule solely because REV differs.,NETBIOS SMB CD..
535,9,E04,INCLUDE,535:9,Revision preserved; not counted as an independent rule solely because REV differs.,NETBIOS SMB CD...
569,25,E01,INCLUDE,569:25,Revision preserved; not counted as an independent rule solely because REV differs.,PROTOCOL-RPC snmpXdmi overflow attempt TCP
613,11,E03,INCLUDE,613:11,Revision preserved; not counted as an independent rule solely because REV differs.,INDICATOR-SCAN myscan
616,9,E03,INCLUDE,616:9,Revision preserved; not counted as an independent rule solely because REV differs.,INDICATOR-SCAN ident version request
619,12,E03,INCLUDE,619:12,Revision preserved; not counted as an independent rule solely because REV differs.,INDICATOR-SCAN cybercop os probe
622,12,E03,INCLUDE,622:12,Revision preserved; not counted as an independent rule solely because REV differs.,INDICATOR-SCAN ipEye SYN scan
626,13,E03,INCLUDE,626:13,Revision preserved; not counted as an independent rule solely because REV differs.,INDICATOR-SCAN cybercop os PA12 attempt
627,13,E03,INCLUDE,627:13,Revision preserved; not counted as an independent rule solely because REV differs.,INDICATOR-SCAN cybercop os SFU12 probe
630,11,E03,INCLUDE,630:11,Revision preserved; not counted as an independent rule solely because REV differs.,INDICATOR-SCAN synscan portscan
634,10,E03,INCLUDE,634:10,Revision preserved; not counted as an independent rule solely because REV differs.,INDICATOR-SCAN Amanda client-version request
635,11,E03,INCLUDE,635:11,Revision preserved; not counted as an independent rule solely because REV differs.,INDICATOR-SCAN XTACACS logout
636,9,E03,INCLUDE,636:9,Revision preserved; not counted as an independent rule solely because REV differs.,INDICATOR-SCAN cybercop udp bomb
637,13,E03,INCLUDE,637:13,Revision preserved; not counted as an independent rule solely because REV differs.,INDICATOR-SCAN Webtrends Scanner UDP Probe
638,11,E02,INCLUDE,638:11,Revision preserved; not counted as an independent rule solely because REV differs.,INDICATOR-SHELLCODE SGI NOOP
639,11,E02,INCLUDE,639:11,Revision preserved; not counted as an independent rule solely because REV differs.,INDICATOR-SHELLCODE SGI NOOP
640,11,E02,INCLUDE,640:11,Revision preserved; not counted as an independent rule solely because REV differs.,INDICATOR-SHELLCODE AIX NOOP
641,12,E02,INCLUDE,641:12,Revision preserved; not counted as an independent rule solely because REV differs.,INDICATOR-SHELLCODE Digital UNIX NOOP
642,12,E02,INCLUDE,642:12,Revision preserved; not counted as an independent rule solely because REV differs.,INDICATOR-SHELLCODE HP-UX NOOP
643,13,E02,INCLUDE,643:13,Revision preserved; not counted as an independent rule solely because REV differs.,INDICATOR-SHELLCODE HP-UX NOOP
644,11,E02,INCLUDE,644:11,Revision preserved; not counted as an independent rule solely because REV differs.,INDICATOR-SHELLCODE sparc NOOP
645,11,E02,INCLUDE,645:11,Revision preserved; not counted as an independent rule solely because REV differs.,INDICATOR-SHELLCODE sparc NOOP
646,11,E02,INCLUDE,646:11,Revision preserved; not counted as an independent rule solely because REV differs.,INDICATOR-SHELLCODE sparc NOOP
647,15,E02,INCLUDE,647:15,Revision preserved; not counted as an independent rule solely because REV differs.,INDICATOR-SHELLCODE Oracle sparc setuid 0
648,18,E02,INCLUDE,648:18,Revision preserved; not counted as an independent rule solely because REV differs.,INDICATOR-SHELLCODE x86 NOOP
649,15,E02,INCLUDE,649:15,Revision preserved; not counted as an independent rule solely because REV differs.,INDICATOR-SHELLCODE x86 setgid 0
650,15,E02,INCLUDE,650:15,Revision preserved; not counted as an independent rule solely because REV differs.,INDICATOR-SHELLCODE x86 setuid 0
652,15,E02,INCLUDE,652:15,Revision preserved; not counted as an independent rule solely because REV differs.,INDICATOR-SHELLCODE Linux shellcode
654,29,E01,INCLUDE,654:29,Revision preserved; not counted as an independent rule solely because REV differs.,SERVER-MAIL RCPT TO overflow
655,16,E01,INCLUDE,655:16,Revision preserved; not counted as an independent rule solely because REV differs.,SERVER-MAIL Sendmail 8.6.9 exploit
657,20,E01,INCLUDE,657:20,Revision preserved; not counted as an independent rule solely because REV differs.,SERVER-MAIL Netmanager chameleon SMTPd buffer overflow attempt
662,17,E01,INCLUDE,662:17,Revision preserved; not counted as an independent rule solely because REV differs.,SERVER-MAIL Sendmail 5.5.5 exploit
665,17,E01,INCLUDE,665:17,Revision preserved; not counted as an independent rule solely because REV differs.,SERVER-MAIL Sendmail 5.6.5 exploit
667,17,E01,INCLUDE,667:17,Revision preserved; not counted as an independent rule solely because REV differs.,SERVER-MAIL Sendmail 8.6.10 exploit
668,17,E01,INCLUDE,668:17,Revision preserved; not counted as an independent rule solely because REV differs.,SERVER-MAIL Sendmail 8.6.10 exploit
669,17,E01,INCLUDE,669:17,Revision preserved; not counted as an independent rule solely because REV differs.,SERVER-MAIL Sendmail 8.6.9 exploit
670,16,E01,INCLUDE,670:16,Revision preserved; not counted as an independent rule solely because REV differs.,SERVER-MAIL Sendmail 8.6.9 exploit
671,17,E01,INCLUDE,671:17,Revision preserved; not counted as an independent rule solely because REV differs.,SERVER-MAIL Sendmail 8.6.9c exploit
691,9,E02,INCLUDE,691:9,Revision preserved; not counted as an independent rule solely because REV differs.,INDICATOR-SHELLCODE shellcode attempt
692,10,E02,INCLUDE,692:10,Revision preserved; not counted as an independent rule solely because REV differs.,INDICATOR-SHELLCODE shellcode attempt
693,9,E02,INCLUDE,693:9,Revision preserved; not counted as an independent rule solely because REV differs.,INDICATOR-SHELLCODE shellcode attempt
694,10,E02,INCLUDE,694:10,Revision preserved; not counted as an independent rule solely because REV differs.,INDICATOR-SHELLCODE shellcode attempt
695,14,E01,INCLUDE,695:14,Revision preserved; not counted as an independent rule solely because REV differs.,SERVER-MSSQL xp_sprintf possible buffer overflow
704,16,E01,INCLUDE,704:16,Revision preserved; not counted as an independent rule solely because REV differs.,SERVER-MSSQL xp_sprintf possible buffer overflow
803,21,E01,INCLUDE,803:21,Revision preserved; not counted as an independent rule solely because REV differs.,SERVER-WEBAPP HyperSeek hsx.cgi directory traversal attempt
804,20,E01,INCLUDE,804:20,Revision preserved; not counted as an independent rule solely because REV differs.,SERVER-WEBAPP SWSoft ASPSeek Overflow attempt
806,24,E01,INCLUDE,806:24,Revision preserved; not counted as an independent rule solely because REV differs.,SERVER-WEBAPP yabb directory traversal attempt
809,20,E02,INCLUDE,809:20,Revision preserved; not counted as an independent rule solely because REV differs.,SERVER-WEBAPP whois_raw.cgi arbitrary command execution attempt
813,22,E01,INCLUDE,813:22,Revision preserved; not counted as an independent rule solely because REV differs.,SERVER-WEBAPP webplus directory traversal
820,19,E01,INCLUDE,820:19,Revision preserved; not counted as an independent rule solely because REV differs.,SERVER-WEBAPP anaconda directory traversal attempt
821,25,E01,INCLUDE,821:25,Revision preserved; not counted as an independent rule solely because REV differs.,SERVER-WEBAPP imagemap.exe overflow attempt
848,20,E01,INCLUDE,848:20,Revision preserved; not counted as an independent rule solely because REV differs.,SERVER-WEBAPP view-source directory traversal
899,20,E01,INCLUDE,899:20,Revision preserved; not counted as an independent rule solely because REV differs.,SERVER-WEBAPP Amaya templates sendtemp.pl directory traversal attempt
900,22,E01,INCLUDE,900:22,Revision preserved; not counted as an independent rule solely because REV differs.,SERVER-WEBAPP webspirs.cgi directory traversal attempt
921,16,E05,INCLUDE,921:16,Revision preserved; not counted as an independent rule solely because REV differs.,SERVER-OTHER Adobe Coldfusion admin encrypt attempt
924,16,E01,INCLUDE,924:16,Revision preserved; not counted as an independent rule solely because REV differs.,SERVER-OTHER Adobe Coldfusion admin decrypt attempt
974,23,E01,INCLUDE,974:23,Revision preserved; not counted as an independent rule solely because REV differs.,SERVER-IIS Microsoft Windows IIS directory traversal attempt
989,18,E02,INCLUDE,989:18,Revision preserved; not counted as an independent rule solely because REV differs.,MALWARE-CNC sensepost.exe command shell
1002,19,E02,INCLUDE,1002:19,Revision preserved; not counted as an independent rule solely because REV differs.,SERVER-IIS cmd.exe access
1051,23,E01,INCLUDE,1051:23,Revision preserved; not counted as an independent rule solely because REV differs.,FILE-OTHER technote main.cgi file directory traversal attempt
1052,21,E01,INCLUDE,1052:21,Revision preserved; not counted as an independent rule solely because REV differs.,SERVER-WEBAPP technote print.cgi directory traversal attempt
1053,23,E02,INCLUDE,1053:23,Revision preserved; not counted as an independent rule solely because REV differs.,SERVER-WEBAPP ads.cgi command execution attempt
1072,19,E01,INCLUDE,1072:19,Revision preserved; not counted as an independent rule solely because REV differs.,SERVER-WEBAPP Lotus Domino directory traversal
1085,15,E01,INCLUDE,1085:15,Revision preserved; not counted as an independent rule solely because REV differs.,SERVER-WEBAPP strings overflow
1086,25,E01,INCLUDE,1086:25,Revision preserved; not counted as an independent rule solely because REV differs.,SERVER-WEBAPP strings overflow
1088,18,E01,INCLUDE,1088:18,Revision preserved; not counted as an independent rule solely because REV differs.,SERVER-WEBAPP eXtropia webstore directory traversal
1089,16,E01,INCLUDE,1089:16,Revision preserved; not counted as an independent rule solely because REV differs.,SERVER-WEBAPP shopping cart directory traversal
1092,21,E01,INCLUDE,1092:21,Revision preserved; not counted as an independent rule solely because REV differs.,SERVER-WEBAPP Armada Style Master Index directory traversal
1093,18,E01,INCLUDE,1093:18,Revision preserved; not counted as an independent rule solely because REV differs.,SERVER-WEBAPP cached_feed.cgi moreover shopping cart directory traversal
1095,17,E03,INCLUDE,1095:17,Revision preserved; not counted as an independent rule solely because REV differs.,SERVER-WEBAPP Talentsoft Web+ Source Code view access
1097,18,E01;E02,INCLUDE,1097:18,Revision preserved; not counted as an independent rule solely because REV differs.,SERVER-WEBAPP Talentsoft Web+ exploit attempt
1099,15,E03,INCLUDE,1099:15,Revision preserved; not counted as an independent rule solely because REV differs.,SERVER-WEBAPP cybercop scan
1100,18,E03,INCLUDE,1100:18,Revision preserved; not counted as an independent rule solely because REV differs.,INDICATOR-SCAN L3retriever HTTP Probe
1101,18,E03,INCLUDE,1101:18,Revision preserved; not counted as an independent rule solely because REV differs.,INDICATOR-SCAN Webtrends HTTP probe
1111,18,E01,INCLUDE,1111:18,Revision preserved; not counted as an independent rule solely because REV differs.,SERVER-APACHE Apache Tomcat server exploit access
1132,14,E01,INCLUDE,1132:14,Revision preserved; not counted as an independent rule solely because REV differs.,SERVER-WEBAPP Netscape Unixware overflow
1133,18,E03,INCLUDE,1133:18,Revision preserved; not counted as an independent rule solely because REV differs.,INDICATOR-SCAN cybercop os probe
1159,18,E03,INCLUDE,1159:18,Revision preserved; not counted as an independent rule solely because REV differs.,SERVER-WEBAPP webplus access
1193,17,E02,INCLUDE,1193:17,Revision preserved; not counted as an independent rule solely because REV differs.,SERVER-WEBAPP oracle web arbitrary command execution attempt
1199,18,E01,INCLUDE,1199:18,Revision preserved; not counted as an independent rule solely because REV differs.,SERVER-WEBAPP Compaq Insight directory traversal
1240,10,E01,INCLUDE,1240:10,Revision preserved; not counted as an independent rule solely because REV differs.,SERVER-OTHER MDBMS overflow
1241,15,E01,INCLUDE,1241:15,Revision preserved; not counted as an independent rule solely because REV differs.,SERVER-WEBAPP SWEditServlet directory traversal attempt
1252,25,E01,INCLUDE,1252:25,Revision preserved; not counted as an independent rule solely because REV differs.,PROTOCOL-TELNET bsd telnet exploit response
1253,24,E01,INCLUDE,1253:24,Revision preserved; not counted as an independent rule solely because REV differs.,PROTOCOL-TELNET bsd exploit client finishing
1254,16,E02,INCLUDE,1254:16,Revision preserved; not counted as an independent rule solely because REV differs.,SERVER-WEBAPP PHPLIB remote command attempt
1255,15,E02,INCLUDE,1255:15,Revision preserved; not counted as an independent rule solely because REV differs.,SERVER-WEBAPP PHPLIB remote command attempt
1261,15,E01,INCLUDE,1261:15,Revision preserved; not counted as an independent rule solely because REV differs.,SERVER-OTHER AIX pdnsd overflow
1305,15,E01,INCLUDE,1305:15,Revision preserved; not counted as an independent rule solely because REV differs.,SERVER-WEBAPP txt2html.cgi directory traversal attempt
1324,12,E01;E02,INCLUDE,1324:12,Revision preserved; not counted as an independent rule solely because REV differs.,INDICATOR-SHELLCODE ssh CRC32 overflow /bin/sh
1325,14,E01;E02,INCLUDE,1325:14,Revision preserved; not counted as an independent rule solely because REV differs.,INDICATOR-SHELLCODE ssh CRC32 overflow filler
1326,13,E01;E02,INCLUDE,1326:13,Revision preserved; not counted as an independent rule solely because REV differs.,INDICATOR-SHELLCODE ssh CRC32 overflow NOOP
1327,14,E01;E02,INCLUDE,1327:14,Revision preserved; not counted as an independent rule solely because REV differs.,INDICATOR-SHELLCODE ssh CRC32 overflow
1375,12,E04,INCLUDE,1375:12,Revision preserved; not counted as an independent rule solely because REV differs.,SERVER-WEBAPP sadmind worm access
1379,23,E01,INCLUDE,1379:23,Revision preserved; not counted as an independent rule solely because REV differs.,PROTOCOL-FTP STAT overflow attempt
1382,13,E01,INCLUDE,1382:13,Revision preserved; not counted as an independent rule solely because REV differs.,SERVER-OTHER CHAT IRC Ettercap parse overflow attempt
1386,15,E01,INCLUDE,1386:15,Revision preserved; not counted as an independent rule solely because REV differs.,SERVER-MSSQL raiserror possible buffer overflow
1387,13,E01,INCLUDE,1387:13,Revision preserved; not counted as an independent rule solely because REV differs.,SQL raiserror possible buffer overflow
1388,23,E01,INCLUDE,1388:23,Revision preserved; not counted as an independent rule solely because REV differs.,OS-WINDOWS Microsoft Windows UPnP Location overflow attempt
1390,17,E02,INCLUDE,1390:17,Revision preserved; not counted as an independent rule solely because REV differs.,INDICATOR-SHELLCODE x86 inc ebx NOOP
1394,17,E02,INCLUDE,1394:17,Revision preserved; not counted as an independent rule solely because REV differs.,INDICATOR-SHELLCODE x86 inc ecx NOOP
1398,14,E01,INCLUDE,1398:14,Revision preserved; not counted as an independent rule solely because REV differs.,SERVER-OTHER CDE dtspcd exploit attempt
1409,21,E01,INCLUDE,1409:21,Revision preserved; not counted as an independent rule solely because REV differs.,PROTOCOL-SNMP community string buffer overflow attempt
1422,21,E01,INCLUDE,1422:21,Revision preserved; not counted as an independent rule solely because REV differs.,PROTOCOL-SNMP community string buffer overflow attempt with evasion
1423,24,E01,INCLUDE,1423:24,Revision preserved; not counted as an independent rule solely because REV differs.,SERVER-WEBAPP content-disposition memchr overflow
1478,18,E01,INCLUDE,1478:18,Revision preserved; not counted as an independent rule solely because REV differs.,SERVER-WEBAPP Simple Web Counter URI Parameter Buffer Overflow attempt
1488,19,E01,INCLUDE,1488:19,Revision preserved; not counted as an independent rule solely because REV differs.,SERVER-WEBAPP store.cgi directory traversal attempt
1492,17,E01,INCLUDE,1492:17,Revision preserved; not counted as an independent rule solely because REV differs.,SERVER-WEBAPP RBS ISP /newuser  directory traversal attempt
1501,17,E01,INCLUDE,1501:17,Revision preserved; not counted as an independent rule solely because REV differs.,SERVER-WEBAPP a1stats a1disp3.cgi directory traversal attempt
1505,16,E02,INCLUDE,1505:16,Revision preserved; not counted as an independent rule solely because REV differs.,SERVER-WEBAPP alchemy http server PRN arbitrary command execution attempt
1506,16,E02,INCLUDE,1506:16,Revision preserved; not counted as an independent rule solely because REV differs.,SERVER-WEBAPP alchemy http server NUL arbitrary command execution attempt
1507,18,E02,INCLUDE,1507:18,Revision preserved; not counted as an independent rule solely because REV differs.,SERVER-WEBAPP alibaba.pl arbitrary command execution attempt
1509,17,E01,INCLUDE,1509:17,Revision preserved; not counted as an independent rule solely because REV differs.,SERVER-WEBAPP AltaVista Intranet Search directory traversal attempt
1510,16,E02,INCLUDE,1510:16,Revision preserved; not counted as an independent rule solely because REV differs.,SERVER-WEBAPP test.bat arbitrary command execution attempt
1512,17,E02,INCLUDE,1512:17,Revision preserved; not counted as an independent rule solely because REV differs.,SERVER-WEBAPP input.bat arbitrary command execution attempt
1514,17,E02,INCLUDE,1514:17,Revision preserved; not counted as an independent rule solely because REV differs.,SERVER-WEBAPP input2.bat arbitrary command execution attempt
1516,18,E02,INCLUDE,1516:18,Revision preserved; not counted as an independent rule solely because REV differs.,SERVER-WEBAPP envout.bat arbitrary command execution attempt
1529,17,E01,INCLUDE,1529:17,Revision preserved; not counted as an independent rule solely because REV differs.,PROTOCOL-FTP SITE overflow attempt
1534,20,E01,INCLUDE,1534:20,Revision preserved; not counted as an independent rule solely because REV differs.,SERVER-WEBAPP agora.cgi attempt
1536,19,E02,INCLUDE,1536:19,Revision preserved; not counted as an independent rule solely because REV differs.,SERVER-WEBAPP calendar_admin.pl arbitrary command execution attempt
1538,22,E01,INCLUDE,1538:22,Revision preserved; not counted as an independent rule solely because REV differs.,PROTOCOL-NNTP AUTHINFO USER overflow attempt
1544,15,E02,INCLUDE,1544:15,Revision preserved; not counted as an independent rule solely because REV differs.,SERVER-WEBAPP Cisco Catalyst command execution attempt
1547,19,E02,INCLUDE,1547:19,Revision preserved; not counted as an independent rule solely because REV differs.,SERVER-WEBAPP csSearch.cgi arbitrary command execution attempt
1549,27,E01,INCLUDE,1549:27,Revision preserved; not counted as an independent rule solely because REV differs.,SERVER-MAIL HELO overflow attempt
1550,21,E01,INCLUDE,1550:21,Revision preserved; not counted as an independent rule solely because REV differs.,SERVER-MAIL ETRN overflow attempt
1558,12,E01,INCLUDE,1558:12,Revision preserved; not counted as an independent rule solely because REV differs.,SERVER-WEBAPP Delegate whois overflow attempt
1562,18,E01,INCLUDE,1562:18,Revision preserved; not counted as an independent rule solely because REV differs.,PROTOCOL-FTP SITE CHOWN overflow attempt
1565,21,E02,INCLUDE,1565:21,Revision preserved; not counted as an independent rule solely because REV differs.,SERVER-WEBAPP eshop.pl arbitrary command execution attempt
1569,17,E01,INCLUDE,1569:17,Revision preserved; not counted as an independent rule solely because REV differs.,SERVER-WEBAPP loadpage.cgi directory traversal attempt
1571,16,E01,INCLUDE,1571:16,Revision preserved; not counted as an independent rule solely because REV differs.,SERVER-WEBAPP dcforum.cgi directory traversal attempt
1598,16,E01,INCLUDE,1598:16,Revision preserved; not counted as an independent rule solely because REV differs.,SERVER-WEBAPP Home Free search.cgi directory traversal attempt
1604,12,E01,INCLUDE,1604:12,Revision preserved; not counted as an independent rule solely because REV differs.,SERVER-WEBAPP iChat directory traversal attempt
1610,22,E02,INCLUDE,1610:22,Revision preserved; not counted as an independent rule solely because REV differs.,SERVER-WEBAPP formmail arbitrary command execution attempt
1621,20,E01,INCLUDE,1621:20,Revision preserved; not counted as an independent rule solely because REV differs.,PROTOCOL-FTP CMD overflow attempt
1624,18,E01,INCLUDE,1624:18,Revision preserved; not counted as an independent rule solely because REV differs.,PROTOCOL-FTP PWD overflow attempt
1625,14,E01,INCLUDE,1625:14,Revision preserved; not counted as an independent rule solely because REV differs.,PROTOCOL-FTP SYST overflow attempt
1628,19,E01,INCLUDE,1628:19,Revision preserved; not counted as an independent rule solely because REV differs.,SERVER-WEBAPP FormHandler.cgi directory traversal attempt
1634,25,E01,INCLUDE,1634:25,Revision preserved; not counted as an independent rule solely because REV differs.,PROTOCOL-POP PASS overflow attempt
1635,19,E01,INCLUDE,1635:19,Revision preserved; not counted as an independent rule solely because REV differs.,PROTOCOL-POP APOP overflow attempt
1636,14,E01,INCLUDE,1636:14,Revision preserved; not counted as an independent rule solely because REV differs.,SERVER-OTHER Xtramail Username overflow attempt
1638,10,E03,INCLUDE,1638:10,Revision preserved; not counted as an independent rule solely because REV differs.,INDICATOR-SCAN SSH Version map attempt
1655,18,E02,INCLUDE,1655:18,Revision preserved; not counted as an independent rule solely because REV differs.,SERVER-WEBAPP pfdispaly.cgi arbitrary command execution attempt
1657,14,E01,INCLUDE,1657:14,Revision preserved; not counted as an independent rule solely because REV differs.,SERVER-WEBAPP pagelog.cgi directory traversal attempt
1667,15,E01,INCLUDE,1667:15,Revision preserved; not counted as an independent rule solely because REV differs.,SERVER-WEBAPP cross site scripting HTML Image tag set to javascript attempt
1703,17,E01,INCLUDE,1703:17,Revision preserved; not counted as an independent rule solely because REV differs.,SERVER-WEBAPP auktion.cgi directory traversal attempt
1704,15,E01,INCLUDE,1704:15,Revision preserved; not counted as an independent rule solely because REV differs.,SERVER-WEBAPP cal_make.pl directory traversal attempt
1705,14,E02,INCLUDE,1705:14,Revision preserved; not counted as an independent rule solely because REV differs.,SERVER-WEBAPP echo.bat arbitrary command execution attempt
1707,14,E02,INCLUDE,1707:14,Revision preserved; not counted as an independent rule solely because REV differs.,SERVER-WEBAPP hello.bat arbitrary command execution attempt
1719,14,E01,INCLUDE,1719:14,Revision preserved; not counted as an independent rule solely because REV differs.,SERVER-WEBAPP talkback.cgi directory traversal attempt
1730,16,E01,INCLUDE,1730:16,Revision preserved; not counted as an independent rule solely because REV differs.,SERVER-WEBAPP ustorekeeper.pl directory traversal attempt
1734,50,E01,INCLUDE,1734:50,Revision preserved; not counted as an independent rule solely because REV differs.,PROTOCOL-FTP USER overflow attempt
1751,12,E01,INCLUDE,1751:12,Revision preserved; not counted as an independent rule solely because REV differs.,SERVER-OTHER cachefsd buffer overflow attempt
1755,24,E01,INCLUDE,1755:24,Revision preserved; not counted as an independent rule solely because REV differs.,PROTOCOL-IMAP partial body buffer overflow attempt
1757,14,E02,INCLUDE,1757:14,Revision preserved; not counted as an independent rule solely because REV differs.,SERVER-WEBAPP b2 arbitrary command execution attempt
1762,27,E02,INCLUDE,1762:27,Revision preserved; not counted as an independent rule solely because REV differs.,SERVER-WEBAPP phf arbitrary command execution attempt
1777,19,E01,INCLUDE,1777:19,Revision preserved; not counted as an independent rule solely because REV differs.,PROTOCOL-FTP EXPLOIT STAT asterisk dos attempt
1778,18,E01,INCLUDE,1778:18,Revision preserved; not counted as an independent rule solely because REV differs.,PROTOCOL-FTP EXPLOIT STAT ? dos attempt
1792,16,E01,INCLUDE,1792:16,Revision preserved; not counted as an independent rule solely because REV differs.,PROTOCOL-NNTP return code buffer overflow attempt
1802,20,E01,INCLUDE,1802:20,Revision preserved; not counted as an independent rule solely because REV differs.,SERVER-IIS .asa HTTP header buffer overflow attempt
1803,21,E01,INCLUDE,1803:21,Revision preserved; not counted as an independent rule solely because REV differs.,SERVER-IIS .cer HTTP header buffer overflow attempt
1804,21,E01,INCLUDE,1804:21,Revision preserved; not counted as an independent rule solely because REV differs.,SERVER-IIS .cdx HTTP header buffer overflow attempt
1808,17,E01,INCLUDE,1808:17,Revision preserved; not counted as an independent rule solely because REV differs.,SERVER-WEBAPP Apache chunked-encoding memory corruption exploit attempt
1809,20,E04,INCLUDE,1809:20,Revision preserved; not counted as an independent rule solely because REV differs.,SERVER-APACHE Apache chunked-encoding worm attempt
1810,19,E01,INCLUDE,1810:19,Revision preserved; not counted as an independent rule solely because REV differs.,SERVER-OTHER successful gobbles ssh exploit GOBBLE
1811,17,E01,INCLUDE,1811:17,Revision preserved; not counted as an independent rule solely because REV differs.,SERVER-OTHER successful gobbles ssh exploit uname
1812,13,E01,INCLUDE,1812:13,Revision preserved; not counted as an independent rule solely because REV differs.,SERVER-OTHER gobbles SSH exploit attempt
1821,10,E02,INCLUDE,1821:10,Revision preserved; not counted as an independent rule solely because REV differs.,SERVER-OTHER LPD dvips remote command execution attempt
1822,16,E01,INCLUDE,1822:16,Revision preserved; not counted as an independent rule solely because REV differs.,SERVER-WEBAPP AlienForm alienform.cgi directory traversal attempt
1823,15,E01,INCLUDE,1823:15,Revision preserved; not counted as an independent rule solely because REV differs.,SERVER-WEBAPP AlienForm af.cgi directory traversal attempt
1827,16,E01,INCLUDE,1827:16,Revision preserved; not counted as an independent rule solely because REV differs.,SERVER-APACHE Apache Tomcat servlet mapping cross site scripting attempt
1828,16,E01,INCLUDE,1828:16,Revision preserved; not counted as an independent rule solely because REV differs.,SERVER-WEBAPP iPlanet Search directory traversal attempt
1834,16,E01,INCLUDE,1834:16,Revision preserved; not counted as an independent rule solely because REV differs.,SERVER-WEBAPP PHP-Wiki cross site scripting attempt
1835,14,E01,INCLUDE,1835:14,Revision preserved; not counted as an independent rule solely because REV differs.,SERVER-WEBAPP Macromedia SiteSpring cross site scripting attempt
1838,14,E01,INCLUDE,1838:14,Revision preserved; not counted as an independent rule solely because REV differs.,SERVER-OTHER SSH server banner overflow
1839,14,E01,INCLUDE,1839:14,Revision preserved; not counted as an independent rule solely because REV differs.,SERVER-WEBAPP mailman cross site scripting attempt
1842,35,E01,INCLUDE,1842:35,Revision preserved; not counted as an independent rule solely because REV differs.,PROTOCOL-IMAP login buffer overflow attempt
1844,18,E01,INCLUDE,1844:18,Revision preserved; not counted as an independent rule solely because REV differs.,PROTOCOL-IMAP authenticate overflow attempt
1845,24,E01,INCLUDE,1845:24,Revision preserved; not counted as an independent rule solely because REV differs.,PROTOCOL-IMAP list literal overflow attempt
1858,12,E01,INCLUDE,1858:12,Revision preserved; not counted as an independent rule solely because REV differs.,SERVER-WEBAPP CISCO PIX Firewall Manager directory traversal attempt
1862,14,E01,INCLUDE,1862:14,Revision preserved; not counted as an independent rule solely because REV differs.,SERVER-WEBAPP mrtg.cgi directory traversal attempt
1866,26,E01,INCLUDE,1866:26,Revision preserved; not counted as an independent rule solely because REV differs.,PROTOCOL-POP USER overflow attempt
1879,16,E02,INCLUDE,1879:16,Revision preserved; not counted as an independent rule solely because REV differs.,SERVER-WEBAPP book.cgi arbitrary command execution attempt
1881,13,E04,INCLUDE,1881:13,Revision preserved; not counted as an independent rule solely because REV differs.,SERVER-WEBAPP bad HTTP 1.1 request - potential worm attack
1887,9,E04,INCLUDE,1887:9,Revision preserved; not counted as an independent rule solely because REV differs.,SERVER-OTHER OpenSSL Worm traffic
1888,14,E01,INCLUDE,1888:14,Revision preserved; not counted as an independent rule solely because REV differs.,PROTOCOL-FTP SITE CPWD overflow attempt
1889,10,E04,INCLUDE,1889:10,Revision preserved; not counted as an independent rule solely because REV differs.,MALWARE-CNC slapper worm admin traffic
1894,14,E01;E02,INCLUDE,1894:14,Revision preserved; not counted as an independent rule solely because REV differs.,INDICATOR-SHELLCODE kadmind buffer overflow attempt
1895,13,E01;E02,INCLUDE,1895:13,Revision preserved; not counted as an independent rule solely because REV differs.,INDICATOR-SHELLCODE kadmind buffer overflow attempt
1896,12,E01;E02,INCLUDE,1896:12,Revision preserved; not counted as an independent rule solely because REV differs.,INDICATOR-SHELLCODE kadmind buffer overflow attempt
1897,12,E01;E02,INCLUDE,1897:12,Revision preserved; not counted as an independent rule solely because REV differs.,INDICATOR-SHELLCODE kadmind buffer overflow attempt
1898,12,E01;E02,INCLUDE,1898:12,Revision preserved; not counted as an independent rule solely because REV differs.,INDICATOR-SHELLCODE kadmind buffer overflow attempt
1899,12,E01;E02,INCLUDE,1899:12,Revision preserved; not counted as an independent rule solely because REV differs.,INDICATOR-SHELLCODE kadmind buffer overflow attempt
1900,15,E01,INCLUDE,1900:15,Revision preserved; not counted as an independent rule solely because REV differs.,SERVER-OTHER successful kadmind buffer overflow attempt
1901,16,E01,INCLUDE,1901:16,Revision preserved; not counted as an independent rule solely because REV differs.,SERVER-OTHER successful kadmind buffer overflow attempt
1902,18,E01,INCLUDE,1902:18,Revision preserved; not counted as an independent rule solely because REV differs.,PROTOCOL-IMAP lsub literal overflow attempt
1903,16,E01,INCLUDE,1903:16,Revision preserved; not counted as an independent rule solely because REV differs.,PROTOCOL-IMAP rename overflow attempt
1904,16,E01,INCLUDE,1904:16,Revision preserved; not counted as an independent rule solely because REV differs.,PROTOCOL-IMAP find overflow attempt
1905,15,E01,INCLUDE,1905:15,Revision preserved; not counted as an independent rule solely because REV differs.,PROTOCOL-RPC AMD UDP amqproc_mount plog overflow attempt
1906,13,E01,INCLUDE,1906:13,Revision preserved; not counted as an independent rule solely because REV differs.,PROTOCOL-RPC AMD TCP amqproc_mount plog overflow attempt
1907,18,E01,INCLUDE,1907:18,Revision preserved; not counted as an independent rule solely because REV differs.,PROTOCOL-RPC CMSD UDP CMSD_CREATE buffer overflow attempt
1908,14,E01,INCLUDE,1908:14,Revision preserved; not counted as an independent rule solely because REV differs.,PROTOCOL-RPC CMSD TCP CMSD_CREATE buffer overflow attempt
1909,17,E01,INCLUDE,1909:17,Revision preserved; not counted as an independent rule solely because REV differs.,PROTOCOL-RPC CMSD TCP CMSD_INSERT buffer overflow attempt
1910,17,E01,INCLUDE,1910:17,Revision preserved; not counted as an independent rule solely because REV differs.,PROTOCOL-RPC CMSD udp CMSD_INSERT buffer overflow attempt
1911,20,E01,INCLUDE,1911:20,Revision preserved; not counted as an independent rule solely because REV differs.,PROTOCOL-RPC sadmind UDP NETMGT_PROC_SERVICE CLIENT_DOMAIN overflow attempt
1912,16,E01,INCLUDE,1912:16,Revision preserved; not counted as an independent rule solely because REV differs.,PROTOCOL-RPC sadmind TCP NETMGT_PROC_SERVICE CLIENT_DOMAIN overflow attempt
1913,20,E01,INCLUDE,1913:20,Revision preserved; not counted as an independent rule solely because REV differs.,PROTOCOL-RPC STATD UDP stat mon_name format string exploit attempt
1914,18,E01,INCLUDE,1914:18,Revision preserved; not counted as an independent rule solely because REV differs.,PROTOCOL-RPC STATD TCP stat mon_name format string exploit attempt
1915,19,E01,INCLUDE,1915:19,Revision preserved; not counted as an independent rule solely because REV differs.,PROTOCOL-RPC STATD UDP monitor mon_name format string exploit attempt
1916,17,E01,INCLUDE,1916:17,Revision preserved; not counted as an independent rule solely because REV differs.,PROTOCOL-RPC STATD TCP monitor mon_name format string exploit attempt
1917,16,E03,INCLUDE,1917:16,Revision preserved; not counted as an independent rule solely because REV differs.,INDICATOR-SCAN UPnP service discover attempt
1918,10,E03,INCLUDE,1918:10,Revision preserved; not counted as an independent rule solely because REV differs.,PROTOCOL-ICMP SolarWinds IP scan attempt
1919,31,E01,INCLUDE,1919:31,Revision preserved; not counted as an independent rule solely because REV differs.,PROTOCOL-FTP CWD overflow attempt
1920,13,E01,INCLUDE,1920:13,Revision preserved; not counted as an independent rule solely because REV differs.,PROTOCOL-FTP SITE NEWER overflow attempt
1921,11,E01,INCLUDE,1921:11,Revision preserved; not counted as an independent rule solely because REV differs.,PROTOCOL-FTP SITE ZIPCHK overflow attempt
1930,16,E01,INCLUDE,1930:16,Revision preserved; not counted as an independent rule solely because REV differs.,PROTOCOL-IMAP auth literal overflow attempt
1932,11,E04,INCLUDE,1932:11,Revision preserved; not counted as an independent rule solely because REV differs.,SERVER-WEBAPP rpc-smb.pl access
1936,14,E01,INCLUDE,1936:14,Revision preserved; not counted as an independent rule solely because REV differs.,PROTOCOL-POP AUTH overflow attempt
1937,13,E01,INCLUDE,1937:13,Revision preserved; not counted as an independent rule solely because REV differs.,PROTOCOL-POP LIST overflow attempt
1938,10,E01,INCLUDE,1938:10,Revision preserved; not counted as an independent rule solely because REV differs.,PROTOCOL-POP XTND overflow attempt
1939,10,E01,INCLUDE,1939:10,Revision preserved; not counted as an independent rule solely because REV differs.,SERVER-OTHER bootp hardware address length overflow
1941,24,E01,INCLUDE,1941:24,Revision preserved; not counted as an independent rule solely because REV differs.,PROTOCOL-TFTP GET filename overflow attempt
1942,13,E01,INCLUDE,1942:13,Revision preserved; not counted as an independent rule solely because REV differs.,PROTOCOL-FTP RMDIR overflow attempt
1947,15,E02,INCLUDE,1947:15,Revision preserved; not counted as an independent rule solely because REV differs.,SERVER-WEBAPP answerbook2 arbitrary command execution attempt
1963,15,E01,INCLUDE,1963:15,Revision preserved; not counted as an independent rule solely because REV differs.,PROTOCOL-RPC RQUOTA getquota overflow attempt UDP
1964,18,E01,INCLUDE,1964:18,Revision preserved; not counted as an independent rule solely because REV differs.,PROTOCOL-RPC tooltalk UDP overflow attempt
1965,17,E01,INCLUDE,1965:17,Revision preserved; not counted as an independent rule solely because REV differs.,PROTOCOL-RPC tooltalk TCP overflow attempt
1970,22,E01,INCLUDE,1970:22,Revision preserved; not counted as an independent rule solely because REV differs.,SERVER-IIS MDAC Content-Type overflow attempt
1972,32,E01,INCLUDE,1972:32,Revision preserved; not counted as an independent rule solely because REV differs.,PROTOCOL-FTP PASS overflow attempt
1973,31,E01,INCLUDE,1973:31,Revision preserved; not counted as an independent rule solely because REV differs.,PROTOCOL-FTP MKD overflow attempt
1974,15,E01,INCLUDE,1974:15,Revision preserved; not counted as an independent rule solely because REV differs.,PROTOCOL-FTP REST overflow attempt
1975,27,E01,INCLUDE,1975:27,Revision preserved; not counted as an independent rule solely because REV differs.,PROTOCOL-FTP DELE overflow attempt
1976,23,E01,INCLUDE,1976:23,Revision preserved; not counted as an independent rule solely because REV differs.,PROTOCOL-FTP RMD overflow attempt
1987,11,E01,INCLUDE,1987:11,Revision preserved; not counted as an independent rule solely because REV differs.,SERVER-OTHER xfs overflow attempt
1992,14,E01,INCLUDE,1992:14,Revision preserved; not counted as an independent rule solely because REV differs.,PROTOCOL-FTP LIST directory traversal attempt
1993,24,E01,INCLUDE,1993:24,Revision preserved; not counted as an independent rule solely because REV differs.,PROTOCOL-IMAP login literal buffer overflow attempt
2003,16,E04,INCLUDE,2003:16,Revision preserved; not counted as an independent rule solely because REV differs.,SQL Worm propagation attempt
2004,15,E04,INCLUDE,2004:15,Revision preserved; not counted as an independent rule solely because REV differs.,SQL Worm propagation attempt OUTBOUND
2007,16,E01,INCLUDE,2007:16,Revision preserved; not counted as an independent rule solely because REV differs.,PROTOCOL-RPC kcms_server directory traversal attempt
2010,12,E01,INCLUDE,2010:12,Revision preserved; not counted as an independent rule solely because REV differs.,INDICATOR-COMPROMISE CVS double free exploit attempt response
2024,13,E01,INCLUDE,2024:13,Revision preserved; not counted as an independent rule solely because REV differs.,PROTOCOL-RPC RQUOTA getquota overflow attempt TCP
2025,17,E01,INCLUDE,2025:17,Revision preserved; not counted as an independent rule solely because REV differs.,PROTOCOL-RPC yppasswd username overflow attempt UDP
2026,15,E01,INCLUDE,2026:15,Revision preserved; not counted as an independent rule solely because REV differs.,PROTOCOL-RPC yppasswd username overflow attempt TCP
2027,13,E01,INCLUDE,2027:13,Revision preserved; not counted as an independent rule solely because REV differs.,PROTOCOL-RPC yppasswd old password overflow attempt UDP
2028,11,E01,INCLUDE,2028:11,Revision preserved; not counted as an independent rule solely because REV differs.,PROTOCOL-RPC yppasswd old password overflow attempt TCP
2029,13,E01,INCLUDE,2029:13,Revision preserved; not counted as an independent rule solely because REV differs.,PROTOCOL-RPC yppasswd new password overflow attempt UDP
2030,12,E01,INCLUDE,2030:12,Revision preserved; not counted as an independent rule solely because REV differs.,PROTOCOL-RPC yppasswd new password overflow attempt TCP
2039,12,E01,INCLUDE,2039:12,Revision preserved; not counted as an independent rule solely because REV differs.,SERVER-OTHER bootp hostname format string attempt
2041,9,E03,INCLUDE,2041:9,Revision preserved; not counted as an independent rule solely because REV differs.,INDICATOR-SCAN xtacacs failed login response
2043,8,E03,INCLUDE,2043:8,Revision preserved; not counted as an independent rule solely because REV differs.,INDICATOR-SCAN isakmp login failed
2045,21,E01,INCLUDE,2045:21,Revision preserved; not counted as an independent rule solely because REV differs.,PROTOCOL-RPC snmpXdmi overflow attempt UDP
2046,14,E01,INCLUDE,2046:14,Revision preserved; not counted as an independent rule solely because REV differs.,PROTOCOL-IMAP partial body.peek buffer overflow attempt
2050,19,E01,INCLUDE,2050:19,Revision preserved; not counted as an independent rule solely because REV differs.,SERVER-MSSQL version overflow attempt
2052,13,E01,INCLUDE,2052:13,Revision preserved; not counted as an independent rule solely because REV differs.,SERVER-WEBAPP overflow.cgi access
2065,7,E03,INCLUDE,2065:7,Revision preserved; not counted as an independent rule solely because REV differs.,SERVER-WEBAPP Lotus Notes .csp script source download attempt
2066,12,E03,INCLUDE,2066:12,Revision preserved; not counted as an independent rule solely because REV differs.,SERVER-WEBAPP Lotus Notes .pl script source download attempt
2067,12,E03,INCLUDE,2067:12,Revision preserved; not counted as an independent rule solely because REV differs.,SERVER-WEBAPP Lotus Notes .exe script source download attempt
2087,14,E01,INCLUDE,2087:14,Revision preserved; not counted as an independent rule solely because REV differs.,SERVER-MAIL From comment overflow attempt
2090,22,E01,INCLUDE,2090:22,Revision preserved; not counted as an independent rule solely because REV differs.,SERVER-IIS WEBDAV exploit attempt
2091,16,E03,INCLUDE,2091:16,Revision preserved; not counted as an independent rule solely because REV differs.,SERVER-IIS WEBDAV nessus safe scan attempt
2092,14,E01,INCLUDE,2092:14,Revision preserved; not counted as an independent rule solely because REV differs.,PROTOCOL-RPC portmap proxy integer overflow attempt UDP
2093,13,E01,INCLUDE,2093:13,Revision preserved; not counted as an independent rule solely because REV differs.,PROTOCOL-RPC portmap proxy integer overflow attempt TCP
2094,18,E01,INCLUDE,2094:18,Revision preserved; not counted as an independent rule solely because REV differs.,PROTOCOL-RPC CMSD UDP CMSD_CREATE array buffer overflow attempt
2095,14,E01,INCLUDE,2095:14,Revision preserved; not counted as an independent rule solely because REV differs.,PROTOCOL-RPC CMSD TCP CMSD_CREATE array buffer overflow attempt
2101,23,E04,INCLUDE,2101:23,Revision preserved; not counted as an independent rule solely because REV differs.,OS-WINDOWS Microsoft Windows SMB Trans Max Param/Count OS-WINDOWS attempt
2103,17,E01;E04,INCLUDE,2103:17,Revision preserved; not counted as an independent rule solely because REV differs.,NETBIOS SMB Trans2 OPEN2 unicode maximum param count overflow attempt
2105,16,E01,INCLUDE,2105:16,Revision preserved; not counted as an independent rule solely because REV differs.,PROTOCOL-IMAP authenticate literal overflow attempt
2106,17,E01,INCLUDE,2106:17,Revision preserved; not counted as an independent rule solely because REV differs.,PROTOCOL-IMAP lsub overflow attempt
2107,11,E01,INCLUDE,2107:11,Revision preserved; not counted as an independent rule solely because REV differs.,PROTOCOL-IMAP create buffer overflow attempt
2108,9,E01,INCLUDE,2108:9,Revision preserved; not counted as an independent rule solely because REV differs.,PROTOCOL-POP CAPA overflow attempt
2109,10,E01,INCLUDE,2109:10,Revision preserved; not counted as an independent rule solely because REV differs.,PROTOCOL-POP TOP overflow attempt
2110,9,E01,INCLUDE,2110:9,Revision preserved; not counted as an independent rule solely because REV differs.,PROTOCOL-POP STAT overflow attempt
2111,9,E01,INCLUDE,2111:9,Revision preserved; not counted as an independent rule solely because REV differs.,PROTOCOL-POP DELE overflow attempt
2112,9,E01,INCLUDE,2112:9,Revision preserved; not counted as an independent rule solely because REV differs.,PROTOCOL-POP RSET overflow attempt
2113,6,E01,INCLUDE,2113:6,Revision preserved; not counted as an independent rule solely because REV differs.,PROTOCOL-SERVICES rexec username overflow attempt
2114,6,E01,INCLUDE,2114:6,Revision preserved; not counted as an independent rule solely because REV differs.,PROTOCOL-SERVICES rexec password overflow attempt
2118,19,E01,INCLUDE,2118:19,Revision preserved; not counted as an independent rule solely because REV differs.,PROTOCOL-IMAP list overflow attempt
2119,14,E01,INCLUDE,2119:14,Revision preserved; not counted as an independent rule solely because REV differs.,PROTOCOL-IMAP rename literal overflow attempt
2120,12,E01,INCLUDE,2120:12,Revision preserved; not counted as an independent rule solely because REV differs.,PROTOCOL-IMAP create literal buffer overflow attempt
2123,12,E02,INCLUDE,2123:12,Revision preserved; not counted as an independent rule solely because REV differs.,INDICATOR-COMPROMISE Microsoft cmd.exe banner
2125,15,E01,INCLUDE,2125:15,Revision preserved; not counted as an independent rule solely because REV differs.,PROTOCOL-FTP CWD Root directory traversal attempt
2126,16,E01,INCLUDE,2126:16,Revision preserved; not counted as an independent rule solely because REV differs.,OS-WINDOWS Microsoft Windows PPTP Start Control Request buffer overflow attempt
2141,8,E01,INCLUDE,2141:8,Revision preserved; not counted as an independent rule solely because REV differs.,SERVER-WEBAPP shoutbox.php directory traversal attempt
2153,11,E01,INCLUDE,2153:11,Revision preserved; not counted as an independent rule solely because REV differs.,SERVER-WEBAPP autohtml.php directory traversal attempt
2176,11,E04,INCLUDE,2176:11,Revision preserved; not counted as an independent rule solely because REV differs.,OS-WINDOWS Microsoft Windows SMB startup folder access
2177,12,E04,INCLUDE,2177:12,Revision preserved; not counted as an independent rule solely because REV differs.,OS-WINDOWS Microsoft Windows SMB startup folder unicode access
2183,16,E01,INCLUDE,2183:16,Revision preserved; not counted as an independent rule solely because REV differs.,SERVER-MAIL Sendmail Content-Transfer-Encoding overflow attempt
2184,14,E01,INCLUDE,2184:14,Revision preserved; not counted as an independent rule solely because REV differs.,PROTOCOL-RPC mountd TCP mount path overflow attempt
2191,6,E04,INCLUDE,2191:6,Revision preserved; not counted as an independent rule solely because REV differs.,NETBIOS SMB DCERPC invalid bind attempt
2222,20,E01,INCLUDE,2222:20,Revision preserved; not counted as an independent rule solely because REV differs.,SERVER-WEBAPP Infinity CGI exploit scanner nph-exploitscanget.cgi access
2252,22,E04,INCLUDE,2252:22,Revision preserved; not counted as an independent rule solely because REV differs.,OS-WINDOWS Microsoft Windows SMB-DS DCERPC Remote Activation bind attempt
2253,20,E01,INCLUDE,2253:20,Revision preserved; not counted as an independent rule solely because REV differs.,SERVER-MAIL XEXCH50 overflow attempt
2257,16,E01,INCLUDE,2257:16,Revision preserved; not counted as an independent rule solely because REV differs.,OS-WINDOWS DCERPC Messenger Service buffer overflow attempt
2258,17,E01;E04,INCLUDE,2258:17,Revision preserved; not counted as an independent rule solely because REV differs.,OS-WINDOWS Microsoft Windows SMB-DS DCERPC Messenger Service buffer overflow attempt
2259,17,E01,INCLUDE,2259:17,Revision preserved; not counted as an independent rule solely because REV differs.,SERVER-MAIL EXPN overflow attempt
2260,17,E01,INCLUDE,2260:17,Revision preserved; not counted as an independent rule solely because REV differs.,SERVER-MAIL VRFY overflow attempt
2261,16,E01,INCLUDE,2261:16,Revision preserved; not counted as an independent rule solely because REV differs.,SERVER-MAIL Sendmail SEND FROM prescan too many addresses overflow
2262,16,E01,INCLUDE,2262:16,Revision preserved; not counted as an independent rule solely because REV differs.,SERVER-MAIL Sendmail SEND FROM prescan too long addresses overflow
2263,16,E01,INCLUDE,2263:16,Revision preserved; not counted as an independent rule solely because REV differs.,SERVER-MAIL Sendmail SAML FROM prescan too many addresses overflow
2264,16,E01,INCLUDE,2264:16,Revision preserved; not counted as an independent rule solely because REV differs.,SERVER-MAIL Sendmail SAML FROM prescan too long addresses overflow
2265,14,E01,INCLUDE,2265:14,Revision preserved; not counted as an independent rule solely because REV differs.,SERVER-MAIL Sendmail SOML FROM prescan too many addresses overflow
2266,16,E01,INCLUDE,2266:16,Revision preserved; not counted as an independent rule solely because REV differs.,SERVER-MAIL Sendmail SOML FROM prescan too long addresses overflow
2267,15,E01,INCLUDE,2267:15,Revision preserved; not counted as an independent rule solely because REV differs.,SERVER-MAIL Sendmail MAIL FROM prescan too many addresses overflow
2268,16,E01,INCLUDE,2268:16,Revision preserved; not counted as an independent rule solely because REV differs.,SERVER-MAIL Sendmail MAIL FROM prescan too long addresses overflow
2269,15,E01,INCLUDE,2269:15,Revision preserved; not counted as an independent rule solely because REV differs.,SERVER-MAIL Sendmail RCPT TO prescan too many addresses overflow
2270,18,E01,INCLUDE,2270:18,Revision preserved; not counted as an independent rule solely because REV differs.,SERVER-MAIL Sendmail RCPT TO prescan too long addresses overflow
2272,13,E01,INCLUDE,2272:13,Revision preserved; not counted as an independent rule solely because REV differs.,PROTOCOL-FTP LIST integer overflow attempt
2319,7,E01,INCLUDE,2319:7,Revision preserved; not counted as an independent rule solely because REV differs.,SERVER-OTHER ebola PASS overflow attempt
2320,7,E01,INCLUDE,2320:7,Revision preserved; not counted as an independent rule solely because REV differs.,SERVER-OTHER ebola USER overflow attempt
2329,15,E01,INCLUDE,2329:15,Revision preserved; not counted as an independent rule solely because REV differs.,SERVER-MSSQL probe response overflow attempt
2330,11,E01,INCLUDE,2330:11,Revision preserved; not counted as an independent rule solely because REV differs.,PROTOCOL-IMAP auth overflow attempt
2337,23,E01,INCLUDE,2337:23,Revision preserved; not counted as an independent rule solely because REV differs.,PROTOCOL-TFTP PUT filename overflow attempt
2338,35,E01,INCLUDE,2338:35,Revision preserved; not counted as an independent rule solely because REV differs.,PROTOCOL-FTP LIST buffer overflow attempt
2340,15,E01,INCLUDE,2340:15,Revision preserved; not counted as an independent rule solely because REV differs.,PROTOCOL-FTP SITE CHMOD overflow attempt
2341,13,E02,INCLUDE,2341:13,Revision preserved; not counted as an independent rule solely because REV differs.,SERVER-WEBAPP DCP-Portal remote file include editor script attempt
2342,13,E02,INCLUDE,2342:13,Revision preserved; not counted as an independent rule solely because REV differs.,SERVER-WEBAPP DCP-Portal remote file include lib script attempt
2343,14,E01,INCLUDE,2343:14,Revision preserved; not counted as an independent rule solely because REV differs.,PROTOCOL-FTP STOR overflow attempt
2344,12,E01,INCLUDE,2344:12,Revision preserved; not counted as an independent rule solely because REV differs.,PROTOCOL-FTP XCWD overflow attempt
2373,13,E01,INCLUDE,2373:13,Revision preserved; not counted as an independent rule solely because REV differs.,PROTOCOL-FTP XMKD overflow attempt
2374,19,E01,INCLUDE,2374:19,Revision preserved; not counted as an independent rule solely because REV differs.,PROTOCOL-FTP NLST overflow attempt
2376,9,E01;E02,INCLUDE,2376:9,Revision preserved; not counted as an independent rule solely because REV differs.,SERVER-OTHER ISAKMP first payload certificate request length overflow attempt
2377,9,E01;E02,INCLUDE,2377:9,Revision preserved; not counted as an independent rule solely because REV differs.,SERVER-OTHER ISAKMP second payload certificate request length overflow attempt
2378,10,E01;E02,INCLUDE,2378:10,Revision preserved; not counted as an independent rule solely because REV differs.,SERVER-OTHER ISAKMP third payload certificate request length overflow attempt
2379,10,E01;E02,INCLUDE,2379:10,Revision preserved; not counted as an independent rule solely because REV differs.,SERVER-OTHER ISAKMP forth payload certificate request length overflow attempt
2380,10,E01;E02,INCLUDE,2380:10,Revision preserved; not counted as an independent rule solely because REV differs.,SERVER-OTHER ISAKMP fifth payload certificate request length overflow attempt
2386,23,E01;E03,INCLUDE,2386:23,Revision preserved; not counted as an independent rule solely because REV differs.,SERVER-IIS NTLM ASN1 vulnerability scan attempt
2389,21,E01,INCLUDE,2389:21,Revision preserved; not counted as an independent rule solely because REV differs.,PROTOCOL-FTP RNTO overflow attempt
2390,12,E01,INCLUDE,2390:12,Revision preserved; not counted as an independent rule solely because REV differs.,PROTOCOL-FTP STOU overflow attempt
2391,17,E01,INCLUDE,2391:17,Revision preserved; not counted as an independent rule solely because REV differs.,PROTOCOL-FTP APPE overflow attempt
2392,22,E01,INCLUDE,2392:22,Revision preserved; not counted as an independent rule solely because REV differs.,PROTOCOL-FTP RETR overflow attempt
2396,16,E02,INCLUDE,2396:16,Revision preserved; not counted as an independent rule solely because REV differs.,SERVER-WEBAPP CCBill whereami.cgi arbitrary command execution attempt
2401,13,E01;E04,INCLUDE,2401:13,Revision preserved; not counted as an independent rule solely because REV differs.,NETBIOS SMB Session Setup andx username overflow attempt
2402,10,E01;E04,INCLUDE,2402:10,Revision preserved; not counted as an independent rule solely because REV differs.,NETBIOS SMB-DS Session Setup andx username overflow attempt
2403,14,E01;E04,INCLUDE,2403:14,Revision preserved; not counted as an independent rule solely because REV differs.,NETBIOS SMB Session Setup unicode username overflow attempt
2404,11,E01;E04,INCLUDE,2404:11,Revision preserved; not counted as an independent rule solely because REV differs.,NETBIOS SMB-DS Session Setup unicode andx username overflow attempt
2409,11,E01,INCLUDE,2409:11,Revision preserved; not counted as an independent rule solely because REV differs.,PROTOCOL-POP APOP USER overflow attempt
2411,16,E01,INCLUDE,2411:16,Revision preserved; not counted as an independent rule solely because REV differs.,SERVER-WEBAPP RealNetworks RealSystem Server DESCRIBE buffer overflow attempt
2412,9,E01,INCLUDE,2412:9,Revision preserved; not counted as an independent rule solely because REV differs.,INDICATOR-COMPROMISE successful cross site scripting forced download attempt
2415,16,E02,INCLUDE,2415:16,Revision preserved; not counted as an independent rule solely because REV differs.,SERVER-OTHER ISAKMP second payload initial contact notification without SPI attempt
2424,13,E01,INCLUDE,2424:13,Revision preserved; not counted as an independent rule solely because REV differs.,PROTOCOL-NNTP sendsys overflow attempt
2425,13,E01,INCLUDE,2425:13,Revision preserved; not counted as an independent rule solely because REV differs.,PROTOCOL-NNTP senduuname overflow attempt
2426,13,E01,INCLUDE,2426:13,Revision preserved; not counted as an independent rule solely because REV differs.,PROTOCOL-NNTP version overflow attempt
2427,13,E01,INCLUDE,2427:13,Revision preserved; not counted as an independent rule solely because REV differs.,PROTOCOL-NNTP checkgroups overflow attempt
2428,13,E01,INCLUDE,2428:13,Revision preserved; not counted as an independent rule solely because REV differs.,PROTOCOL-NNTP ihave overflow attempt
2429,13,E01,INCLUDE,2429:13,Revision preserved; not counted as an independent rule solely because REV differs.,PROTOCOL-NNTP sendme overflow attempt
2430,15,E01,INCLUDE,2430:15,Revision preserved; not counted as an independent rule solely because REV differs.,PROTOCOL-NNTP newgroup overflow attempt
2431,15,E01,INCLUDE,2431:15,Revision preserved; not counted as an independent rule solely because REV differs.,PROTOCOL-NNTP rmgroup overflow attempt
2433,13,E01,INCLUDE,2433:13,Revision preserved; not counted as an independent rule solely because REV differs.,SERVER-WEBAPP MDaemon form2raw.cgi overflow attempt
2438,24,E01,INCLUDE,2438:24,Revision preserved; not counted as an independent rule solely because REV differs.,FILE-MULTIMEDIA RealNetworks RealPlayer playlist file URL overflow attempt
2439,24,E01,INCLUDE,2439:24,Revision preserved; not counted as an independent rule solely because REV differs.,FILE-MULTIMEDIA RealNetworks RealPlayer playlist http URL overflow attempt
2440,24,E01,INCLUDE,2440:24,Revision preserved; not counted as an independent rule solely because REV differs.,FILE-MULTIMEDIA RealNetworks RealPlayer playlist rtsp URL overflow attempt
2446,16,E01;E04,INCLUDE,2446:16,Revision preserved; not counted as an independent rule solely because REV differs.,SERVER-OTHER ICQ SRV_MULTI/SRV_META_USER overflow attempt - ISS Witty Worm
2449,12,E01,INCLUDE,2449:12,Revision preserved; not counted as an independent rule solely because REV differs.,PROTOCOL-FTP ALLO overflow attempt
2462,10,E01,INCLUDE,2462:10,Revision preserved; not counted as an independent rule solely because REV differs.,SERVER-OTHER Ethereal IGMP IGAP account overflow attempt
2463,10,E01,INCLUDE,2463:10,Revision preserved; not counted as an independent rule solely because REV differs.,SERVER-OTHER Ethereal IGMP IGAP message overflow attempt
2464,10,E01,INCLUDE,2464:10,Revision preserved; not counted as an independent rule solely because REV differs.,SERVER-OTHER Ethereal EIGRP prefix length overflow attempt
2474,10,E04,INCLUDE,2474:10,Revision preserved; not counted as an independent rule solely because REV differs.,NETBIOS SMB-DS ADMIN$ share access
2486,14,E02,INCLUDE,2486:14,Revision preserved; not counted as an independent rule solely because REV differs.,SERVER-OTHER ISAKMP invalid identification payload attempt
2487,17,E01,INCLUDE,2487:17,Revision preserved; not counted as an independent rule solely because REV differs.,SERVER-MAIL WinZip MIME content-type buffer overflow
2488,18,E01,INCLUDE,2488:18,Revision preserved; not counted as an independent rule solely because REV differs.,SERVER-MAIL WinZip MIME content-disposition buffer overflow
2489,9,E01,INCLUDE,2489:9,Revision preserved; not counted as an independent rule solely because REV differs.,SERVER-OTHER esignal STREAMQUOTE buffer overflow attempt
2490,7,E01,INCLUDE,2490:7,Revision preserved; not counted as an independent rule solely because REV differs.,SERVER-OTHER esignal SNAPQUOTE buffer overflow attempt
2508,24,E01,INCLUDE,2508:24,Revision preserved; not counted as an independent rule solely because REV differs.,OS-WINDOWS DCERPC NCACN-IP-TCP lsass DsRolerUpgradeDownlevelServer overflow attempt
2511,22,E01,INCLUDE,2511:22,Revision preserved; not counted as an independent rule solely because REV differs.,OS-WINDOWS DCERPC NCADG-IP-UDP lsass DsRolerUpgradeDownlevelServer overflow attempt
2545,7,E01,INCLUDE,2545:7,Revision preserved; not counted as an independent rule solely because REV differs.,SERVER-OTHER AFP FPLoginExt username buffer overflow attempt
2546,14,E01,INCLUDE,2546:14,Revision preserved; not counted as an independent rule solely because REV differs.,PROTOCOL-FTP MDTM overflow attempt
2547,11,E01,INCLUDE,2547:11,Revision preserved; not counted as an independent rule solely because REV differs.,SERVER-OTHER HP Web JetAdmin remote file upload attempt
2548,10,E01,INCLUDE,2548:10,Revision preserved; not counted as an independent rule solely because REV differs.,SERVER-OTHER HP Web JetAdmin setinfo access attempt
2549,7,E01,INCLUDE,2549:7,Revision preserved; not counted as an independent rule solely because REV differs.,SERVER-OTHER HP Web JetAdmin file write attempt
2550,10,E01,INCLUDE,2550:10,Revision preserved; not counted as an independent rule solely because REV differs.,FILE-OTHER Nullsoft Winamp XM file buffer overflow attempt
2551,8,E01,INCLUDE,2551:8,Revision preserved; not counted as an independent rule solely because REV differs.,SERVER-OTHER Oracle Web Cache GET overflow attempt
2552,8,E01,INCLUDE,2552:8,Revision preserved; not counted as an independent rule solely because REV differs.,SERVER-OTHER Oracle Web Cache HEAD overflow attempt
2553,8,E01,INCLUDE,2553:8,Revision preserved; not counted as an independent rule solely because REV differs.,SERVER-OTHER Oracle Web Cache PUT overflow attempt
2554,8,E01,INCLUDE,2554:8,Revision preserved; not counted as an independent rule solely because REV differs.,SERVER-OTHER Oracle Web Cache POST overflow attempt
2555,8,E01,INCLUDE,2555:8,Revision preserved; not counted as an independent rule solely because REV differs.,SERVER-OTHER Oracle Web Cache TRACE overflow attempt
2556,8,E01,INCLUDE,2556:8,Revision preserved; not counted as an independent rule solely because REV differs.,SERVER-OTHER Oracle Web Cache DELETE overflow attempt
2557,8,E01,INCLUDE,2557:8,Revision preserved; not counted as an independent rule solely because REV differs.,SERVER-OTHER Oracle Web Cache LOCK overflow attempt
2558,8,E01,INCLUDE,2558:8,Revision preserved; not counted as an independent rule solely because REV differs.,SERVER-OTHER Oracle Web Cache MKCOL overflow attempt
2559,8,E01,INCLUDE,2559:8,Revision preserved; not counted as an independent rule solely because REV differs.,SERVER-OTHER Oracle Web Cache COPY overflow attempt
2560,8,E01,INCLUDE,2560:8,Revision preserved; not counted as an independent rule solely because REV differs.,SERVER-OTHER Oracle Web Cache MOVE overflow attempt
2561,8,E01,INCLUDE,2561:8,Revision preserved; not counted as an independent rule solely because REV differs.,SERVER-OTHER rsync backup-dir directory traversal attempt
2563,8,E01,INCLUDE,2563:8,Revision preserved; not counted as an independent rule solely because REV differs.,NETBIOS NS lookup response name overflow attempt
2572,12,E01,INCLUDE,2572:12,Revision preserved; not counted as an independent rule solely because REV differs.,SERVER-IIS SmarterTools SmarterMail login.aspx buffer overflow attempt
2576,9,E01,INCLUDE,2576:9,Revision preserved; not counted as an independent rule solely because REV differs.,SERVER-ORACLE dbms_repcat.generate_replication_support buffer overflow attempt
2582,18,E01,INCLUDE,2582:18,Revision preserved; not counted as an independent rule solely because REV differs.,OS-WINDOWS SAP Crystal Reports crystalImageHandler.asp directory traversal attempt
2583,9,E01,INCLUDE,2583:9,Revision preserved; not counted as an independent rule solely because REV differs.,SERVER-OTHER CVS Max-dotdot integer overflow attempt
2584,10,E01,INCLUDE,2584:10,Revision preserved; not counted as an independent rule solely because REV differs.,SERVER-OTHER eMule buffer overflow attempt
2597,16,E01,INCLUDE,2597:16,Revision preserved; not counted as an independent rule solely because REV differs.,SERVER-WEBAPP Samba SWAT Authorization overflow attempt
2598,14,E01,INCLUDE,2598:14,Revision preserved; not counted as an independent rule solely because REV differs.,SERVER-WEBAPP Samba SWAT Authorization port 901 overflow attempt
2599,7,E01,INCLUDE,2599:7,Revision preserved; not counted as an independent rule solely because REV differs.,SERVER-ORACLE dbms_repcat.add_grouped_column buffer overflow attempt
2601,7,E01,INCLUDE,2601:7,Revision preserved; not counted as an independent rule solely because REV differs.,SERVER-ORACLE dbms_repcat.drop_master_repgroup buffer overflow attempt
2603,7,E01,INCLUDE,2603:7,Revision preserved; not counted as an independent rule solely because REV differs.,SERVER-ORACLE dbms_repcat.create_mview_repgroup buffer overflow attempt
2605,7,E01,INCLUDE,2605:7,Revision preserved; not counted as an independent rule solely because REV differs.,SERVER-ORACLE dbms_repcat.compare_old_values buffer overflow attempt
2606,7,E01,INCLUDE,2606:7,Revision preserved; not counted as an independent rule solely because REV differs.,SERVER-ORACLE dbms_repcat.comment_on_repobject buffer overflow attempt
2608,7,E01,INCLUDE,2608:7,Revision preserved; not counted as an independent rule solely because REV differs.,SERVER-ORACLE sysdbms_repcat_rgt.check_ddl_text buffer overflow attempt
2609,7,E01,INCLUDE,2609:7,Revision preserved; not counted as an independent rule solely because REV differs.,SERVER-ORACLE dbms_repcat.cancel_statistics buffer overflow attempt
2611,12,E01,INCLUDE,2611:12,Revision preserved; not counted as an independent rule solely because REV differs.,SERVER-ORACLE LINK metadata buffer overflow attempt
2612,5,E01,INCLUDE,2612:5,Revision preserved; not counted as an independent rule solely because REV differs.,SERVER-ORACLE sys.dbms_repcat_auth.revoke_surrogate_repcat buffer overflow attempt
2614,6,E01,INCLUDE,2614:6,Revision preserved; not counted as an independent rule solely because REV differs.,SERVER-ORACLE time_zone buffer overflow attempt
2615,5,E01,INCLUDE,2615:5,Revision preserved; not counted as an independent rule solely because REV differs.,SERVER-ORACLE sys.dbms_repcat_auth.grant_surrogate_repcat buffer overflow attempt
2617,5,E01,INCLUDE,2617:5,Revision preserved; not counted as an independent rule solely because REV differs.,SERVER-ORACLE sys.dbms_repcat.alter_mview_propagation buffer overflow attempt
2619,5,E01,INCLUDE,2619:5,Revision preserved; not counted as an independent rule solely because REV differs.,SERVER-ORACLE dbms_repcat.alter_master_repobject buffer overflow attempt
2621,5,E01,INCLUDE,2621:5,Revision preserved; not counted as an independent rule solely because REV differs.,SERVER-ORACLE dbms_repcat_sna_utl.register_flavor_change buffer overflow attempt
2624,5,E01,INCLUDE,2624:5,Revision preserved; not counted as an independent rule solely because REV differs.,SERVER-ORACLE dbms_repcat_admin.unregister_user_repgroup buffer overflow attempt
2626,5,E01,INCLUDE,2626:5,Revision preserved; not counted as an independent rule solely because REV differs.,SERVER-ORACLE dbms_repcat.send_old_values buffer overflow attempt
2627,5,E01,INCLUDE,2627:5,Revision preserved; not counted as an independent rule solely because REV differs.,SERVER-ORACLE dbms_repcat.repcat_import_check buffer overflow attempt
2629,5,E01,INCLUDE,2629:5,Revision preserved; not counted as an independent rule solely because REV differs.,SERVER-ORACLE dbms_repcat_admin.register_user_repgroup buffer overflow attempt
2633,7,E01,INCLUDE,2633:7,Revision preserved; not counted as an independent rule solely because REV differs.,SERVER-ORACLE sys.dbms_rectifier_diff.rectify buffer overflow attempt
2637,5,E01,INCLUDE,2637:5,Revision preserved; not counted as an independent rule solely because REV differs.,SERVER-ORACLE dbms_repcat.drop_master_repobject buffer overflow attempt
2639,5,E01,INCLUDE,2639:5,Revision preserved; not counted as an independent rule solely because REV differs.,SERVER-ORACLE dbms_repcat.drop_mview_repgroup buffer overflow attempt
2641,6,E01,INCLUDE,2641:6,Revision preserved; not counted as an independent rule solely because REV differs.,SERVER-ORACLE dbms_repcat_instantiate.drop_site_instantiation buffer overflow attempt
2643,5,E01,INCLUDE,2643:5,Revision preserved; not counted as an independent rule solely because REV differs.,SERVER-ORACLE sys.dbms_repcat_fla.ensure_not_published buffer overflow attempt
2644,4,E01,INCLUDE,2644:4,Revision preserved; not counted as an independent rule solely because REV differs.,SERVER-ORACLE from_tz buffer overflow attempt
2645,5,E01,INCLUDE,2645:5,Revision preserved; not counted as an independent rule solely because REV differs.,SERVER-ORACLE dbms_repcat_instantiate.instantiate_offline buffer overflow attempt
2649,8,E01,INCLUDE,2649:8,Revision preserved; not counted as an independent rule solely because REV differs.,SERVER-ORACLE Oracle 9i TNS Listener SERVICE_NAME Remote Buffer Overflow attempt
2650,6,E01,INCLUDE,2650:6,Revision preserved; not counted as an independent rule solely because REV differs.,SERVER-ORACLE user name buffer overflow attempt
2651,6,E01,INCLUDE,2651:6,Revision preserved; not counted as an independent rule solely because REV differs.,SERVER-ORACLE NUMTODSINTERVAL/NUMTOYMINTERVAL buffer overflow attempt
2652,6,E01,INCLUDE,2652:6,Revision preserved; not counted as an independent rule solely because REV differs.,SERVER-ORACLE dbms_offline_og.begin_load buffer overflow attempt
2655,8,E02,INCLUDE,2655:8,Revision preserved; not counted as an independent rule solely because REV differs.,SERVER-OTHER HP Web JetAdmin ExecuteFile admin access
2656,22,E01,INCLUDE,2656:22,Revision preserved; not counted as an independent rule solely because REV differs.,SERVER-WEBAPP SSLv2 Client_Hello Challenge Length overflow attempt
2657,20,E01,INCLUDE,2657:20,Revision preserved; not counted as an independent rule solely because REV differs.,SERVER-WEBAPP SSLv2 Client_Hello with pad Challenge Length overflow attempt
2663,16,E01,INCLUDE,2663:16,Revision preserved; not counted as an independent rule solely because REV differs.,SERVER-WEBAPP Ipswitch WhatsUpGold instancename overflow attempt
2671,18,E01,INCLUDE,2671:18,Revision preserved; not counted as an independent rule solely because REV differs.,BROWSER-IE Microsoft Internet Explorer bitmap BitmapOffset integer overflow attempt
2673,13,E01,INCLUDE,2673:13,Revision preserved; not counted as an independent rule solely because REV differs.,FILE-IMAGE libpng tRNS overflow attempt
2674,4,E01,INCLUDE,2674:4,Revision preserved; not counted as an independent rule solely because REV differs.,SERVER-ORACLE dbms_repcat.add_delete_resolution buffer overflow attempt
2675,4,E01,INCLUDE,2675:4,Revision preserved; not counted as an independent rule solely because REV differs.,SERVER-ORACLE dbms_repcat_rgt.instantiate_offline buffer overflow attempt
2677,4,E01,INCLUDE,2677:4,Revision preserved; not counted as an independent rule solely because REV differs.,SERVER-ORACLE dbms_repcat_rgt.instantiate_online buffer overflow attempt
2678,4,E01,INCLUDE,2678:4,Revision preserved; not counted as an independent rule solely because REV differs.,SERVER-ORACLE ctx_output.start_log buffer overflow attempt
2679,4,E01,INCLUDE,2679:4,Revision preserved; not counted as an independent rule solely because REV differs.,SERVER-ORACLE sys.dbms_system.ksdwrt buffer overflow attempt
2680,4,E01,INCLUDE,2680:4,Revision preserved; not counted as an independent rule solely because REV differs.,SERVER-ORACLE ctxsys.driddlr.subindexpopulate buffer overflow attempt
2681,4,E01,INCLUDE,2681:4,Revision preserved; not counted as an independent rule solely because REV differs.,SERVER-ORACLE mdsys.sdo_admin.sdo_code_size buffer overflow attempt
2682,4,E01,INCLUDE,2682:4,Revision preserved; not counted as an independent rule solely because REV differs.,SERVER-ORACLE mdsys.md2.validate_geom buffer overflow attempt
2683,4,E01,INCLUDE,2683:4,Revision preserved; not counted as an independent rule solely because REV differs.,SERVER-ORACLE mdsys.md2.sdo_code_size buffer overflow attempt
2684,4,E01,INCLUDE,2684:4,Revision preserved; not counted as an independent rule solely because REV differs.,SERVER-ORACLE sys.ltutil.pushdeferredtxns buffer overflow attempt
2685,4,E01,INCLUDE,2685:4,Revision preserved; not counted as an independent rule solely because REV differs.,SERVER-ORACLE sys.dbms_repcat_rq.add_column buffer overflow attempt
2686,9,E01,INCLUDE,2686:9,Revision preserved; not counted as an independent rule solely because REV differs.,SERVER-ORACLE sys.dbms_rectifier_diff.differences buffer overflow attempt
2687,4,E01,INCLUDE,2687:4,Revision preserved; not counted as an independent rule solely because REV differs.,SERVER-ORACLE sys.dbms_internal_repcat.validate buffer overflow attempt
2688,4,E01,INCLUDE,2688:4,Revision preserved; not counted as an independent rule solely because REV differs.,SERVER-ORACLE sys.dbms_internal_repcat.enable_receiver_trace buffer overflow attempt
2689,4,E01,INCLUDE,2689:4,Revision preserved; not counted as an independent rule solely because REV differs.,SERVER-ORACLE sys.dbms_internal_repcat.disable_receiver_trace buffer overflow attempt
2690,4,E01,INCLUDE,2690:4,Revision preserved; not counted as an independent rule solely because REV differs.,SERVER-ORACLE sys.dbms_defer_repcat.enable_propagation_to_dblink buffer overflow attempt
2691,4,E01,INCLUDE,2691:4,Revision preserved; not counted as an independent rule solely because REV differs.,SERVER-ORACLE sys.dbms_defer_internal_sys.parallel_push_recovery buffer overflow attempt
2692,4,E01,INCLUDE,2692:4,Revision preserved; not counted as an independent rule solely because REV differs.,SERVER-ORACLE sys.dbms_aqadm_sys.verify_queue_types buffer overflow attempt
2693,4,E01,INCLUDE,2693:4,Revision preserved; not counted as an independent rule solely because REV differs.,SERVER-ORACLE sys.dbms_aqadm.verify_queue_types_no_queue buffer overflow attempt
2694,4,E01,INCLUDE,2694:4,Revision preserved; not counted as an independent rule solely because REV differs.,SERVER-ORACLE sys.dbms_aqadm.verify_queue_types_get_nrp buffer overflow attempt
2695,4,E01,INCLUDE,2695:4,Revision preserved; not counted as an independent rule solely because REV differs.,SERVER-ORACLE sys.dbms_aq_import_internal.aq_table_defn_update buffer overflow attempt
2696,4,E01,INCLUDE,2696:4,Revision preserved; not counted as an independent rule solely because REV differs.,SERVER-ORACLE sys.dbms_repcat_utl.is_master buffer overflow attempt
2697,4,E01,INCLUDE,2697:4,Revision preserved; not counted as an independent rule solely because REV differs.,SERVER-ORACLE alter file buffer overflow attempt
2698,4,E01,INCLUDE,2698:4,Revision preserved; not counted as an independent rule solely because REV differs.,SERVER-ORACLE create file buffer overflow attempt
2699,5,E01,INCLUDE,2699:5,Revision preserved; not counted as an independent rule solely because REV differs.,SERVER-ORACLE TO_CHAR buffer overflow attempt
2701,11,E01,INCLUDE,2701:11,Revision preserved; not counted as an independent rule solely because REV differs.,SERVER-WEBAPP Oracle iSQLPlus sid overflow attempt
2702,11,E01,INCLUDE,2702:11,Revision preserved; not counted as an independent rule solely because REV differs.,SERVER-WEBAPP Oracle iSQLPlus username overflow attempt
2703,11,E01,INCLUDE,2703:11,Revision preserved; not counted as an independent rule solely because REV differs.,SERVER-WEBAPP Oracle iSQLPlus login.uix username overflow attempt
2704,12,E01,INCLUDE,2704:12,Revision preserved; not counted as an independent rule solely because REV differs.,SERVER-WEBAPP Oracle 10g iSQLPlus login.unix connectID overflow attempt
2705,18,E01,INCLUDE,2705:18,Revision preserved; not counted as an independent rule solely because REV differs.,FILE-IMAGE Microsoft Multiple Products JPEG parser heap overflow attempt
2707,14,E01,INCLUDE,2707:14,Revision preserved; not counted as an independent rule solely because REV differs.,FILE-IMAGE JPEG parser multipacket heap overflow attempt
2708,4,E01,INCLUDE,2708:4,Revision preserved; not counted as an independent rule solely because REV differs.,SERVER-ORACLE dbms_offline_og.begin_flavor_change buffer overflow attempt
2709,4,E01,INCLUDE,2709:4,Revision preserved; not counted as an independent rule solely because REV differs.,SERVER-ORACLE dbms_offline_og.begin_instantiation buffer overflow attempt
2711,4,E01,INCLUDE,2711:4,Revision preserved; not counted as an independent rule solely because REV differs.,SERVER-ORACLE dbms_offline_og.end_flavor_change buffer overflow attempt
2712,4,E01,INCLUDE,2712:4,Revision preserved; not counted as an independent rule solely because REV differs.,SERVER-ORACLE dbms_offline_og.end_instantiation buffer overflow attempt
2713,4,E01,INCLUDE,2713:4,Revision preserved; not counted as an independent rule solely because REV differs.,SERVER-ORACLE dbms_offline_og.end_load buffer overflow attempt
2714,4,E01,INCLUDE,2714:4,Revision preserved; not counted as an independent rule solely because REV differs.,SERVER-ORACLE dbms_offline_og.resume_subset_of_masters buffer overflow attempt
2715,4,E01,INCLUDE,2715:4,Revision preserved; not counted as an independent rule solely because REV differs.,SERVER-ORACLE dbms_offline_snapshot.begin_load buffer overflow attempt
2716,5,E01,INCLUDE,2716:5,Revision preserved; not counted as an independent rule solely because REV differs.,SERVER-ORACLE dbms_offline_snapshot.end_load buffer overflow attempt
2717,5,E01,INCLUDE,2717:5,Revision preserved; not counted as an independent rule solely because REV differs.,SERVER-ORACLE dbms_rectifier_diff.differences buffer overflow attempt
2718,4,E01,INCLUDE,2718:4,Revision preserved; not counted as an independent rule solely because REV differs.,SERVER-ORACLE dbms_rectifier_diff.rectify buffer overflow attempt
2719,4,E01,INCLUDE,2719:4,Revision preserved; not counted as an independent rule solely because REV differs.,SERVER-ORACLE dbms_repcat.abort_flavor_definition buffer overflow attempt
2720,4,E01,INCLUDE,2720:4,Revision preserved; not counted as an independent rule solely because REV differs.,SERVER-ORACLE dbms_repcat.add_column_group_to_flavor buffer overflow attempt
2721,4,E01,INCLUDE,2721:4,Revision preserved; not counted as an independent rule solely because REV differs.,SERVER-ORACLE dbms_repcat.add_columns_to_flavor buffer overflow attempt
2722,4,E01,INCLUDE,2722:4,Revision preserved; not counted as an independent rule solely because REV differs.,SERVER-ORACLE dbms_repcat.add_object_to_flavor buffer overflow attempt
2723,4,E01,INCLUDE,2723:4,Revision preserved; not counted as an independent rule solely because REV differs.,SERVER-ORACLE dbms_repcat.add_priority_char buffer overflow attempt
2724,4,E01,INCLUDE,2724:4,Revision preserved; not counted as an independent rule solely because REV differs.,SERVER-ORACLE dbms_repcat.add_priority_date buffer overflow attempt
2725,4,E01,INCLUDE,2725:4,Revision preserved; not counted as an independent rule solely because REV differs.,SERVER-ORACLE dbms_repcat.add_priority_nchar buffer overflow attempt
2726,4,E01,INCLUDE,2726:4,Revision preserved; not counted as an independent rule solely because REV differs.,SERVER-ORACLE dbms_repcat.add_priority_number buffer overflow attempt
2727,4,E01,INCLUDE,2727:4,Revision preserved; not counted as an independent rule solely because REV differs.,SERVER-ORACLE dbms_repcat.add_priority_nvarchar2 buffer overflow attempt
2728,4,E01,INCLUDE,2728:4,Revision preserved; not counted as an independent rule solely because REV differs.,SERVER-ORACLE dbms_repcat.add_priority_raw buffer overflow attempt
2729,4,E01,INCLUDE,2729:4,Revision preserved; not counted as an independent rule solely because REV differs.,SERVER-ORACLE dbms_repcat.add_priority_varchar2 buffer overflow attempt
2730,4,E01,INCLUDE,2730:4,Revision preserved; not counted as an independent rule solely because REV differs.,SERVER-ORACLE dbms_repcat.add_site_priority_site buffer overflow attempt
2731,4,E01,INCLUDE,2731:4,Revision preserved; not counted as an independent rule solely because REV differs.,SERVER-ORACLE dbms_repcat.add_unique_resolution buffer overflow attempt
2732,4,E01,INCLUDE,2732:4,Revision preserved; not counted as an independent rule solely because REV differs.,SERVER-ORACLE dbms_repcat.add_update_resolution buffer overflow attempt
2733,4,E01,INCLUDE,2733:4,Revision preserved; not counted as an independent rule solely because REV differs.,SERVER-ORACLE dbms_repcat.alter_master_propagation buffer overflow attempt
2734,4,E01,INCLUDE,2734:4,Revision preserved; not counted as an independent rule solely because REV differs.,SERVER-ORACLE dbms_repcat.alter_mview_propagation buffer overflow attempt
2735,4,E01,INCLUDE,2735:4,Revision preserved; not counted as an independent rule solely because REV differs.,SERVER-ORACLE dbms_repcat.alter_priority_char buffer overflow attempt
2736,4,E01,INCLUDE,2736:4,Revision preserved; not counted as an independent rule solely because REV differs.,SERVER-ORACLE dbms_repcat.alter_priority_date buffer overflow attempt
2737,4,E01,INCLUDE,2737:4,Revision preserved; not counted as an independent rule solely because REV differs.,SERVER-ORACLE dbms_repcat.alter_priority_nchar buffer overflow attempt
2738,4,E01,INCLUDE,2738:4,Revision preserved; not counted as an independent rule solely because REV differs.,SERVER-ORACLE dbms_repcat.alter_priority_number buffer overflow attempt
2739,4,E01,INCLUDE,2739:4,Revision preserved; not counted as an independent rule solely because REV differs.,SERVER-ORACLE dbms_repcat.alter_priority_nvarchar2 buffer overflow attempt
2740,6,E01,INCLUDE,2740:6,Revision preserved; not counted as an independent rule solely because REV differs.,SERVER-ORACLE dbms_repcat.alter_priority_raw buffer overflow attempt
2741,6,E01,INCLUDE,2741:6,Revision preserved; not counted as an independent rule solely because REV differs.,SERVER-ORACLE dbms_repcat.alter_priority buffer overflow attempt
2742,6,E01,INCLUDE,2742:6,Revision preserved; not counted as an independent rule solely because REV differs.,SERVER-ORACLE dbms_repcat.alter_priority_varchar2 buffer overflow attempt
2743,6,E01,INCLUDE,2743:6,Revision preserved; not counted as an independent rule solely because REV differs.,SERVER-ORACLE dbms_repcat.alter_site_priority_site buffer overflow attempt
2744,6,E01,INCLUDE,2744:6,Revision preserved; not counted as an independent rule solely because REV differs.,SERVER-ORACLE dbms_repcat.alter_site_priority buffer overflow attempt
2745,6,E01,INCLUDE,2745:6,Revision preserved; not counted as an independent rule solely because REV differs.,SERVER-ORACLE dbms_repcat.alter_snapshot_propagation buffer overflow attempt
2746,6,E01,INCLUDE,2746:6,Revision preserved; not counted as an independent rule solely because REV differs.,SERVER-ORACLE dbms_repcat_auth.revoke_surrogate_repcat buffer overflow attempt
2747,6,E01,INCLUDE,2747:6,Revision preserved; not counted as an independent rule solely because REV differs.,SERVER-ORACLE dbms_repcat.begin_flavor_definition buffer overflow attempt
2748,6,E01,INCLUDE,2748:6,Revision preserved; not counted as an independent rule solely because REV differs.,SERVER-ORACLE dbms_repcat.comment_on_column_group buffer overflow attempt
2749,6,E01,INCLUDE,2749:6,Revision preserved; not counted as an independent rule solely because REV differs.,SERVER-ORACLE dbms_repcat.comment_on_delete_resolution buffer overflow attempt
2750,4,E01,INCLUDE,2750:4,Revision preserved; not counted as an independent rule solely because REV differs.,SERVER-ORACLE dbms_repcat.comment_on_mview_repsites buffer overflow attempt
2751,4,E01,INCLUDE,2751:4,Revision preserved; not counted as an independent rule solely because REV differs.,SERVER-ORACLE dbms_repcat.comment_on_priority_group buffer overflow attempt
2752,4,E01,INCLUDE,2752:4,Revision preserved; not counted as an independent rule solely because REV differs.,SERVER-ORACLE dbms_repcat.comment_on_repgroup buffer overflow attempt
2753,4,E01,INCLUDE,2753:4,Revision preserved; not counted as an independent rule solely because REV differs.,SERVER-ORACLE dbms_repcat.comment_on_repsites buffer overflow attempt
2754,4,E01,INCLUDE,2754:4,Revision preserved; not counted as an independent rule solely because REV differs.,SERVER-ORACLE dbms_repcat.comment_on_site_priority buffer overflow attempt
2755,4,E01,INCLUDE,2755:4,Revision preserved; not counted as an independent rule solely because REV differs.,SERVER-ORACLE dbms_repcat.comment_on_unique_resolution buffer overflow attempt
2756,4,E01,INCLUDE,2756:4,Revision preserved; not counted as an independent rule solely because REV differs.,SERVER-ORACLE dbms_repcat.comment_on_update_resolution buffer overflow attempt
2757,4,E01,INCLUDE,2757:4,Revision preserved; not counted as an independent rule solely because REV differs.,SERVER-ORACLE dbms_repcat.create_master_repgroup buffer overflow attempt
2758,4,E01,INCLUDE,2758:4,Revision preserved; not counted as an independent rule solely because REV differs.,SERVER-ORACLE dbms_repcat.create_master_repobject buffer overflow attempt
2759,4,E01,INCLUDE,2759:4,Revision preserved; not counted as an independent rule solely because REV differs.,SERVER-ORACLE dbms_repcat.create_snapshot_repgroup buffer overflow attempt
2760,4,E01,INCLUDE,2760:4,Revision preserved; not counted as an independent rule solely because REV differs.,SERVER-ORACLE dbms_repcat.define_column_group buffer overflow attempt
2761,4,E01,INCLUDE,2761:4,Revision preserved; not counted as an independent rule solely because REV differs.,SERVER-ORACLE dbms_repcat.define_priority_group buffer overflow attempt
2762,4,E01,INCLUDE,2762:4,Revision preserved; not counted as an independent rule solely because REV differs.,SERVER-ORACLE dbms_repcat.define_site_priority buffer overflow attempt
2763,4,E01,INCLUDE,2763:4,Revision preserved; not counted as an independent rule solely because REV differs.,SERVER-ORACLE dbms_repcat.do_deferred_repcat_admin buffer overflow attempt
2764,4,E01,INCLUDE,2764:4,Revision preserved; not counted as an independent rule solely because REV differs.,SERVER-ORACLE dbms_repcat.drop_column_group_from_flavor buffer overflow attempt
2765,4,E01,INCLUDE,2765:4,Revision preserved; not counted as an independent rule solely because REV differs.,SERVER-ORACLE dbms_repcat.drop_column_group buffer overflow attempt
2766,4,E01,INCLUDE,2766:4,Revision preserved; not counted as an independent rule solely because REV differs.,SERVER-ORACLE dbms_repcat.drop_columns_from_flavor buffer overflow attempt
2767,4,E01,INCLUDE,2767:4,Revision preserved; not counted as an independent rule solely because REV differs.,SERVER-ORACLE dbms_repcat.drop_delete_resolution buffer overflow attempt
2768,4,E01,INCLUDE,2768:4,Revision preserved; not counted as an independent rule solely because REV differs.,SERVER-ORACLE dbms_repcat.drop_grouped_column buffer overflow attempt
2769,4,E01,INCLUDE,2769:4,Revision preserved; not counted as an independent rule solely because REV differs.,SERVER-ORACLE dbms_repcat.drop_mview_repobject buffer overflow attempt
2770,6,E01,INCLUDE,2770:6,Revision preserved; not counted as an independent rule solely because REV differs.,SERVER-ORACLE dbms_repcat.drop_object_from_flavor buffer overflow attempt
2771,6,E01,INCLUDE,2771:6,Revision preserved; not counted as an independent rule solely because REV differs.,SERVER-ORACLE dbms_repcat.drop_priority_char buffer overflow attempt
2772,6,E01,INCLUDE,2772:6,Revision preserved; not counted as an independent rule solely because REV differs.,SERVER-ORACLE dbms_repcat.drop_priority_date buffer overflow attempt
2773,6,E01,INCLUDE,2773:6,Revision preserved; not counted as an independent rule solely because REV differs.,SERVER-ORACLE dbms_repcat.drop_priority_nchar buffer overflow attempt
2774,6,E01,INCLUDE,2774:6,Revision preserved; not counted as an independent rule solely because REV differs.,SERVER-ORACLE dbms_repcat.drop_priority_number buffer overflow attempt
2775,6,E01,INCLUDE,2775:6,Revision preserved; not counted as an independent rule solely because REV differs.,SERVER-ORACLE dbms_repcat.drop_priority_nvarchar2 buffer overflow attempt
2776,6,E01,INCLUDE,2776:6,Revision preserved; not counted as an independent rule solely because REV differs.,SERVER-ORACLE dbms_repcat.drop_priority_raw buffer overflow attempt
2777,6,E01,INCLUDE,2777:6,Revision preserved; not counted as an independent rule solely because REV differs.,SERVER-ORACLE dbms_repcat.drop_priority buffer overflow attempt
2778,6,E01,INCLUDE,2778:6,Revision preserved; not counted as an independent rule solely because REV differs.,SERVER-ORACLE dbms_repcat.drop_priority_varchar2 buffer overflow attempt
2779,6,E01,INCLUDE,2779:6,Revision preserved; not counted as an independent rule solely because REV differs.,SERVER-ORACLE dbms_repcat.drop_site_priority_site buffer overflow attempt
2780,4,E01,INCLUDE,2780:4,Revision preserved; not counted as an independent rule solely because REV differs.,SERVER-ORACLE dbms_repcat.drop_site_priority buffer overflow attempt
2781,4,E01,INCLUDE,2781:4,Revision preserved; not counted as an independent rule solely because REV differs.,SERVER-ORACLE dbms_repcat.drop_snapshot_repgroup buffer overflow attempt
2782,4,E01,INCLUDE,2782:4,Revision preserved; not counted as an independent rule solely because REV differs.,SERVER-ORACLE dbms_repcat.drop_snapshot_repobject buffer overflow attempt
2783,4,E01,INCLUDE,2783:4,Revision preserved; not counted as an independent rule solely because REV differs.,SERVER-ORACLE dbms_repcat.drop_unique_resolution buffer overflow attempt
2784,4,E01,INCLUDE,2784:4,Revision preserved; not counted as an independent rule solely because REV differs.,SERVER-ORACLE dbms_repcat.drop_update_resolution buffer overflow attempt
2785,4,E01,INCLUDE,2785:4,Revision preserved; not counted as an independent rule solely because REV differs.,SERVER-ORACLE dbms_repcat.execute_ddl buffer overflow attempt
2786,4,E01,INCLUDE,2786:4,Revision preserved; not counted as an independent rule solely because REV differs.,SERVER-ORACLE dbms_repcat.generate_replication_package buffer overflow attempt
2787,4,E01,INCLUDE,2787:4,Revision preserved; not counted as an independent rule solely because REV differs.,SERVER-ORACLE dbms_repcat_instantiate.instantiate_online buffer overflow attempt
2788,4,E01,INCLUDE,2788:4,Revision preserved; not counted as an independent rule solely because REV differs.,SERVER-ORACLE dbms_repcat.make_column_group buffer overflow attempt
2789,4,E01,INCLUDE,2789:4,Revision preserved; not counted as an independent rule solely because REV differs.,SERVER-ORACLE dbms_repcat.obsolete_flavor_definition buffer overflow attempt
2790,4,E01,INCLUDE,2790:4,Revision preserved; not counted as an independent rule solely because REV differs.,SERVER-ORACLE dbms_repcat.publish_flavor_definition buffer overflow attempt
2791,4,E01,INCLUDE,2791:4,Revision preserved; not counted as an independent rule solely because REV differs.,SERVER-ORACLE dbms_repcat.purge_flavor_definition buffer overflow attempt
2792,4,E01,INCLUDE,2792:4,Revision preserved; not counted as an independent rule solely because REV differs.,SERVER-ORACLE dbms_repcat.purge_master_log buffer overflow attempt
2793,4,E01,INCLUDE,2793:4,Revision preserved; not counted as an independent rule solely because REV differs.,SERVER-ORACLE dbms_repcat.purge_statistics buffer overflow attempt
2794,5,E01,INCLUDE,2794:5,Revision preserved; not counted as an independent rule solely because REV differs.,SERVER-ORACLE dbms_repcat.refresh_mview_repgroup buffer overflow attempt
2795,4,E01,INCLUDE,2795:4,Revision preserved; not counted as an independent rule solely because REV differs.,SERVER-ORACLE dbms_repcat.refresh_snapshot_repgroup buffer overflow attempt
2796,4,E01,INCLUDE,2796:4,Revision preserved; not counted as an independent rule solely because REV differs.,SERVER-ORACLE dbms_repcat.register_mview_repgroup buffer overflow attempt
2797,4,E01,INCLUDE,2797:4,Revision preserved; not counted as an independent rule solely because REV differs.,SERVER-ORACLE dbms_repcat.register_snapshot_repgroup buffer overflow attempt
2798,4,E01,INCLUDE,2798:4,Revision preserved; not counted as an independent rule solely because REV differs.,SERVER-ORACLE dbms_repcat.register_statistics buffer overflow attempt
2799,4,E01,INCLUDE,2799:4,Revision preserved; not counted as an independent rule solely because REV differs.,SERVER-ORACLE dbms_repcat.relocate_masterdef buffer overflow attempt
2800,4,E01,INCLUDE,2800:4,Revision preserved; not counted as an independent rule solely because REV differs.,SERVER-ORACLE dbms_repcat.rename_shadow_column_group buffer overflow attempt
2801,4,E01,INCLUDE,2801:4,Revision preserved; not counted as an independent rule solely because REV differs.,SERVER-ORACLE dbms_repcat.resume_master_activity buffer overflow attempt
2802,4,E01,INCLUDE,2802:4,Revision preserved; not counted as an independent rule solely because REV differs.,SERVER-ORACLE dbms_repcat_rgt.check_ddl_text buffer overflow attempt
2803,4,E01,INCLUDE,2803:4,Revision preserved; not counted as an independent rule solely because REV differs.,SERVER-ORACLE dbms_repcat_rgt.drop_site_instantiation buffer overflow attempt
2804,4,E01,INCLUDE,2804:4,Revision preserved; not counted as an independent rule solely because REV differs.,SERVER-ORACLE dbms_repcat.send_and_compare_old_values buffer overflow attempt
2805,4,E01,INCLUDE,2805:4,Revision preserved; not counted as an independent rule solely because REV differs.,SERVER-ORACLE dbms_repcat.set_columns buffer overflow attempt
2806,4,E01,INCLUDE,2806:4,Revision preserved; not counted as an independent rule solely because REV differs.,SERVER-ORACLE dbms_repcat.set_local_flavor buffer overflow attempt
2807,4,E01,INCLUDE,2807:4,Revision preserved; not counted as an independent rule solely because REV differs.,SERVER-ORACLE dbms_repcat.specify_new_masters buffer overflow attempt
2808,4,E01,INCLUDE,2808:4,Revision preserved; not counted as an independent rule solely because REV differs.,SERVER-ORACLE dbms_repcat.suspend_master_activity buffer overflow attempt
2809,4,E01,INCLUDE,2809:4,Revision preserved; not counted as an independent rule solely because REV differs.,SERVER-ORACLE dbms_repcat.unregister_mview_repgroup buffer overflow attempt
2810,4,E01,INCLUDE,2810:4,Revision preserved; not counted as an independent rule solely because REV differs.,SERVER-ORACLE dbms_repcat.unregister_snapshot_repgroup buffer overflow attempt
2811,4,E01,INCLUDE,2811:4,Revision preserved; not counted as an independent rule solely because REV differs.,SERVER-ORACLE dbms_repcat.validate_flavor_definition buffer overflow attempt
2812,4,E01,INCLUDE,2812:4,Revision preserved; not counted as an independent rule solely because REV differs.,SERVER-ORACLE dbms_repcat.validate_for_local_flavor buffer overflow attempt
2813,4,E01,INCLUDE,2813:4,Revision preserved; not counted as an independent rule solely because REV differs.,SERVER-ORACLE sys.dbms_repcat_fla.abort_flavor_definition buffer overflow attempt
2814,4,E01,INCLUDE,2814:4,Revision preserved; not counted as an independent rule solely because REV differs.,SERVER-ORACLE sys.dbms_repcat_fla.add_object_to_flavor buffer overflow attempt
2815,4,E01,INCLUDE,2815:4,Revision preserved; not counted as an independent rule solely because REV differs.,SERVER-ORACLE sys.dbms_repcat_fla.begin_flavor_definition buffer overflow attempt
2816,4,E01,INCLUDE,2816:4,Revision preserved; not counted as an independent rule solely because REV differs.,SERVER-ORACLE sys.dbms_repcat_fla.drop_object_from_flavor buffer overflow attempt
2817,4,E01,INCLUDE,2817:4,Revision preserved; not counted as an independent rule solely because REV differs.,SERVER-ORACLE sys.dbms_repcat_fla_mas.add_column_group_to_flavor buffer overflow attempt
2818,4,E01,INCLUDE,2818:4,Revision preserved; not counted as an independent rule solely because REV differs.,SERVER-ORACLE sys.dbms_repcat_fla_mas.add_columns_to_flavor buffer overflow attempt
2819,4,E01,INCLUDE,2819:4,Revision preserved; not counted as an independent rule solely because REV differs.,SERVER-ORACLE sys.dbms_repcat_fla_mas.drop_column_group_from_flavor buffer overflow attempt
2820,4,E01,INCLUDE,2820:4,Revision preserved; not counted as an independent rule solely because REV differs.,SERVER-ORACLE sys.dbms_repcat_fla_mas.drop_columns_from_flavor buffer overflow attempt
2821,4,E01,INCLUDE,2821:4,Revision preserved; not counted as an independent rule solely because REV differs.,SERVER-ORACLE sys.dbms_repcat_fla_mas.obsolete_flavor_definition buffer overflow attempt
2822,4,E01,INCLUDE,2822:4,Revision preserved; not counted as an independent rule solely because REV differs.,SERVER-ORACLE sys.dbms_repcat_fla_mas.publish_flavor_definition buffer overflow attempt
2823,4,E01,INCLUDE,2823:4,Revision preserved; not counted as an independent rule solely because REV differs.,SERVER-ORACLE sys.dbms_repcat_fla_mas.purge_flavor_definition buffer overflow attempt
2824,4,E01,INCLUDE,2824:4,Revision preserved; not counted as an independent rule solely because REV differs.,SERVER-ORACLE sys.dbms_repcat_fla.set_local_flavor buffer overflow attempt
2825,4,E01,INCLUDE,2825:4,Revision preserved; not counted as an independent rule solely because REV differs.,SERVER-ORACLE sys.dbms_repcat_fla.validate_flavor_definition buffer overflow attempt
2826,4,E01,INCLUDE,2826:4,Revision preserved; not counted as an independent rule solely because REV differs.,SERVER-ORACLE sys.dbms_repcat_fla.validate_for_local_flavor buffer overflow attempt
2827,4,E01,INCLUDE,2827:4,Revision preserved; not counted as an independent rule solely because REV differs.,SERVER-ORACLE sys.dbms_repcat_mas.alter_master_repobject buffer overflow attempt
2828,4,E01,INCLUDE,2828:4,Revision preserved; not counted as an independent rule solely because REV differs.,SERVER-ORACLE sys.dbms_repcat_mas.comment_on_repgroup buffer overflow attempt
2829,4,E01,INCLUDE,2829:4,Revision preserved; not counted as an independent rule solely because REV differs.,SERVER-ORACLE sys.dbms_repcat_mas.comment_on_repobject buffer overflow attempt
2830,4,E01,INCLUDE,2830:4,Revision preserved; not counted as an independent rule solely because REV differs.,SERVER-ORACLE sys.dbms_repcat_mas.create_master_repgroup buffer overflow attempt
2831,4,E01,INCLUDE,2831:4,Revision preserved; not counted as an independent rule solely because REV differs.,SERVER-ORACLE sys.dbms_repcat_mas.create_master_repobject buffer overflow attempt
2832,4,E01,INCLUDE,2832:4,Revision preserved; not counted as an independent rule solely because REV differs.,SERVER-ORACLE sys.dbms_repcat_mas.do_deferred_repcat_admin buffer overflow attempt
2833,4,E01,INCLUDE,2833:4,Revision preserved; not counted as an independent rule solely because REV differs.,SERVER-ORACLE sys.dbms_repcat_mas.drop_master_repgroup buffer overflow attempt
2834,4,E01,INCLUDE,2834:4,Revision preserved; not counted as an independent rule solely because REV differs.,SERVER-ORACLE sys.dbms_repcat_mas.generate_replication_package buffer overflow attempt
2835,4,E01,INCLUDE,2835:4,Revision preserved; not counted as an independent rule solely because REV differs.,SERVER-ORACLE sys.dbms_repcat_mas.purge_master_log buffer overflow attempt
2836,4,E01,INCLUDE,2836:4,Revision preserved; not counted as an independent rule solely because REV differs.,SERVER-ORACLE sys.dbms_repcat_mas.relocate_masterdef buffer overflow attempt
2837,4,E01,INCLUDE,2837:4,Revision preserved; not counted as an independent rule solely because REV differs.,SERVER-ORACLE sys.dbms_repcat_mas.rename_shadow_column_group buffer overflow attempt
2838,4,E01,INCLUDE,2838:4,Revision preserved; not counted as an independent rule solely because REV differs.,SERVER-ORACLE sys.dbms_repcat_mas.resume_master_activity buffer overflow attempt
2839,4,E01,INCLUDE,2839:4,Revision preserved; not counted as an independent rule solely because REV differs.,SERVER-ORACLE sys.dbms_repcat_mas.suspend_master_activity buffer overflow attempt
2840,4,E01,INCLUDE,2840:4,Revision preserved; not counted as an independent rule solely because REV differs.,SERVER-ORACLE sys.dbms_repcat_sna_utl.alter_snapshot_propagation buffer overflow attempt
2841,5,E01,INCLUDE,2841:5,Revision preserved; not counted as an independent rule solely because REV differs.,SERVER-ORACLE sys.dbms_repcat_sna_utl.create_snapshot_repgroup buffer overflow attempt
2842,4,E01,INCLUDE,2842:4,Revision preserved; not counted as an independent rule solely because REV differs.,SERVER-ORACLE sys.dbms_repcat_sna_utl.drop_snapshot_repgroup buffer overflow attempt
2843,4,E01,INCLUDE,2843:4,Revision preserved; not counted as an independent rule solely because REV differs.,SERVER-ORACLE sys.dbms_repcat_sna_utl.drop_snapshot_repobject buffer overflow attempt
2844,4,E01,INCLUDE,2844:4,Revision preserved; not counted as an independent rule solely because REV differs.,SERVER-ORACLE sys.dbms_repcat_sna_utl.refresh_snapshot_repgroup buffer overflow attempt
2845,4,E01,INCLUDE,2845:4,Revision preserved; not counted as an independent rule solely because REV differs.,SERVER-ORACLE sys.dbms_repcat_sna_utl.register_snapshot_repgroup buffer overflow attempt
2846,4,E01,INCLUDE,2846:4,Revision preserved; not counted as an independent rule solely because REV differs.,SERVER-ORACLE sys.dbms_repcat_sna_utl.repcat_import_check buffer overflow attempt
2847,4,E01,INCLUDE,2847:4,Revision preserved; not counted as an independent rule solely because REV differs.,SERVER-ORACLE sys.dbms_repcat_sna_utl.unregister_snapshot_repgroup buffer overflow attempt
2848,4,E01,INCLUDE,2848:4,Revision preserved; not counted as an independent rule solely because REV differs.,SERVER-ORACLE sys.dbms_repcat_utl4.drop_master_repobject buffer overflow attempt
2849,5,E01,INCLUDE,2849:5,Revision preserved; not counted as an independent rule solely because REV differs.,SERVER-ORACLE sys.dbms_repcat_utl.drop_an_object buffer overflow attempt
2850,4,E01,INCLUDE,2850:4,Revision preserved; not counted as an independent rule solely because REV differs.,SERVER-ORACLE dbms_repcat.create_mview_repobject buffer overflow attempt
2851,4,E01,INCLUDE,2851:4,Revision preserved; not counted as an independent rule solely because REV differs.,SERVER-ORACLE dbms_repcat.create_snapshot_repobject buffer overflow attempt
2852,4,E01,INCLUDE,2852:4,Revision preserved; not counted as an independent rule solely because REV differs.,SERVER-ORACLE dbms_repcat.generate_mview_support buffer overflow attempt
2853,4,E01,INCLUDE,2853:4,Revision preserved; not counted as an independent rule solely because REV differs.,SERVER-ORACLE dbms_repcat.generate_replication_trigger buffer overflow attempt
2854,4,E01,INCLUDE,2854:4,Revision preserved; not counted as an independent rule solely because REV differs.,SERVER-ORACLE dbms_repcat.generate_snapshot_support buffer overflow attempt
2855,4,E01,INCLUDE,2855:4,Revision preserved; not counted as an independent rule solely because REV differs.,SERVER-ORACLE dbms_repcat.remove_master_databases buffer overflow attempt
2856,4,E01,INCLUDE,2856:4,Revision preserved; not counted as an independent rule solely because REV differs.,SERVER-ORACLE dbms_repcat.switch_mview_master buffer overflow attempt
2857,4,E01,INCLUDE,2857:4,Revision preserved; not counted as an independent rule solely because REV differs.,SERVER-ORACLE dbms_repcat.switch_snapshot_master buffer overflow attempt
2858,4,E01,INCLUDE,2858:4,Revision preserved; not counted as an independent rule solely because REV differs.,SERVER-ORACLE sys.dbms_repcat_conf.add_delete_resolution buffer overflow attempt
2859,4,E01,INCLUDE,2859:4,Revision preserved; not counted as an independent rule solely because REV differs.,SERVER-ORACLE sys.dbms_repcat_conf.add_priority_char buffer overflow attempt
2860,4,E01,INCLUDE,2860:4,Revision preserved; not counted as an independent rule solely because REV differs.,SERVER-ORACLE sys.dbms_repcat_conf.add_priority_date buffer overflow attempt
2861,4,E01,INCLUDE,2861:4,Revision preserved; not counted as an independent rule solely because REV differs.,SERVER-ORACLE sys.dbms_repcat_conf.add_priority_nchar buffer overflow attempt
2862,4,E01,INCLUDE,2862:4,Revision preserved; not counted as an independent rule solely because REV differs.,SERVER-ORACLE sys.dbms_repcat_conf.add_priority_number buffer overflow attempt
2863,4,E01,INCLUDE,2863:4,Revision preserved; not counted as an independent rule solely because REV differs.,SERVER-ORACLE sys.dbms_repcat_conf.add_priority_nvarchar2 buffer overflow attempt
2864,4,E01,INCLUDE,2864:4,Revision preserved; not counted as an independent rule solely because REV differs.,SERVER-ORACLE sys.dbms_repcat_conf.add_priority_raw buffer overflow attempt
2865,4,E01,INCLUDE,2865:4,Revision preserved; not counted as an independent rule solely because REV differs.,SERVER-ORACLE sys.dbms_repcat_conf.add_priority_varchar2 buffer overflow attempt
2866,4,E01,INCLUDE,2866:4,Revision preserved; not counted as an independent rule solely because REV differs.,SERVER-ORACLE sys.dbms_repcat_conf.add_site_priority_site buffer overflow attempt
2867,4,E01,INCLUDE,2867:4,Revision preserved; not counted as an independent rule solely because REV differs.,SERVER-ORACLE sys.dbms_repcat_conf.add_unique_resolution buffer overflow attempt
2868,4,E01,INCLUDE,2868:4,Revision preserved; not counted as an independent rule solely because REV differs.,SERVER-ORACLE sys.dbms_repcat_conf.add_update_resolution buffer overflow attempt
2869,4,E01,INCLUDE,2869:4,Revision preserved; not counted as an independent rule solely because REV differs.,SERVER-ORACLE sys.dbms_repcat_conf.alter_priority_char buffer overflow attempt
2870,4,E01,INCLUDE,2870:4,Revision preserved; not counted as an independent rule solely because REV differs.,SERVER-ORACLE sys.dbms_repcat_conf.alter_priority_date buffer overflow attempt
2871,4,E01,INCLUDE,2871:4,Revision preserved; not counted as an independent rule solely because REV differs.,SERVER-ORACLE sys.dbms_repcat_conf.alter_priority_nchar buffer overflow attempt
2872,4,E01,INCLUDE,2872:4,Revision preserved; not counted as an independent rule solely because REV differs.,SERVER-ORACLE sys.dbms_repcat_conf.alter_priority_number buffer overflow attempt
2873,4,E01,INCLUDE,2873:4,Revision preserved; not counted as an independent rule solely because REV differs.,SERVER-ORACLE sys.dbms_repcat_conf.alter_priority_nvarchar2 buffer overflow attempt
2874,4,E01,INCLUDE,2874:4,Revision preserved; not counted as an independent rule solely because REV differs.,SERVER-ORACLE sys.dbms_repcat_conf.alter_priority_raw buffer overflow attempt
2875,4,E01,INCLUDE,2875:4,Revision preserved; not counted as an independent rule solely because REV differs.,SERVER-ORACLE sys.dbms_repcat_conf.alter_priority buffer overflow attempt
2876,4,E01,INCLUDE,2876:4,Revision preserved; not counted as an independent rule solely because REV differs.,SERVER-ORACLE sys.dbms_repcat_conf.alter_priority_varchar2 buffer overflow attempt
2877,4,E01,INCLUDE,2877:4,Revision preserved; not counted as an independent rule solely because REV differs.,SERVER-ORACLE sys.dbms_repcat_conf.alter_site_priority_site buffer overflow attempt
2878,4,E01,INCLUDE,2878:4,Revision preserved; not counted as an independent rule solely because REV differs.,SERVER-ORACLE sys.dbms_repcat_conf.alter_site_priority buffer overflow attempt
2879,4,E01,INCLUDE,2879:4,Revision preserved; not counted as an independent rule solely because REV differs.,SERVER-ORACLE sys.dbms_repcat_conf.cancel_statistics buffer overflow attempt
2880,4,E01,INCLUDE,2880:4,Revision preserved; not counted as an independent rule solely because REV differs.,SERVER-ORACLE sys.dbms_repcat_conf.comment_on_delete_resolution buffer overflow attempt
2881,4,E01,INCLUDE,2881:4,Revision preserved; not counted as an independent rule solely because REV differs.,SERVER-ORACLE sys.dbms_repcat_conf.comment_on_priority_group buffer overflow attempt
2882,4,E01,INCLUDE,2882:4,Revision preserved; not counted as an independent rule solely because REV differs.,SERVER-ORACLE sys.dbms_repcat_conf.comment_on_site_priority buffer overflow attempt
2883,4,E01,INCLUDE,2883:4,Revision preserved; not counted as an independent rule solely because REV differs.,SERVER-ORACLE sys.dbms_repcat_conf.comment_on_unique_resolution buffer overflow attempt
2884,4,E01,INCLUDE,2884:4,Revision preserved; not counted as an independent rule solely because REV differs.,SERVER-ORACLE sys.dbms_repcat_conf.comment_on_update_resolution buffer overflow attempt
2885,4,E01,INCLUDE,2885:4,Revision preserved; not counted as an independent rule solely because REV differs.,SERVER-ORACLE sys.dbms_repcat_conf.define_priority_group buffer overflow attempt
2886,4,E01,INCLUDE,2886:4,Revision preserved; not counted as an independent rule solely because REV differs.,SERVER-ORACLE sys.dbms_repcat_conf.define_site_priority buffer overflow attempt
2887,4,E01,INCLUDE,2887:4,Revision preserved; not counted as an independent rule solely because REV differs.,SERVER-ORACLE sys.dbms_repcat_conf.drop_delete_resolution buffer overflow attempt
2888,4,E01,INCLUDE,2888:4,Revision preserved; not counted as an independent rule solely because REV differs.,SERVER-ORACLE sys.dbms_repcat_conf.drop_priority_char buffer overflow attempt
2889,4,E01,INCLUDE,2889:4,Revision preserved; not counted as an independent rule solely because REV differs.,SERVER-ORACLE sys.dbms_repcat_conf.drop_priority_date buffer overflow attempt
2890,4,E01,INCLUDE,2890:4,Revision preserved; not counted as an independent rule solely because REV differs.,SERVER-ORACLE sys.dbms_repcat_conf.drop_priority_nchar buffer overflow attempt
2891,4,E01,INCLUDE,2891:4,Revision preserved; not counted as an independent rule solely because REV differs.,SERVER-ORACLE sys.dbms_repcat_conf.drop_priority_number buffer overflow attempt
2892,4,E01,INCLUDE,2892:4,Revision preserved; not counted as an independent rule solely because REV differs.,SERVER-ORACLE sys.dbms_repcat_conf.drop_priority_nvarchar2 buffer overflow attempt
2893,4,E01,INCLUDE,2893:4,Revision preserved; not counted as an independent rule solely because REV differs.,SERVER-ORACLE sys.dbms_repcat_conf.drop_priority_raw buffer overflow attempt
2894,4,E01,INCLUDE,2894:4,Revision preserved; not counted as an independent rule solely because REV differs.,SERVER-ORACLE sys.dbms_repcat_conf.drop_priority buffer overflow attempt
2895,4,E01,INCLUDE,2895:4,Revision preserved; not counted as an independent rule solely because REV differs.,SERVER-ORACLE sys.dbms_repcat_conf.drop_priority_varchar2 buffer overflow attempt
2896,4,E01,INCLUDE,2896:4,Revision preserved; not counted as an independent rule solely because REV differs.,SERVER-ORACLE sys.dbms_repcat_conf.drop_site_priority_site buffer overflow attempt
2897,4,E01,INCLUDE,2897:4,Revision preserved; not counted as an independent rule solely because REV differs.,SERVER-ORACLE sys.dbms_repcat_conf.drop_site_priority buffer overflow attempt
2898,4,E01,INCLUDE,2898:4,Revision preserved; not counted as an independent rule solely because REV differs.,SERVER-ORACLE sys.dbms_repcat_conf.drop_unique_resolution buffer overflow attempt
2899,4,E01,INCLUDE,2899:4,Revision preserved; not counted as an independent rule solely because REV differs.,SERVER-ORACLE sys.dbms_repcat_conf.drop_update_resolution buffer overflow attempt
2900,4,E01,INCLUDE,2900:4,Revision preserved; not counted as an independent rule solely because REV differs.,SERVER-ORACLE sys.dbms_repcat_conf.purge_statistics buffer overflow attempt
2901,4,E01,INCLUDE,2901:4,Revision preserved; not counted as an independent rule solely because REV differs.,SERVER-ORACLE sys.dbms_repcat_conf.register_statistics buffer overflow attempt
2902,4,E01,INCLUDE,2902:4,Revision preserved; not counted as an independent rule solely because REV differs.,SERVER-ORACLE sys.dbms_repcat_sna.alter_snapshot_propagation buffer overflow attempt
2903,4,E01,INCLUDE,2903:4,Revision preserved; not counted as an independent rule solely because REV differs.,SERVER-ORACLE sys.dbms_repcat_sna.create_snapshot_repgroup buffer overflow attempt
2904,4,E01,INCLUDE,2904:4,Revision preserved; not counted as an independent rule solely because REV differs.,SERVER-ORACLE sys.dbms_repcat_sna.create_snapshot_repobject buffer overflow attempt
2905,4,E01,INCLUDE,2905:4,Revision preserved; not counted as an independent rule solely because REV differs.,SERVER-ORACLE sys.dbms_repcat_sna.create_snapshot_repschema buffer overflow attempt
2906,4,E01,INCLUDE,2906:4,Revision preserved; not counted as an independent rule solely because REV differs.,SERVER-ORACLE sys.dbms_repcat_sna.drop_snapshot_repgroup buffer overflow attempt
2907,4,E01,INCLUDE,2907:4,Revision preserved; not counted as an independent rule solely because REV differs.,SERVER-ORACLE sys.dbms_repcat_sna.drop_snapshot_repobject buffer overflow attempt
2908,4,E01,INCLUDE,2908:4,Revision preserved; not counted as an independent rule solely because REV differs.,SERVER-ORACLE sys.dbms_repcat_sna.drop_snapshot_repschema buffer overflow attempt
2909,4,E01,INCLUDE,2909:4,Revision preserved; not counted as an independent rule solely because REV differs.,SERVER-ORACLE sys.dbms_repcat_sna.generate_snapshot_support buffer overflow attempt
2910,4,E01,INCLUDE,2910:4,Revision preserved; not counted as an independent rule solely because REV differs.,SERVER-ORACLE sys.dbms_repcat_sna.refresh_snapshot_repgroup buffer overflow attempt
2911,4,E01,INCLUDE,2911:4,Revision preserved; not counted as an independent rule solely because REV differs.,SERVER-ORACLE sys.dbms_repcat_sna.refresh_snapshot_repschema buffer overflow attempt
2912,4,E01,INCLUDE,2912:4,Revision preserved; not counted as an independent rule solely because REV differs.,SERVER-ORACLE sys.dbms_repcat_sna.register_snapshot_repgroup buffer overflow attempt
2913,4,E01,INCLUDE,2913:4,Revision preserved; not counted as an independent rule solely because REV differs.,SERVER-ORACLE sys.dbms_repcat_sna.repcat_import_check buffer overflow attempt
2914,4,E01,INCLUDE,2914:4,Revision preserved; not counted as an independent rule solely because REV differs.,SERVER-ORACLE sys.dbms_repcat_sna.set_local_flavor buffer overflow attempt
2915,4,E01,INCLUDE,2915:4,Revision preserved; not counted as an independent rule solely because REV differs.,SERVER-ORACLE sys.dbms_repcat_sna.switch_snapshot_master buffer overflow attempt
2916,4,E01,INCLUDE,2916:4,Revision preserved; not counted as an independent rule solely because REV differs.,SERVER-ORACLE sys.dbms_repcat_sna.unregister_snapshot_repgroup buffer overflow attempt
2917,4,E01,INCLUDE,2917:4,Revision preserved; not counted as an independent rule solely because REV differs.,SERVER-ORACLE sys.dbms_repcat_sna_utl.switch_snapshot_master buffer overflow attempt
2918,4,E01,INCLUDE,2918:4,Revision preserved; not counted as an independent rule solely because REV differs.,SERVER-ORACLE sys.dbms_repcat_sna.validate_for_local_flavor buffer overflow attempt
2919,4,E01,INCLUDE,2919:4,Revision preserved; not counted as an independent rule solely because REV differs.,SERVER-ORACLE sys.dbms_repcat_untrusted.register_snapshot_repgroup buffer overflow attempt
2923,14,E04,INCLUDE,2923:14,Revision preserved; not counted as an independent rule solely because REV differs.,NETBIOS SMB repeated logon failure
2924,9,E04,INCLUDE,2924:9,Revision preserved; not counted as an independent rule solely because REV differs.,NETBIOS SMB-DS repeated logon failure
2927,13,E01,INCLUDE,2927:13,Revision preserved; not counted as an independent rule solely because REV differs.,OS-WINDOWS Microsoft Windows XPAT pattern overflow attempt
2936,18,E01,INCLUDE,2936:18,Revision preserved; not counted as an independent rule solely because REV differs.,OS-WINDOWS DCERPC NCACN-IP-TCP nddeapi NDdeSetTrustedShareW overflow attempt
3006,7,E01,INCLUDE,3006:7,Revision preserved; not counted as an independent rule solely because REV differs.,SERVER-OTHER Volition Freespace 2 buffer overflow attempt
3007,22,E01,INCLUDE,3007:22,Revision preserved; not counted as an independent rule solely because REV differs.,PROTOCOL-IMAP command overflow attempt
3008,13,E01,INCLUDE,3008:13,Revision preserved; not counted as an independent rule solely because REV differs.,PROTOCOL-IMAP delete literal overflow attempt
3017,17,E01,INCLUDE,3017:17,Revision preserved; not counted as an independent rule solely because REV differs.,OS-WINDOWS Microsoft Windows WINS overflow attempt
3018,6,E04,INCLUDE,3018:6,Revision preserved; not counted as an independent rule solely because REV differs.,NETBIOS SMB NT Trans NT CREATE oversized Security Descriptor attempt
3019,8,E04,INCLUDE,3019:8,Revision preserved; not counted as an independent rule solely because REV differs.,NETBIOS SMB NT Trans NT CREATE andx oversized Security Descriptor attempt
3020,6,E04,INCLUDE,3020:6,Revision preserved; not counted as an independent rule solely because REV differs.,NETBIOS SMB NT Trans NT CREATE unicode oversized Security Descriptor attempt
3021,8,E04,INCLUDE,3021:8,Revision preserved; not counted as an independent rule solely because REV differs.,NETBIOS SMB NT Trans NT CREATE unicode andx oversized Security Descriptor attempt
3022,7,E04,INCLUDE,3022:7,Revision preserved; not counted as an independent rule solely because REV differs.,NETBIOS SMB-DS NT Trans NT CREATE oversized Security Descriptor attempt
3023,9,E04,INCLUDE,3023:9,Revision preserved; not counted as an independent rule solely because REV differs.,NETBIOS SMB-DS NT Trans NT CREATE andx oversized Security Descriptor attempt
3024,7,E04,INCLUDE,3024:7,Revision preserved; not counted as an independent rule solely because REV differs.,NETBIOS SMB-DS NT Trans NT CREATE unicode oversized Security Descriptor attempt
3025,9,E04,INCLUDE,3025:9,Revision preserved; not counted as an independent rule solely because REV differs.,NETBIOS SMB-DS NT Trans NT CREATE unicode andx oversized Security Descriptor attempt
3026,6,E01;E04,INCLUDE,3026:6,Revision preserved; not counted as an independent rule solely because REV differs.,NETBIOS SMB NT Trans NT CREATE SACL overflow attempt
3027,8,E01;E04,INCLUDE,3027:8,Revision preserved; not counted as an independent rule solely because REV differs.,NETBIOS SMB NT Trans NT CREATE andx SACL overflow attempt
3028,6,E01;E04,INCLUDE,3028:6,Revision preserved; not counted as an independent rule solely because REV differs.,NETBIOS SMB NT Trans NT CREATE unicode SACL overflow attempt
3029,8,E01;E04,INCLUDE,3029:8,Revision preserved; not counted as an independent rule solely because REV differs.,NETBIOS SMB NT Trans NT CREATE unicode andx SACL overflow attempt
3030,7,E01;E04,INCLUDE,3030:7,Revision preserved; not counted as an independent rule solely because REV differs.,NETBIOS SMB-DS NT Trans NT CREATE SACL overflow attempt
3031,9,E01;E04,INCLUDE,3031:9,Revision preserved; not counted as an independent rule solely because REV differs.,NETBIOS SMB-DS NT Trans NT CREATE andx SACL overflow attempt
3032,7,E01;E04,INCLUDE,3032:7,Revision preserved; not counted as an independent rule solely because REV differs.,NETBIOS SMB-DS NT Trans NT CREATE unicode SACL overflow attempt
3033,9,E01;E04,INCLUDE,3033:9,Revision preserved; not counted as an independent rule solely because REV differs.,NETBIOS SMB-DS NT Trans NT CREATE unicode andx SACL overflow attempt
3034,6,E01;E04,INCLUDE,3034:6,Revision preserved; not counted as an independent rule solely because REV differs.,NETBIOS SMB NT Trans NT CREATE DACL overflow attempt
3035,8,E01;E04,INCLUDE,3035:8,Revision preserved; not counted as an independent rule solely because REV differs.,NETBIOS SMB NT Trans NT CREATE andx DACL overflow attempt
3036,6,E01;E04,INCLUDE,3036:6,Revision preserved; not counted as an independent rule solely because REV differs.,NETBIOS SMB NT Trans NT CREATE unicode DACL overflow attempt
3037,8,E01;E04,INCLUDE,3037:8,Revision preserved; not counted as an independent rule solely because REV differs.,NETBIOS SMB NT Trans NT CREATE unicode andx DACL overflow attempt
3038,7,E01;E04,INCLUDE,3038:7,Revision preserved; not counted as an independent rule solely because REV differs.,NETBIOS SMB-DS NT Trans NT CREATE DACL overflow attempt
3039,9,E01;E04,INCLUDE,3039:9,Revision preserved; not counted as an independent rule solely because REV differs.,NETBIOS SMB-DS NT Trans NT CREATE andx DACL overflow attempt
3040,5,E01;E04,INCLUDE,3040:5,Revision preserved; not counted as an independent rule solely because REV differs.,NETBIOS SMB-DS NT Trans NT CREATE unicode DACL overflow attempt
3041,5,E01;E04,INCLUDE,3041:5,Revision preserved; not counted as an independent rule solely because REV differs.,NETBIOS SMB-DS NT Trans NT CREATE unicode andx DACL overflow attempt
3042,4,E04,INCLUDE,3042:4,Revision preserved; not counted as an independent rule solely because REV differs.,NETBIOS SMB NT Trans NT CREATE invalid SACL ace size dos attempt
3043,4,E04,INCLUDE,3043:4,Revision preserved; not counted as an independent rule solely because REV differs.,NETBIOS SMB NT Trans NT CREATE andx invalid SACL ace size dos attempt
3044,4,E04,INCLUDE,3044:4,Revision preserved; not counted as an independent rule solely because REV differs.,NETBIOS SMB NT Trans NT CREATE unicode invalid SACL ace size dos attempt
3045,4,E04,INCLUDE,3045:4,Revision preserved; not counted as an independent rule solely because REV differs.,NETBIOS SMB NT Trans NT CREATE unicode andx invalid SACL ace size dos attempt
3046,5,E04,INCLUDE,3046:5,Revision preserved; not counted as an independent rule solely because REV differs.,NETBIOS SMB-DS NT Trans NT CREATE invalid SACL ace size dos attempt
3047,5,E04,INCLUDE,3047:5,Revision preserved; not counted as an independent rule solely because REV differs.,NETBIOS SMB-DS NT Trans NT CREATE andx invalid SACL ace size dos attempt
3048,5,E04,INCLUDE,3048:5,Revision preserved; not counted as an independent rule solely because REV differs.,NETBIOS SMB-DS NT Trans NT CREATE unicode invalid SACL ace size dos attempt
3049,5,E04,INCLUDE,3049:5,Revision preserved; not counted as an independent rule solely because REV differs.,NETBIOS SMB-DS NT Trans NT CREATE unicode andx invalid SACL ace size dos attempt
3050,4,E04,INCLUDE,3050:4,Revision preserved; not counted as an independent rule solely because REV differs.,NETBIOS SMB NT Trans NT CREATE invalid SACL ace size dos attempt
3051,4,E04,INCLUDE,3051:4,Revision preserved; not counted as an independent rule solely because REV differs.,NETBIOS SMB NT Trans NT CREATE andx invalid SACL ace size dos attempt
3052,4,E04,INCLUDE,3052:4,Revision preserved; not counted as an independent rule solely because REV differs.,NETBIOS SMB NT Trans NT CREATE unicode invalid SACL ace size dos attempt
3053,4,E04,INCLUDE,3053:4,Revision preserved; not counted as an independent rule solely because REV differs.,NETBIOS SMB NT Trans NT CREATE unicode andx invalid SACL ace size dos attempt
3054,5,E04,INCLUDE,3054:5,Revision preserved; not counted as an independent rule solely because REV differs.,NETBIOS SMB-DS NT Trans NT CREATE invalid SACL ace size dos attempt
3055,5,E04,INCLUDE,3055:5,Revision preserved; not counted as an independent rule solely because REV differs.,NETBIOS SMB-DS NT Trans NT CREATE andx invalid SACL ace size dos attempt
3056,5,E04,INCLUDE,3056:5,Revision preserved; not counted as an independent rule solely because REV differs.,NETBIOS SMB-DS NT Trans NT CREATE unicode invalid SACL ace size dos attempt
3057,5,E04,INCLUDE,3057:5,Revision preserved; not counted as an independent rule solely because REV differs.,NETBIOS SMB-DS NT Trans NT CREATE unicode andx invalid SACL ace size dos attempt
3058,13,E01,INCLUDE,3058:13,Revision preserved; not counted as an independent rule solely because REV differs.,PROTOCOL-IMAP copy literal overflow attempt
3061,5,E02,INCLUDE,3061:5,Revision preserved; not counted as an independent rule solely because REV differs.,APP-DETECT distccd remote command execution attempt
3065,12,E01,INCLUDE,3065:12,Revision preserved; not counted as an independent rule solely because REV differs.,PROTOCOL-IMAP append literal overflow attempt
3066,17,E01,INCLUDE,3066:17,Revision preserved; not counted as an independent rule solely because REV differs.,PROTOCOL-IMAP APPEND overflow attempt
3067,12,E01,INCLUDE,3067:12,Revision preserved; not counted as an independent rule solely because REV differs.,PROTOCOL-IMAP examine literal overflow attempt
3069,12,E01,INCLUDE,3069:12,Revision preserved; not counted as an independent rule solely because REV differs.,PROTOCOL-IMAP fetch literal overflow attempt
3070,13,E01,INCLUDE,3070:13,Revision preserved; not counted as an independent rule solely because REV differs.,PROTOCOL-IMAP fetch overflow attempt
3071,14,E01,INCLUDE,3071:14,Revision preserved; not counted as an independent rule solely because REV differs.,PROTOCOL-IMAP status literal overflow attempt
3072,20,E01,INCLUDE,3072:20,Revision preserved; not counted as an independent rule solely because REV differs.,PROTOCOL-IMAP STATUS overflow attempt
3073,18,E01,INCLUDE,3073:18,Revision preserved; not counted as an independent rule solely because REV differs.,PROTOCOL-IMAP SUBSCRIBE literal overflow attempt
3074,20,E01,INCLUDE,3074:20,Revision preserved; not counted as an independent rule solely because REV differs.,PROTOCOL-IMAP SUBSCRIBE overflow attempt
3075,13,E01,INCLUDE,3075:13,Revision preserved; not counted as an independent rule solely because REV differs.,PROTOCOL-IMAP unsubscribe literal overflow attempt
3076,14,E01,INCLUDE,3076:14,Revision preserved; not counted as an independent rule solely because REV differs.,PROTOCOL-IMAP UNSUBSCRIBE overflow attempt
3077,9,E01,INCLUDE,3077:9,Revision preserved; not counted as an independent rule solely because REV differs.,PROTOCOL-FTP RNFR overflow attempt
3078,13,E01,INCLUDE,3078:13,Revision preserved; not counted as an independent rule solely because REV differs.,PROTOCOL-NNTP Microsoft Windows SEARCH pattern overflow attempt
3079,25,E01,INCLUDE,3079:25,Revision preserved; not counted as an independent rule solely because REV differs.,BROWSER-IE Microsoft Internet Explorer ANI file parsing buffer overflow attempt
3080,9,E01,INCLUDE,3080:9,Revision preserved; not counted as an independent rule solely because REV differs.,SERVER-OTHER Unreal Tournament secure overflow attempt
3084,16,E01,INCLUDE,3084:16,Revision preserved; not counted as an independent rule solely because REV differs.,SERVER-OTHER Veritas backup overflow attempt
3085,14,E01,INCLUDE,3085:14,Revision preserved; not counted as an independent rule solely because REV differs.,SERVER-OTHER AOL Instant Messenger goaway message buffer overflow attempt
3087,21,E01,INCLUDE,3087:21,Revision preserved; not counted as an independent rule solely because REV differs.,SERVER-IIS w3who.dll buffer overflow attempt
3088,11,E01,INCLUDE,3088:11,Revision preserved; not counted as an independent rule solely because REV differs.,FILE-MULTIMEDIA Nullsoft Winamp cda file name overflow attempt
3089,10,E01,INCLUDE,3089:10,Revision preserved; not counted as an independent rule solely because REV differs.,SERVER-OTHER squid WCCP I_SEE_YOU message overflow attempt
3114,20,E01,INCLUDE,3114:20,Revision preserved; not counted as an independent rule solely because REV differs.,OS-WINDOWS DCERPC NCACN-IP-TCP llsrpc LlsrConnect overflow attempt
3130,8,E01,INCLUDE,3130:8,Revision preserved; not counted as an independent rule solely because REV differs.,PUA-OTHER Microsoft MSN Messenger png overflow
3131,10,E01,INCLUDE,3131:10,Revision preserved; not counted as an independent rule solely because REV differs.,SERVER-WEBAPP mailman directory traversal attempt
3132,15,E01,INCLUDE,3132:15,Revision preserved; not counted as an independent rule solely because REV differs.,FILE-IMAGE Microsoft and libpng multiple products PNG large image width overflow attempt
3135,11,E04,INCLUDE,3135:11,Revision preserved; not counted as an independent rule solely because REV differs.,NETBIOS SMB Trans2 QUERY_FILE_INFO attempt
3136,11,E04,INCLUDE,3136:11,Revision preserved; not counted as an independent rule solely because REV differs.,NETBIOS SMB Trans2 QUERY_FILE_INFO andx attempt
3137,11,E04,INCLUDE,3137:11,Revision preserved; not counted as an independent rule solely because REV differs.,NETBIOS SMB-DS Trans2 QUERY_FILE_INFO attempt
3138,11,E04,INCLUDE,3138:11,Revision preserved; not counted as an independent rule solely because REV differs.,NETBIOS SMB-DS Trans2 QUERY_FILE_INFO andx attempt
3139,11,E04,INCLUDE,3139:11,Revision preserved; not counted as an independent rule solely because REV differs.,NETBIOS SMB Trans2 FIND_FIRST2 attempt
3140,11,E04,INCLUDE,3140:11,Revision preserved; not counted as an independent rule solely because REV differs.,NETBIOS SMB Trans2 FIND_FIRST2 andx attempt
3141,11,E04,INCLUDE,3141:11,Revision preserved; not counted as an independent rule solely because REV differs.,NETBIOS SMB-DS Trans2 FIND_FIRST2 attempt
3142,11,E04,INCLUDE,3142:11,Revision preserved; not counted as an independent rule solely because REV differs.,NETBIOS SMB-DS Trans2 FIND_FIRST2 andx attempt
3143,17,E01;E04,INCLUDE,3143:17,Revision preserved; not counted as an independent rule solely because REV differs.,OS-WINDOWS Microsoft Windows SMB Trans2 FIND_FIRST2 command response overflow attempt
3144,17,E01;E04,INCLUDE,3144:17,Revision preserved; not counted as an independent rule solely because REV differs.,OS-WINDOWS Microsoft Windows SMB Trans2 FIND_FIRST2 response andx overflow attempt
3145,16,E01;E04,INCLUDE,3145:16,Revision preserved; not counted as an independent rule solely because REV differs.,OS-WINDOWS Microsoft Windows SMB-DS Trans2 FIND_FIRST2 response overflow attempt
3146,18,E01;E04,INCLUDE,3146:18,Revision preserved; not counted as an independent rule solely because REV differs.,OS-WINDOWS Microsoft Windows SMB-DS Trans2 FIND_FIRST2 response andx overflow attempt
3147,15,E01,INCLUDE,3147:15,Revision preserved; not counted as an independent rule solely because REV differs.,PROTOCOL-TELNET login buffer overflow attempt
3149,13,E01,INCLUDE,3149:13,Revision preserved; not counted as an independent rule solely because REV differs.,BROWSER-IE Microsoft Internet Explorer malformed object type overflow attempt
3150,14,E01,INCLUDE,3150:14,Revision preserved; not counted as an independent rule solely because REV differs.,SERVER-IIS SQLXML content type overflow
3153,9,E01,INCLUDE,3153:9,Revision preserved; not counted as an independent rule solely because REV differs.,PROTOCOL-DNS TCP inverse query overflow
3154,12,E01,INCLUDE,3154:12,Revision preserved; not counted as an independent rule solely because REV differs.,PROTOCOL-DNS UDP inverse query overflow
3171,16,E01,INCLUDE,3171:16,Revision preserved; not counted as an independent rule solely because REV differs.,OS-WINDOWS DCERPC NCADG-IP-UDP msqueue function 4 overflow attempt
3192,19,E01,INCLUDE,3192:19,Revision preserved; not counted as an independent rule solely because REV differs.,OS-WINDOWS Microsoft Windows Media Player directory traversal via Content-Disposition attempt
3195,11,E01,INCLUDE,3195:11,Revision preserved; not counted as an independent rule solely because REV differs.,OS-WINDOWS name query overflow attempt TCP
3196,9,E01,INCLUDE,3196:9,Revision preserved; not counted as an independent rule solely because REV differs.,OS-WINDOWS name query overflow attempt UDP
3199,12,E01,INCLUDE,3199:12,Revision preserved; not counted as an independent rule solely because REV differs.,OS-WINDOWS Microsoft Windows WINS name query overflow attempt TCP
3200,13,E01,INCLUDE,3200:13,Revision preserved; not counted as an independent rule solely because REV differs.,OS-WINDOWS Microsoft Windows WINS name query overflow attempt UDP
3218,23,E01,INCLUDE,3218:23,Revision preserved; not counted as an independent rule solely because REV differs.,OS-WINDOWS DCERPC NCACN-IP-TCP winreg OpenKey overflow attempt
3234,6,E01,INCLUDE,3234:6,Revision preserved; not counted as an independent rule solely because REV differs.,OS-WINDOWS Messenger message little endian overflow attempt
3235,6,E01,INCLUDE,3235:6,Revision preserved; not counted as an independent rule solely because REV differs.,OS-WINDOWS Messenger message overflow attempt
3238,15,E01,INCLUDE,3238:15,Revision preserved; not counted as an independent rule solely because REV differs.,OS-WINDOWS DCERPC NCACN-IP-TCP irot IrotIsRunning/Revoke overflow attempt
3239,15,E01,INCLUDE,3239:15,Revision preserved; not counted as an independent rule solely because REV differs.,OS-WINDOWS DCERPC NCADG-IP-UDP irot IrotIsRunning/Revoke overflow attempt
3274,15,E01,INCLUDE,3274:15,Revision preserved; not counted as an independent rule solely because REV differs.,PROTOCOL-TELNET login buffer non-evasive overflow attempt 
3409,18,E01,INCLUDE,3409:18,Revision preserved; not counted as an independent rule solely because REV differs.,OS-WINDOWS DCERPC NCACN-IP-TCP IActivation remoteactivation overflow attempt
3442,11,E01,INCLUDE,3442:11,Revision preserved; not counted as an independent rule solely because REV differs.,OS-WINDOWS Microsoft Windows TCP print service overflow attempt
3455,7,E01,INCLUDE,3455:7,Revision preserved; not counted as an independent rule solely because REV differs.,SERVER-OTHER Bontago Game Server Nickname buffer overflow
3457,14,E01,INCLUDE,3457:14,Revision preserved; not counted as an independent rule solely because REV differs.,SERVER-OTHER Arkeia backup client type 77 overflow attempt
3458,9,E01,INCLUDE,3458:9,Revision preserved; not counted as an independent rule solely because REV differs.,SERVER-OTHER Arkeia backup client type 84 overflow attempt
3461,18,E01,INCLUDE,3461:18,Revision preserved; not counted as an independent rule solely because REV differs.,SERVER-MAIL Content-Type overflow attempt
3462,14,E01,INCLUDE,3462:14,Revision preserved; not counted as an independent rule solely because REV differs.,BROWSER-IE Microsoft Internet Explorer Content-Encoding overflow attempt
3464,12,E02,INCLUDE,3464:12,Revision preserved; not counted as an independent rule solely because REV differs.,SERVER-WEBAPP awstats.pl command execution attempt
17745,10,E04,INCLUDE,17745:10,Revision preserved; not counted as an independent rule solely because REV differs.,NETBIOS SMB TRANS2 Find_First2 request attempt
19190,9,E04,INCLUDE,19190:9,Revision preserved; not counted as an independent rule solely because REV differs.,NETBIOS SMB-DS Trans2 Distributed File System GET_DFS_REFERRAL request
21246,6,E03,INCLUDE,21246:6,Revision preserved; not counted as an independent rule solely because REV differs.,MALWARE-CNC User-Agent known malicious user-agent string DataCha0s
21257,5,E03,INCLUDE,21257:5,Revision preserved; not counted as an independent rule solely because REV differs.,MALWARE-CNC URI - known scanner tool muieblackcat
21266,5,E03,INCLUDE,21266:5,Revision preserved; not counted as an independent rule solely because REV differs.,MALWARE-CNC User-Agent known malicious user-agent string Morfeus Scanner
21327,8,E03,INCLUDE,21327:8,Revision preserved; not counted as an independent rule solely because REV differs.,MALWARE-CNC User-Agent ASafaWeb Scan
21375,8,E01,INCLUDE,21375:8,Revision preserved; not counted as an independent rule solely because REV differs.,SERVER-WEBAPP Remote Execution Backdoor Attempt Against Horde
21417,10,E01,INCLUDE,21417:10,Revision preserved; not counted as an independent rule solely because REV differs.,FILE-PDF hostile PDF associated with Laik exploit kit
21438,8,E01,INCLUDE,21438:8,Revision preserved; not counted as an independent rule solely because REV differs.,EXPLOIT-KIT Blackhole exploit kit JavaScript carat string splitting with hostile applet
21818,5,E01,INCLUDE,21818:5,Revision preserved; not counted as an independent rule solely because REV differs.,SERVER-WEBAPP System variable directory traversal attempt - %ALLUSERSPROFILE%
21819,5,E01,INCLUDE,21819:5,Revision preserved; not counted as an independent rule solely because REV differs.,SERVER-WEBAPP System variable directory traversal attempt - %PROGRAMDATA%
21820,5,E01,INCLUDE,21820:5,Revision preserved; not counted as an independent rule solely because REV differs.,SERVER-WEBAPP System variable directory traversal attempt - %APPDATA%
21821,5,E01,INCLUDE,21821:5,Revision preserved; not counted as an independent rule solely because REV differs.,SERVER-WEBAPP System variable directory traversal attempt - %COMMONPROGRAMFILES%
21822,5,E01,INCLUDE,21822:5,Revision preserved; not counted as an independent rule solely because REV differs.,SERVER-WEBAPP System variable directory traversal attempt - %COMMONPROGRAMFILES - x86%
21823,5,E01,INCLUDE,21823:5,Revision preserved; not counted as an independent rule solely because REV differs.,SERVER-WEBAPP System variable directory traversal attempt - %COMSPEC%
21824,5,E01,INCLUDE,21824:5,Revision preserved; not counted as an independent rule solely because REV differs.,SERVER-WEBAPP System variable directory traversal attempt - %HOMEDRIVE%
21825,5,E01,INCLUDE,21825:5,Revision preserved; not counted as an independent rule solely because REV differs.,SERVER-WEBAPP System variable directory traversal attempt - %HOMEPATH%
21826,5,E01,INCLUDE,21826:5,Revision preserved; not counted as an independent rule solely because REV differs.,SERVER-WEBAPP System variable directory traversal attempt - %LOCALAPPDATA%
21827,5,E01,INCLUDE,21827:5,Revision preserved; not counted as an independent rule solely because REV differs.,SERVER-WEBAPP System variable directory traversal attempt - %PROGRAMFILES%
21828,5,E01,INCLUDE,21828:5,Revision preserved; not counted as an independent rule solely because REV differs.,SERVER-WEBAPP System variable directory traversal attempt - %PROGRAMFILES - X86%
21829,5,E01,INCLUDE,21829:5,Revision preserved; not counted as an independent rule solely because REV differs.,SERVER-WEBAPP System variable directory traversal attempt - %SystemDrive%
21830,5,E01,INCLUDE,21830:5,Revision preserved; not counted as an independent rule solely because REV differs.,SERVER-WEBAPP System variable directory traversal attempt - %SystemRoot%
21831,5,E01,INCLUDE,21831:5,Revision preserved; not counted as an independent rule solely because REV differs.,SERVER-WEBAPP System variable directory traversal attempt - %TEMP%
21832,5,E01,INCLUDE,21832:5,Revision preserved; not counted as an independent rule solely because REV differs.,SERVER-WEBAPP System variable directory traversal attempt - %TMP%
21833,5,E01,INCLUDE,21833:5,Revision preserved; not counted as an independent rule solely because REV differs.,SERVER-WEBAPP System variable directory traversal attempt - %USERDATA%
21834,5,E01,INCLUDE,21834:5,Revision preserved; not counted as an independent rule solely because REV differs.,SERVER-WEBAPP System variable directory traversal attempt - %USERNAME%
21835,5,E01,INCLUDE,21835:5,Revision preserved; not counted as an independent rule solely because REV differs.,SERVER-WEBAPP System variable directory traversal attempt - %USERPROFILE%
21836,5,E01,INCLUDE,21836:5,Revision preserved; not counted as an independent rule solely because REV differs.,SERVER-WEBAPP System variable directory traversal attempt - %WINDIR%
21837,5,E01,INCLUDE,21837:5,Revision preserved; not counted as an independent rule solely because REV differs.,SERVER-WEBAPP System variable directory traversal attempt - %PUBLIC%
21838,5,E01,INCLUDE,21838:5,Revision preserved; not counted as an independent rule solely because REV differs.,SERVER-WEBAPP System variable directory traversal attempt - %PSModulePath%
23055,10,E01,INCLUDE,23055:10,Revision preserved; not counted as an independent rule solely because REV differs.,PROTOCOL-FTP Multiple Products FTP MKD buffer overflow attempt
24225,3,E01,INCLUDE,24225:3,Revision preserved; not counted as an independent rule solely because REV differs.,MALWARE-OTHER malicious redirection attempt
24359,9,E04,INCLUDE,24359:9,Revision preserved; not counted as an independent rule solely because REV differs.,OS-WINDOWS Microsoft Windows SMB NTLM NULL session attempt
24972,6,E04,INCLUDE,24972:6,Revision preserved; not counted as an independent rule solely because REV differs.,NETBIOS SMB Trans2 FIND_FIRST2 find file and directory info request
25256,4,E04,INCLUDE,25256:4,Revision preserved; not counted as an independent rule solely because REV differs.,MALWARE-CNC Win.Worm.Gamarue variant outbound connection
25358,6,E01;E03,INCLUDE,25358:6,Revision preserved; not counted as an independent rule solely because REV differs.,APP-DETECT Acunetix web vulnerability scan attempt
25359,4,E03,INCLUDE,25359:4,Revision preserved; not counted as an independent rule solely because REV differs.,APP-DETECT Acunetix web vulnerability scanner probe attempt
25361,4,E01,INCLUDE,25361:4,Revision preserved; not counted as an independent rule solely because REV differs.,APP-DETECT Acunetix web vulnerability scanner RFI attempt
25362,4,E01,INCLUDE,25362:4,Revision preserved; not counted as an independent rule solely because REV differs.,APP-DETECT Acunetix web vulnerability scanner base64 XSS attempt
25363,5,E01,INCLUDE,25363:5,Revision preserved; not counted as an independent rule solely because REV differs.,APP-DETECT Acunetix web vulnerability scanner URI injection attempt
25364,4,E01,INCLUDE,25364:4,Revision preserved; not counted as an independent rule solely because REV differs.,APP-DETECT Acunetix web vulnerability scanner prompt XSS attempt
25365,4,E01,INCLUDE,25365:4,Revision preserved; not counted as an independent rule solely because REV differs.,APP-DETECT Acunetix web vulnerability scanner XSS attempt
25577,4,E05,INCLUDE,25577:4,Revision preserved; not counted as an independent rule solely because REV differs.,MALWARE-CNC Win.Rootkit.Necurs possible URI with encrypted POST
25589,6,E01,INCLUDE,25589:6,Revision preserved; not counted as an independent rule solely because REV differs.,SERVER-OTHER libupnp command buffer overflow attempt
25948,4,E01,INCLUDE,25948:4,Revision preserved; not counted as an independent rule solely because REV differs.,EXPLOIT-KIT redirection to driveby download
26020,4,E01,INCLUDE,26020:4,Revision preserved; not counted as an independent rule solely because REV differs.,EXPLOIT-KIT Sibhost exploit kit
26275,5,E02,INCLUDE,26275:5,Revision preserved; not counted as an independent rule solely because REV differs.,SERVER-WEBAPP DD-WRT httpd cgi-bin remote command execution attempt
26288,3,E04,INCLUDE,26288:3,Revision preserved; not counted as an independent rule solely because REV differs.,MALWARE-CNC Brontok Worm variant outbound connection
26335,3,E05,INCLUDE,26335:3,Revision preserved; not counted as an independent rule solely because REV differs.,MALWARE-CNC FBI Ransom Trojan variant outbound connection
26411,3,E04,INCLUDE,26411:3,Revision preserved; not counted as an independent rule solely because REV differs.,MALWARE-OTHER Win.Worm.Dorkbot folder snkb0ptz creation attempt SMB
26412,3,E04,INCLUDE,26412:3,Revision preserved; not counted as an independent rule solely because REV differs.,MALWARE-OTHER Win.Worm.Dorkbot executable snkb0ptz.exe creation attempt SMB
26413,3,E04,INCLUDE,26413:3,Revision preserved; not counted as an independent rule solely because REV differs.,MALWARE-OTHER Win.Worm.Dorkbot Desktop.ini snkb0ptz.exe creation attempt SMB
26482,2,E05,INCLUDE,26482:2,Revision preserved; not counted as an independent rule solely because REV differs.,MALWARE-CNC Unknown Thinner Encrypted POST botnet C&C
26483,3,E01,INCLUDE,26483:3,Revision preserved; not counted as an independent rule solely because REV differs.,SERVER-WEBAPP JavaScript tag in User-Agent field possible XSS attempt
26526,6,E01,INCLUDE,26526:6,Revision preserved; not counted as an independent rule solely because REV differs.,EXPLOIT-KIT Portable Executable downloaded with bad DOS stub
26534,7,E01,INCLUDE,26534:7,Revision preserved; not counted as an independent rule solely because REV differs.,EXPLOIT-KIT Stamp exploit kit portable executable download
26562,3,E01,INCLUDE,26562:3,Revision preserved; not counted as an independent rule solely because REV differs.,EXPLOIT-KIT Nuclear exploit kit Spoofed Host Header .com- requests
26585,3,E01,INCLUDE,26585:3,Revision preserved; not counted as an independent rule solely because REV differs.,INDICATOR-COMPROMISE config.inc.php in iframe
26696,4,E05,INCLUDE,26696:4,Revision preserved; not counted as an independent rule solely because REV differs.,MALWARE-CNC Cbeplay Ransomware variant outbound connection - Abnormal HTTP Headers
26697,4,E05,INCLUDE,26697:4,Revision preserved; not counted as an independent rule solely because REV differs.,MALWARE-CNC Cbeplay Ransomware variant outbound connection - POST Body
26698,2,E01,INCLUDE,26698:2,Revision preserved; not counted as an independent rule solely because REV differs.,MALWARE-OTHER Compromised Website response - leads to Exploit Kit
26722,2,E05,INCLUDE,26722:2,Revision preserved; not counted as an independent rule solely because REV differs.,MALWARE-CNC Bancos fake JPG encrypted config file download
26774,4,E04,INCLUDE,26774:4,Revision preserved; not counted as an independent rule solely because REV differs.,MALWARE-CNC Win.Worm.Luder variant outbound connection
26779,4,E05,INCLUDE,26779:4,Revision preserved; not counted as an independent rule solely because REV differs.,MALWARE-CNC Win.Trojan.Cridex encrypted POST check-in
26814,3,E01,INCLUDE,26814:3,Revision preserved; not counted as an independent rule solely because REV differs.,EXPLOIT-KIT Blackholev2 exploit kit Initial Gate from Linked-In Mailing Campaign
26834,5,E01,INCLUDE,26834:5,Revision preserved; not counted as an independent rule solely because REV differs.,EXPLOIT-KIT Sweet Orange exploit kit landing page in.php base64 uri
26838,3,E01,INCLUDE,26838:3,Revision preserved; not counted as an independent rule solely because REV differs.,EXPLOIT-KIT Blackholev2 exploit kit Initial Gate from NatPay Mailing Campaign
26910,3,E05,INCLUDE,26910:3,Revision preserved; not counted as an independent rule solely because REV differs.,MALWARE-CNC ZeroAccess Encrypted 128-byte POST No Accept Headers
26947,5,E01,INCLUDE,26947:5,Revision preserved; not counted as an independent rule solely because REV differs.,EXPLOIT-KIT DotkaChef/Rmayana/DotCache exploit kit inbound java exploit download
26948,5,E01,INCLUDE,26948:5,Revision preserved; not counted as an independent rule solely because REV differs.,EXPLOIT-KIT DotkaChef/Rmayana/DotCache exploit kit inbound java exploit download
26949,4,E01,INCLUDE,26949:4,Revision preserved; not counted as an independent rule solely because REV differs.,EXPLOIT-KIT DotkaChef/Rmayana/DotCache exploit kit landing page
26951,5,E01,INCLUDE,26951:5,Revision preserved; not counted as an independent rule solely because REV differs.,EXPLOIT-KIT DotkaChef/Rmayana/DotCache exploit kit Malvertising Campaign URI request
26966,5,E04,INCLUDE,26966:5,Revision preserved; not counted as an independent rule solely because REV differs.,MALWARE-CNC Win32/Autorun.JN variant outbound connection
26985,3,E01,INCLUDE,26985:3,Revision preserved; not counted as an independent rule solely because REV differs.,EXPLOIT-KIT Rawin exploit kit outbound java retrieval
27040,4,E01,INCLUDE,27040:4,Revision preserved; not counted as an independent rule solely because REV differs.,EXPLOIT-KIT Styx exploit kit plugin detection connection jorg
27041,4,E01,INCLUDE,27041:4,Revision preserved; not counted as an independent rule solely because REV differs.,EXPLOIT-KIT Styx exploit kit plugin detection connection jlnp
27042,5,E01,INCLUDE,27042:5,Revision preserved; not counted as an independent rule solely because REV differs.,EXPLOIT-KIT Styx exploit kit plugin detection connection jovf
27085,3,E01,INCLUDE,27085:3,Revision preserved; not counted as an independent rule solely because REV differs.,EXPLOIT-KIT Unknown Malvertising exploit kit Hostile Jar pipe.class
27086,3,E01;E02,INCLUDE,27086:3,Revision preserved; not counted as an independent rule solely because REV differs.,EXPLOIT-KIT Unknown Malvertising exploit kit stage-1 redirect
27110,7,E01,INCLUDE,27110:7,Revision preserved; not counted as an independent rule solely because REV differs.,EXPLOIT-KIT Blackholev2/Cool exploit kit outbound portable executable request
27113,5,E01,INCLUDE,27113:5,Revision preserved; not counted as an independent rule solely because REV differs.,EXPLOIT-KIT DotkaChef/Rmayana/DotCache exploit kit Zeroaccess download attempt
27144,3,E01,INCLUDE,27144:3,Revision preserved; not counted as an independent rule solely because REV differs.,EXPLOIT-KIT Private exploit kit outbound traffic
27246,2,E05,INCLUDE,27246:2,Revision preserved; not counted as an independent rule solely because REV differs.,MALWARE-OTHER Mac OSX FBI ransomware
27253,2,E05,INCLUDE,27253:2,Revision preserved; not counted as an independent rule solely because REV differs.,MALWARE-CNC Win.Trojan.Cridex Encrypted POST w/ URL Pattern
27633,4,E04,INCLUDE,27633:4,Revision preserved; not counted as an independent rule solely because REV differs.,MALWARE-CNC Worm.Silly variant outbound connection
27708,8,E05,INCLUDE,27708:8,Revision preserved; not counted as an independent rule solely because REV differs.,MALWARE-CNC Win.Ransomware.Urausy outbound connection
27865,7,E01,INCLUDE,27865:7,Revision preserved; not counted as an independent rule solely because REV differs.,EXPLOIT-KIT Blackholev2/Darkleech exploit kit landing page request
27866,2,E01,INCLUDE,27866:2,Revision preserved; not counted as an independent rule solely because REV differs.,EXPLOIT-KIT Blackholev2/Darkleech exploit kit landing page
27907,8,E01;E02,INCLUDE,27907:8,Revision preserved; not counted as an independent rule solely because REV differs.,EXPLOIT-KIT Blackholev2/Cool exploit kit payload download attempt
27919,5,E05,INCLUDE,27919:5,Revision preserved; not counted as an independent rule solely because REV differs.,MALWARE-CNC Win.Trojan.Zeus encrypted POST Data exfiltration
28007,2,E01,INCLUDE,28007:2,Revision preserved; not counted as an independent rule solely because REV differs.,MALWARE-CNC BLYPT installer startupkey outbound traffic
28008,2,E01,INCLUDE,28008:2,Revision preserved; not counted as an independent rule solely because REV differs.,MALWARE-CNC BLYPT installer reuse outbound traffic
28009,2,E01,INCLUDE,28009:2,Revision preserved; not counted as an independent rule solely because REV differs.,MALWARE-CNC BLYPT installer configkey outbound traffic
28010,2,E01,INCLUDE,28010:2,Revision preserved; not counted as an independent rule solely because REV differs.,MALWARE-CNC BLYPT installer tserror outbound traffic
28011,2,E01,INCLUDE,28011:2,Revision preserved; not counted as an independent rule solely because REV differs.,MALWARE-CNC BLYPT installer createproc outbound traffic
28026,3,E01,INCLUDE,28026:3,Revision preserved; not counted as an independent rule solely because REV differs.,EXPLOIT-KIT Blackholev2 exploit kit landing page
28028,6,E01,INCLUDE,28028:6,Revision preserved; not counted as an independent rule solely because REV differs.,EXPLOIT-KIT Blackholev2/Cool exploit kit exploit download attempt
28033,3,E05,INCLUDE,28033:3,Revision preserved; not counted as an independent rule solely because REV differs.,MALWARE-CNC Win.Ransomware.Urausy variant outbound connection
28114,2,E02;E05,INCLUDE,28114:2,Revision preserved; not counted as an independent rule solely because REV differs.,MALWARE-CNC Win.Trojan.Fareit variant outbound connection - /default.htm GET Encrypted Payload
28115,2,E02;E05,INCLUDE,28115:2,Revision preserved; not counted as an independent rule solely because REV differs.,MALWARE-CNC Win.Trojan.Fareit variant outbound connection - /file.htm GET Encrypted Payload
28116,2,E02;E05,INCLUDE,28116:2,Revision preserved; not counted as an independent rule solely because REV differs.,MALWARE-CNC Win.Trojan.Fareit variant outbound connection - /home.htm GET Encrypted Payload
28117,2,E02;E05,INCLUDE,28117:2,Revision preserved; not counted as an independent rule solely because REV differs.,MALWARE-CNC Win.Trojan.Fareit variant outbound connection - /install.htm GET Encrypted Payload
28118,2,E02;E05,INCLUDE,28118:2,Revision preserved; not counted as an independent rule solely because REV differs.,MALWARE-CNC Win.Trojan.Fareit variant outbound connection - /login.htm GET Encrypted Payload
28119,2,E02;E05,INCLUDE,28119:2,Revision preserved; not counted as an independent rule solely because REV differs.,MALWARE-CNC Win.Trojan.Fareit variant outbound connection - /search.htm GET Encrypted Payload
28120,2,E02;E05,INCLUDE,28120:2,Revision preserved; not counted as an independent rule solely because REV differs.,MALWARE-CNC Win.Trojan.Fareit variant outbound connection - /start.htm GET Encrypted Payload
28121,2,E02;E05,INCLUDE,28121:2,Revision preserved; not counted as an independent rule solely because REV differs.,MALWARE-CNC Win.Trojan.Fareit variant outbound connection - /welcome.htm GET Encrypted Payload
28122,2,E02;E05,INCLUDE,28122:2,Revision preserved; not counted as an independent rule solely because REV differs.,MALWARE-CNC Win.Trojan.Fareit variant outbound connection - /index.htm GET Encrypted Payload
28123,2,E02;E05,INCLUDE,28123:2,Revision preserved; not counted as an independent rule solely because REV differs.,MALWARE-CNC Win.Trojan.Fareit variant outbound connection - /setup.htm GET Encrypted Payload
28215,3,E01,INCLUDE,28215:3,Revision preserved; not counted as an independent rule solely because REV differs.,SERVER-WEBAPP vBulletin upgrade.php exploit attempt
28233,3,E01;E02,INCLUDE,28233:3,Revision preserved; not counted as an independent rule solely because REV differs.,EXPLOIT-KIT Blackholev2/Cool exploit kit payload download attempt
28291,3,E01,INCLUDE,28291:3,Revision preserved; not counted as an independent rule solely because REV differs.,EXPLOIT-KIT Blackholev2/Cool exploit kit exploit download attempt
28428,3,E01;E02,INCLUDE,28428:3,Revision preserved; not counted as an independent rule solely because REV differs.,EXPLOIT-KIT Glazunov exploit kit landing page
28429,3,E01,INCLUDE,28429:3,Revision preserved; not counted as an independent rule solely because REV differs.,EXPLOIT-KIT Glazunov exploit kit outbound jnlp download attempt
28430,4,E01,INCLUDE,28430:4,Revision preserved; not counted as an independent rule solely because REV differs.,EXPLOIT-KIT Glazunov exploit kit zip file download
28450,2,E01;E02,INCLUDE,28450:2,Revision preserved; not counted as an independent rule solely because REV differs.,EXPLOIT-KIT Sakura exploit kit exploit payload retrieve attempt
28542,3,E04,INCLUDE,28542:3,Revision preserved; not counted as an independent rule solely because REV differs.,MALWARE-CNC Win.Trojan.Conficker variant outbound connection
28543,3,E04,INCLUDE,28543:3,Revision preserved; not counted as an independent rule solely because REV differs.,MALWARE-CNC Win.Trojan.Conficker variant outbound connection
28552,3,E03,INCLUDE,28552:3,Revision preserved; not counted as an independent rule solely because REV differs.,INDICATOR-SCAN inbound probing for IPTUX messenger port 
28553,2,E02;E05,INCLUDE,28553:2,Revision preserved; not counted as an independent rule solely because REV differs.,MALWARE-CNC Win.Trojan.Fareit variant outbound connection - /main.htm GET Encrypted Payload
28554,2,E02;E05,INCLUDE,28554:2,Revision preserved; not counted as an independent rule solely because REV differs.,MALWARE-CNC Win.Trojan.Fareit variant outbound connection - /online.htm GET Encrypted Payload
28555,2,E04,INCLUDE,28555:2,Revision preserved; not counted as an independent rule solely because REV differs.,MALWARE-OTHER SQL Slammer worm propagation attempt inbound
28596,4,E01;E02,INCLUDE,28596:4,Revision preserved; not counted as an independent rule solely because REV differs.,EXPLOIT-KIT Nuclear exploit kit payload request
28795,7,E01;E02,INCLUDE,28795:7,Revision preserved; not counted as an independent rule solely because REV differs.,EXPLOIT-KIT Goon/Infinity exploit kit payload download attempt
28969,4,E01;E02,INCLUDE,28969:4,Revision preserved; not counted as an independent rule solely because REV differs.,EXPLOIT-KIT HiMan exploit kit outbound payload retreival - specific string
28982,2,E04,INCLUDE,28982:2,Revision preserved; not counted as an independent rule solely because REV differs.,MALWARE-CNC Win.Worm.Steckt IRCbot requesting URL through IRC
28984,5,E04,INCLUDE,28984:5,Revision preserved; not counted as an independent rule solely because REV differs.,MALWARE-CNC Win.Worm.Steckt IRCbot executable download
28985,4,E04,INCLUDE,28985:4,Revision preserved; not counted as an independent rule solely because REV differs.,MALWARE-CNC Win.Worm.Steckt IRCbot executable download
28986,3,E04,INCLUDE,28986:3,Revision preserved; not counted as an independent rule solely because REV differs.,MALWARE-CNC Win.Worm.Neeris IRCbot variant outbound connection
28987,3,E04,INCLUDE,28987:3,Revision preserved; not counted as an independent rule solely because REV differs.,MALWARE-CNC Win.Worm.Steckt IRCbot variant outbound connection
28988,3,E04,INCLUDE,28988:3,Revision preserved; not counted as an independent rule solely because REV differs.,MALWARE-CNC Win.Worm.Steckt IRCbot variant outbound connection
29166,6,E01;E02,INCLUDE,29166:6,Revision preserved; not counted as an independent rule solely because REV differs.,EXPLOIT-KIT CritX exploit kit payload download attempt
29167,6,E01;E02,INCLUDE,29167:6,Revision preserved; not counted as an independent rule solely because REV differs.,EXPLOIT-KIT CritX exploit kit payload download attempt
29189,5,E01;E02,INCLUDE,29189:5,Revision preserved; not counted as an independent rule solely because REV differs.,EXPLOIT-KIT Magnitude exploit kit Microsoft Internet Explorer Payload request
29378,2,E05,INCLUDE,29378:2,Revision preserved; not counted as an independent rule solely because REV differs.,MALWARE-CNC Win.Trojan.Dropper inbound encrypted traffic
29379,3,E05,INCLUDE,29379:3,Revision preserved; not counted as an independent rule solely because REV differs.,MALWARE-CNC Win.Trojan.Dropper outbound encrypted traffic - potential exfiltration
29380,2,E05,INCLUDE,29380:2,Revision preserved; not counted as an independent rule solely because REV differs.,MALWARE-CNC Win.Trojan.Dropper outbound encrypted traffic
29666,4,E05,INCLUDE,29666:4,Revision preserved; not counted as an independent rule solely because REV differs.,MALWARE-CNC Win.Trojan.Linkup outbound connection
29829,2,E01;E04,INCLUDE,29829:2,Revision preserved; not counted as an independent rule solely because REV differs.,SERVER-WEBAPP HNAP remote code execution attempt
29830,4,E01;E04,INCLUDE,29830:4,Revision preserved; not counted as an independent rule solely because REV differs.,SERVER-WEBAPP Linksys E-series HNAP TheMoon remote code execution attempt
29831,3,E01;E04,INCLUDE,29831:3,Revision preserved; not counted as an independent rule solely because REV differs.,SERVER-WEBAPP Linksys E-series HNAP TheMoon remote code execution attempt
29864,2,E01;E02,INCLUDE,29864:2,Revision preserved; not counted as an independent rule solely because REV differs.,EXPLOIT-KIT Redkit exploit kit payload request
30003,6,E01;E02,INCLUDE,30003:6,Revision preserved; not counted as an independent rule solely because REV differs.,EXPLOIT-KIT Hello/LightsOut exploit kit payload download attempt
30220,6,E01;E02,INCLUDE,30220:6,Revision preserved; not counted as an independent rule solely because REV differs.,EXPLOIT-KIT Nuclear exploit kit outbound payload request
30319,5,E01,INCLUDE,30319:5,Revision preserved; not counted as an independent rule solely because REV differs.,EXPLOIT-KIT Goon/Infinity exploit kit malicious portable executable file request
30520,9,E01,INCLUDE,30520:9,Revision preserved; not counted as an independent rule solely because REV differs.,SERVER-OTHER OpenSSL SSLv3 heartbeat read overrun attempt - vulnerable client response
30521,9,E01,INCLUDE,30521:9,Revision preserved; not counted as an independent rule solely because REV differs.,SERVER-OTHER OpenSSL TLSv1 heartbeat read overrun attempt - vulnerable client response
30522,9,E01,INCLUDE,30522:9,Revision preserved; not counted as an independent rule solely because REV differs.,SERVER-OTHER OpenSSL TLSv1.1 heartbeat read overrun attempt - vulnerable client response
30523,9,E01,INCLUDE,30523:9,Revision preserved; not counted as an independent rule solely because REV differs.,SERVER-OTHER OpenSSL TLSv1.2 heartbeat read overrun attempt - vulnerable client response
30920,2,E01,INCLUDE,30920:2,Revision preserved; not counted as an independent rule solely because REV differs.,EXPLOIT-KIT Multiple exploit kit redirection gate
30973,7,E01;E02,INCLUDE,30973:7,Revision preserved; not counted as an independent rule solely because REV differs.,EXPLOIT-KIT CritX exploit kit payload request
31262,4,E04,INCLUDE,31262:4,Revision preserved; not counted as an independent rule solely because REV differs.,MALWARE-CNC Win.Worm.VBNA variant outbound connection
31405,2,E04,INCLUDE,31405:2,Revision preserved; not counted as an independent rule solely because REV differs.,SERVER-APACHE Apache Chunked-Encoding worm attempt
31455,4,E01,INCLUDE,31455:4,Revision preserved; not counted as an independent rule solely because REV differs.,EXPLOIT-KIT Rig Exploit Kit Outbound DGA Request
31606,2,E02,INCLUDE,31606:2,Revision preserved; not counted as an independent rule solely because REV differs.,MALWARE-CNC Win.Trojan.Glupteba payload download request
31719,2,E01,INCLUDE,31719:2,Revision preserved; not counted as an independent rule solely because REV differs.,FILE-IMAGE Microsoft Multiple Products JPEG parser heap overflow attempt
31965,4,E01,INCLUDE,31965:4,Revision preserved; not counted as an independent rule solely because REV differs.,EXPLOIT-KIT Astrum exploit kit landing page
31966,3,E01;E02,INCLUDE,31966:3,Revision preserved; not counted as an independent rule solely because REV differs.,EXPLOIT-KIT Astrum exploit kit payload delivery
31967,3,E01;E02,INCLUDE,31967:3,Revision preserved; not counted as an independent rule solely because REV differs.,EXPLOIT-KIT Astrum exploit kit payload delivery
31970,4,E01,INCLUDE,31970:4,Revision preserved; not counted as an independent rule solely because REV differs.,EXPLOIT-KIT Astrum exploit kit redirection attempt
31971,9,E01,INCLUDE,31971:9,Revision preserved; not counted as an independent rule solely because REV differs.,EXPLOIT-KIT Astrum exploit kit multiple exploit download request
31972,3,E01;E02,INCLUDE,31972:3,Revision preserved; not counted as an independent rule solely because REV differs.,EXPLOIT-KIT Astrum exploit kit payload delivery
32074,2,E02,INCLUDE,32074:2,Revision preserved; not counted as an independent rule solely because REV differs.,MALWARE-CNC Win.Trojan.Zemot payload download attempt
32370,4,E01,INCLUDE,32370:4,Revision preserved; not counted as an independent rule solely because REV differs.,SERVER-OTHER AOL Instant Messenger goaway message buffer overflow attempt
32386,4,E01,INCLUDE,32386:4,Revision preserved; not counted as an independent rule solely because REV differs.,EXPLOIT-KIT Nuclear exploit kit outbound structure
32605,3,E04,INCLUDE,32605:3,Revision preserved; not counted as an independent rule solely because REV differs.,MALWARE-CNC Win.Worm.Jenxcus variant outbound connection
32889,2,E01,INCLUDE,32889:2,Revision preserved; not counted as an independent rule solely because REV differs.,FILE-IMAGE Microsoft and libpng multiple products PNG large image width overflow attempt
33825,7,E04,INCLUDE,33825:7,Revision preserved; not counted as an independent rule solely because REV differs.,OS-WINDOWS Microsoft Windows SMB NTLM NULL session attempt
34145,2,E05,INCLUDE,34145:2,Revision preserved; not counted as an independent rule solely because REV differs.,PUA-ADWARE SuperOptimizer encrypted data transmission
34365,3,E01,INCLUDE,34365:3,Revision preserved; not counted as an independent rule solely because REV differs.,SERVER-WEBAPP Magento remote code execution attempt
35745,2,E01,INCLUDE,35745:2,Revision preserved; not counted as an independent rule solely because REV differs.,INDICATOR-COMPROMISE Wild Neutron potential exploit attempt
37730,5,E01,INCLUDE,37730:5,Revision preserved; not counted as an independent rule solely because REV differs.,PROTOCOL-DNS glibc getaddrinfo A record stack buffer overflow attempt
37731,5,E01,INCLUDE,37731:5,Revision preserved; not counted as an independent rule solely because REV differs.,PROTOCOL-DNS glibc getaddrinfo AAAA record stack buffer overflow attempt
38584,2,E02,INCLUDE,38584:2,Revision preserved; not counted as an independent rule solely because REV differs.,MALWARE-CNC Win.Backdoor.DFSCook variant JS dropper outbound connection
39737,2,E01,INCLUDE,39737:2,Revision preserved; not counted as an independent rule solely because REV differs.,SERVER-WEBAPP HttpOxy CGI application vulnerability potential man-in-the-middle attempt
40184,2,E01,INCLUDE,40184:2,Revision preserved; not counted as an independent rule solely because REV differs.,EXPLOIT-KIT Phoenix Exploit Kit inbound geoip.php bdr exploit attempt
40541,3,E05,INCLUDE,40541:3,Revision preserved; not counted as an independent rule solely because REV differs.,MALWARE-CNC Win.Trojan.Satana ransomware outbound connection
40549,2,E05,INCLUDE,40549:2,Revision preserved; not counted as an independent rule solely because REV differs.,MALWARE-CNC Win.Trojan.CryPy ransomware variant outbound connection
40836,4,E03,INCLUDE,40836:4,Revision preserved; not counted as an independent rule solely because REV differs.,MALWARE-CNC Win.Backdoor.Houdini variant file enumeration inbound init/root/faf command attempt
40866,3,E01,INCLUDE,40866:3,Revision preserved; not counted as an independent rule solely because REV differs.,PROTOCOL-OTHER TP-Link TDDP SET_CONFIG type buffer overflow attempt
40907,2,E03,INCLUDE,40907:2,Revision preserved; not counted as an independent rule solely because REV differs.,PROTOCOL-OTHER TP-Link TDDP Get_config configuration leak attempt
41096,4,E01,INCLUDE,41096:4,Revision preserved; not counted as an independent rule solely because REV differs.,SERVER-WEBAPP Netgear WNR2000 hidden_lang_avi stack buffer overflow attempt
41346,3,E01,INCLUDE,41346:3,Revision preserved; not counted as an independent rule solely because REV differs.,SERVER-WEBAPP Western Digital MyCloud command injection attempt
41347,3,E01,INCLUDE,41347:3,Revision preserved; not counted as an independent rule solely because REV differs.,SERVER-WEBAPP Western Digital MyCloud command injection attempt
41348,3,E01,INCLUDE,41348:3,Revision preserved; not counted as an independent rule solely because REV differs.,SERVER-WEBAPP Western Digital MyCloud command injection attempt
41349,3,E01,INCLUDE,41349:3,Revision preserved; not counted as an independent rule solely because REV differs.,SERVER-WEBAPP Western Digital MyCloud command injection attempt
41442,3,E05,INCLUDE,41442:3,Revision preserved; not counted as an independent rule solely because REV differs.,MALWARE-CNC Win.Ransomware.X-Mas outbound connection
41443,4,E05,INCLUDE,41443:4,Revision preserved; not counted as an independent rule solely because REV differs.,MALWARE-CNC Win.Ransomware.X-Mas variant keylogger outbound connection
41444,4,E05,INCLUDE,41444:4,Revision preserved; not counted as an independent rule solely because REV differs.,MALWARE-CNC Win.Ransomware.X-Mas variant keylogger outbound connection
41445,2,E01,INCLUDE,41445:2,Revision preserved; not counted as an independent rule solely because REV differs.,SERVER-OTHER QNAP remote buffer overflow attempt
41498,2,E05,INCLUDE,41498:2,Revision preserved; not counted as an independent rule solely because REV differs.,MALWARE-CNC Win.Ransomware.CryptoLocker binary download response attempt
41499,6,E01;E04,INCLUDE,41499:6,Revision preserved; not counted as an independent rule solely because REV differs.,SERVER-SAMBA Microsoft Windows SMBv2/SMBv3 Buffer Overflow attempt
41504,4,E03,INCLUDE,41504:4,Revision preserved; not counted as an independent rule solely because REV differs.,SERVER-WEBAPP Netgear passwordrecovered.cgi insecure admin password disclosure attempt
41698,3,E01,INCLUDE,41698:3,Revision preserved; not counted as an independent rule solely because REV differs.,SERVER-WEBAPP Netgear DGN2200 ping.cgi command injection attempt
41699,3,E01,INCLUDE,41699:3,Revision preserved; not counted as an independent rule solely because REV differs.,SERVER-WEBAPP Netgear DGN2200 ping.cgi command injection attempt
41700,3,E01,INCLUDE,41700:3,Revision preserved; not counted as an independent rule solely because REV differs.,SERVER-WEBAPP Netgear DGN2200 ping.cgi command injection attempt
41713,2,E01,INCLUDE,41713:2,Revision preserved; not counted as an independent rule solely because REV differs.,SERVER-WEBAPP DotNetNuke installation attempt detected
41748,3,E01,INCLUDE,41748:3,Revision preserved; not counted as an independent rule solely because REV differs.,SERVER-WEBAPP Netgear DGN2200 dnslookup.cgi command injection attempt
41749,3,E01,INCLUDE,41749:3,Revision preserved; not counted as an independent rule solely because REV differs.,SERVER-WEBAPP Netgear DGN2200 dnslookup.cgi command injection attempt
41750,3,E01,INCLUDE,41750:3,Revision preserved; not counted as an independent rule solely because REV differs.,SERVER-WEBAPP Netgear DGN2200 dnslookup.cgi command injection attempt
41751,3,E01,INCLUDE,41751:3,Revision preserved; not counted as an independent rule solely because REV differs.,SERVER-WEBAPP Netgear DGN2200 dnslookup.cgi command injection attempt
41978,5,E01;E04,INCLUDE,41978:5,Revision preserved; not counted as an independent rule solely because REV differs.,OS-WINDOWS Microsoft Windows SMB remote code execution attempt
42059,2,E05,INCLUDE,42059:2,Revision preserved; not counted as an independent rule solely because REV differs.,MALWARE-CNC Win.Ransomware.Sage variant outbound connection
42256,7,E04,INCLUDE,42256:7,Revision preserved; not counted as an independent rule solely because REV differs.,OS-WINDOWS Microsoft Windows SMB anonymous user session setup request detected
42331,5,E04,INCLUDE,42331:5,Revision preserved; not counted as an independent rule solely because REV differs.,MALWARE-CNC Win.Trojan.Doublepulsar variant process injection command
42332,8,E04,INCLUDE,42332:8,Revision preserved; not counted as an independent rule solely because REV differs.,MALWARE-CNC Win.Trojan.Doublepulsar variant ping command
42338,3,E01;E04,INCLUDE,42338:3,Revision preserved; not counted as an independent rule solely because REV differs.,OS-WINDOWS Microsoft Windows SMB large NT RENAME transaction request memory leak attempt
42339,3,E01;E04,INCLUDE,42339:3,Revision preserved; not counted as an independent rule solely because REV differs.,OS-WINDOWS Microsoft Windows SMB possible leak of kernel heap memory
42340,4,E01;E04,INCLUDE,42340:4,Revision preserved; not counted as an independent rule solely because REV differs.,OS-WINDOWS Microsoft Windows SMB anonymous session IPC share access attempt
42857,4,E02,INCLUDE,42857:4,Revision preserved; not counted as an independent rule solely because REV differs.,SERVER-WEBAPP MVPower DVR Shell arbitrary command execution attempt
42944,2,E01;E04,INCLUDE,42944:2,Revision preserved; not counted as an independent rule solely because REV differs.,OS-WINDOWS Microsoft Windows SMB remote code execution attempt
43002,8,E04,INCLUDE,43002:8,Revision preserved; not counted as an independent rule solely because REV differs.,PROTOCOL-OTHER NETBIOS SMB IPC share access attempt
43003,8,E04,INCLUDE,43003:8,Revision preserved; not counted as an independent rule solely because REV differs.,PROTOCOL-OTHER NETBIOS SMB IPC share access attempt
43004,5,E01;E04,INCLUDE,43004:5,Revision preserved; not counted as an independent rule solely because REV differs.,SERVER-SAMBA Samba is_known_pipe arbitrary module load code execution attempt
43663,2,E02,INCLUDE,43663:2,Revision preserved; not counted as an independent rule solely because REV differs.,SERVER-OTHER WSFTP IpSwitch custom SITE command execution attempt
43809,2,E01,INCLUDE,43809:2,Revision preserved; not counted as an independent rule solely because REV differs.,SERVER-WEBAPP Kaspersky Linux File Server WMC cross site request forgery attempt
43810,2,E01,INCLUDE,43810:2,Revision preserved; not counted as an independent rule solely because REV differs.,SERVER-WEBAPP Kaspersky Linux File Server WMC directory traversal attempt
43811,2,E01,INCLUDE,43811:2,Revision preserved; not counted as an independent rule solely because REV differs.,SERVER-WEBAPP Kaspersky Linux File Server WMC directory traversal attempt
43812,2,E01,INCLUDE,43812:2,Revision preserved; not counted as an independent rule solely because REV differs.,SERVER-WEBAPP Kaspersky Linux File Server WMC directory traversal attempt
43813,2,E01,INCLUDE,43813:2,Revision preserved; not counted as an independent rule solely because REV differs.,SERVER-WEBAPP Kaspersky Linux File Server WMC cross site scripting attempt
43957,2,E02,INCLUDE,43957:2,Revision preserved; not counted as an independent rule solely because REV differs.,SERVER-WEBAPP Ubiquiti Networks UniFi Cloud Key Firm v0.6.1 Host Remote Command Execution attempt
44005,3,E01,INCLUDE,44005:3,Revision preserved; not counted as an independent rule solely because REV differs.,SERVER-WEBAPP Cisco DDR2200 ADSL gateway command injection attempt
44006,3,E01,INCLUDE,44006:3,Revision preserved; not counted as an independent rule solely because REV differs.,SERVER-WEBAPP Cisco DDR2200 ADSL gateway command injection attempt
44007,3,E01,INCLUDE,44007:3,Revision preserved; not counted as an independent rule solely because REV differs.,SERVER-WEBAPP Cisco DDR2200 ADSL gateway command injection attempt
44008,2,E01,INCLUDE,44008:2,Revision preserved; not counted as an independent rule solely because REV differs.,SERVER-WEBAPP Cisco DDR2200 ADSL gateway command injection attempt
44591,2,E05,INCLUDE,44591:2,Revision preserved; not counted as an independent rule solely because REV differs.,MALWARE-CNC Win.Trojan.PandaZeus malicious certificate exchange
44687,3,E01,INCLUDE,44687:3,Revision preserved; not counted as an independent rule solely because REV differs.,SERVER-WEBAPP Netgear DGN1000 series routers authentication bypass attempt
44688,4,E01;E02,INCLUDE,44688:4,Revision preserved; not counted as an independent rule solely because REV differs.,SERVER-WEBAPP Netgear DGN1000 series routers arbitrary command execution attempt
44743,3,E01,INCLUDE,44743:3,Revision preserved; not counted as an independent rule solely because REV differs.,SERVER-OTHER libupnp command buffer overflow attempt
44762,2,E02,INCLUDE,44762:2,Revision preserved; not counted as an independent rule solely because REV differs.,MALWARE-CNC Win.Trojan.KopiLuwak variant outbound request detected
44971,3,E01,INCLUDE,44971:3,Revision preserved; not counted as an independent rule solely because REV differs.,SERVER-OTHER QNAP transcode server command injection attempt
45411,3,E03,INCLUDE,45411:3,Revision preserved; not counted as an independent rule solely because REV differs.,POLICY-OTHER TrendMicro ServerProtect server configuration file download detected
45643,4,E02,INCLUDE,45643:4,Revision preserved; not counted as an independent rule solely because REV differs.,MALWARE-CNC Vbs.Trojan.Agent inbound payload download
45644,3,E02,INCLUDE,45644:3,Revision preserved; not counted as an independent rule solely because REV differs.,MALWARE-CNC Vbs.Trojan.Agent inbound payload download
45645,3,E02,INCLUDE,45645:3,Revision preserved; not counted as an independent rule solely because REV differs.,MALWARE-CNC Vbs.Trojan.Agent inbound payload download
45646,4,E03,INCLUDE,45646:4,Revision preserved; not counted as an independent rule solely because REV differs.,MALWARE-CNC Vbs.Trojan.Agent outbound system information disclosure
45964,1,E03,INCLUDE,45964:1,Revision preserved; not counted as an independent rule solely because REV differs.,MALWARE-CNC Win.Trojan.UDPOS outbound system information disclousre
45977,2,E01;E04,INCLUDE,45977:2,Revision preserved; not counted as an independent rule solely because REV differs.,OS-WINDOWS Microsoft Windows SMB kernel heap memory leak attempt
45978,2,E01;E04,INCLUDE,45978:2,Revision preserved; not counted as an independent rule solely because REV differs.,OS-WINDOWS Microsoft Windows SMB kernel heap memory leak attempt
46076,2,E01,INCLUDE,46076:2,Revision preserved; not counted as an independent rule solely because REV differs.,NETBIOS MikroTik RouterOS buffer overflow attempt
46080,4,E01,INCLUDE,46080:4,Revision preserved; not counted as an independent rule solely because REV differs.,SERVER-WEBAPP Linksys E-Series apply.cgi cross site scripting attempt
46081,4,E01,INCLUDE,46081:4,Revision preserved; not counted as an independent rule solely because REV differs.,SERVER-WEBAPP Linksys E-Series apply.cgi cross site scripting attempt
46082,3,E01,INCLUDE,46082:3,Revision preserved; not counted as an independent rule solely because REV differs.,SERVER-WEBAPP Linksys E-Series apply.cgi ping function command injection attempt
46083,3,E01,INCLUDE,46083:3,Revision preserved; not counted as an independent rule solely because REV differs.,SERVER-WEBAPP Linksys E-Series apply.cgi directory traversal attempt
46084,3,E01,INCLUDE,46084:3,Revision preserved; not counted as an independent rule solely because REV differs.,SERVER-WEBAPP Linksys E-Series apply.cgi directory traversal attempt
46085,3,E01,INCLUDE,46085:3,Revision preserved; not counted as an independent rule solely because REV differs.,SERVER-WEBAPP Linksys E-Series apply.cgi ping function command injection attempt
46086,3,E01,INCLUDE,46086:3,Revision preserved; not counted as an independent rule solely because REV differs.,SERVER-WEBAPP Linksys E-Series apply.cgi ping function command injection attempt
46297,3,E01,INCLUDE,46297:3,Revision preserved; not counted as an independent rule solely because REV differs.,SERVER-WEBAPP QNAP VioStor NVR and QNAP NAS command injection attempt
46298,3,E01,INCLUDE,46298:3,Revision preserved; not counted as an independent rule solely because REV differs.,SERVER-WEBAPP QNAP VioStor NVR and QNAP NAS command injection attempt
46299,3,E01,INCLUDE,46299:3,Revision preserved; not counted as an independent rule solely because REV differs.,SERVER-WEBAPP QNAP VioStor NVR and QNAP NAS command injection attempt
46300,3,E01,INCLUDE,46300:3,Revision preserved; not counted as an independent rule solely because REV differs.,SERVER-WEBAPP QNAP VioStor NVR and QNAP NAS command injection attempt
46301,2,E01,INCLUDE,46301:2,Revision preserved; not counted as an independent rule solely because REV differs.,SERVER-OTHER QNAP QTS X-Forwarded-For buffer overflow
46305,2,E01,INCLUDE,46305:2,Revision preserved; not counted as an independent rule solely because REV differs.,SERVER-WEBAPP QNAP WTS 4.2.1 command injection attempt
46306,2,E01;E04,INCLUDE,46306:2,Revision preserved; not counted as an independent rule solely because REV differs.,SERVER-WEBAPP QNAP WTS 4.2.1 command injection attempt
46307,2,E01;E04,INCLUDE,46307:2,Revision preserved; not counted as an independent rule solely because REV differs.,SERVER-WEBAPP QNAP WTS 4.2.1 command injection attempt
46308,2,E01,INCLUDE,46308:2,Revision preserved; not counted as an independent rule solely because REV differs.,SERVER-WEBAPP QNAP WTS 4.2.1 command injection attempt
46309,2,E01,INCLUDE,46309:2,Revision preserved; not counted as an independent rule solely because REV differs.,SERVER-OTHER QNAP NVR/NAS Heap/Stack Overflow attempt
46310,2,E01,INCLUDE,46310:2,Revision preserved; not counted as an independent rule solely because REV differs.,SERVER-OTHER QNAP NVR/NAS Heap/Stack Overflow attempt
46316,5,E01,INCLUDE,46316:5,Revision preserved; not counted as an independent rule solely because REV differs.,SERVER-WEBAPP Drupal 8 remote code execution attempt
46322,2,E01,INCLUDE,46322:2,Revision preserved; not counted as an independent rule solely because REV differs.,SERVER-WEBAPP Netgear DGN2200B stored cross-site scripting attempt
46323,2,E01,INCLUDE,46323:2,Revision preserved; not counted as an independent rule solely because REV differs.,SERVER-WEBAPP Netgear DGN2200B stored cross-site scripting attempt
46339,3,E05,INCLUDE,46339:3,Revision preserved; not counted as an independent rule solely because REV differs.,MALWARE-CNC Win.Ransomware.Matrix outbound connection
46340,3,E03,INCLUDE,46340:3,Revision preserved; not counted as an independent rule solely because REV differs.,SERVER-WEBAPP Akeeba Kickstart restoration.php reconnaissance attempt
46376,2,E01,INCLUDE,46376:2,Revision preserved; not counted as an independent rule solely because REV differs.,SERVER-OTHER libgd heap-overflow attempt
46377,2,E01,INCLUDE,46377:2,Revision preserved; not counted as an independent rule solely because REV differs.,SERVER-OTHER libgd heap-overflow attempt
46510,1,E01,INCLUDE,46510:1,Revision preserved; not counted as an independent rule solely because REV differs.,SERVER-WEBAPP Belkin N750 F9K1103 wireless router command injection attempt
46511,1,E01,INCLUDE,46511:1,Revision preserved; not counted as an independent rule solely because REV differs.,SERVER-WEBAPP Belkin N750 F9K1103 wireless router command injection attempt
46512,1,E01,INCLUDE,46512:1,Revision preserved; not counted as an independent rule solely because REV differs.,SERVER-WEBAPP Belkin N750 F9K1103 wireless router command injection attempt
46513,1,E01,INCLUDE,46513:1,Revision preserved; not counted as an independent rule solely because REV differs.,SERVER-WEBAPP Belkin N750 F9K1103 wireless router command injection attempt
46514,1,E01,INCLUDE,46514:1,Revision preserved; not counted as an independent rule solely because REV differs.,SERVER-WEBAPP Belkin N750 F9K1103 wireless router command injection attempt
46515,1,E01,INCLUDE,46515:1,Revision preserved; not counted as an independent rule solely because REV differs.,SERVER-WEBAPP Belkin N750 F9K1103 wireless router command injection attempt
46516,1,E01,INCLUDE,46516:1,Revision preserved; not counted as an independent rule solely because REV differs.,SERVER-WEBAPP Belkin N750 F9K1103 wireless router command injection attempt
46517,1,E01,INCLUDE,46517:1,Revision preserved; not counted as an independent rule solely because REV differs.,SERVER-WEBAPP Belkin N750 F9K1103 wireless router command injection attempt
46775,1,E01,INCLUDE,46775:1,Revision preserved; not counted as an independent rule solely because REV differs.,SERVER-WEBAPP Nagios XI command injection attempt
46776,1,E01,INCLUDE,46776:1,Revision preserved; not counted as an independent rule solely because REV differs.,SERVER-WEBAPP Nagios XI command injection attempt
46777,1,E01,INCLUDE,46777:1,Revision preserved; not counted as an independent rule solely because REV differs.,SERVER-WEBAPP Nagios XI command injection attempt
46778,1,E01,INCLUDE,46778:1,Revision preserved; not counted as an independent rule solely because REV differs.,SERVER-WEBAPP Nagios XI command injection attempt
46802,1,E01,INCLUDE,46802:1,Revision preserved; not counted as an independent rule solely because REV differs.,SERVER-WEBAPP Anti-Web directory traversal attempt
46803,1,E01,INCLUDE,46803:1,Revision preserved; not counted as an independent rule solely because REV differs.,SERVER-WEBAPP Anti-Web directory traversal attempt
46804,1,E01,INCLUDE,46804:1,Revision preserved; not counted as an independent rule solely because REV differs.,SERVER-WEBAPP Anti-Web directory traversal attempt
46818,1,E05,INCLUDE,46818:1,Revision preserved; not counted as an independent rule solely because REV differs.,MALWARE-CNC Win.Ransomware.Satan outbound connection
46819,1,E02;E05,INCLUDE,46819:1,Revision preserved; not counted as an independent rule solely because REV differs.,MALWARE-OTHER Win.Ransomware.Satan payload download
46847,1,E01,INCLUDE,46847:1,Revision preserved; not counted as an independent rule solely because REV differs.,OS-LINUX Red Hat NetworkManager DHCP client command injection attempt
46979,2,E03,INCLUDE,46979:2,Revision preserved; not counted as an independent rule solely because REV differs.,INDICATOR-COMPROMISE Microsoft Office Discovery User-Agent to a potential URL shortener service
46980,2,E03,INCLUDE,46980:2,Revision preserved; not counted as an independent rule solely because REV differs.,INDICATOR-COMPROMISE Microsoft Office Discovery User-Agent to a potential URL shortener service
46983,1,E02,INCLUDE,46983:1,Revision preserved; not counted as an independent rule solely because REV differs.,INDICATOR-COMPROMISE Microsoft cmd.exe banner
47387,2,E03,INCLUDE,47387:2,Revision preserved; not counted as an independent rule solely because REV differs.,SERVER-WEBAPP Oracle WebLogic Server potential unauthenticated reconnaissance attempt
48767,1,E02,INCLUDE,48767:1,Revision preserved; not counted as an independent rule solely because REV differs.,MALWARE-CNC Win.Trojan.Zebrocy variant payload download attempt
48819,1,E02,INCLUDE,48819:1,Revision preserved; not counted as an independent rule solely because REV differs.,MALWARE-CNC Js.Trojan.Agent variant inbound payload download
49090,1,E01;E04,INCLUDE,49090:1,Revision preserved; not counted as an independent rule solely because REV differs.,SERVER-SAMBA Samba is_known_pipe arbitrary module load code execution attempt
49282,2,E01;E03,INCLUDE,49282:2,Revision preserved; not counted as an independent rule solely because REV differs.,SERVER-WEBAPP Magecart inbound scan for vulnerable plugin attempt
49676,1,E05,INCLUDE,49676:1,Revision preserved; not counted as an independent rule solely because REV differs.,MALWARE-CNC Win.Ransomware.Lockergoga binary download attempt
49677,1,E05,INCLUDE,49677:1,Revision preserved; not counted as an independent rule solely because REV differs.,MALWARE-CNC Win.Ransomware.Lockergoga binary download attempt
49678,1,E05,INCLUDE,49678:1,Revision preserved; not counted as an independent rule solely because REV differs.,MALWARE-CNC Win.Ransomware.Lockergoga binary download attempt
49679,1,E05,INCLUDE,49679:1,Revision preserved; not counted as an independent rule solely because REV differs.,MALWARE-CNC Win.Ransomware.Lockergoga binary download attempt
49680,1,E05,INCLUDE,49680:1,Revision preserved; not counted as an independent rule solely because REV differs.,MALWARE-CNC Win.Ransomware.Lockergoga binary download attempt
49839,1,E01,INCLUDE,49839:1,Revision preserved; not counted as an independent rule solely because REV differs.,SERVER-WEBAPP LG-Ericsson iPECS NMS 30M directory traversal attempt
49840,1,E01,INCLUDE,49840:1,Revision preserved; not counted as an independent rule solely because REV differs.,SERVER-WEBAPP LG-Ericsson iPECS NMS 30M directory traversal attempt
49841,1,E01,INCLUDE,49841:1,Revision preserved; not counted as an independent rule solely because REV differs.,SERVER-WEBAPP LG-Ericsson iPECS NMS 30M directory traversal attempt
49842,1,E01,INCLUDE,49842:1,Revision preserved; not counted as an independent rule solely because REV differs.,SERVER-WEBAPP LG-Ericsson iPECS NMS 30M directory traversal attempt
50137,2,E01,INCLUDE,50137:2,Revision preserved; not counted as an independent rule solely because REV differs.,OS-WINDOWS Microsoft Windows RDP MS_T120 channel bind attempt
50260,2,E02,INCLUDE,50260:2,Revision preserved; not counted as an independent rule solely because REV differs.,MALWARE-CNC Win.Downloader.TeamBot additional payload download attempt
50262,2,E02,INCLUDE,50262:2,Revision preserved; not counted as an independent rule solely because REV differs.,MALWARE-CNC Win.Downloader.TeamBot additional payload download attempt
50276,3,E01,INCLUDE,50276:3,Revision preserved; not counted as an independent rule solely because REV differs.,MALWARE-BACKDOOR Win.Backdoor.Chopper webshell inbound request attempt
50277,4,E01,INCLUDE,50277:4,Revision preserved; not counted as an independent rule solely because REV differs.,MALWARE-BACKDOOR Win.Backdoor.Chopper webshell inbound request attempt
50445,1,E02,INCLUDE,50445:1,Revision preserved; not counted as an independent rule solely because REV differs.,MALWARE-CNC Win.Downloader.TeamBot additional payload download attempt
51368,2,E01,INCLUDE,51368:2,Revision preserved; not counted as an independent rule solely because REV differs.,MALWARE-BACKDOOR Win.Backdoor.Agent webshell inbound request attempt
52022,1,E01,INCLUDE,52022:1,Revision preserved; not counted as an independent rule solely because REV differs.,OS-LINUX Red Hat NetworkManager DHCP client command injection attempt
52620,2,E01,INCLUDE,52620:2,Revision preserved; not counted as an independent rule solely because REV differs.,SERVER-WEBAPP Citrix ADC and Gateway arbitrary code execution attempt
56891,1,E04,INCLUDE,56891:1,Revision preserved; not counted as an independent rule solely because REV differs.,MALWARE-CNC Win.Trojan.BasicPipeShell variant communication attempt
56892,1,E04,INCLUDE,56892:1,Revision preserved; not counted as an independent rule solely because REV differs.,MALWARE-CNC Win.Trojan.BasicPipeShell variant communication attempt
57067,1,E01,INCLUDE,57067:1,Revision preserved; not counted as an independent rule solely because REV differs.,SERVER-OTHER HP Web JetAdmin file write attempt
57252,1,E01,INCLUDE,57252:1,Revision preserved; not counted as an independent rule solely because REV differs.,SERVER-MAIL Microsoft Exchange Server arbitrary file write attempt
57253,1,E01,INCLUDE,57253:1,Revision preserved; not counted as an independent rule solely because REV differs.,SERVER-MAIL Microsoft Exchange Server arbitrary file write attempt
57879,2,E05,INCLUDE,57879:2,Revision preserved; not counted as an independent rule solely because REV differs.,INDICATOR-COMPROMISE Revil Kaseya ransomware log clearing http upload
57906,7,E01,INCLUDE,57906:7,Revision preserved; not counted as an independent rule solely because REV differs.,SERVER-WEBAPP Microsoft Exchange autodiscover server side request forgery attempt
57907,8,E01,INCLUDE,57907:8,Revision preserved; not counted as an independent rule solely because REV differs.,SERVER-WEBAPP Microsoft Exchange autodiscover server side request forgery attempt
57908,7,E01,INCLUDE,57908:7,Revision preserved; not counted as an independent rule solely because REV differs.,SERVER-WEBAPP Microsoft Exchange autodiscover server side request forgery attempt
57983,6,E01,INCLUDE,57983:6,Revision preserved; not counted as an independent rule solely because REV differs.,SERVER-WEBAPP Microsoft Exchange autodiscover server side request forgery attempt
58722,5,E01,INCLUDE,58722:5,Revision preserved; not counted as an independent rule solely because REV differs.,SERVER-OTHER Apache Log4j logging remote code execution attempt
58723,6,E01,INCLUDE,58723:6,Revision preserved; not counted as an independent rule solely because REV differs.,SERVER-OTHER Apache Log4j logging remote code execution attempt
58724,6,E01,INCLUDE,58724:6,Revision preserved; not counted as an independent rule solely because REV differs.,SERVER-OTHER Apache Log4j logging remote code execution attempt
58725,5,E01,INCLUDE,58725:5,Revision preserved; not counted as an independent rule solely because REV differs.,SERVER-OTHER Apache Log4j logging remote code execution attempt
58726,7,E01,INCLUDE,58726:7,Revision preserved; not counted as an independent rule solely because REV differs.,SERVER-OTHER Apache Log4j logging remote code execution attempt
58727,5,E01,INCLUDE,58727:5,Revision preserved; not counted as an independent rule solely because REV differs.,SERVER-OTHER Apache Log4j logging remote code execution attempt
58728,5,E01,INCLUDE,58728:5,Revision preserved; not counted as an independent rule solely because REV differs.,SERVER-OTHER Apache Log4j logging remote code execution attempt
58729,5,E01,INCLUDE,58729:5,Revision preserved; not counted as an independent rule solely because REV differs.,SERVER-OTHER Apache Log4j logging remote code execution attempt
58730,7,E01,INCLUDE,58730:7,Revision preserved; not counted as an independent rule solely because REV differs.,SERVER-OTHER Apache Log4j logging remote code execution attempt
58731,6,E01,INCLUDE,58731:6,Revision preserved; not counted as an independent rule solely because REV differs.,SERVER-OTHER Apache Log4j logging remote code execution attempt
58732,7,E01,INCLUDE,58732:7,Revision preserved; not counted as an independent rule solely because REV differs.,SERVER-OTHER Apache Log4j logging remote code execution attempt
58733,5,E01,INCLUDE,58733:5,Revision preserved; not counted as an independent rule solely because REV differs.,SERVER-OTHER Apache Log4j logging remote code execution attempt
58734,4,E01,INCLUDE,58734:4,Revision preserved; not counted as an independent rule solely because REV differs.,SERVER-OTHER Apache Log4j logging remote code execution attempt
58735,4,E01,INCLUDE,58735:4,Revision preserved; not counted as an independent rule solely because REV differs.,SERVER-OTHER Apache Log4j logging remote code execution attempt
58736,4,E01,INCLUDE,58736:4,Revision preserved; not counted as an independent rule solely because REV differs.,SERVER-OTHER Apache Log4j logging remote code execution attempt
58737,5,E01,INCLUDE,58737:5,Revision preserved; not counted as an independent rule solely because REV differs.,SERVER-OTHER Apache Log4j logging remote code execution attempt
58738,5,E01,INCLUDE,58738:5,Revision preserved; not counted as an independent rule solely because REV differs.,SERVER-OTHER Apache Log4j logging remote code execution attempt
58739,5,E01,INCLUDE,58739:5,Revision preserved; not counted as an independent rule solely because REV differs.,SERVER-OTHER Apache Log4j logging remote code execution attempt
58740,6,E01,INCLUDE,58740:6,Revision preserved; not counted as an independent rule solely because REV differs.,SERVER-OTHER Apache Log4j logging remote code execution attempt
58741,6,E01,INCLUDE,58741:6,Revision preserved; not counted as an independent rule solely because REV differs.,SERVER-OTHER Apache Log4j logging remote code execution attempt
58742,8,E01,INCLUDE,58742:8,Revision preserved; not counted as an independent rule solely because REV differs.,SERVER-OTHER Apache Log4j logging remote code execution attempt
58744,6,E01,INCLUDE,58744:6,Revision preserved; not counted as an independent rule solely because REV differs.,SERVER-OTHER Apache Log4j logging remote code execution attempt
58751,4,E01,INCLUDE,58751:4,Revision preserved; not counted as an independent rule solely because REV differs.,SERVER-OTHER Apache Log4j logging remote code execution attempt
58784,4,E01,INCLUDE,58784:4,Revision preserved; not counted as an independent rule solely because REV differs.,SERVER-OTHER Apache Log4j logging remote code execution attempt
58785,4,E01,INCLUDE,58785:4,Revision preserved; not counted as an independent rule solely because REV differs.,SERVER-OTHER Apache Log4j logging remote code execution attempt
58786,4,E01,INCLUDE,58786:4,Revision preserved; not counted as an independent rule solely because REV differs.,SERVER-OTHER Apache Log4j logging remote code execution attempt
58787,4,E01,INCLUDE,58787:4,Revision preserved; not counted as an independent rule solely because REV differs.,SERVER-OTHER Apache Log4j logging remote code execution attempt
58788,4,E01,INCLUDE,58788:4,Revision preserved; not counted as an independent rule solely because REV differs.,SERVER-OTHER Apache Log4j logging remote code execution attempt
58789,4,E01,INCLUDE,58789:4,Revision preserved; not counted as an independent rule solely because REV differs.,SERVER-OTHER Apache Log4j logging remote code execution attempt
58790,4,E01,INCLUDE,58790:4,Revision preserved; not counted as an independent rule solely because REV differs.,SERVER-OTHER Apache Log4j logging remote code execution attempt
58795,4,E01,INCLUDE,58795:4,Revision preserved; not counted as an independent rule solely because REV differs.,SERVER-OTHER Apache Log4j logging remote code execution attempt
58801,5,E01,INCLUDE,58801:5,Revision preserved; not counted as an independent rule solely because REV differs.,INDICATOR-COMPROMISE JNDI LDAP searchResEntry dynamic code download attempt
59502,1,E01,INCLUDE,59502:1,Revision preserved; not counted as an independent rule solely because REV differs.,OS-WINDOWS Microsoft Windows Server 2003 smart card authentication buffer overflow attempt
59927,2,E01,INCLUDE,59927:2,Revision preserved; not counted as an independent rule solely because REV differs.,MALWARE-BACKDOOR Jsp.Webshell.TinyUploader upload attempt
59928,2,E01,INCLUDE,59928:2,Revision preserved; not counted as an independent rule solely because REV differs.,MALWARE-BACKDOOR Jsp.Webshell.Chopper webshell download attempt
59929,2,E01,INCLUDE,59929:2,Revision preserved; not counted as an independent rule solely because REV differs.,MALWARE-BACKDOOR Jsp.Webshell.Behinder download attempt
59930,2,E01,INCLUDE,59930:2,Revision preserved; not counted as an independent rule solely because REV differs.,MALWARE-BACKDOOR Jsp.Webshell.Noop download attempt
59931,2,E01,INCLUDE,59931:2,Revision preserved; not counted as an independent rule solely because REV differs.,MALWARE-BACKDOOR Jsp.Webshell.Chopper upload attempt
59932,2,E01,INCLUDE,59932:2,Revision preserved; not counted as an independent rule solely because REV differs.,MALWARE-BACKDOOR Jsp.Webshell.Behinder upload attempt
59933,2,E01,INCLUDE,59933:2,Revision preserved; not counted as an independent rule solely because REV differs.,MALWARE-BACKDOOR Jsp.Webshell.Noop upload attempt
60642,4,E01;E02,INCLUDE,60642:4,Revision preserved; not counted as an independent rule solely because REV differs.,SERVER-WEBAPP Microsoft Exchange Server remote code execution attempt
62506,1,E01,INCLUDE,62506:1,Revision preserved; not counted as an independent rule solely because REV differs.,SERVER-WEBAPP Atlassian Confluence remote code execution attempt
62507,1,E01,INCLUDE,62507:1,Revision preserved; not counted as an independent rule solely because REV differs.,SERVER-WEBAPP Atlassian Confluence remote code execution attempt
300001,1,E01,INCLUDE,300001:1,Revision preserved; not counted as an independent rule solely because REV differs.,SERVER-WEBAPP Citrix ADC and Gateway arbitrary code execution attempt
300052,1,E01,INCLUDE,300052:1,Revision preserved; not counted as an independent rule solely because REV differs.,OS-WINDOWS Microsoft Windows HTTP protocol stack remote code execution attempt
300055,3,E01,INCLUDE,300055:3,Revision preserved; not counted as an independent rule solely because REV differs.,SERVER-OTHER Apache Log4j logging remote code execution attempt
300056,3,E01,INCLUDE,300056:3,Revision preserved; not counted as an independent rule solely because REV differs.,SERVER-OTHER Apache Log4j logging remote code execution attempt
300057,3,E01,INCLUDE,300057:3,Revision preserved; not counted as an independent rule solely because REV differs.,SERVER-OTHER Apache Log4j logging remote code execution attempt
300058,3,E01,INCLUDE,300058:3,Revision preserved; not counted as an independent rule solely because REV differs.,SERVER-OTHER Apache Log4j logging remote code execution attempt
300061,1,E01,INCLUDE,300061:1,Revision preserved; not counted as an independent rule solely because REV differs.,SERVER-OTHER Apache Log4j logging remote code execution attempt
300131,3,E01,INCLUDE,300131:3,Revision preserved; not counted as an independent rule solely because REV differs.,SERVER-WEBAPP F5 BIG-IP iControl remote code execution attempt
300306,3,E01,INCLUDE,300306:3,Revision preserved; not counted as an independent rule solely because REV differs.,SERVER-OTHER OpenSSL x509 crafted email address buffer overflow attempt
300307,3,E01,INCLUDE,300307:3,Revision preserved; not counted as an independent rule solely because REV differs.,SERVER-OTHER OpenSSL x509 crafted email address buffer overflow attempt
