line,sid,rev,action,protocol,src,src_port,direction,dst,dst_port,msg,classtype,service,metadata,event_candidates,triage_candidate,body,E01_evidence,E02_evidence,E03_evidence,E04_evidence,E05_evidence,sbd03_status,sbd03_reason
2,108,12,alert,tcp,$EXTERNAL_NET,any,->,$HOME_NET,7597,,misc-activity,,ruleset community,E04,True," msg:""MALWARE-BACKDOOR QAZ Worm Client Login access""; flow:to_server,established; content:""qazwsx.hsq""; metadata:ruleset community; classtype:misc-activity; sid:108; rev:12; ",False,True,False,True,False,INCLUDE_HIGH,E04 supported by rule text/metadata
67,258,17,alert,tcp,$EXTERNAL_NET,any,->,$HOME_NET,53,,attempted-admin,dns,ruleset community,E01,True," msg:""SERVER-OTHER Bind Buffer Overflow via NXT records""; flow:to_server,established; content:""../../../"",fast_pattern,nocase; metadata:ruleset community; service:dns; reference:bugtraq,788; reference:cve,1999-0833; classtype:attempted-admin; sid:258; rev:17; ",True,False,False,False,False,INCLUDE_HIGH,E01 supported by rule text/metadata
68,259,18,alert,tcp,$EXTERNAL_NET,any,->,$HOME_NET,53,,attempted-admin,dns,ruleset community,E01,True," msg:""SERVER-OTHER Bind Buffer Overflow via NXT records named overflow ADM""; flow:to_server,established; content:""thisissometempspaceforthesockinaddrinyeahyeahiknowthisislamebutanywaywhocareshorizongotitworkingsoalliscool"",fast_pattern,nocase; metadata:ruleset community; service:dns; reference:bugtraq,788; reference:cve,1999-0833; classtype:attempted-admin; sid:259; rev:18; ",True,False,False,False,False,INCLUDE_HIGH,E01 supported by rule text/metadata
69,260,19,alert,tcp,$EXTERNAL_NET,any,->,$HOME_NET,53,,attempted-admin,dns,ruleset community,E01,True," msg:""SERVER-OTHER Bind Buffer Overflow via NXT records named overflow ADMROCKS""; flow:to_server,established; content:""ADMROCKS""; metadata:ruleset community; service:dns; reference:bugtraq,788; reference:cve,1999-0833; reference:url,www.cert.org/advisories/CA-1999-14.html; classtype:attempted-admin; sid:260; rev:19; ",True,False,False,False,False,INCLUDE_HIGH,E01 supported by rule text/metadata
70,261,16,alert,tcp,$EXTERNAL_NET,any,->,$HOME_NET,53,,attempted-admin,dns,ruleset community,E01,True," msg:""SERVER-OTHER Bind named overflow attempt""; flow:to_server,established; content:""|CD 80 E8 D7 FF FF FF|/bin/sh"",fast_pattern,nocase; metadata:ruleset community; service:dns; reference:url,www.cert.org/advisories/CA-1998-05.html; classtype:attempted-admin; sid:261; rev:16; ",True,False,False,False,False,INCLUDE_HIGH,E01 supported by rule text/metadata
71,262,15,alert,tcp,$EXTERNAL_NET,any,->,$HOME_NET,53,,attempted-admin,dns,ruleset community,E01,True," msg:""OS-LINUX x86 Linux overflow attempt""; flow:to_server,established; content:""1|C0 B0|?1|DB B3 FF|1|C9 CD 80|1|C0|"",fast_pattern,nocase; metadata:ruleset community; service:dns; classtype:attempted-admin; sid:262; rev:15; ",True,False,False,False,False,INCLUDE_HIGH,E01 supported by rule text/metadata
72,264,14,alert,tcp,$EXTERNAL_NET,any,->,$HOME_NET,53,,attempted-admin,dns,ruleset community,E01,True," msg:""OS-LINUX x86 Linux overflow attempt""; flow:to_server,established; content:""1|C0 B0 02 CD 80 85 C0|uL|EB|L^|B0|""; metadata:ruleset community; service:dns; classtype:attempted-admin; sid:264; rev:14; ",True,False,False,False,False,INCLUDE_HIGH,E01 supported by rule text/metadata
73,265,16,alert,tcp,$EXTERNAL_NET,any,->,$HOME_NET,53,,attempted-admin,dns,ruleset community,E01,True," msg:""OS-LINUX x86 Linux overflow attempt ADMv2""; flow:to_server,established; content:""|89 F7 29 C7 89 F3 89 F9 89 F2 AC|<|FE|"",fast_pattern,nocase; metadata:ruleset community; service:dns; classtype:attempted-admin; sid:265; rev:16; ",True,False,False,False,False,INCLUDE_HIGH,E01 supported by rule text/metadata
74,266,15,alert,tcp,$EXTERNAL_NET,any,->,$HOME_NET,53,,attempted-admin,dns,ruleset community,E01,True," msg:""OS-OTHER x86 FreeBSD overflow attempt""; flow:to_server,established; content:""|EB|n^|C6 06 9A|1|C9 89|N|01 C6|F|05|""; metadata:ruleset community; service:dns; classtype:attempted-admin; sid:266; rev:15; ",True,False,False,False,False,INCLUDE_HIGH,E01 supported by rule text/metadata
75,267,13,alert,tcp,$EXTERNAL_NET,any,->,$HOME_NET,53,,attempted-admin,dns,ruleset community,E01,True," msg:""OS-SOLARIS EXPLOIT sparc overflow attempt""; flow:to_server,established; content:""|90 1A C0 0F 90 02| |08 92 02| |0F D0 23 BF F8|"",fast_pattern,nocase; metadata:ruleset community; service:dns; classtype:attempted-admin; sid:267; rev:13; ",True,False,False,False,False,INCLUDE_HIGH,E01 supported by rule text/metadata
84,283,14,alert,tcp,$EXTERNAL_NET,80,->,$HOME_NET,any,,attempted-user,,ruleset community,E01,True," msg:""BROWSER-OTHER Netscape 4.7 client overflow""; flow:to_client,established; content:""3|C9 B1 10|?|E9 06|Q<|FA|G3|C0|P|F7 D0|P""; metadata:ruleset community; reference:bugtraq,822; reference:cve,1999-1189; reference:cve,2000-1187; classtype:attempted-user; sid:283; rev:14; ",True,False,False,False,False,INCLUDE_HIGH,E01 supported by rule text/metadata
85,286,18,alert,tcp,$EXTERNAL_NET,any,->,$HOME_NET,110,,attempted-admin,pop3,ruleset community,E01,True," msg:""PROTOCOL-POP EXPLOIT x86 BSD overflow""; flow:to_server,established; content:""^|0E|1|C0 B0 3B 8D|~|0E 89 FA 89 F9|"",fast_pattern,nocase; metadata:ruleset community; service:pop3; reference:bugtraq,133; reference:cve,1999-0006; reference:nessus,10196; classtype:attempted-admin; sid:286; rev:18; ",True,False,False,False,False,INCLUDE_HIGH,E01 supported by rule text/metadata
86,287,12,alert,tcp,$EXTERNAL_NET,any,->,$HOME_NET,110,,attempted-admin,pop3,ruleset community,E01,True," msg:""PROTOCOL-POP EXPLOIT x86 BSD overflow""; flow:to_server,established; content:""h]^|FF D5 FF D4 FF F5 8B F5 90|f1"",fast_pattern,nocase; metadata:ruleset community; service:pop3; classtype:attempted-admin; sid:287; rev:12; ",True,False,False,False,False,INCLUDE_HIGH,E01 supported by rule text/metadata
87,288,13,alert,tcp,$EXTERNAL_NET,any,->,$HOME_NET,110,,attempted-admin,pop3,ruleset community,E01,True," msg:""PROTOCOL-POP EXPLOIT x86 Linux overflow""; flow:to_server,established; content:""|D8|@|CD 80 E8 D9 FF FF FF|/bin/sh"",fast_pattern,nocase; metadata:ruleset community; service:pop3; classtype:attempted-admin; sid:288; rev:13; ",True,False,False,False,False,INCLUDE_HIGH,E01 supported by rule text/metadata
88,289,16,alert,tcp,$EXTERNAL_NET,any,->,$HOME_NET,110,,attempted-admin,pop3,ruleset community,E01,True," msg:""PROTOCOL-POP EXPLOIT x86 SCO overflow""; flow:to_server,established; content:""V|0E|1|C0 B0 3B 8D|~|12 89 F9 89 F9|"",fast_pattern,nocase; metadata:ruleset community; service:pop3; reference:bugtraq,133; reference:bugtraq,156; reference:cve,1999-0006; classtype:attempted-admin; sid:289; rev:16; ",True,False,False,False,False,INCLUDE_HIGH,E01 supported by rule text/metadata
89,290,16,alert,tcp,$EXTERNAL_NET,any,->,$HOME_NET,110,,attempted-admin,pop3,ruleset community,E01,True," msg:""PROTOCOL-POP EXPLOIT qpopper overflow""; flow:to_server,established; content:""|E8 D9 FF FF FF|/bin/sh"",fast_pattern,nocase; metadata:ruleset community; service:pop3; reference:bugtraq,830; reference:cve,1999-0822; reference:nessus,10184; classtype:attempted-admin; sid:290; rev:16; ",True,False,False,False,False,INCLUDE_HIGH,E01 supported by rule text/metadata
90,292,11,alert,tcp,$EXTERNAL_NET,any,->,$HOME_NET,139,,attempted-admin,,ruleset community,E01,True," msg:""OS-LINUX x86 Linux samba overflow""; flow:to_server,established; content:""|EB|/_|EB|J^|89 FB 89|>|89 F2|""; metadata:ruleset community; reference:bugtraq,1816; reference:bugtraq,536; reference:cve,1999-0182; reference:cve,1999-0811; classtype:attempted-admin; sid:292; rev:11; ",True,False,False,False,False,INCLUDE_HIGH,E01 supported by rule text/metadata
91,300,13,alert,tcp,$EXTERNAL_NET,any,->,$HOME_NET,2766,,attempted-admin,,ruleset community,E01,True," msg:""OS-SOLARIS Oracle Solaris npls x86 overflow""; flow:to_server,established; content:""|EB 23|^3|C0 88|F|FA 89|F|F5 89|6""; metadata:ruleset community; reference:bugtraq,2319; reference:cve,1999-1588; classtype:attempted-admin; sid:300; rev:13; ",True,False,False,False,False,INCLUDE_HIGH,E01 supported by rule text/metadata
92,301,12,alert,tcp,$EXTERNAL_NET,any,->,$HOME_NET,515,,attempted-admin,,ruleset community,E01,True," msg:""SERVER-OTHER LPRng overflow""; flow:to_server,established; content:""C|07 89|[|08 8D|K|08 89|C|0C B0 0B CD 80|1|C0 FE C0 CD 80 E8 94 FF FF FF|/bin/sh|0A|""; metadata:ruleset community; reference:bugtraq,1712; reference:cve,2000-0917; classtype:attempted-admin; sid:301; rev:12; ",True,False,False,False,False,INCLUDE_HIGH,E01 supported by rule text/metadata
93,302,14,alert,tcp,$EXTERNAL_NET,any,->,$HOME_NET,515,,attempted-admin,,ruleset community,E01,True," msg:""OS-LINUX Redhat 7.0 lprd overflow""; flow:to_server,established; content:""XXXX%.172u%300|24|n""; metadata:ruleset community; reference:bugtraq,1712; reference:cve,2000-0917; classtype:attempted-admin; sid:302; rev:14; ",True,False,False,False,False,INCLUDE_HIGH,E01 supported by rule text/metadata
94,303,24,alert,tcp,$EXTERNAL_NET,any,->,$HOME_NET,53,,attempted-admin,dns,"policy max-detect-ips drop,ruleset community",E01,True," msg:""SERVER-OTHER Bind Buffer Overflow named tsig overflow attempt""; flow:to_server,established; content:""|AB CD 09 80 00 00 00 01 00 00 00 00 00 00 01 00 01|    |02|a""; metadata:policy max-detect-ips drop,ruleset community; service:dns; reference:bugtraq,2302; reference:cve,2001-0010; reference:nessus,10605; classtype:attempted-admin; sid:303; rev:24; ",True,False,False,False,False,INCLUDE_HIGH,E01 supported by rule text/metadata
95,304,12,alert,tcp,$EXTERNAL_NET,any,->,$HOME_NET,6373,,attempted-admin,,ruleset community,E01,True," msg:""SERVER-OTHER SCO calserver overflow""; flow:to_server,established; content:""|EB 7F|]U|FE|M|98 FE|M|9B|""; metadata:ruleset community; reference:bugtraq,2353; reference:cve,2000-0306; classtype:attempted-admin; sid:304; rev:12; ",True,False,False,False,False,INCLUDE_HIGH,E01 supported by rule text/metadata
96,305,15,alert,tcp,$EXTERNAL_NET,any,->,$HOME_NET,8080,,attempted-admin,,ruleset community,E01,True," msg:""SERVER-OTHER delegate proxy overflow""; flow:to_server,established; isdataat:1000; content:""whois|3A|//"",nocase; metadata:ruleset community; reference:bugtraq,808; reference:cve,2000-0165; classtype:attempted-admin; sid:305; rev:15; ",True,False,False,False,False,INCLUDE_HIGH,E01 supported by rule text/metadata
98,307,12,alert,tcp,$EXTERNAL_NET,any,->,$HOME_NET,6666:7000,,attempted-user,,ruleset community,E01,True," msg:""SERVER-OTHER CHAT IRC topic overflow""; flow:to_client,established; content:""|EB|K[S2|E4 83 C3 0B|K|88 23 B8|Pw""; metadata:ruleset community; reference:bugtraq,573; reference:cve,1999-0672; classtype:attempted-user; sid:307; rev:12; ",True,False,False,False,False,INCLUDE_HIGH,E01 supported by rule text/metadata
99,308,14,alert,tcp,$EXTERNAL_NET,21,->,$HOME_NET,any,,attempted-user,ftp,ruleset community,E01,True," msg:""SERVER-OTHER NextFTP client overflow""; flow:to_client,established; content:""|B4| |B4|!|8B CC 83 E9 04 8B 19|3|C9|f|B9 10|""; metadata:ruleset community; service:ftp; reference:bugtraq,572; reference:cve,1999-0671; classtype:attempted-user; sid:308; rev:14; ",True,False,False,False,False,INCLUDE_HIGH,E01 supported by rule text/metadata
100,309,17,alert,tcp,$EXTERNAL_NET,any,->,$SMTP_SERVERS,25,,attempted-admin,smtp,ruleset community,E01,True," msg:""SERVER-MAIL sniffit overflow""; flow:to_server,established; isdataat:512; flags:A+; content:""from|3A 90 90 90 90 90 90 90 90 90 90 90|"",nocase; metadata:ruleset community; service:smtp; reference:bugtraq,1158; reference:cve,2000-0343; classtype:attempted-admin; sid:309; rev:17; ",True,False,False,False,False,INCLUDE_HIGH,E01 supported by rule text/metadata
101,310,13,alert,tcp,$EXTERNAL_NET,any,->,$SMTP_SERVERS,25,,attempted-admin,smtp,ruleset community,E01,True," msg:""SERVER-MAIL x86 windows MailMax overflow""; flow:to_server,established; content:""|EB|E|EB| [|FC|3|C9 B1 82 8B F3 80|+"",fast_pattern,nocase; metadata:ruleset community; service:smtp; reference:bugtraq,2312; reference:cve,1999-0404; classtype:attempted-admin; sid:310; rev:13; ",True,False,False,False,False,INCLUDE_HIGH,E01 supported by rule text/metadata
102,311,15,alert,tcp,$HOME_NET,any,->,$EXTERNAL_NET,80,,unsuccessful-user,,ruleset community,E01,True," msg:""BROWSER-OTHER Netscape 4.7 unsucessful overflow""; flow:to_server,established; content:""3|C9 B1 10|?|E9 06|Q<|FA|G3|C0|P|F7 D0|P""; metadata:ruleset community; reference:bugtraq,822; reference:cve,1999-1189; reference:cve,2000-1187; classtype:unsuccessful-user; sid:311; rev:15; ",True,False,False,False,False,INCLUDE_HIGH,E01 supported by rule text/metadata
103,313,10,alert,udp,$EXTERNAL_NET,any,->,$HOME_NET,518,,attempted-admin,,"policy max-detect-ips drop,ruleset community",E01,True," msg:""OS-LINUX ntalkd x86 Linux overflow""; flow:to_server; content:""|01 03 00 00 00 00 00 01 00 02 02 E8|"",fast_pattern,nocase; metadata:policy max-detect-ips drop,ruleset community; reference:bugtraq,210; classtype:attempted-admin; sid:313; rev:10; ",True,False,False,False,False,INCLUDE_HIGH,E01 supported by rule text/metadata
104,314,23,alert,udp,$EXTERNAL_NET,any,->,$HOME_NET,53,,attempted-admin,dns,"policy max-detect-ips drop,ruleset community",E01,True," msg:""SERVER-OTHER Bind Buffer Overflow named tsig overflow attempt""; flow:to_server; content:""|80 00 07 00 00 00 00 00 01|?|00 01 02|"",fast_pattern,nocase; metadata:policy max-detect-ips drop,ruleset community; service:dns; reference:bugtraq,2302; reference:cve,2001-0010; classtype:attempted-admin; sid:314; rev:23; ",True,False,False,False,False,INCLUDE_HIGH,E01 supported by rule text/metadata
105,315,11,alert,udp,$EXTERNAL_NET,any,->,$HOME_NET,635,,attempted-admin,,"policy max-detect-ips drop,ruleset community",E01,True," msg:""OS-LINUX x86 Linux mountd overflow""; flow:to_server; content:""^|B0 02 89 06 FE C8 89|F|04 B0 06 89|F""; metadata:policy max-detect-ips drop,ruleset community; reference:bugtraq,121; reference:cve,1999-0002; classtype:attempted-admin; sid:315; rev:11; ",True,False,False,False,False,INCLUDE_HIGH,E01 supported by rule text/metadata
106,316,11,alert,udp,$EXTERNAL_NET,any,->,$HOME_NET,635,,attempted-admin,,"policy max-detect-ips drop,ruleset community",E01,True," msg:""OS-LINUX x86 Linux mountd overflow""; flow:to_server; content:""|EB|V^VVV1|D2 88|V|0B 88|V|1E|""; metadata:policy max-detect-ips drop,ruleset community; reference:bugtraq,121; reference:cve,1999-0002; classtype:attempted-admin; sid:316; rev:11; ",True,False,False,False,False,INCLUDE_HIGH,E01 supported by rule text/metadata
107,317,11,alert,udp,$EXTERNAL_NET,any,->,$HOME_NET,635,,attempted-admin,,"policy max-detect-ips drop,ruleset community",E01,True," msg:""OS-LINUX x86 Linux mountd overflow""; flow:to_server; content:""|EB|@^1|C0|@|89|F|04 89 C3|@|89 06|""; metadata:policy max-detect-ips drop,ruleset community; reference:bugtraq,121; reference:cve,1999-0002; classtype:attempted-admin; sid:317; rev:11; ",True,False,False,False,False,INCLUDE_HIGH,E01 supported by rule text/metadata
109,321,10,alert,tcp,$EXTERNAL_NET,any,->,$HOME_NET,79,,attempted-recon,,ruleset community,E03,True," msg:""PROTOCOL-FINGER account enumeration attempt""; flow:to_server,established; content:""a b c d e f"",nocase; metadata:ruleset community; reference:nessus,10788; classtype:attempted-recon; sid:321; rev:10; ",False,False,True,False,False,INCLUDE_HIGH,E03 supported by rule text/metadata
113,326,15,alert,tcp,$EXTERNAL_NET,any,->,$HOME_NET,79,,attempted-user,,ruleset community,E02,True," msg:""PROTOCOL-FINGER remote command execution attempt""; flow:to_server,established; content:""|3B|""; metadata:ruleset community; reference:bugtraq,974; reference:cve,1999-0150; classtype:attempted-user; sid:326; rev:15; ",False,True,False,False,False,INCLUDE_HIGH,E02 supported by rule text/metadata
114,327,14,alert,tcp,$EXTERNAL_NET,any,->,$HOME_NET,79,,attempted-user,,ruleset community,E02,True," msg:""PROTOCOL-FINGER remote command pipe execution attempt""; flow:to_server,established; content:""|7C|""; metadata:ruleset community; reference:bugtraq,2220; reference:cve,1999-0152; classtype:attempted-user; sid:327; rev:14; ",False,True,False,False,False,INCLUDE_HIGH,E02 supported by rule text/metadata
123,337,21,alert,tcp,$EXTERNAL_NET,any,->,$HOME_NET,21,,attempted-admin,ftp,ruleset community,E01,True," msg:""PROTOCOL-FTP CEL overflow attempt""; flow:to_server,established; content:""CEL"",nocase; isdataat:100,relative; pcre:""/^CEL(?!\n)\s[^\n]{100}/ims""; metadata:ruleset community; service:ftp; reference:bugtraq,679; reference:cve,1999-0789; reference:nessus,10009; classtype:attempted-admin; sid:337; rev:21; ",True,False,False,False,False,INCLUDE_HIGH,E01 supported by rule text/metadata
124,353,13,alert,tcp,$EXTERNAL_NET,any,->,$HOME_NET,21,,suspicious-login,ftp,ruleset community,E03,True," msg:""PROTOCOL-FTP adm scan""; flow:to_server,established; content:""PASS ddd@|0A|"",fast_pattern,nocase; metadata:ruleset community; service:ftp; classtype:suspicious-login; sid:353; rev:13; ",False,False,True,False,False,INCLUDE_HIGH,E03 supported by rule text/metadata
125,354,12,alert,tcp,$EXTERNAL_NET,any,->,$HOME_NET,21,,suspicious-login,ftp,ruleset community,E03,True," msg:""PROTOCOL-FTP iss scan""; flow:to_server,established; content:""pass -iss@iss"",fast_pattern,nocase; metadata:ruleset community; service:ftp; classtype:suspicious-login; sid:354; rev:12; ",False,False,True,False,False,INCLUDE_HIGH,E03 supported by rule text/metadata
128,357,12,alert,tcp,$EXTERNAL_NET,any,->,$HOME_NET,21,,suspicious-login,ftp,ruleset community,E03,True," msg:""PROTOCOL-FTP piss scan""; flow:to_server,established; content:""pass -cklaus"",fast_pattern,nocase; metadata:ruleset community; service:ftp; reference:url,www.mines.edu/fs_home/dlarue/cc/baby-doe.html; classtype:suspicious-login; sid:357; rev:12; ",False,False,True,False,False,INCLUDE_HIGH,E03 supported by rule text/metadata
129,358,12,alert,tcp,$EXTERNAL_NET,any,->,$HOME_NET,21,,suspicious-login,ftp,ruleset community,E03,True," msg:""PROTOCOL-FTP saint scan""; flow:to_server,established; content:""pass -saint"",fast_pattern,nocase; metadata:ruleset community; service:ftp; classtype:suspicious-login; sid:358; rev:12; ",False,False,True,False,False,INCLUDE_HIGH,E03 supported by rule text/metadata
130,359,12,alert,tcp,$EXTERNAL_NET,any,->,$HOME_NET,21,,suspicious-login,ftp,ruleset community,E03,True," msg:""PROTOCOL-FTP satan scan""; flow:to_server,established; content:""pass -satan"",fast_pattern,nocase; metadata:ruleset community; service:ftp; classtype:suspicious-login; sid:359; rev:12; ",False,False,True,False,True,INCLUDE_HIGH,E03 supported by rule text/metadata
131,360,16,alert,tcp,$EXTERNAL_NET,any,->,$HOME_NET,21,,bad-unknown,ftp,ruleset community,E01,True," msg:""PROTOCOL-FTP serv-u directory traversal""; flow:to_server,established; content:"".%20."",fast_pattern,nocase; metadata:ruleset community; service:ftp; reference:bugtraq,2052; reference:cve,2001-0054; reference:nessus,10565; classtype:bad-unknown; sid:360; rev:16; ",False,False,False,False,False,REVIEW,candidate from broad triage; direct rule evidence not strong enough for automatic inclusion
201,432,9,alert,icmp,$EXTERNAL_NET,any,->,$HOME_NET,any,,misc-activity,,ruleset community,E05,True," msg:""PROTOCOL-ICMP Photuris Valid Security Parameters, But Decryption Failed""; icode:3; itype:40; metadata:ruleset community; classtype:misc-activity; sid:432; rev:9; ",False,False,False,False,False,REVIEW,candidate from broad triage; direct rule evidence not strong enough for automatic inclusion
236,484,8,alert,icmp,$EXTERNAL_NET,any,->,$HOME_NET,any,,misc-activity,,ruleset community,E03,True," msg:""PROTOCOL-ICMP PING Sniffer Pro/NetXRay network scan""; itype:8; content:""Cinco Network, Inc."",depth 32; metadata:ruleset community; classtype:misc-activity; sid:484; rev:8; ",False,False,True,False,False,INCLUDE_HIGH,E03 supported by rule text/metadata
252,514,9,alert,tcp,$HOME_NET,any,->,$EXTERNAL_NET,27374,,bad-unknown,,ruleset community,E04,True," msg:""SERVER-OTHER ramen worm""; flow:to_server,established; content:""GET "",depth 8,nocase; metadata:ruleset community; classtype:bad-unknown; sid:514; rev:9; ",False,False,False,True,False,INCLUDE_HIGH,E04 supported by rule text/metadata
260,534,9,alert,tcp,$EXTERNAL_NET,any,->,$HOME_NET,139,,attempted-recon,,ruleset community,E04,True," msg:""NETBIOS SMB CD..""; flow:to_server,established; content:""|5C|../|00 00 00|""; metadata:ruleset community; classtype:attempted-recon; sid:534; rev:9; ",False,False,True,True,False,INCLUDE_HIGH,E04 supported by rule text/metadata
261,535,9,alert,tcp,$EXTERNAL_NET,any,->,$HOME_NET,139,,attempted-recon,,ruleset community,E04,True," msg:""NETBIOS SMB CD...""; flow:to_server,established; content:""|5C|...|00 00 00|""; metadata:ruleset community; classtype:attempted-recon; sid:535; rev:9; ",False,False,True,True,False,INCLUDE_HIGH,E04 supported by rule text/metadata
280,569,25,alert,tcp,$EXTERNAL_NET,any,->,$HOME_NET,any,,attempted-admin,sunrpc,"policy max-detect-ips drop,ruleset community",E01,True," msg:""PROTOCOL-RPC snmpXdmi overflow attempt TCP""; flow:to_server,established; content:""|00 01 87 99|"",depth 4,offset 16; content:""|00 00 01 01|"",within 4,distance 4; byte_jump:4,4,relative,align; byte_jump:4,4,relative,align; byte_test:4,>,1024,20,relative; content:""|00 00 00 00|"",depth 4,offset 8; metadata:policy max-detect-ips drop,ruleset community; service:sunrpc; reference:bugtraq,2417; reference:cve,2001-0236; reference:nessus,10659; reference:url,www.cert.org/advisories/CA-2001-05.html; classtype:attempted-admin; sid:569; rev:25; ",True,False,False,False,False,INCLUDE_HIGH,E01 supported by rule text/metadata
316,613,11,alert,tcp,$EXTERNAL_NET,10101,->,$HOME_NET,any,,attempted-recon,,ruleset community,E03,True," msg:""INDICATOR-SCAN myscan""; flow:stateless; ack:0; flags:S; ttl:>220; metadata:ruleset community; reference:url,attack.mitre.org/techniques/T1018; reference:url,attack.mitre.org/techniques/T1040; reference:url,attack.mitre.org/techniques/T1046; classtype:attempted-recon; sid:613; rev:11; ",False,False,True,False,False,INCLUDE_HIGH,E03 supported by rule text/metadata
318,616,9,alert,tcp,$EXTERNAL_NET,any,->,$HOME_NET,113,,attempted-recon,,ruleset community,E03,True," msg:""INDICATOR-SCAN ident version request""; flow:to_server,established; content:""VERSION|0A|"",depth 16; metadata:ruleset community; reference:url,attack.mitre.org/techniques/T1018; reference:url,attack.mitre.org/techniques/T1040; reference:url,attack.mitre.org/techniques/T1046; classtype:attempted-recon; sid:616; rev:9; ",False,False,True,False,False,INCLUDE_HIGH,E03 supported by rule text/metadata
319,619,12,alert,tcp,$EXTERNAL_NET,any,->,$HOME_NET,80,,attempted-recon,,ruleset community,E03,True," msg:""INDICATOR-SCAN cybercop os probe""; flow:stateless; isdataat:!0; flags:12FS; metadata:ruleset community; reference:url,attack.mitre.org/techniques/T1018; reference:url,attack.mitre.org/techniques/T1040; reference:url,attack.mitre.org/techniques/T1046; classtype:attempted-recon; sid:619; rev:12; ",False,False,True,False,False,INCLUDE_HIGH,E03 supported by rule text/metadata
320,622,12,alert,tcp,$EXTERNAL_NET,any,->,$HOME_NET,any,,attempted-recon,,ruleset community,E03,True," msg:""INDICATOR-SCAN ipEye SYN scan""; flow:stateless; flags:S; seq:1958810375; metadata:ruleset community; reference:url,attack.mitre.org/techniques/T1018; reference:url,attack.mitre.org/techniques/T1040; reference:url,attack.mitre.org/techniques/T1046; classtype:attempted-recon; sid:622; rev:12; ",False,False,True,False,False,INCLUDE_HIGH,E03 supported by rule text/metadata
321,626,13,alert,tcp,$EXTERNAL_NET,any,->,$HOME_NET,any,,attempted-recon,,ruleset community,E03,True," msg:""INDICATOR-SCAN cybercop os PA12 attempt""; flow:stateless; flags:12AP; content:""AAAAAAAAAAAAAAAA"",depth 16; metadata:ruleset community; reference:url,attack.mitre.org/techniques/T1018; reference:url,attack.mitre.org/techniques/T1040; reference:url,attack.mitre.org/techniques/T1046; classtype:attempted-recon; sid:626; rev:13; ",False,False,True,False,False,INCLUDE_HIGH,E03 supported by rule text/metadata
322,627,13,alert,tcp,$EXTERNAL_NET,any,->,$HOME_NET,any,,attempted-recon,,ruleset community,E03,True," msg:""INDICATOR-SCAN cybercop os SFU12 probe""; flow:stateless; ack:0; flags:12FSU; content:""AAAAAAAAAAAAAAAA"",depth 16; metadata:ruleset community; reference:url,attack.mitre.org/techniques/T1018; reference:url,attack.mitre.org/techniques/T1040; reference:url,attack.mitre.org/techniques/T1046; classtype:attempted-recon; sid:627; rev:13; ",False,False,True,False,False,INCLUDE_HIGH,E03 supported by rule text/metadata
323,630,11,alert,tcp,$EXTERNAL_NET,any,->,$HOME_NET,any,,attempted-recon,,ruleset community,E03,True," msg:""INDICATOR-SCAN synscan portscan""; flow:stateless; flags:FS; id:39426; metadata:ruleset community; reference:url,attack.mitre.org/techniques/T1018; reference:url,attack.mitre.org/techniques/T1040; reference:url,attack.mitre.org/techniques/T1046; classtype:attempted-recon; sid:630; rev:11; ",False,False,True,False,False,INCLUDE_HIGH,E03 supported by rule text/metadata
326,634,10,alert,udp,$EXTERNAL_NET,any,->,$HOME_NET,10080:10081,,attempted-recon,,"policy max-detect-ips drop,ruleset community",E03,True," msg:""INDICATOR-SCAN Amanda client-version request""; flow:to_server; content:""Amanda"",fast_pattern,nocase; metadata:policy max-detect-ips drop,ruleset community; reference:url,attack.mitre.org/techniques/T1018; reference:url,attack.mitre.org/techniques/T1040; reference:url,attack.mitre.org/techniques/T1046; classtype:attempted-recon; sid:634; rev:10; ",False,False,True,False,False,INCLUDE_HIGH,E03 supported by rule text/metadata
327,635,11,alert,udp,$EXTERNAL_NET,any,->,$HOME_NET,49,,bad-unknown,,"policy max-detect-ips drop,ruleset community",E03,True," msg:""INDICATOR-SCAN XTACACS logout""; flow:to_server; content:""|80 07 00 00 07 00 00 04 00 00 00 00 00|"",fast_pattern,nocase; metadata:policy max-detect-ips drop,ruleset community; reference:url,attack.mitre.org/techniques/T1018; reference:url,attack.mitre.org/techniques/T1040; reference:url,attack.mitre.org/techniques/T1046; classtype:bad-unknown; sid:635; rev:11; ",False,False,True,False,False,INCLUDE_HIGH,E03 supported by rule text/metadata
328,636,9,alert,udp,$EXTERNAL_NET,any,->,$HOME_NET,7,,bad-unknown,,"policy max-detect-ips drop,ruleset community",E03,True," msg:""INDICATOR-SCAN cybercop udp bomb""; flow:to_server; content:""cybercop"",fast_pattern,nocase; metadata:policy max-detect-ips drop,ruleset community; reference:url,attack.mitre.org/techniques/T1018; reference:url,attack.mitre.org/techniques/T1040; reference:url,attack.mitre.org/techniques/T1046; classtype:bad-unknown; sid:636; rev:9; ",False,False,True,False,False,INCLUDE_HIGH,E03 supported by rule text/metadata
329,637,13,alert,udp,$EXTERNAL_NET,any,->,$HOME_NET,any,,attempted-recon,,"policy max-detect-ips drop,ruleset community",E03,True," msg:""INDICATOR-SCAN Webtrends Scanner UDP Probe""; flow:to_server; content:""|0A|help|0A|quite|0A|"",fast_pattern,nocase; metadata:policy max-detect-ips drop,ruleset community; reference:url,attack.mitre.org/techniques/T1018; reference:url,attack.mitre.org/techniques/T1040; reference:url,attack.mitre.org/techniques/T1046; reference:url,www.netiq.com/products/vsm/default.asp; classtype:attempted-recon; sid:637; rev:13; ",False,False,True,False,False,INCLUDE_HIGH,E03 supported by rule text/metadata
330,638,11,alert,ip,$EXTERNAL_NET,any,->,$HOME_NET,any,,shellcode-detect,,ruleset community,E02,True," msg:""INDICATOR-SHELLCODE SGI NOOP""; content:""|03 E0 F8|%|03 E0 F8|%|03 E0 F8|%|03 E0 F8|%"",fast_pattern,nocase; metadata:ruleset community; classtype:shellcode-detect; sid:638; rev:11; ",True,True,False,False,False,INCLUDE_HIGH,E02 supported by rule text/metadata
331,639,11,alert,ip,$EXTERNAL_NET,any,->,$HOME_NET,any,,shellcode-detect,,ruleset community,E02,True," msg:""INDICATOR-SHELLCODE SGI NOOP""; content:""|24 0F 12|4|24 0F 12|4|24 0F 12|4|24 0F 12|4"",fast_pattern,nocase; metadata:ruleset community; classtype:shellcode-detect; sid:639; rev:11; ",True,True,False,False,False,INCLUDE_HIGH,E02 supported by rule text/metadata
332,640,11,alert,ip,$EXTERNAL_NET,any,->,$HOME_NET,any,,shellcode-detect,,ruleset community,E02,True," msg:""INDICATOR-SHELLCODE AIX NOOP""; content:""O|FF FB 82|O|FF FB 82|O|FF FB 82|O|FF FB 82|"",fast_pattern,nocase; metadata:ruleset community; classtype:shellcode-detect; sid:640; rev:11; ",True,True,False,False,False,INCLUDE_HIGH,E02 supported by rule text/metadata
333,641,12,alert,ip,$EXTERNAL_NET,any,->,$HOME_NET,any,,shellcode-detect,,ruleset community,E02,True," msg:""INDICATOR-SHELLCODE Digital UNIX NOOP""; content:""G|FF 04 1F|G|FF 04 1F|G|FF 04 1F|G|FF 04 1F|"",fast_pattern,nocase; metadata:ruleset community; classtype:shellcode-detect; sid:641; rev:12; ",True,True,False,False,False,INCLUDE_HIGH,E02 supported by rule text/metadata
334,642,12,alert,ip,$EXTERNAL_NET,any,->,$HOME_NET,any,,shellcode-detect,,ruleset community,E02,True," msg:""INDICATOR-SHELLCODE HP-UX NOOP""; content:""|08|!|02 80 08|!|02 80 08|!|02 80 08|!|02 80|"",fast_pattern,nocase; metadata:ruleset community; classtype:shellcode-detect; sid:642; rev:12; ",True,True,False,False,False,INCLUDE_HIGH,E02 supported by rule text/metadata
335,643,13,alert,ip,$EXTERNAL_NET,any,->,$HOME_NET,any,,shellcode-detect,,ruleset community,E02,True," msg:""INDICATOR-SHELLCODE HP-UX NOOP""; content:""|0B|9|02 80 0B|9|02 80 0B|9|02 80 0B|9|02 80|"",fast_pattern,nocase; metadata:ruleset community; classtype:shellcode-detect; sid:643; rev:13; ",True,True,False,False,False,INCLUDE_HIGH,E02 supported by rule text/metadata
336,644,11,alert,ip,$EXTERNAL_NET,any,->,$HOME_NET,any,,shellcode-detect,,ruleset community,E02,True," msg:""INDICATOR-SHELLCODE sparc NOOP""; content:""|13 C0 1C A6 13 C0 1C A6 13 C0 1C A6 13 C0 1C A6|"",fast_pattern,nocase; metadata:ruleset community; classtype:shellcode-detect; sid:644; rev:11; ",True,True,False,False,False,INCLUDE_HIGH,E02 supported by rule text/metadata
337,645,11,alert,ip,$EXTERNAL_NET,any,->,$HOME_NET,any,,shellcode-detect,,ruleset community,E02,True," msg:""INDICATOR-SHELLCODE sparc NOOP""; content:""|80 1C|@|11 80 1C|@|11 80 1C|@|11 80 1C|@|11|"",fast_pattern,nocase; metadata:ruleset community; classtype:shellcode-detect; sid:645; rev:11; ",True,True,False,False,False,INCLUDE_HIGH,E02 supported by rule text/metadata
338,646,11,alert,ip,$EXTERNAL_NET,any,->,$HOME_NET,any,,shellcode-detect,,ruleset community,E02,True," msg:""INDICATOR-SHELLCODE sparc NOOP""; content:""|A6 1C C0 13 A6 1C C0 13 A6 1C C0 13 A6 1C C0 13|"",fast_pattern,nocase; metadata:ruleset community; classtype:shellcode-detect; sid:646; rev:11; ",True,True,False,False,False,INCLUDE_HIGH,E02 supported by rule text/metadata
339,647,15,alert,ip,$EXTERNAL_NET,any,->,$HOME_NET,any,,system-call-detect,,"policy max-detect-ips drop,ruleset community",E02,True," msg:""INDICATOR-SHELLCODE Oracle sparc setuid 0""; content:""|82 10| |17 91 D0| |08|"",fast_pattern,nocase; metadata:policy max-detect-ips drop,ruleset community; classtype:system-call-detect; sid:647; rev:15; ",True,True,False,False,False,INCLUDE_HIGH,E02 supported by rule text/metadata
340,648,18,alert,ip,$EXTERNAL_NET,any,->,$HOME_NET,any,,shellcode-detect,,"policy max-detect-ips drop,ruleset community",E02,True," msg:""INDICATOR-SHELLCODE x86 NOOP""; content:""|90 90 90 90 90 90 90 90 90 90 90 90 90 90|"",fast_pattern,nocase; metadata:policy max-detect-ips drop,ruleset community; classtype:shellcode-detect; sid:648; rev:18; ",True,True,False,False,False,INCLUDE_HIGH,E02 supported by rule text/metadata
341,649,15,alert,ip,$EXTERNAL_NET,any,->,$HOME_NET,any,,system-call-detect,,"policy max-detect-ips drop,ruleset community",E02,True," msg:""INDICATOR-SHELLCODE x86 setgid 0""; content:""|B0 B5 CD 80|"",fast_pattern,nocase; metadata:policy max-detect-ips drop,ruleset community; classtype:system-call-detect; sid:649; rev:15; ",True,True,False,False,False,INCLUDE_HIGH,E02 supported by rule text/metadata
342,650,15,alert,ip,$EXTERNAL_NET,any,->,$HOME_NET,any,,system-call-detect,,"policy max-detect-ips drop,ruleset community",E02,True," msg:""INDICATOR-SHELLCODE x86 setuid 0""; content:""|B0 17 CD 80|"",fast_pattern,nocase; metadata:policy max-detect-ips drop,ruleset community; classtype:system-call-detect; sid:650; rev:15; ",True,True,False,False,False,INCLUDE_HIGH,E02 supported by rule text/metadata
343,652,15,alert,ip,$EXTERNAL_NET,any,->,$HOME_NET,any,,shellcode-detect,,ruleset community,E02,True," msg:""INDICATOR-SHELLCODE Linux shellcode""; content:""|90 90 90 E8 C0 FF FF FF|/bin/sh"",fast_pattern,nocase; metadata:ruleset community; classtype:shellcode-detect; sid:652; rev:15; ",True,True,False,False,False,INCLUDE_HIGH,E02 supported by rule text/metadata
344,654,29,alert,tcp,$EXTERNAL_NET,any,->,$SMTP_SERVERS,25,,attempted-admin,smtp,"policy max-detect-ips drop,policy security-ips drop,ruleset community",E01,True," msg:""SERVER-MAIL RCPT TO overflow""; flow:to_server,established; content:""rcpt to|3A|"",nocase; isdataat:256,relative; pcre:""/^RCPT TO\x3a\s*\x3c?[^\n\x3e]{256}/im""; metadata:policy max-detect-ips drop,policy security-ips drop,ruleset community; service:smtp; reference:bugtraq,2283; reference:bugtraq,43182; reference:bugtraq,9696; reference:cve,2001-0260; reference:cve,2003-0694; reference:cve,2008-0394; reference:cve,2009-0410; reference:cve,2010-2580; classtype:attempted-admin; sid:654; rev:29; ",True,False,False,False,False,INCLUDE_HIGH,E01 supported by rule text/metadata
345,655,16,alert,tcp,$EXTERNAL_NET,113,->,$SMTP_SERVERS,25,,attempted-admin,smtp,ruleset community,E01,True," msg:""SERVER-MAIL Sendmail 8.6.9 exploit""; flow:to_server,established; content:""|0A|D/""; metadata:ruleset community; service:smtp; reference:bugtraq,2311; reference:cve,1999-0204; classtype:attempted-admin; sid:655; rev:16; ",True,False,False,False,False,INCLUDE_HIGH,E01 supported by rule text/metadata
346,657,20,alert,tcp,$EXTERNAL_NET,any,->,$SMTP_SERVERS,25,,attempted-admin,smtp,ruleset community,E01,True," msg:""SERVER-MAIL Netmanager chameleon SMTPd buffer overflow attempt""; flow:to_server,established; content:""HELP"",nocase; isdataat:500,relative; pcre:""/^HELP\s[^\n]{500}/ims""; metadata:ruleset community; service:smtp; reference:bugtraq,2387; reference:cve,1999-0261; classtype:attempted-admin; sid:657; rev:20; ",True,False,False,False,False,INCLUDE_HIGH,E01 supported by rule text/metadata
351,662,17,alert,tcp,$EXTERNAL_NET,any,->,$SMTP_SERVERS,25,,attempted-admin,smtp,ruleset community,E01,True," msg:""SERVER-MAIL Sendmail 5.5.5 exploit""; flow:to_server,established; content:""mail from|3A| |22 7C|"",fast_pattern,nocase; metadata:ruleset community; service:smtp; reference:cve,1999-0203; reference:nessus,10258; classtype:attempted-admin; sid:662; rev:17; ",True,False,False,False,False,INCLUDE_HIGH,E01 supported by rule text/metadata
354,665,17,alert,tcp,$EXTERNAL_NET,any,->,$SMTP_SERVERS,25,,attempted-user,smtp,ruleset community,E01,True," msg:""SERVER-MAIL Sendmail 5.6.5 exploit""; flow:to_server,established; content:""MAIL FROM|3A| |7C|/usr/ucb/tail"",fast_pattern,nocase; metadata:ruleset community; service:smtp; reference:bugtraq,2308; reference:cve,1999-0203; classtype:attempted-user; sid:665; rev:17; ",True,False,False,False,False,INCLUDE_HIGH,E01 supported by rule text/metadata
355,667,17,alert,tcp,$EXTERNAL_NET,any,->,$SMTP_SERVERS,25,,attempted-user,smtp,ruleset community,E01,True," msg:""SERVER-MAIL Sendmail 8.6.10 exploit""; flow:to_server,established; content:""Croot|0D 0A|Mprog, P=/bin/"",fast_pattern,nocase; metadata:ruleset community; service:smtp; reference:bugtraq,2311; reference:cve,1999-0204; classtype:attempted-user; sid:667; rev:17; ",True,False,False,False,False,INCLUDE_HIGH,E01 supported by rule text/metadata
356,668,17,alert,tcp,$EXTERNAL_NET,any,->,$SMTP_SERVERS,25,,attempted-user,smtp,ruleset community,E01,True," msg:""SERVER-MAIL Sendmail 8.6.10 exploit""; flow:to_server,established; content:""Croot|09 09 09 09 09 09 09|Mprog,P=/bin"",fast_pattern,nocase; metadata:ruleset community; service:smtp; reference:bugtraq,2311; reference:cve,1999-0204; classtype:attempted-user; sid:668; rev:17; ",True,False,False,False,False,INCLUDE_HIGH,E01 supported by rule text/metadata
357,669,17,alert,tcp,$EXTERNAL_NET,any,->,$SMTP_SERVERS,25,,attempted-user,smtp,ruleset community,E01,True," msg:""SERVER-MAIL Sendmail 8.6.9 exploit""; flow:to_server,established; content:""|0A|Croot|0A|Mprog"",fast_pattern,nocase; metadata:ruleset community; service:smtp; reference:bugtraq,2311; reference:cve,1999-0204; classtype:attempted-user; sid:669; rev:17; ",True,False,False,False,False,INCLUDE_HIGH,E01 supported by rule text/metadata
358,670,16,alert,tcp,$EXTERNAL_NET,any,->,$SMTP_SERVERS,25,,attempted-user,smtp,ruleset community,E01,True," msg:""SERVER-MAIL Sendmail 8.6.9 exploit""; flow:to_server,established; content:""|0A|C|3A|daemon|0A|R"",fast_pattern,nocase; metadata:ruleset community; service:smtp; reference:bugtraq,2311; reference:cve,1999-0204; classtype:attempted-user; sid:670; rev:16; ",True,False,False,False,False,INCLUDE_HIGH,E01 supported by rule text/metadata
359,671,17,alert,tcp,$EXTERNAL_NET,any,->,$SMTP_SERVERS,25,,attempted-user,smtp,ruleset community,E01,True," msg:""SERVER-MAIL Sendmail 8.6.9c exploit""; flow:to_server,established; content:""|0A|Croot|0D 0A|Mprog"",fast_pattern,nocase; metadata:ruleset community; service:smtp; reference:bugtraq,2311; reference:cve,1999-0204; classtype:attempted-user; sid:671; rev:17; ",True,False,False,False,False,INCLUDE_HIGH,E01 supported by rule text/metadata
374,691,9,alert,tcp,$EXTERNAL_NET,any,->,$SQL_SERVERS,1433,,shellcode-detect,,ruleset community,E02,True," msg:""INDICATOR-SHELLCODE shellcode attempt""; flow:to_server,established; content:""9 |D0 00 92 01 C2 00|R|00|U|00|9 |EC 00|""; metadata:ruleset community; classtype:shellcode-detect; sid:691; rev:9; ",True,True,False,False,False,INCLUDE_HIGH,E02 supported by rule text/metadata
375,692,10,alert,tcp,$EXTERNAL_NET,any,->,$SQL_SERVERS,139,,shellcode-detect,,ruleset community,E02,True," msg:""INDICATOR-SHELLCODE shellcode attempt""; flow:to_server,established; content:""9 |D0 00 92 01 C2 00|R|00|U|00|9 |EC 00|""; metadata:ruleset community; classtype:shellcode-detect; sid:692; rev:10; ",True,True,False,False,False,INCLUDE_HIGH,E02 supported by rule text/metadata
376,693,9,alert,tcp,$EXTERNAL_NET,any,->,$SQL_SERVERS,1433,,shellcode-detect,,ruleset community,E02,True," msg:""INDICATOR-SHELLCODE shellcode attempt""; flow:to_server,established; content:""H|00|%|00|x|00|w|00 90 00 90 00 90 00 90 00 90 00|3|00 C0 00|P|00|h|00|.|00|""; metadata:ruleset community; classtype:shellcode-detect; sid:693; rev:9; ",True,True,False,False,False,INCLUDE_HIGH,E02 supported by rule text/metadata
377,694,10,alert,tcp,$EXTERNAL_NET,any,->,$SQL_SERVERS,139,,attempted-user,,ruleset community,E02,True," msg:""INDICATOR-SHELLCODE shellcode attempt""; flow:to_server,established; content:""H|00|%|00|x|00|w|00 90 00 90 00 90 00 90 00 90 00|3|00 C0 00|P|00|h|00|.|00|""; metadata:ruleset community; classtype:attempted-user; sid:694; rev:10; ",True,True,False,False,False,INCLUDE_HIGH,E02 supported by rule text/metadata
378,695,14,alert,tcp,$EXTERNAL_NET,any,->,$SQL_SERVERS,139,,attempted-user,,ruleset community,E01,True," msg:""SERVER-MSSQL xp_sprintf possible buffer overflow""; flow:to_server,established; content:""x|00|p|00|_|00|s|00|p|00|r|00|i|00|n|00|t|00|f|00|"",offset 32,nocase; metadata:ruleset community; reference:bugtraq,1204; reference:url,technet.microsoft.com/en-us/security/bulletin/MS01-060; classtype:attempted-user; sid:695; rev:14; ",True,False,False,False,False,INCLUDE_HIGH,E01 supported by rule text/metadata
379,704,16,alert,tcp,$EXTERNAL_NET,any,->,$SQL_SERVERS,1433,,attempted-user,,ruleset community,E01,True," msg:""SERVER-MSSQL xp_sprintf possible buffer overflow""; flow:to_server,established; content:""x|00|p|00|_|00|s|00|p|00|r|00|i|00|n|00|t|00|f|00|"",fast_pattern,nocase; metadata:ruleset community; reference:bugtraq,1204; reference:bugtraq,3733; reference:cve,2001-0542; reference:url,technet.microsoft.com/en-us/security/bulletin/MS01-060; classtype:attempted-user; sid:704; rev:16; ",True,False,False,False,False,INCLUDE_HIGH,E01 supported by rule text/metadata
390,803,21,alert,tcp,$EXTERNAL_NET,any,->,$HTTP_SERVERS,$HTTP_PORTS,,web-application-attack,http,ruleset community,E01,True," msg:""SERVER-WEBAPP HyperSeek hsx.cgi directory traversal attempt""; flow:to_server,established; http_uri; content:""/hsx.cgi""; http_raw_uri; content:""../../""; content:""%00"",distance 1; metadata:ruleset community; service:http; reference:bugtraq,2314; reference:cve,2001-0253; reference:nessus,10602; classtype:web-application-attack; sid:803; rev:21; ",False,False,False,False,False,REVIEW,candidate from broad triage; direct rule evidence not strong enough for automatic inclusion
391,804,20,alert,tcp,$EXTERNAL_NET,any,->,$HTTP_SERVERS,$HTTP_PORTS,,web-application-attack,http,ruleset community,E01,True," msg:""SERVER-WEBAPP SWSoft ASPSeek Overflow attempt""; flow:to_server,established; http_uri; content:""/s.cgi"",fast_pattern,nocase; content:""tmpl=""; metadata:ruleset community; service:http; reference:bugtraq,2492; reference:cve,2001-0476; classtype:web-application-attack; sid:804; rev:20; ",True,False,False,False,False,INCLUDE_HIGH,E01 supported by rule text/metadata
393,806,24,alert,tcp,$EXTERNAL_NET,any,->,$HTTP_SERVERS,$HTTP_PORTS,,attempted-recon,http,ruleset community,E01,True," msg:""SERVER-WEBAPP yabb directory traversal attempt""; flow:to_server,established; http_uri; content:""/YaBB"",fast_pattern,nocase; http_raw_uri; content:""../""; metadata:ruleset community; service:http; reference:bugtraq,1668; reference:cve,2000-0853; reference:nessus,10512; classtype:attempted-recon; sid:806; rev:24; ",False,False,True,False,False,REVIEW,candidate from broad triage; direct rule evidence not strong enough for automatic inclusion
396,809,20,alert,tcp,$EXTERNAL_NET,any,->,$HTTP_SERVERS,$HTTP_PORTS,,web-application-attack,http,ruleset community,E02,True," msg:""SERVER-WEBAPP whois_raw.cgi arbitrary command execution attempt""; flow:to_server,established; http_uri; content:""/whois_raw.cgi?""; pkt_data; content:""|0A|""; metadata:ruleset community; service:http; reference:bugtraq,304; reference:cve,1999-1063; reference:nessus,10306; reference:url,attack.mitre.org/techniques/T1065; classtype:web-application-attack; sid:809; rev:20; ",False,True,False,False,False,INCLUDE_HIGH,E02 supported by rule text/metadata
400,813,22,alert,tcp,$EXTERNAL_NET,any,->,$HTTP_SERVERS,$HTTP_PORTS,,web-application-attack,http,ruleset community,E01;E02,True," msg:""SERVER-WEBAPP webplus directory traversal""; flow:to_server,established; http_uri; content:""/webplus?script"",fast_pattern,nocase; http_raw_uri; content:""../""; metadata:ruleset community; service:http; reference:bugtraq,1102; reference:cve,2000-0282; reference:nessus,10367; classtype:web-application-attack; sid:813; rev:22; ",False,False,False,False,False,REVIEW,candidate from broad triage; direct rule evidence not strong enough for automatic inclusion
405,820,19,alert,tcp,$EXTERNAL_NET,any,->,$HTTP_SERVERS,$HTTP_PORTS,,web-application-attack,http,ruleset community,E01,True," msg:""SERVER-WEBAPP anaconda directory traversal attempt""; flow:to_server,established; http_uri; content:""/apexec.pl""; pkt_data; content:""template=../"",fast_pattern,nocase; metadata:ruleset community; service:http; reference:bugtraq,2338; reference:bugtraq,2388; reference:cve,2000-0975; reference:cve,2001-0308; reference:nessus,10536; classtype:web-application-attack; sid:820; rev:19; ",False,False,False,False,False,REVIEW,candidate from broad triage; direct rule evidence not strong enough for automatic inclusion
406,821,25,alert,tcp,$EXTERNAL_NET,any,->,$HTTP_SERVERS,$HTTP_PORTS,,web-application-attack,http,ruleset community,E01,True," msg:""SERVER-WEBAPP imagemap.exe overflow attempt""; flow:to_server,established; http_uri; content:""/imagemap.exe?"",fast_pattern,nocase; metadata:ruleset community; service:http; reference:bugtraq,739; reference:cve,1999-0951; reference:nessus,10122; classtype:web-application-attack; sid:821; rev:25; ",True,False,False,False,False,INCLUDE_HIGH,E01 supported by rule text/metadata
429,848,20,alert,tcp,$EXTERNAL_NET,any,->,$HTTP_SERVERS,$HTTP_PORTS,,web-application-attack,http,ruleset community,E01,True," msg:""SERVER-WEBAPP view-source directory traversal""; flow:to_server,established; http_uri; content:""/view-source"",fast_pattern,nocase; http_raw_uri; content:""../""; metadata:ruleset community; service:http; reference:bugtraq,2251; reference:bugtraq,8883; reference:cve,1999-0174; classtype:web-application-attack; sid:848; rev:20; ",False,False,False,False,False,REVIEW,candidate from broad triage; direct rule evidence not strong enough for automatic inclusion
474,899,20,alert,tcp,$EXTERNAL_NET,any,->,$HTTP_SERVERS,$HTTP_PORTS,,web-application-attack,http,ruleset community,E01,True," msg:""SERVER-WEBAPP Amaya templates sendtemp.pl directory traversal attempt""; flow:to_server,established; http_uri; content:""/sendtemp.pl"",fast_pattern,nocase; content:""templ="",nocase; metadata:ruleset community; service:http; reference:bugtraq,2504; reference:cve,2001-0272; reference:nessus,10614; classtype:web-application-attack; sid:899; rev:20; ",False,False,False,False,False,REVIEW,candidate from broad triage; direct rule evidence not strong enough for automatic inclusion
475,900,22,alert,tcp,$EXTERNAL_NET,any,->,$HTTP_SERVERS,$HTTP_PORTS,,web-application-attack,http,ruleset community,E01,True," msg:""SERVER-WEBAPP webspirs.cgi directory traversal attempt""; flow:to_server,established; http_uri; content:""/webspirs.cgi"",fast_pattern,nocase; http_raw_uri; content:""../../""; metadata:ruleset community; service:http; reference:bugtraq,2362; reference:cve,2001-0211; reference:nessus,10616; classtype:web-application-attack; sid:900; rev:22; ",False,False,False,False,False,REVIEW,candidate from broad triage; direct rule evidence not strong enough for automatic inclusion
496,921,16,alert,tcp,$EXTERNAL_NET,any,->,$HTTP_SERVERS,$HTTP_PORTS,,web-application-attack,http,"policy max-detect-ips drop,ruleset community",E05,True," msg:""SERVER-OTHER Adobe Coldfusion admin encrypt attempt""; flow:to_server,established; content:""CFUSION_ENCRYPT|28 29|"",fast_pattern,nocase; metadata:policy max-detect-ips drop,ruleset community; service:http; reference:bugtraq,550; reference:cve,1999-0760; classtype:web-application-attack; sid:921; rev:16; ",False,False,False,False,True,INCLUDE_HIGH,E05 supported by rule text/metadata
499,924,16,alert,tcp,$EXTERNAL_NET,any,->,$HTTP_SERVERS,$HTTP_PORTS,,web-application-attack,http,"policy max-detect-ips drop,ruleset community",E05,True," msg:""SERVER-OTHER Adobe Coldfusion admin decrypt attempt""; flow:to_server,established; content:""CFUSION_DECRYPT|28 29|"",fast_pattern,nocase; metadata:policy max-detect-ips drop,ruleset community; service:http; reference:bugtraq,550; reference:cve,1999-0760; classtype:web-application-attack; sid:924; rev:16; ",False,False,False,False,False,REVIEW,candidate from broad triage; direct rule evidence not strong enough for automatic inclusion
545,974,23,alert,tcp,$EXTERNAL_NET,any,->,$HTTP_SERVERS,$HTTP_PORTS,,web-application-attack,http,"policy max-detect-ips drop,ruleset community",E01,True," msg:""SERVER-IIS Microsoft Windows IIS directory traversal attempt""; flow:to_server,established; content:""..|5C|.."",fast_pattern,nocase; metadata:policy max-detect-ips drop,ruleset community; service:http; reference:bugtraq,2218; reference:cve,1999-0229; classtype:web-application-attack; sid:974; rev:23; ",False,False,False,False,False,REVIEW,candidate from broad triage; direct rule evidence not strong enough for automatic inclusion
556,989,18,alert,tcp,$EXTERNAL_NET,any,->,$HTTP_SERVERS,$HTTP_PORTS,,web-application-activity,http,ruleset community,E02,True," msg:""MALWARE-CNC sensepost.exe command shell""; flow:to_server,established; http_uri; content:""/sensepost.exe"",fast_pattern,nocase; metadata:ruleset community; service:http; reference:nessus,11003; classtype:web-application-activity; sid:989; rev:18; ",False,False,False,False,False,REVIEW,candidate from broad triage; direct rule evidence not strong enough for automatic inclusion
569,1002,19,alert,tcp,$EXTERNAL_NET,any,->,$HTTP_SERVERS,$HTTP_PORTS,,web-application-attack,http,"policy max-detect-ips drop,ruleset community",E02,True," msg:""SERVER-IIS cmd.exe access""; flow:to_server,established; http_uri; content:""cmd.exe"",nocase; metadata:policy max-detect-ips drop,ruleset community; service:http; classtype:web-application-attack; sid:1002; rev:19; ",False,True,False,False,False,INCLUDE_HIGH,E02 supported by rule text/metadata
615,1051,23,alert,tcp,$EXTERNAL_NET,any,->,$HTTP_SERVERS,$HTTP_PORTS,,web-application-attack,http,ruleset community,E01,True," msg:""FILE-OTHER technote main.cgi file directory traversal attempt""; flow:to_server,established; http_uri; content:""/technote/main.cgi"",fast_pattern,nocase; pkt_data; content:""filename="",nocase; content:""../../""; metadata:ruleset community; service:http; reference:bugtraq,2156; reference:cve,2001-0075; reference:nessus,10584; classtype:web-application-attack; sid:1051; rev:23; ",False,False,False,False,False,REVIEW,candidate from broad triage; direct rule evidence not strong enough for automatic inclusion
616,1052,21,alert,tcp,$EXTERNAL_NET,any,->,$HTTP_SERVERS,$HTTP_PORTS,,web-application-attack,http,ruleset community,E01,True," msg:""SERVER-WEBAPP technote print.cgi directory traversal attempt""; flow:to_server,established; http_uri; content:""/technote/print.cgi"",fast_pattern,nocase; pkt_data; content:""board="",nocase; http_raw_uri; content:""../../""; content:""%00""; metadata:ruleset community; service:http; reference:bugtraq,2156; reference:cve,2001-0075; reference:nessus,10584; classtype:web-application-attack; sid:1052; rev:21; ",False,False,False,False,False,REVIEW,candidate from broad triage; direct rule evidence not strong enough for automatic inclusion
617,1053,23,alert,tcp,$EXTERNAL_NET,any,->,$HTTP_SERVERS,$HTTP_PORTS,,web-application-attack,http,ruleset community,E02,True," msg:""SERVER-WEBAPP ads.cgi command execution attempt""; flow:to_server,established; http_uri; content:""/ads.cgi"",fast_pattern,nocase; pkt_data; content:""file="",nocase; http_raw_uri; content:""../../""; http_uri; content:""|7C|""; metadata:ruleset community; service:http; reference:bugtraq,2103; reference:cve,2001-0025; reference:nessus,11464; classtype:web-application-attack; sid:1053; rev:23; ",False,True,False,False,False,INCLUDE_HIGH,E02 supported by rule text/metadata
634,1072,19,alert,tcp,$EXTERNAL_NET,any,->,$HTTP_SERVERS,$HTTP_PORTS,,web-application-attack,http,ruleset community,E01,True," msg:""SERVER-WEBAPP Lotus Domino directory traversal""; flow:to_server,established; http_uri; content:"".nsf/""; content:""../"",fast_pattern,nocase; metadata:ruleset community; service:http; reference:bugtraq,2173; reference:cve,2001-0009; reference:nessus,12248; classtype:web-application-attack; sid:1072; rev:19; ",False,False,False,False,False,REVIEW,candidate from broad triage; direct rule evidence not strong enough for automatic inclusion
646,1085,15,alert,tcp,$EXTERNAL_NET,any,->,$HTTP_SERVERS,$HTTP_PORTS,,web-application-attack,http,ruleset community,E01,True," msg:""SERVER-WEBAPP strings overflow""; flow:to_server,established; content:""|BA|I|FE FF FF F7 D2 B9 BF FF FF FF F7 D1|""; metadata:ruleset community; service:http; reference:bugtraq,802; classtype:web-application-attack; sid:1085; rev:15; ",True,False,False,False,False,INCLUDE_HIGH,E01 supported by rule text/metadata
647,1086,25,alert,tcp,$EXTERNAL_NET,any,->,$HTTP_SERVERS,$HTTP_PORTS,,web-application-attack,http,ruleset community,E01,True," msg:""SERVER-WEBAPP strings overflow""; flow:to_server,established; http_uri; content:""?STRENGUR"",fast_pattern,nocase; metadata:ruleset community; service:http; reference:bugtraq,1786; reference:cve,2000-0967; classtype:web-application-attack; sid:1086; rev:25; ",True,False,False,False,False,INCLUDE_HIGH,E01 supported by rule text/metadata
648,1088,18,alert,tcp,$EXTERNAL_NET,any,->,$HTTP_SERVERS,$HTTP_PORTS,,web-application-attack,http,ruleset community,E01,True," msg:""SERVER-WEBAPP eXtropia webstore directory traversal""; flow:to_server,established; http_uri; content:""/web_store.cgi""; pkt_data; content:""page=../""; metadata:ruleset community; service:http; reference:bugtraq,1774; reference:cve,2000-1005; reference:nessus,10532; classtype:web-application-attack; sid:1088; rev:18; ",False,False,False,False,False,REVIEW,candidate from broad triage; direct rule evidence not strong enough for automatic inclusion
649,1089,16,alert,tcp,$EXTERNAL_NET,any,->,$HTTP_SERVERS,$HTTP_PORTS,,web-application-attack,http,ruleset community,E01,True," msg:""SERVER-WEBAPP shopping cart directory traversal""; flow:to_server,established; http_uri; content:""/shop.cgi""; pkt_data; content:""page=../""; metadata:ruleset community; service:http; reference:bugtraq,1777; reference:cve,2000-0921; classtype:web-application-attack; sid:1089; rev:16; ",False,False,False,False,False,REVIEW,candidate from broad triage; direct rule evidence not strong enough for automatic inclusion
652,1092,21,alert,tcp,$EXTERNAL_NET,any,->,$HTTP_SERVERS,$HTTP_PORTS,,web-application-attack,http,ruleset community,E01,True," msg:""SERVER-WEBAPP Armada Style Master Index directory traversal""; flow:to_server,established; http_uri; content:""/search.cgi?"",nocase; content:""keys"",distance 0,nocase; pkt_data; content:""catigory=../"",nocase; metadata:ruleset community; service:http; reference:bugtraq,1772; reference:cve,2000-0924; reference:nessus,10562; reference:url,www.synnergy.net/downloads/advisories/SLA-2000-16.masterindex.txt; classtype:web-application-attack; sid:1092; rev:21; ",False,False,False,False,False,REVIEW,candidate from broad triage; direct rule evidence not strong enough for automatic inclusion
653,1093,18,alert,tcp,$EXTERNAL_NET,any,->,$HTTP_SERVERS,$HTTP_PORTS,,web-application-attack,http,ruleset community,E01,True," msg:""SERVER-WEBAPP cached_feed.cgi moreover shopping cart directory traversal""; flow:to_server,established; http_uri; content:""/cached_feed.cgi""; http_raw_uri; content:""../""; metadata:ruleset community; service:http; reference:bugtraq,1762; reference:cve,2000-0906; classtype:web-application-attack; sid:1093; rev:18; ",False,False,False,False,False,REVIEW,candidate from broad triage; direct rule evidence not strong enough for automatic inclusion
654,1095,17,alert,tcp,$EXTERNAL_NET,any,->,$HTTP_SERVERS,$HTTP_PORTS,,web-application-attack,http,ruleset community,E02,True," msg:""SERVER-WEBAPP Talentsoft Web+ Source Code view access""; flow:to_server,established; http_uri; content:""/webplus.exe?"",nocase; content:""script=test.wml"",distance 0,nocase; metadata:ruleset community; service:http; reference:bugtraq,1722; reference:url,archives.neohapsis.com/archives/ntbugtraq/2000-q3/0168.html; classtype:web-application-attack; sid:1095; rev:17; ",False,False,False,False,False,REVIEW,candidate from broad triage; direct rule evidence not strong enough for automatic inclusion
656,1097,18,alert,tcp,$EXTERNAL_NET,any,->,$HTTP_SERVERS,$HTTP_PORTS,,web-application-attack,http,ruleset community,E01;E02,True," msg:""SERVER-WEBAPP Talentsoft Web+ exploit attempt""; flow:to_server,established; http_uri; content:""/webplus.cgi?"",nocase; content:""Script=/webplus/webping/webping.wml"",distance 0,nocase; metadata:ruleset community; service:http; reference:bugtraq,1725; classtype:web-application-attack; sid:1097; rev:18; ",True,False,False,False,False,INCLUDE_HIGH,E01 supported by rule text/metadata
658,1099,15,alert,tcp,$EXTERNAL_NET,any,->,$HTTP_SERVERS,$HTTP_PORTS,,web-application-activity,http,ruleset community,E03,True," msg:""SERVER-WEBAPP cybercop scan""; flow:to_server,established; http_uri; content:""/cybercop"",fast_pattern,nocase; metadata:ruleset community; service:http; classtype:web-application-activity; sid:1099; rev:15; ",False,False,True,False,False,INCLUDE_HIGH,E03 supported by rule text/metadata
659,1100,18,alert,tcp,$EXTERNAL_NET,any,->,$HTTP_SERVERS,$HTTP_PORTS,,web-application-activity,http,ruleset community,E03,True," msg:""INDICATOR-SCAN L3retriever HTTP Probe""; flow:to_server,established; http_header; content:""User-Agent|3A| Java1.2.1|0D 0A|""; metadata:ruleset community; service:http; reference:url,attack.mitre.org/techniques/T1018; reference:url,attack.mitre.org/techniques/T1040; reference:url,attack.mitre.org/techniques/T1046; classtype:web-application-activity; sid:1100; rev:18; ",False,False,True,False,False,INCLUDE_HIGH,E03 supported by rule text/metadata
660,1101,18,alert,tcp,$EXTERNAL_NET,any,->,$HTTP_SERVERS,$HTTP_PORTS,,web-application-activity,http,ruleset community,E03,True," msg:""INDICATOR-SCAN Webtrends HTTP probe""; flow:to_server,established; http_header; content:""User-Agent|3A| Webtrends Security Analyzer|0D 0A|""; metadata:ruleset community; service:http; reference:url,attack.mitre.org/techniques/T1018; reference:url,attack.mitre.org/techniques/T1040; reference:url,attack.mitre.org/techniques/T1046; classtype:web-application-activity; sid:1101; rev:18; ",False,False,True,False,False,INCLUDE_HIGH,E03 supported by rule text/metadata
669,1111,18,alert,tcp,$EXTERNAL_NET,any,->,$HTTP_SERVERS,$HTTP_PORTS,,attempted-recon,http,ruleset community,E01,True," msg:""SERVER-APACHE Apache Tomcat server exploit access""; flow:to_server,established; http_uri; content:""/contextAdmin/contextAdmin.html"",nocase; metadata:ruleset community; service:http; reference:bugtraq,1548; reference:cve,2000-0672; reference:nessus,10477; classtype:attempted-recon; sid:1111; rev:18; ",True,False,True,False,False,INCLUDE_HIGH,E01 supported by rule text/metadata
686,1132,14,alert,tcp,$EXTERNAL_NET,any,->,$HOME_NET,457,,attempted-recon,,ruleset community,E01,True," msg:""SERVER-WEBAPP Netscape Unixware overflow""; flow:to_server,established; content:""|EB|_|9A FF FF FF FF 07 FF C3|^1|C0 89|F|9D|""; metadata:ruleset community; reference:bugtraq,908; reference:cve,1999-0744; classtype:attempted-recon; sid:1132; rev:14; ",True,False,True,False,False,INCLUDE_HIGH,E01 supported by rule text/metadata
687,1133,18,alert,tcp,$EXTERNAL_NET,any,->,$HTTP_SERVERS,$HTTP_PORTS,,attempted-recon,http,ruleset community,E03,True," msg:""INDICATOR-SCAN cybercop os probe""; flow:stateless; ack:0; flags:FPS; content:""AAAAAAAAAAAAAAAA"",depth 16; metadata:ruleset community; service:http; reference:url,attack.mitre.org/techniques/T1018; reference:url,attack.mitre.org/techniques/T1040; reference:url,attack.mitre.org/techniques/T1046; classtype:attempted-recon; sid:1133; rev:18; ",False,False,True,False,False,INCLUDE_HIGH,E03 supported by rule text/metadata
709,1159,18,alert,tcp,$EXTERNAL_NET,any,->,$HTTP_SERVERS,$HTTP_PORTS,,attempted-recon,http,ruleset community,E02,True," msg:""SERVER-WEBAPP webplus access""; flow:to_server,established; http_uri; content:""/webplus?script"",fast_pattern,nocase; metadata:ruleset community; service:http; reference:bugtraq,1174; reference:bugtraq,1720; reference:bugtraq,1722; reference:bugtraq,1725; reference:cve,2000-1005; classtype:attempted-recon; sid:1159; rev:18; ",False,False,True,False,False,REVIEW,candidate from broad triage; direct rule evidence not strong enough for automatic inclusion
738,1193,17,alert,tcp,$EXTERNAL_NET,any,->,$HTTP_SERVERS,$HTTP_PORTS,,web-application-attack,http,ruleset community,E02,True," msg:""SERVER-WEBAPP oracle web arbitrary command execution attempt""; flow:to_server,established; http_uri; content:""/ows-bin/"",nocase; content:""?&""; metadata:ruleset community; service:http; reference:bugtraq,1053; reference:cve,2000-0169; reference:nessus,10348; classtype:web-application-attack; sid:1193; rev:17; ",False,True,False,False,False,INCLUDE_HIGH,E02 supported by rule text/metadata
744,1199,18,alert,tcp,$EXTERNAL_NET,any,->,$HOME_NET,2301,,web-application-attack,http,ruleset community,E01,True," msg:""SERVER-WEBAPP Compaq Insight directory traversal""; flow:to_server,established; content:""../""; metadata:ruleset community; service:http; reference:bugtraq,282; reference:cve,1999-0771; classtype:web-application-attack; sid:1199; rev:18; ",False,False,False,False,False,REVIEW,candidate from broad triage; direct rule evidence not strong enough for automatic inclusion
776,1240,10,alert,tcp,$EXTERNAL_NET,any,->,$HOME_NET,2224,,attempted-admin,,ruleset community,E01,True," msg:""SERVER-OTHER MDBMS overflow""; flow:to_server,established; content:""|01|1|DB CD 80 E8|[|FF FF FF|"",fast_pattern,nocase; metadata:ruleset community; reference:bugtraq,1252; reference:cve,2000-0446; reference:nessus,10422; classtype:attempted-admin; sid:1240; rev:10; ",True,False,False,False,False,INCLUDE_HIGH,E01 supported by rule text/metadata
777,1241,15,alert,tcp,$EXTERNAL_NET,any,->,$HTTP_SERVERS,$HTTP_PORTS,,attempted-user,http,ruleset community,E01,True," msg:""SERVER-WEBAPP SWEditServlet directory traversal attempt""; flow:to_server,established; http_uri; content:""/SWEditServlet""; pkt_data; content:""template=../../../""; metadata:ruleset community; service:http; reference:bugtraq,2868; reference:cve,2001-0555; classtype:attempted-user; sid:1241; rev:15; ",False,False,False,False,False,REVIEW,candidate from broad triage; direct rule evidence not strong enough for automatic inclusion
785,1252,25,alert,tcp,$TELNET_SERVERS,23,->,$EXTERNAL_NET,any,,attempted-admin,telnet,ruleset community,E01,True," msg:""PROTOCOL-TELNET bsd telnet exploit response""; flow:to_client,established; raw_data; content:""|0D 0A|[Yes]|0D 0A FF FE 08 FF FD|&"",fast_pattern,nocase; metadata:ruleset community; service:telnet; reference:bugtraq,3064; reference:cve,2001-0554; reference:nessus,10709; classtype:attempted-admin; sid:1252; rev:25; ",True,False,False,False,False,INCLUDE_HIGH,E01 supported by rule text/metadata
786,1253,24,alert,tcp,$EXTERNAL_NET,any,->,$TELNET_SERVERS,23,,successful-admin,telnet,ruleset community,E01,True," msg:""PROTOCOL-TELNET bsd exploit client finishing""; flow:to_server,established; isdataat:200; raw_data; content:""|FF F6 FF F6 FF FB 08 FF F6|"",depth 50,offset 200; metadata:ruleset community; service:telnet; reference:bugtraq,3064; reference:cve,2001-0554; reference:nessus,10709; classtype:successful-admin; sid:1253; rev:24; ",True,False,False,False,False,INCLUDE_HIGH,E01 supported by rule text/metadata
787,1254,16,alert,tcp,$EXTERNAL_NET,any,->,$HTTP_SERVERS,$HTTP_PORTS,,attempted-user,http,ruleset community,E02,True," msg:""SERVER-WEBAPP PHPLIB remote command attempt""; flow:to_server,established; content:""_PHPLIB[libdir]"",fast_pattern,nocase; metadata:ruleset community; service:http; reference:bugtraq,3079; reference:cve,2001-1370; reference:nessus,14910; classtype:attempted-user; sid:1254; rev:16; ",False,False,False,False,False,REVIEW,candidate from broad triage; direct rule evidence not strong enough for automatic inclusion
788,1255,15,alert,tcp,$HTTP_SERVERS,any,->,$EXTERNAL_NET,$HTTP_PORTS,,attempted-user,http,ruleset community,E02,True," msg:""SERVER-WEBAPP PHPLIB remote command attempt""; flow:to_server,established; http_uri; content:""/db_mysql.inc""; metadata:ruleset community; service:http; reference:bugtraq,3079; reference:cve,2001-1370; classtype:attempted-user; sid:1255; rev:15; ",False,False,False,False,False,REVIEW,candidate from broad triage; direct rule evidence not strong enough for automatic inclusion
792,1261,15,alert,tcp,$EXTERNAL_NET,any,->,$HOME_NET,4242,,attempted-user,,ruleset community,E01,True," msg:""SERVER-OTHER AIX pdnsd overflow""; flow:to_server,established; isdataat:1000; content:""|7F FF FB|x|7F FF FB|x|7F FF FB|x|7F FF FB|x""; content:""@|8A FF C8|@|82 FF D8 3B|6|FE 03 3B|v|FE 02|""; metadata:ruleset community; reference:bugtraq,3237; reference:bugtraq,590; reference:cve,1999-0745; classtype:attempted-user; sid:1261; rev:15; ",True,False,False,False,False,INCLUDE_HIGH,E01 supported by rule text/metadata
826,1305,15,alert,tcp,$EXTERNAL_NET,any,->,$HTTP_SERVERS,$HTTP_PORTS,,web-application-attack,http,ruleset community,E01,True," msg:""SERVER-WEBAPP txt2html.cgi directory traversal attempt""; flow:to_server,established; http_uri; content:""/txt2html.cgi"",fast_pattern,nocase; http_raw_uri; content:""/../../../../""; metadata:ruleset community; service:http; classtype:web-application-attack; sid:1305; rev:15; ",False,False,False,False,False,REVIEW,candidate from broad triage; direct rule evidence not strong enough for automatic inclusion
831,1324,12,alert,tcp,$EXTERNAL_NET,any,->,$HOME_NET,$SSH_PORTS,,shellcode-detect,,ruleset community,E01;E02,True," msg:""INDICATOR-SHELLCODE ssh CRC32 overflow /bin/sh""; flow:to_server,established; content:""/bin/sh""; metadata:ruleset community; reference:bugtraq,2347; reference:cve,2001-0144; reference:cve,2001-0572; classtype:shellcode-detect; sid:1324; rev:12; ",True,True,False,False,False,INCLUDE_HIGH,E01;E02 supported by rule text/metadata
832,1325,14,alert,tcp,$EXTERNAL_NET,any,->,$HOME_NET,$SSH_PORTS,,shellcode-detect,,"policy max-detect-ips drop,ruleset community",E01;E02,True," msg:""INDICATOR-SHELLCODE ssh CRC32 overflow filler""; flow:to_server,established; content:""|00 00 00 00 00 00 00 00 00 00 00 00 00 00 00 00 00 00|"",fast_pattern,nocase; metadata:policy max-detect-ips drop,ruleset community; reference:bugtraq,2347; reference:cve,2001-0144; reference:cve,2001-0572; classtype:shellcode-detect; sid:1325; rev:14; ",True,True,False,False,False,INCLUDE_HIGH,E01;E02 supported by rule text/metadata
833,1326,13,alert,tcp,$EXTERNAL_NET,any,->,$HOME_NET,$SSH_PORTS,,shellcode-detect,,ruleset community,E01;E02,True," msg:""INDICATOR-SHELLCODE ssh CRC32 overflow NOOP""; flow:to_server,established; content:""|90 90 90 90 90 90 90 90 90 90 90 90 90 90 90 90|"",fast_pattern,nocase; metadata:ruleset community; reference:bugtraq,2347; reference:cve,2001-0144; reference:cve,2001-0572; classtype:shellcode-detect; sid:1326; rev:13; ",True,True,False,False,False,INCLUDE_HIGH,E01;E02 supported by rule text/metadata
834,1327,14,alert,tcp,$EXTERNAL_NET,any,->,$HOME_NET,$SSH_PORTS,,shellcode-detect,,ruleset community,E01;E02,True," msg:""INDICATOR-SHELLCODE ssh CRC32 overflow""; flow:to_server,established; content:""|00 01|W|00 00 00 18|"",depth 7; content:""|FF FF FF FF 00 00|"",depth 14,offset 8; metadata:ruleset community; reference:bugtraq,2347; reference:cve,2001-0144; reference:cve,2001-0572; reference:nessus,10607; classtype:shellcode-detect; sid:1327; rev:14; ",True,True,False,False,False,INCLUDE_HIGH,E01;E02 supported by rule text/metadata
836,1375,12,alert,tcp,$EXTERNAL_NET,any,->,$HTTP_SERVERS,$HTTP_PORTS,,attempted-recon,http,ruleset community,E04,True," msg:""SERVER-WEBAPP sadmind worm access""; flow:to_server,established; content:""GET x HTTP/1.0"",depth 15; metadata:ruleset community; service:http; reference:url,www.cert.org/advisories/CA-2001-11.html; classtype:attempted-recon; sid:1375; rev:12; ",False,False,True,True,False,INCLUDE_HIGH,E04 supported by rule text/metadata
840,1379,23,alert,tcp,$EXTERNAL_NET,any,->,$HOME_NET,21,,attempted-admin,ftp,ruleset community,E01,True," msg:""PROTOCOL-FTP STAT overflow attempt""; flow:to_server,established; content:""STAT"",nocase; isdataat:190,relative; pcre:""/^STAT(?!\n)\s[^\n]{190}/im""; metadata:ruleset community; service:ftp; reference:bugtraq,3507; reference:bugtraq,8542; reference:cve,2001-0325; reference:cve,2001-1021; reference:cve,2003-0772; reference:cve,2011-0762; reference:url,labs.defcom.com/adv/2001/def-2001-31.txt; classtype:attempted-admin; sid:1379; rev:23; ",True,False,False,False,False,INCLUDE_HIGH,E01 supported by rule text/metadata
843,1382,13,alert,tcp,any,any,->,any,6666:7000,,misc-attack,,ruleset community,E01,True," msg:""SERVER-OTHER CHAT IRC Ettercap parse overflow attempt""; flow:to_server,established; content:""PRIVMSG"",fast_pattern,nocase; content:""nickserv"",nocase; content:""IDENTIFY"",nocase; isdataat:100,relative; pcre:""/^PRIVMSG\s+nickserv\s+IDENTIFY\s[^\n]{100}/ims""; metadata:ruleset community; reference:url,www.bugtraq.org/dev/GOBBLES-12.txt; classtype:misc-attack; sid:1382; rev:13; ",True,False,False,False,False,INCLUDE_HIGH,E01 supported by rule text/metadata
846,1386,15,alert,tcp,$EXTERNAL_NET,any,->,$SQL_SERVERS,139,,attempted-user,,ruleset community,E01,True," msg:""SERVER-MSSQL raiserror possible buffer overflow""; flow:to_server,established; content:""r|00|a|00|i|00|s|00|e|00|r|00|r|00|o|00|r|00|"",offset 32,nocase; metadata:ruleset community; reference:bugtraq,3733; reference:cve,2001-0542; reference:url,technet.microsoft.com/en-us/security/bulletin/MS01-060; classtype:attempted-user; sid:1386; rev:15; ",True,False,False,False,False,INCLUDE_HIGH,E01 supported by rule text/metadata
847,1387,13,alert,tcp,$EXTERNAL_NET,any,->,$SQL_SERVERS,1433,,attempted-user,,ruleset community,E01,True," msg:""SQL raiserror possible buffer overflow""; flow:to_server,established; content:""r|00|a|00|i|00|s|00|e|00|r|00|r|00|o|00|r|00|"",fast_pattern,nocase; metadata:ruleset community; reference:bugtraq,3733; reference:cve,2001-0542; reference:nessus,11217; classtype:attempted-user; sid:1387; rev:13; ",True,False,False,False,False,INCLUDE_HIGH,E01 supported by rule text/metadata
848,1388,23,alert,udp,$EXTERNAL_NET,any,->,$HOME_NET,any,,misc-attack,,"policy max-detect-ips drop,ruleset community",E01,True," msg:""OS-WINDOWS Microsoft Windows UPnP Location overflow attempt""; content:""Location"",fast_pattern,nocase; pcre:""/^Location\s*\x3a\s*\w+\x3a\/\/([^\n]*\x3a)?[^\n]{128}/ims""; metadata:policy max-detect-ips drop,ruleset community; reference:bugtraq,3723; reference:cve,2001-0876; reference:cve,2007-2386; reference:nessus,10829; reference:url,technet.microsoft.com/en-us/security/bulletin/MS01-059; classtype:misc-attack; sid:1388; rev:23; ",True,False,False,False,False,INCLUDE_HIGH,E01 supported by rule text/metadata
849,1390,17,alert,ip,$EXTERNAL_NET,any,->,$HOME_NET,any,,shellcode-detect,,"policy max-detect-ips drop,ruleset community",E02,True," msg:""INDICATOR-SHELLCODE x86 inc ebx NOOP""; content:""CCCCCCCCCCCCCCCCCCCCCCCC""; metadata:policy max-detect-ips drop,ruleset community; classtype:shellcode-detect; sid:1390; rev:17; ",True,True,False,False,False,INCLUDE_HIGH,E02 supported by rule text/metadata
851,1394,17,alert,ip,$EXTERNAL_NET,any,->,$HOME_NET,any,,shellcode-detect,,ruleset community,E02,True," msg:""INDICATOR-SHELLCODE x86 inc ecx NOOP""; content:""AAAAAAAAAAAAAAAAAAAAAAAAAAAAAAA""; metadata:ruleset community; classtype:shellcode-detect; sid:1394; rev:17; ",True,True,False,False,False,INCLUDE_HIGH,E02 supported by rule text/metadata
855,1398,14,alert,tcp,$EXTERNAL_NET,any,->,$HOME_NET,6112,,misc-attack,,ruleset community,E01,True," msg:""SERVER-OTHER CDE dtspcd exploit attempt""; flow:to_server,established; content:""1"",depth 1,offset 10; content:!""000"",depth 3,offset 11; metadata:ruleset community; reference:bugtraq,3517; reference:cve,2001-0803; reference:nessus,10833; reference:url,www.cert.org/advisories/CA-2002-01.html; classtype:misc-attack; sid:1398; rev:14; ",True,False,False,False,False,INCLUDE_HIGH,E01 supported by rule text/metadata
864,1409,21,alert,udp,$EXTERNAL_NET,any,->,$HOME_NET,161:162,,misc-attack,snmp,"policy max-detect-ips drop,policy security-ips drop,ruleset community",E01,True," msg:""PROTOCOL-SNMP community string buffer overflow attempt""; flow:to_server; content:""|02 01 00 04 82 01 00|"",offset 4; metadata:policy max-detect-ips drop,policy security-ips drop,ruleset community; service:snmp; reference:bugtraq,4088; reference:bugtraq,4089; reference:cve,2002-0012; reference:cve,2002-0013; reference:url,www.cert.org/advisories/CA-2002-03.html; classtype:misc-attack; sid:1409; rev:21; ",True,False,False,False,False,INCLUDE_HIGH,E01 supported by rule text/metadata
877,1422,21,alert,udp,$EXTERNAL_NET,any,->,$HOME_NET,161:162,,misc-attack,snmp,"policy max-detect-ips drop,policy security-ips drop,ruleset community",E01,True," msg:""PROTOCOL-SNMP community string buffer overflow attempt with evasion""; flow:to_server; content:"" |04 82 01 00|"",depth 5,offset 7; metadata:policy max-detect-ips drop,policy security-ips drop,ruleset community; service:snmp; reference:bugtraq,4088; reference:bugtraq,4089; reference:cve,2002-0012; reference:cve,2002-0013; reference:url,www.cert.org/advisories/CA-2002-03.html; classtype:misc-attack; sid:1422; rev:21; ",True,False,False,False,False,INCLUDE_HIGH,E01 supported by rule text/metadata
878,1423,24,alert,tcp,$EXTERNAL_NET,any,->,$HTTP_SERVERS,$HTTP_PORTS,,web-application-attack,http,ruleset community,E01,True," msg:""SERVER-WEBAPP content-disposition memchr overflow""; flow:to_server,established; http_header; content:""Content-Disposition|3A|"",nocase; pkt_data; content:""name=|22 CC CC CC CC CC|"",fast_pattern,nocase; metadata:ruleset community; service:http; reference:bugtraq,4183; reference:cve,2002-0081; reference:nessus,10867; classtype:web-application-attack; sid:1423; rev:24; ",True,False,False,False,False,INCLUDE_HIGH,E01 supported by rule text/metadata
926,1478,18,alert,tcp,$EXTERNAL_NET,any,->,$HTTP_SERVERS,$HTTP_PORTS,,attempted-user,http,ruleset community,E01,True," msg:""SERVER-WEBAPP Simple Web Counter URI Parameter Buffer Overflow attempt""; flow:to_server,established; http_uri; content:""/swc"",nocase; content:""ctr="",distance 0,nocase; http_raw_uri; bufferlen:>500; metadata:ruleset community; service:http; reference:bugtraq,6581; reference:nessus,10493; classtype:attempted-user; sid:1478; rev:18; ",True,False,False,False,False,INCLUDE_HIGH,E01 supported by rule text/metadata
935,1488,19,alert,tcp,$EXTERNAL_NET,any,->,$HTTP_SERVERS,$HTTP_PORTS,,web-application-attack,http,ruleset community,E01,True," msg:""SERVER-WEBAPP store.cgi directory traversal attempt""; flow:to_server,established; http_uri; content:""/store.cgi"",fast_pattern,nocase; http_raw_uri; content:""../""; metadata:ruleset community; service:http; reference:bugtraq,2385; reference:cve,2001-0305; reference:nessus,10639; classtype:web-application-attack; sid:1488; rev:19; ",False,False,False,False,False,REVIEW,candidate from broad triage; direct rule evidence not strong enough for automatic inclusion
939,1492,17,alert,tcp,$EXTERNAL_NET,any,->,$HTTP_SERVERS,$HTTP_PORTS,,web-application-attack,http,ruleset community,E01,True," msg:""SERVER-WEBAPP RBS ISP /newuser  directory traversal attempt""; flow:to_server,established; http_uri; content:""/newuser?Image=../..""; metadata:ruleset community; service:http; reference:bugtraq,1704; reference:cve,2000-1036; reference:nessus,10521; classtype:web-application-attack; sid:1492; rev:17; ",False,False,False,False,False,REVIEW,candidate from broad triage; direct rule evidence not strong enough for automatic inclusion
946,1501,17,alert,tcp,$EXTERNAL_NET,any,->,$HTTP_SERVERS,$HTTP_PORTS,,web-application-attack,http,ruleset community,E01,True," msg:""SERVER-WEBAPP a1stats a1disp3.cgi directory traversal attempt""; flow:to_server,established; http_uri; content:""/a1disp3.cgi?"",fast_pattern,nocase; http_raw_uri; content:""/../../""; metadata:ruleset community; service:http; reference:bugtraq,2705; reference:cve,2001-0561; reference:nessus,10669; classtype:web-application-attack; sid:1501; rev:17; ",False,False,False,False,False,REVIEW,candidate from broad triage; direct rule evidence not strong enough for automatic inclusion
950,1505,16,alert,tcp,$EXTERNAL_NET,any,->,$HTTP_SERVERS,$HTTP_PORTS,,web-application-activity,http,ruleset community,E02,True," msg:""SERVER-WEBAPP alchemy http server PRN arbitrary command execution attempt""; flow:to_server,established; http_uri; content:""/PRN/"",fast_pattern; http_raw_uri; content:""../../""; metadata:ruleset community; service:http; reference:bugtraq,3599; reference:cve,2001-0871; reference:nessus,10818; classtype:web-application-activity; sid:1505; rev:16; ",False,True,False,False,False,INCLUDE_HIGH,E02 supported by rule text/metadata
951,1506,16,alert,tcp,$EXTERNAL_NET,any,->,$HTTP_SERVERS,$HTTP_PORTS,,web-application-activity,http,ruleset community,E02,True," msg:""SERVER-WEBAPP alchemy http server NUL arbitrary command execution attempt""; flow:to_server,established; http_uri; content:""/NUL/"",fast_pattern; http_raw_uri; content:""../../""; metadata:ruleset community; service:http; reference:bugtraq,3599; reference:cve,2001-0871; reference:nessus,10818; classtype:web-application-activity; sid:1506; rev:16; ",False,True,False,False,False,INCLUDE_HIGH,E02 supported by rule text/metadata
952,1507,18,alert,tcp,$EXTERNAL_NET,any,->,$HTTP_SERVERS,$HTTP_PORTS,,web-application-attack,http,ruleset community,E02,True," msg:""SERVER-WEBAPP alibaba.pl arbitrary command execution attempt""; flow:to_server,established; http_uri; content:""/alibaba.pl|7C|"",fast_pattern,nocase; metadata:ruleset community; service:http; reference:bugtraq,770; reference:cve,1999-0885; reference:nessus,10013; classtype:web-application-attack; sid:1507; rev:18; ",False,True,False,False,False,INCLUDE_HIGH,E02 supported by rule text/metadata
954,1509,17,alert,tcp,$EXTERNAL_NET,any,->,$HTTP_SERVERS,$HTTP_PORTS,,web-application-attack,http,ruleset community,E01,True," msg:""SERVER-WEBAPP AltaVista Intranet Search directory traversal attempt""; flow:to_server,established; http_uri; content:""/query?mss=.."",fast_pattern,nocase; metadata:ruleset community; service:http; reference:bugtraq,896; reference:cve,2000-0039; reference:nessus,10015; classtype:web-application-attack; sid:1509; rev:17; ",False,False,False,False,False,REVIEW,candidate from broad triage; direct rule evidence not strong enough for automatic inclusion
955,1510,16,alert,tcp,$EXTERNAL_NET,any,->,$HTTP_SERVERS,$HTTP_PORTS,,web-application-attack,http,ruleset community,E02,True," msg:""SERVER-WEBAPP test.bat arbitrary command execution attempt""; flow:to_server,established; http_uri; content:""/test.bat|7C|""; metadata:ruleset community; service:http; reference:bugtraq,762; reference:cve,1999-0947; reference:nessus,10016; classtype:web-application-attack; sid:1510; rev:16; ",False,True,False,False,False,INCLUDE_HIGH,E02 supported by rule text/metadata
957,1512,17,alert,tcp,$EXTERNAL_NET,any,->,$HTTP_SERVERS,$HTTP_PORTS,,web-application-attack,http,ruleset community,E02,True," msg:""SERVER-WEBAPP input.bat arbitrary command execution attempt""; flow:to_server,established; http_uri; content:""/input.bat|7C|"",fast_pattern,nocase; metadata:ruleset community; service:http; reference:bugtraq,762; reference:cve,1999-0947; reference:nessus,10016; classtype:web-application-attack; sid:1512; rev:17; ",False,True,False,False,False,INCLUDE_HIGH,E02 supported by rule text/metadata
959,1514,17,alert,tcp,$EXTERNAL_NET,any,->,$HTTP_SERVERS,$HTTP_PORTS,,web-application-attack,http,ruleset community,E02,True," msg:""SERVER-WEBAPP input2.bat arbitrary command execution attempt""; flow:to_server,established; http_uri; content:""/input2.bat|7C|"",fast_pattern,nocase; metadata:ruleset community; service:http; reference:bugtraq,762; reference:cve,1999-0947; reference:nessus,10016; classtype:web-application-attack; sid:1514; rev:17; ",False,True,False,False,False,INCLUDE_HIGH,E02 supported by rule text/metadata
961,1516,18,alert,tcp,$EXTERNAL_NET,any,->,$HTTP_SERVERS,$HTTP_PORTS,,web-application-attack,http,ruleset community,E02,True," msg:""SERVER-WEBAPP envout.bat arbitrary command execution attempt""; flow:to_server,established; http_uri; content:""/envout.bat|7C|"",fast_pattern,nocase; metadata:ruleset community; service:http; reference:bugtraq,762; reference:cve,1999-0947; reference:nessus,10016; classtype:web-application-attack; sid:1516; rev:18; ",False,True,False,False,False,INCLUDE_HIGH,E02 supported by rule text/metadata
974,1529,17,alert,tcp,$EXTERNAL_NET,any,->,$HOME_NET,21,,attempted-admin,ftp,ruleset community,E01,True," msg:""PROTOCOL-FTP SITE overflow attempt""; flow:to_server,established; content:""SITE"",nocase; isdataat:100,relative; pcre:""/^SITE(?!\n)\s[^\n]{100}/ims""; metadata:ruleset community; service:ftp; reference:cve,1999-0838; reference:cve,2001-0755; reference:cve,2001-0770; classtype:attempted-admin; sid:1529; rev:17; ",True,False,False,False,False,INCLUDE_HIGH,E01 supported by rule text/metadata
978,1534,20,alert,tcp,$EXTERNAL_NET,any,->,$HTTP_SERVERS,$HTTP_PORTS,,web-application-attack,http,ruleset community,E02,True," msg:""SERVER-WEBAPP agora.cgi attempt""; flow:to_server,established; http_uri; content:""/store/agora.cgi?"",nocase; content:""cart_id=<SCRIPT>"",distance 0,nocase; metadata:ruleset community; service:http; reference:bugtraq,3702; reference:bugtraq,3976; reference:cve,2001-1199; reference:cve,2002-0215; reference:nessus,10836; classtype:web-application-attack; sid:1534; rev:20; ",False,False,False,False,False,REVIEW,candidate from broad triage; direct rule evidence not strong enough for automatic inclusion
980,1536,19,alert,tcp,$EXTERNAL_NET,any,->,$HTTP_SERVERS,$HTTP_PORTS,,web-application-attack,http,ruleset community,E02,True," msg:""SERVER-WEBAPP calendar_admin.pl arbitrary command execution attempt""; flow:to_server,established; http_uri; content:""/calendar_admin.pl?"",nocase; content:""config=|7C|"",distance 0,nocase; metadata:ruleset community; service:http; reference:bugtraq,1215; reference:cve,2000-0432; reference:nessus,10506; classtype:web-application-attack; sid:1536; rev:19; ",False,True,False,False,False,INCLUDE_HIGH,E02 supported by rule text/metadata
982,1538,22,alert,tcp,$EXTERNAL_NET,any,->,$HOME_NET,119,,attempted-admin,,ruleset community,E01,True," msg:""PROTOCOL-NNTP AUTHINFO USER overflow attempt""; flow:to_server,established; content:""AUTHINFO"",nocase; content:""USER"",distance 0,nocase; isdataat:200,relative; pcre:""/^AUTHINFO\s+USER\s[^\n]{200}/ims""; metadata:ruleset community; reference:bugtraq,1156; reference:cve,2000-0341; reference:nessus,10388; classtype:attempted-admin; sid:1538; rev:22; ",True,False,False,False,False,INCLUDE_HIGH,E01 supported by rule text/metadata
988,1544,15,alert,tcp,$EXTERNAL_NET,any,->,$HTTP_SERVERS,$HTTP_PORTS,,web-application-activity,http,ruleset community,E02,True," msg:""SERVER-WEBAPP Cisco Catalyst command execution attempt""; flow:to_server,established; http_uri; content:""/exec/show/config/cr"",fast_pattern,nocase; metadata:ruleset community; service:http; reference:bugtraq,1846; reference:cve,2000-0945; reference:nessus,10545; classtype:web-application-activity; sid:1544; rev:15; ",False,True,False,False,False,INCLUDE_HIGH,E02 supported by rule text/metadata
991,1547,19,alert,tcp,$EXTERNAL_NET,any,->,$HTTP_SERVERS,$HTTP_PORTS,,web-application-attack,http,"policy max-detect-ips drop,policy security-ips drop,ruleset community",E02,True," msg:""SERVER-WEBAPP csSearch.cgi arbitrary command execution attempt""; flow:to_server,established; http_uri; content:""/csSearch.cgi""; pkt_data; content:""setup=""; content:""`""; content:""`"",distance 1; metadata:policy max-detect-ips drop,policy security-ips drop,ruleset community; service:http; reference:bugtraq,4368; reference:cve,2002-0495; reference:nessus,10924; classtype:web-application-attack; sid:1547; rev:19; ",False,True,False,False,False,INCLUDE_HIGH,E02 supported by rule text/metadata
993,1549,27,alert,tcp,$EXTERNAL_NET,any,->,$SMTP_SERVERS,25,,attempted-admin,smtp,ruleset community,E01,True," msg:""SERVER-MAIL HELO overflow attempt""; flow:to_server,established; content:""HELO"",nocase; isdataat:500,relative; pcre:""/^HELO\s[^\n]{500}/ims""; metadata:ruleset community; service:smtp; reference:bugtraq,7726; reference:bugtraq,895; reference:cve,2000-0042; reference:nessus,10324; reference:nessus,11674; classtype:attempted-admin; sid:1549; rev:27; ",True,False,False,False,False,INCLUDE_HIGH,E01 supported by rule text/metadata
994,1550,21,alert,tcp,$EXTERNAL_NET,any,->,$SMTP_SERVERS,25,,attempted-admin,smtp,ruleset community,E01,True," msg:""SERVER-MAIL ETRN overflow attempt""; flow:to_server,established; content:""ETRN"",nocase; isdataat:500,relative; pcre:""/^ETRN\s[^\n]{500}/ims""; metadata:ruleset community; service:smtp; reference:bugtraq,1297; reference:bugtraq,7515; reference:cve,2000-0490; reference:nessus,10438; classtype:attempted-admin; sid:1550; rev:21; ",True,False,False,False,False,INCLUDE_HIGH,E01 supported by rule text/metadata
1001,1558,12,alert,tcp,$EXTERNAL_NET,any,->,$HOME_NET,8080,,web-application-activity,http,ruleset community,E01,True," msg:""SERVER-WEBAPP Delegate whois overflow attempt""; flow:to_server,established; content:""whois|3A|//"",nocase; metadata:ruleset community; service:http; reference:cve,2000-0165; reference:nessus,10054; classtype:web-application-activity; sid:1558; rev:12; ",True,False,False,False,False,INCLUDE_HIGH,E01 supported by rule text/metadata
1004,1562,18,alert,tcp,$EXTERNAL_NET,any,->,$HOME_NET,21,,attempted-admin,ftp,ruleset community,E01,True," msg:""PROTOCOL-FTP SITE CHOWN overflow attempt""; flow:to_server,established; content:""SITE"",nocase; content:""CHOWN"",distance 0,nocase; isdataat:100,relative; pcre:""/^SITE\s+CHOWN\s[^\n]{100}/ims""; metadata:ruleset community; service:ftp; reference:bugtraq,2120; reference:cve,2001-0065; reference:nessus,10579; classtype:attempted-admin; sid:1562; rev:18; ",True,False,False,False,False,INCLUDE_HIGH,E01 supported by rule text/metadata
1007,1565,21,alert,tcp,$EXTERNAL_NET,any,->,$HTTP_SERVERS,$HTTP_PORTS,,web-application-attack,http,ruleset community,E02,True," msg:""SERVER-WEBAPP eshop.pl arbitrary command execution attempt""; flow:to_server,established; http_uri; content:""/eshop.pl?"",nocase; content:""seite=|3B|"",distance 0,nocase; metadata:ruleset community; service:http; reference:bugtraq,3340; reference:cve,2001-1014; classtype:web-application-attack; sid:1565; rev:21; ",False,True,False,False,False,INCLUDE_HIGH,E02 supported by rule text/metadata
1011,1569,17,alert,tcp,$EXTERNAL_NET,any,->,$HTTP_SERVERS,$HTTP_PORTS,,web-application-attack,http,ruleset community,E01,True," msg:""SERVER-WEBAPP loadpage.cgi directory traversal attempt""; flow:to_server,established; http_uri; content:""/loadpage.cgi""; pkt_data; content:""file=../"",fast_pattern,nocase; metadata:ruleset community; service:http; reference:bugtraq,2109; reference:cve,2000-1092; reference:nessus,10065; classtype:web-application-attack; sid:1569; rev:17; ",False,False,False,False,False,REVIEW,candidate from broad triage; direct rule evidence not strong enough for automatic inclusion
1013,1571,16,alert,tcp,$EXTERNAL_NET,any,->,$HTTP_SERVERS,$HTTP_PORTS,,web-application-attack,http,ruleset community,E01,True," msg:""SERVER-WEBAPP dcforum.cgi directory traversal attempt""; flow:to_server,established; http_uri; content:""/dcforum.cgi""; pkt_data; content:""forum=../..""; metadata:ruleset community; service:http; reference:bugtraq,2611; reference:cve,2001-0436; reference:cve,2001-0437; reference:nessus,10583; classtype:web-application-attack; sid:1571; rev:16; ",False,False,False,False,False,REVIEW,candidate from broad triage; direct rule evidence not strong enough for automatic inclusion
1039,1598,16,alert,tcp,$EXTERNAL_NET,any,->,$HTTP_SERVERS,$HTTP_PORTS,,web-application-attack,http,ruleset community,E01,True," msg:""SERVER-WEBAPP Home Free search.cgi directory traversal attempt""; flow:to_server,established; http_uri; content:""/search.cgi""; pkt_data; content:""letter=../"",fast_pattern,nocase; metadata:ruleset community; service:http; reference:bugtraq,921; reference:cve,2000-0054; reference:nessus,10101; classtype:web-application-attack; sid:1598; rev:16; ",False,False,False,False,False,REVIEW,candidate from broad triage; direct rule evidence not strong enough for automatic inclusion
1045,1604,12,alert,tcp,$EXTERNAL_NET,any,->,$HOME_NET,4080,,web-application-activity,http,ruleset community,E01,True," msg:""SERVER-WEBAPP iChat directory traversal attempt""; flow:to_server,established; content:""/../../""; metadata:ruleset community; service:http; reference:cve,1999-0897; classtype:web-application-activity; sid:1604; rev:12; ",False,False,False,False,False,REVIEW,candidate from broad triage; direct rule evidence not strong enough for automatic inclusion
1050,1610,22,alert,tcp,$EXTERNAL_NET,any,->,$HTTP_SERVERS,$HTTP_PORTS,,web-application-attack,http,ruleset community,E02,True," msg:""SERVER-WEBAPP formmail arbitrary command execution attempt""; flow:to_server,established; http_uri; content:""/formmail"",fast_pattern,nocase; pkt_data; content:""%0a"",nocase; metadata:ruleset community; service:http; reference:bugtraq,1187; reference:bugtraq,2079; reference:cve,1999-0172; reference:cve,2000-0411; reference:nessus,10076; reference:nessus,10782; classtype:web-application-attack; sid:1610; rev:22; ",False,True,False,False,False,INCLUDE_HIGH,E02 supported by rule text/metadata
1059,1621,20,alert,tcp,$EXTERNAL_NET,any,->,$HOME_NET,21,,attempted-admin,ftp,ruleset community,E01,True," msg:""PROTOCOL-FTP CMD overflow attempt""; flow:to_server,established; content:""CMD"",nocase; isdataat:200,relative; pcre:""/^CMD(?!\n)\s[^\n]{200}/ims""; metadata:ruleset community; service:ftp; classtype:attempted-admin; sid:1621; rev:20; ",True,False,False,False,False,INCLUDE_HIGH,E01 supported by rule text/metadata
1062,1624,18,alert,tcp,$EXTERNAL_NET,any,->,$HOME_NET,21,,protocol-command-decode,ftp,ruleset community,E01,True," msg:""PROTOCOL-FTP PWD overflow attempt""; flow:to_server,established; content:""PWD"",nocase; isdataat:190,relative; pcre:""/^PWD\s.{190}/ims""; metadata:ruleset community; service:ftp; classtype:protocol-command-decode; sid:1624; rev:18; ",True,False,False,False,False,INCLUDE_HIGH,E01 supported by rule text/metadata
1063,1625,14,alert,tcp,$EXTERNAL_NET,any,->,$HOME_NET,21,,protocol-command-decode,ftp,ruleset community,E01,True," msg:""PROTOCOL-FTP SYST overflow attempt""; flow:to_server,established; content:""SYST"",nocase; isdataat:100,relative; pcre:""/^SYST(?!\n)\s[^\n]{100}/ims""; metadata:ruleset community; service:ftp; reference:url,www.faqs.org/rfcs/rfc959.html; classtype:protocol-command-decode; sid:1625; rev:14; ",True,False,False,False,False,INCLUDE_HIGH,E01 supported by rule text/metadata
1065,1628,19,alert,tcp,$EXTERNAL_NET,any,->,$HTTP_SERVERS,$HTTP_PORTS,,web-application-attack,http,ruleset community,E01,True," msg:""SERVER-WEBAPP FormHandler.cgi directory traversal attempt""; flow:to_server,established; http_uri; content:""/FormHandler.cgi"",nocase; pkt_data; content:""reply_message_attach="",fast_pattern,nocase; content:""/../""; metadata:ruleset community; service:http; reference:bugtraq,798; reference:bugtraq,799; reference:cve,1999-1050; reference:nessus,10075; classtype:web-application-attack; sid:1628; rev:19; ",False,False,False,False,False,REVIEW,candidate from broad triage; direct rule evidence not strong enough for automatic inclusion
1066,1634,25,alert,tcp,$EXTERNAL_NET,any,->,$HOME_NET,110,,attempted-admin,pop3,"policy max-detect-ips drop,policy security-ips drop,ruleset community",E01,True," msg:""PROTOCOL-POP PASS overflow attempt""; flow:to_server,established; content:""PASS"",nocase; isdataat:50,relative; pcre:""/^PASS\s[^\n]{50}/ims""; metadata:policy max-detect-ips drop,policy security-ips drop,ruleset community; service:pop3; reference:bugtraq,21645; reference:bugtraq,791; reference:cve,1999-1511; reference:cve,2006-6605; reference:nessus,10325; classtype:attempted-admin; sid:1634; rev:25; ",True,False,False,False,False,INCLUDE_HIGH,E01 supported by rule text/metadata
1067,1635,19,alert,tcp,$EXTERNAL_NET,any,->,$HOME_NET,110,,attempted-admin,pop3,ruleset community,E01,True," msg:""PROTOCOL-POP APOP overflow attempt""; flow:to_server,established; content:""APOP"",nocase; isdataat:256,relative; pcre:""/^APOP\s[^\n]{256}/ims""; metadata:ruleset community; service:pop3; reference:bugtraq,1652; reference:cve,2000-0840; reference:cve,2000-0841; reference:nessus,10559; classtype:attempted-admin; sid:1635; rev:19; ",True,False,False,False,False,INCLUDE_HIGH,E01 supported by rule text/metadata
1068,1636,14,alert,tcp,$EXTERNAL_NET,any,->,$HOME_NET,32000,,attempted-admin,,ruleset community,E01,True," msg:""SERVER-OTHER Xtramail Username overflow attempt""; flow:to_server,established; content:""Username|3A|"",nocase; isdataat:100,relative; pcre:""/^Username\:[^\n]{100}/ims""; metadata:ruleset community; reference:bugtraq,791; reference:cve,1999-1511; reference:nessus,10323; classtype:attempted-admin; sid:1636; rev:14; ",True,False,False,False,False,INCLUDE_HIGH,E01 supported by rule text/metadata
1070,1638,10,alert,tcp,$EXTERNAL_NET,any,->,$HOME_NET,22,,network-scan,,ruleset community,E03,True," msg:""INDICATOR-SCAN SSH Version map attempt""; flow:to_server,established; content:""Version_Mapper"",fast_pattern,nocase; metadata:ruleset community; reference:url,attack.mitre.org/techniques/T1018; reference:url,attack.mitre.org/techniques/T1040; reference:url,attack.mitre.org/techniques/T1046; classtype:network-scan; sid:1638; rev:10; ",False,False,True,False,False,INCLUDE_HIGH,E03 supported by rule text/metadata
1085,1655,18,alert,tcp,$EXTERNAL_NET,any,->,$HTTP_SERVERS,$HTTP_PORTS,,web-application-attack,http,ruleset community,E02,True," msg:""SERVER-WEBAPP pfdispaly.cgi arbitrary command execution attempt""; flow:to_server,established; http_uri; content:""/pfdispaly.cgi?"",nocase; content:""'"",distance 0,nocase; metadata:ruleset community; service:http; reference:cve,1999-0270; reference:nessus,10174; classtype:web-application-attack; sid:1655; rev:18; ",False,True,False,False,False,INCLUDE_HIGH,E02 supported by rule text/metadata
1087,1657,14,alert,tcp,$EXTERNAL_NET,any,->,$HTTP_SERVERS,$HTTP_PORTS,,web-application-activity,http,ruleset community,E01,True," msg:""SERVER-WEBAPP pagelog.cgi directory traversal attempt""; flow:to_server,established; http_uri; content:""/pagelog.cgi"",nocase; pkt_data; content:""name=../"",fast_pattern,nocase; metadata:ruleset community; service:http; reference:bugtraq,1864; reference:cve,2000-0940; reference:nessus,10591; classtype:web-application-activity; sid:1657; rev:14; ",False,False,False,False,False,REVIEW,candidate from broad triage; direct rule evidence not strong enough for automatic inclusion
1096,1667,15,alert,tcp,$EXTERNAL_NET,any,->,$HTTP_SERVERS,$HTTP_PORTS,,web-application-attack,http,ruleset community,E02,True," msg:""SERVER-WEBAPP cross site scripting HTML Image tag set to javascript attempt""; flow:to_server,established; http_uri; content:""img src=javascript"",fast_pattern,nocase; metadata:ruleset community; service:http; reference:bugtraq,4858; reference:cve,2002-0902; classtype:web-application-attack; sid:1667; rev:15; ",False,False,False,False,False,REVIEW,candidate from broad triage; direct rule evidence not strong enough for automatic inclusion
1130,1703,17,alert,tcp,$EXTERNAL_NET,any,->,$HTTP_SERVERS,$HTTP_PORTS,,web-application-attack,http,ruleset community,E01,True," msg:""SERVER-WEBAPP auktion.cgi directory traversal attempt""; flow:to_server,established; http_uri; content:""/auktion.cgi"",fast_pattern,nocase; pkt_data; content:""menue=../../"",nocase; metadata:ruleset community; service:http; reference:bugtraq,2367; reference:cve,2001-0212; reference:nessus,10638; classtype:web-application-attack; sid:1703; rev:17; ",False,False,False,False,False,REVIEW,candidate from broad triage; direct rule evidence not strong enough for automatic inclusion
1131,1704,15,alert,tcp,$EXTERNAL_NET,any,->,$HTTP_SERVERS,$HTTP_PORTS,,web-application-attack,http,ruleset community,E01,True," msg:""SERVER-WEBAPP cal_make.pl directory traversal attempt""; flow:to_server,established; http_uri; content:""/cal_make.pl"",nocase; pkt_data; content:""p0=../../"",fast_pattern,nocase; metadata:ruleset community; service:http; reference:bugtraq,2663; reference:cve,2001-0463; reference:nessus,10664; classtype:web-application-attack; sid:1704; rev:15; ",False,False,False,False,False,REVIEW,candidate from broad triage; direct rule evidence not strong enough for automatic inclusion
1132,1705,14,alert,tcp,$EXTERNAL_NET,any,->,$HTTP_SERVERS,$HTTP_PORTS,,web-application-attack,http,ruleset community,E02,True," msg:""SERVER-WEBAPP echo.bat arbitrary command execution attempt""; flow:to_server,established; http_uri; content:""/echo.bat""; pkt_data; content:""&""; metadata:ruleset community; service:http; reference:bugtraq,1002; reference:cve,2000-0213; reference:nessus,10246; classtype:web-application-attack; sid:1705; rev:14; ",False,True,False,False,False,INCLUDE_HIGH,E02 supported by rule text/metadata
1134,1707,14,alert,tcp,$EXTERNAL_NET,any,->,$HTTP_SERVERS,$HTTP_PORTS,,web-application-attack,http,ruleset community,E02,True," msg:""SERVER-WEBAPP hello.bat arbitrary command execution attempt""; flow:to_server,established; http_uri; content:""/hello.bat""; pkt_data; content:""&""; metadata:ruleset community; service:http; reference:bugtraq,1002; reference:cve,2000-0213; reference:nessus,10246; classtype:web-application-attack; sid:1707; rev:14; ",False,True,False,False,False,INCLUDE_HIGH,E02 supported by rule text/metadata
1146,1719,14,alert,tcp,$EXTERNAL_NET,any,->,$HTTP_SERVERS,$HTTP_PORTS,,web-application-attack,http,ruleset community,E01,True," msg:""SERVER-WEBAPP talkback.cgi directory traversal attempt""; flow:to_server,established; http_uri; content:""/talkbalk.cgi"",nocase; pkt_data; content:""article=../../"",fast_pattern,nocase; metadata:ruleset community; service:http; reference:bugtraq,2547; reference:cve,2001-0420; classtype:web-application-attack; sid:1719; rev:14; ",False,False,False,False,False,REVIEW,candidate from broad triage; direct rule evidence not strong enough for automatic inclusion
1156,1730,16,alert,tcp,$EXTERNAL_NET,any,->,$HTTP_SERVERS,$HTTP_PORTS,,web-application-attack,http,ruleset community,E01,True," msg:""SERVER-WEBAPP ustorekeeper.pl directory traversal attempt""; flow:to_server,established; http_uri; content:""/ustorekeeper.pl"",nocase; pkt_data; content:""file=../../"",fast_pattern,nocase; metadata:ruleset community; service:http; reference:bugtraq,2536; reference:cve,2001-0466; reference:nessus,10645; classtype:web-application-attack; sid:1730; rev:16; ",False,False,False,False,False,REVIEW,candidate from broad triage; direct rule evidence not strong enough for automatic inclusion
1160,1734,50,alert,tcp,$EXTERNAL_NET,any,->,$HOME_NET,21,,attempted-admin,ftp,"policy max-detect-ips drop,ruleset community",E01,True," msg:""PROTOCOL-FTP USER overflow attempt""; flow:to_server,established; content:""USER"",nocase; isdataat:100,relative; pcre:""/^USER(?!\n)\s[^\n]{100}/ims""; metadata:policy max-detect-ips drop,ruleset community; service:ftp; reference:bugtraq,10078; reference:bugtraq,10720; reference:bugtraq,1227; reference:bugtraq,1504; reference:bugtraq,15352; reference:bugtraq,1690; reference:bugtraq,22044; reference:bugtraq,22045; reference:bugtraq,4638; reference:bugtraq,49750; reference:bugtraq,7307; reference:bugtraq,8376; reference:cve,1999-1510; reference:cve,1999-1514; reference:cve,1999-1519; reference:cve,1999-1539; reference:cve,2000-0479; reference:cve,2000-0656; reference:cve,2000-0761; reference:cve,2000-0943; reference:cve,2000-1194; reference:cve,2001-0256; reference:cve,2001-0794; reference:cve,2001-0826; reference:cve,2002-0126; reference:cve,2002-1522; reference:cve,2003-0271; reference:cve,2004-0286; reference:cve,2004-0695; reference:cve,2005-3683; classtype:attempted-admin; sid:1734; rev:50; ",True,False,False,False,False,INCLUDE_HIGH,E01 supported by rule text/metadata
1175,1751,12,alert,tcp,$EXTERNAL_NET,any,->,$HOME_NET,32772:34000,,misc-attack,,ruleset community,E01,True," msg:""SERVER-OTHER cachefsd buffer overflow attempt""; flow:to_server,established; isdataat:720; content:""|00 01 87 86 00 00 00 01 00 00 00 05|"",fast_pattern,nocase; metadata:ruleset community; reference:bugtraq,4631; reference:cve,2002-0084; reference:nessus,10951; classtype:misc-attack; sid:1751; rev:12; ",True,False,False,False,False,INCLUDE_HIGH,E01 supported by rule text/metadata
1178,1755,24,alert,tcp,$EXTERNAL_NET,any,->,$HOME_NET,143,,misc-attack,imap,ruleset community,E01,True," msg:""PROTOCOL-IMAP partial body buffer overflow attempt""; flow:to_server,established; content:""PARTIAL"",nocase; content:""BODY["",distance 0,nocase; isdataat:1024,relative; pcre:""/\sPARTIAL.*?BODY\[[^\]]{1024}/ims""; metadata:ruleset community; service:imap; reference:bugtraq,4713; reference:cve,2002-0379; reference:nessus,10966; classtype:misc-attack; sid:1755; rev:24; ",True,False,False,False,False,INCLUDE_HIGH,E01 supported by rule text/metadata
1180,1757,14,alert,tcp,$EXTERNAL_NET,any,->,$HTTP_SERVERS,$HTTP_PORTS,,web-application-attack,http,ruleset community,E02,True," msg:""SERVER-WEBAPP b2 arbitrary command execution attempt""; flow:to_server,established; http_uri; content:""/b2/b2-include/""; pkt_data; content:""b2inc""; content:""http|3A|//""; metadata:ruleset community; service:http; reference:bugtraq,4673; reference:cve,2002-0734; reference:cve,2002-1466; reference:nessus,11667; classtype:web-application-attack; sid:1757; rev:14; ",False,True,False,False,False,INCLUDE_HIGH,E02 supported by rule text/metadata
1182,1762,27,alert,tcp,$EXTERNAL_NET,any,->,$HTTP_SERVERS,$HTTP_PORTS,,web-application-attack,http,"policy max-detect-ips drop,policy security-ips drop,ruleset community",E02,True," msg:""SERVER-WEBAPP phf arbitrary command execution attempt""; flow:to_server,established; http_uri; content:""/phf?Q"",fast_pattern,nocase; http_raw_uri; content:""%0a"",nocase; metadata:policy max-detect-ips drop,policy security-ips drop,ruleset community; service:http; reference:bugtraq,629; reference:cve,1999-0067; classtype:web-application-attack; sid:1762; rev:27; ",False,True,False,False,False,INCLUDE_HIGH,E02 supported by rule text/metadata
1196,1777,19,alert,tcp,$EXTERNAL_NET,any,->,$HOME_NET,21,,attempted-dos,ftp,ruleset community,E01,True," msg:""PROTOCOL-FTP EXPLOIT STAT asterisk dos attempt""; flow:to_server,established; content:""STAT"",fast_pattern,nocase; pcre:""/^STAT\s+[^\n]*\x2a/ims""; metadata:ruleset community; service:ftp; reference:bugtraq,4482; reference:cve,2002-0073; reference:nessus,10934; reference:url,technet.microsoft.com/en-us/security/bulletin/MS02-018; classtype:attempted-dos; sid:1777; rev:19; ",True,False,False,False,False,INCLUDE_HIGH,E01 supported by rule text/metadata
1197,1778,18,alert,tcp,$EXTERNAL_NET,any,->,$HOME_NET,21,,attempted-dos,ftp,ruleset community,E01,True," msg:""PROTOCOL-FTP EXPLOIT STAT ? dos attempt""; flow:to_server,established; content:""STAT"",fast_pattern,nocase; pcre:""/^STAT\s+[^\n]*\x3f/ims""; metadata:ruleset community; service:ftp; reference:bugtraq,4482; reference:cve,2002-0073; reference:nessus,10934; reference:url,technet.microsoft.com/en-us/security/bulletin/MS02-018; classtype:attempted-dos; sid:1778; rev:18; ",True,False,False,False,False,INCLUDE_HIGH,E01 supported by rule text/metadata
1202,1792,16,alert,tcp,$EXTERNAL_NET,119,->,$HOME_NET,any,,protocol-command-decode,,ruleset community,E01,True," msg:""PROTOCOL-NNTP return code buffer overflow attempt""; flow:to_client,established; content:""200""; isdataat:256,relative; pcre:""/^200\s[^\n]{256}/ims""; metadata:ruleset community; reference:bugtraq,4900; reference:cve,2002-0909; classtype:protocol-command-decode; sid:1792; rev:16; ",True,False,False,False,False,INCLUDE_HIGH,E01 supported by rule text/metadata
1203,1802,20,alert,tcp,$EXTERNAL_NET,any,->,$HTTP_SERVERS,$HTTP_PORTS,,web-application-attack,http,ruleset community,E01,True," msg:""SERVER-IIS .asa HTTP header buffer overflow attempt""; flow:to_server,established; content:""HTTP/"",nocase; http_uri; content:"".asa"",fast_pattern,nocase; pkt_data; content:""|3A|""; content:""|0A|""; content:""|00|""; metadata:ruleset community; service:http; reference:bugtraq,4476; reference:cve,2002-0150; reference:nessus,10936; reference:url,technet.microsoft.com/en-us/security/bulletin/MS02-018; classtype:web-application-attack; sid:1802; rev:20; ",True,False,False,False,False,INCLUDE_HIGH,E01 supported by rule text/metadata
1204,1803,21,alert,tcp,$EXTERNAL_NET,any,->,$HTTP_SERVERS,$HTTP_PORTS,,web-application-attack,http,ruleset community,E01,True," msg:""SERVER-IIS .cer HTTP header buffer overflow attempt""; flow:to_server,established; content:""HTTP/"",nocase; http_uri; content:"".cer"",fast_pattern,nocase; pkt_data; content:""|3A|""; content:""|0A|""; content:""|00|""; metadata:ruleset community; service:http; reference:bugtraq,4476; reference:cve,2002-0150; reference:nessus,10936; reference:url,technet.microsoft.com/en-us/security/bulletin/MS02-018; classtype:web-application-attack; sid:1803; rev:21; ",True,False,False,False,False,INCLUDE_HIGH,E01 supported by rule text/metadata
1205,1804,21,alert,tcp,$EXTERNAL_NET,any,->,$HTTP_SERVERS,$HTTP_PORTS,,web-application-attack,http,ruleset community,E01,True," msg:""SERVER-IIS .cdx HTTP header buffer overflow attempt""; flow:to_server,established; content:""HTTP/"",nocase; http_uri; content:"".cdx"",fast_pattern,nocase; pkt_data; content:""|3A|""; content:""|0A|""; content:""|00|""; metadata:ruleset community; service:http; reference:bugtraq,4476; reference:cve,2002-0150; reference:nessus,10936; reference:url,technet.microsoft.com/en-us/security/bulletin/MS02-018; classtype:web-application-attack; sid:1804; rev:21; ",True,False,False,False,False,INCLUDE_HIGH,E01 supported by rule text/metadata
1209,1808,17,alert,tcp,$EXTERNAL_NET,any,->,$HTTP_SERVERS,$HTTP_PORTS,,web-application-activity,http,"policy max-detect-ips drop,ruleset community",E01,True," msg:""SERVER-WEBAPP Apache chunked-encoding memory corruption exploit attempt""; flow:to_server,established; http_header; content:""|C0|PR|89 E1|PQRP|B8 3B 00 00 00 CD 80|"",fast_pattern,nocase; metadata:policy max-detect-ips drop,ruleset community; service:http; reference:bugtraq,5033; reference:cve,2002-0392; classtype:web-application-activity; sid:1808; rev:17; ",True,False,False,False,False,INCLUDE_HIGH,E01 supported by rule text/metadata
1210,1809,20,alert,tcp,$EXTERNAL_NET,any,->,$HTTP_SERVERS,$HTTP_PORTS,,web-application-attack,http,"policy max-detect-ips drop,ruleset community",E04,True," msg:""SERVER-APACHE Apache chunked-encoding worm attempt""; flow:to_server,established; http_header; content:""X-CCCCCCC|3A 20|"",fast_pattern,nocase; metadata:policy max-detect-ips drop,ruleset community; service:http; reference:bugtraq,4474; reference:bugtraq,4485; reference:bugtraq,5033; reference:cve,2002-0071; reference:cve,2002-0079; reference:cve,2002-0392; reference:nessus,10932; classtype:web-application-attack; sid:1809; rev:20; ",False,False,False,True,False,INCLUDE_HIGH,E04 supported by rule text/metadata
1211,1810,19,alert,tcp,$HOME_NET,22,->,$EXTERNAL_NET,any,,successful-admin,,ruleset community,E01,True," msg:""SERVER-OTHER successful gobbles ssh exploit GOBBLE""; flow:to_client,established; content:""*GOBBLE*""; metadata:ruleset community; reference:bugtraq,5093; reference:cve,2002-0390; reference:cve,2002-0640; classtype:successful-admin; sid:1810; rev:19; ",True,False,False,False,False,INCLUDE_HIGH,E01 supported by rule text/metadata
1212,1811,17,alert,tcp,$HOME_NET,22,->,$EXTERNAL_NET,any,,misc-attack,,ruleset community,E01,True," msg:""SERVER-OTHER successful gobbles ssh exploit uname""; flow:to_client,established; content:""uname""; metadata:ruleset community; reference:bugtraq,5093; reference:cve,2002-0390; reference:cve,2002-0640; reference:nessus,11031; classtype:misc-attack; sid:1811; rev:17; ",True,False,False,False,False,INCLUDE_HIGH,E01 supported by rule text/metadata
1213,1812,13,alert,tcp,$EXTERNAL_NET,any,->,$HOME_NET,22,,misc-attack,,ruleset community,E01,True," msg:""SERVER-OTHER gobbles SSH exploit attempt""; flow:to_server,established; content:""GOBBLES""; metadata:ruleset community; reference:bugtraq,5093; reference:cve,2002-0639; reference:nessus,11031; classtype:misc-attack; sid:1812; rev:13; ",True,False,False,False,False,INCLUDE_HIGH,E01 supported by rule text/metadata
1222,1821,10,alert,tcp,$EXTERNAL_NET,any,->,$HOME_NET,515,,system-call-detect,,ruleset community,E02,True," msg:""SERVER-OTHER LPD dvips remote command execution attempt""; flow:to_server,established; content:""psfile=|22|`""; metadata:ruleset community; reference:bugtraq,3241; reference:cve,2001-1002; reference:nessus,11023; classtype:system-call-detect; sid:1821; rev:10; ",False,True,False,False,False,INCLUDE_HIGH,E02 supported by rule text/metadata
1223,1822,16,alert,tcp,$EXTERNAL_NET,any,->,$HTTP_SERVERS,$HTTP_PORTS,,web-application-attack,http,ruleset community,E01,True," msg:""SERVER-WEBAPP AlienForm alienform.cgi directory traversal attempt""; flow:to_server,established; http_uri; content:""/alienform.cgi""; pkt_data; content:"".|7C|./.|7C|.""; metadata:ruleset community; service:http; reference:bugtraq,4983; reference:cve,2002-0934; reference:nessus,11027; classtype:web-application-attack; sid:1822; rev:16; ",False,False,False,False,False,REVIEW,candidate from broad triage; direct rule evidence not strong enough for automatic inclusion
1224,1823,15,alert,tcp,$EXTERNAL_NET,any,->,$HTTP_SERVERS,$HTTP_PORTS,,web-application-attack,http,ruleset community,E01,True," msg:""SERVER-WEBAPP AlienForm af.cgi directory traversal attempt""; flow:to_server,established; http_uri; content:""/af.cgi""; pkt_data; content:"".|7C|./.|7C|.""; metadata:ruleset community; service:http; reference:bugtraq,4983; reference:cve,2002-0934; reference:nessus,11027; classtype:web-application-attack; sid:1823; rev:15; ",False,False,False,False,False,REVIEW,candidate from broad triage; direct rule evidence not strong enough for automatic inclusion
1228,1827,16,alert,tcp,$EXTERNAL_NET,any,->,$HTTP_SERVERS,$HTTP_PORTS,,web-application-attack,http,ruleset community,E02,True," msg:""SERVER-APACHE Apache Tomcat servlet mapping cross site scripting attempt""; flow:to_server,established; http_uri; content:""/servlet/""; content:""/org.apache.""; metadata:ruleset community; service:http; reference:bugtraq,5193; reference:cve,2002-0682; reference:nessus,11041; classtype:web-application-attack; sid:1827; rev:16; ",False,False,False,False,False,REVIEW,candidate from broad triage; direct rule evidence not strong enough for automatic inclusion
1229,1828,16,alert,tcp,$EXTERNAL_NET,any,->,$HOME_NET,$HTTP_PORTS,,web-application-attack,http,"policy max-detect-ips drop,ruleset community",E01,True," msg:""SERVER-WEBAPP iPlanet Search directory traversal attempt""; flow:to_server,established; http_uri; content:""/search"",nocase; content:""NS-query-pat="",fast_pattern,nocase; content:""../""; metadata:policy max-detect-ips drop,ruleset community; service:http; reference:bugtraq,5191; reference:cve,2002-1042; reference:nessus,11043; classtype:web-application-attack; sid:1828; rev:16; ",False,False,False,False,False,REVIEW,candidate from broad triage; direct rule evidence not strong enough for automatic inclusion
1234,1834,16,alert,tcp,$EXTERNAL_NET,any,->,$HTTP_SERVERS,$HTTP_PORTS,,web-application-attack,http,ruleset community,E02,True," msg:""SERVER-WEBAPP PHP-Wiki cross site scripting attempt""; flow:to_server,established; http_uri; content:""/modules.php?""; content:""name=Wiki"",fast_pattern,nocase; content:""<script"",nocase; metadata:ruleset community; service:http; reference:bugtraq,5254; reference:cve,2002-1070; classtype:web-application-attack; sid:1834; rev:16; ",False,False,False,False,False,REVIEW,candidate from broad triage; direct rule evidence not strong enough for automatic inclusion
1235,1835,14,alert,tcp,$EXTERNAL_NET,any,->,$HTTP_SERVERS,$HTTP_PORTS,,web-application-attack,http,ruleset community,E02,True," msg:""SERVER-WEBAPP Macromedia SiteSpring cross site scripting attempt""; flow:to_server,established; http_uri; content:""/error/500error.jsp"",nocase; content:""et=""; content:""<script"",fast_pattern,nocase; metadata:ruleset community; service:http; reference:bugtraq,5249; reference:cve,2002-1027; classtype:web-application-attack; sid:1835; rev:14; ",False,False,False,False,False,REVIEW,candidate from broad triage; direct rule evidence not strong enough for automatic inclusion
1236,1838,14,alert,tcp,$EXTERNAL_NET,22,->,$HOME_NET,any,,misc-attack,,ruleset community,E01,True," msg:""SERVER-OTHER SSH server banner overflow""; flow:to_client,established; content:""SSH-"",nocase; isdataat:200,relative; pcre:""/^SSH-\s?[^\n]{200}/ims""; metadata:ruleset community; reference:bugtraq,5287; reference:cve,2002-1059; reference:nessus,15822; classtype:misc-attack; sid:1838; rev:14; ",True,False,False,False,False,INCLUDE_HIGH,E01 supported by rule text/metadata
1237,1839,14,alert,tcp,$EXTERNAL_NET,any,->,$HTTP_SERVERS,$HTTP_PORTS,,web-application-attack,http,ruleset community,E02,True," msg:""SERVER-WEBAPP mailman cross site scripting attempt""; flow:to_server,established; http_uri; content:""/mailman/"",nocase; content:""?""; content:""info=""; content:""<script"",fast_pattern,nocase; metadata:ruleset community; service:http; reference:bugtraq,5298; reference:cve,2002-0855; reference:nessus,14984; classtype:web-application-attack; sid:1839; rev:14; ",False,False,False,False,False,REVIEW,candidate from broad triage; direct rule evidence not strong enough for automatic inclusion
1240,1842,35,alert,tcp,$EXTERNAL_NET,any,->,$HOME_NET,143,,attempted-user,imap,"policy max-detect-ips drop,policy security-ips drop,ruleset community",E01,True," msg:""PROTOCOL-IMAP login buffer overflow attempt""; flow:to_server,established; content:""LOGIN"",nocase; isdataat:100,relative; pcre:""/\sLOGIN\s[^\n]{100}/i""; metadata:policy max-detect-ips drop,policy security-ips drop,ruleset community; service:imap; reference:bugtraq,13727; reference:bugtraq,21110; reference:bugtraq,502; reference:cve,1999-0005; reference:cve,1999-1557; reference:cve,2004-1011; reference:cve,2005-1255; reference:cve,2006-5961; reference:cve,2007-1373; reference:cve,2007-2795; reference:cve,2007-3925; reference:nessus,10123; reference:nessus,10125; classtype:attempted-user; sid:1842; rev:35; ",True,False,False,False,False,INCLUDE_HIGH,E01 supported by rule text/metadata
1242,1844,18,alert,tcp,$EXTERNAL_NET,any,->,$HOME_NET,143,,misc-attack,imap,ruleset community,E01,True," msg:""PROTOCOL-IMAP authenticate overflow attempt""; flow:to_server,established; content:""AUTHENTICATE"",nocase; isdataat:100,relative; pcre:""/\sAUTHENTICATE\s[^\n]{100}/ims""; metadata:ruleset community; service:imap; reference:bugtraq,12995; reference:bugtraq,130; reference:cve,1999-0005; reference:cve,1999-0042; reference:nessus,10292; classtype:misc-attack; sid:1844; rev:18; ",True,False,False,False,False,INCLUDE_HIGH,E01 supported by rule text/metadata
1243,1845,24,alert,tcp,$EXTERNAL_NET,any,->,$HOME_NET,143,,misc-attack,imap,ruleset community,E01,True," msg:""PROTOCOL-IMAP list literal overflow attempt""; flow:to_server,established; content:""LIST"",fast_pattern,nocase; pcre:""/\sLIST\s[^\n]*?\s\{/ims""; byte_test:5,>,256,0,relative,string,dec; metadata:ruleset community; service:imap; reference:bugtraq,1110; reference:cve,2000-0284; reference:nessus,10374; classtype:misc-attack; sid:1845; rev:24; ",True,False,False,False,False,INCLUDE_HIGH,E01 supported by rule text/metadata
1256,1858,12,alert,tcp,$EXTERNAL_NET,any,->,$HTTP_SERVERS,$HTTP_PORTS,,misc-attack,http,ruleset community,E01,True," msg:""SERVER-WEBAPP CISCO PIX Firewall Manager directory traversal attempt""; flow:to_server,established; http_uri; content:""/pixfir~1/how_to_login.html""; metadata:ruleset community; service:http; reference:bugtraq,691; reference:cve,1999-0158; reference:nessus,10819; classtype:misc-attack; sid:1858; rev:12; ",False,False,False,False,False,REVIEW,candidate from broad triage; direct rule evidence not strong enough for automatic inclusion
1260,1862,14,alert,tcp,$EXTERNAL_NET,any,->,$HTTP_SERVERS,$HTTP_PORTS,,web-application-attack,http,ruleset community,E01,True," msg:""SERVER-WEBAPP mrtg.cgi directory traversal attempt""; flow:to_server,established; http_uri; content:""/mrtg.cgi""; pkt_data; content:""cfg=/../""; metadata:ruleset community; service:http; reference:bugtraq,4017; reference:cve,2002-0232; reference:nessus,11001; classtype:web-application-attack; sid:1862; rev:14; ",False,False,False,False,False,REVIEW,candidate from broad triage; direct rule evidence not strong enough for automatic inclusion
1263,1866,26,alert,tcp,$EXTERNAL_NET,any,->,$HOME_NET,110,,attempted-admin,pop3,"policy max-detect-ips drop,ruleset community",E01,True," msg:""PROTOCOL-POP USER overflow attempt""; flow:to_server,established; content:""USER""; isdataat:50,relative; pcre:""/^USER\s[^\n]{50}/ims""; metadata:policy max-detect-ips drop,ruleset community; service:pop3; reference:bugtraq,11256; reference:bugtraq,19651; reference:bugtraq,789; reference:cve,1999-0494; reference:cve,2002-1781; reference:cve,2006-2502; reference:cve,2006-4364; reference:cve,2007-4646; reference:nessus,10311; reference:url,www.delegate.org/mail-lists/delegate-en/1475; classtype:attempted-admin; gid:1; sid:1866; rev:26; ",True,False,False,False,False,INCLUDE_HIGH,E01 supported by rule text/metadata
1276,1879,16,alert,tcp,$EXTERNAL_NET,any,->,$HTTP_SERVERS,$HTTP_PORTS,,web-application-attack,http,ruleset community,E02,True," msg:""SERVER-WEBAPP book.cgi arbitrary command execution attempt""; flow:to_server,established; http_uri; content:""/book.cgi"",fast_pattern,nocase; pkt_data; content:""current=|7C|"",nocase; metadata:ruleset community; service:http; reference:bugtraq,3178; reference:cve,2001-1114; reference:nessus,10721; classtype:web-application-attack; sid:1879; rev:16; ",False,True,False,False,False,INCLUDE_HIGH,E02 supported by rule text/metadata
1278,1881,13,alert,tcp,$EXTERNAL_NET,any,->,$HTTP_SERVERS,$HTTP_PORTS,,web-application-activity,http,ruleset community,E04,True," msg:""SERVER-WEBAPP bad HTTP 1.1 request - potential worm attack""; flow:to_server,established; content:""GET / HTTP/1.1|0D 0A 0D 0A|"",depth 18; metadata:ruleset community; service:http; reference:url,securityresponse.symantec.com/avcenter/security/Content/2002.09.13.html; classtype:web-application-activity; sid:1881; rev:13; ",False,False,False,True,False,INCLUDE_HIGH,E04 supported by rule text/metadata
1280,1887,9,alert,tcp,$EXTERNAL_NET,any,->,$HOME_NET,443,,web-application-attack,ssl,ruleset community,E04,True," msg:""SERVER-OTHER OpenSSL Worm traffic""; flow:to_server,established; content:""TERM=xterm"",fast_pattern,nocase; metadata:ruleset community; service:ssl; reference:url,www.cert.org/advisories/CA-2002-27.html; classtype:web-application-attack; sid:1887; rev:9; ",False,False,False,True,False,INCLUDE_HIGH,E04 supported by rule text/metadata
1281,1888,14,alert,tcp,$EXTERNAL_NET,any,->,$HOME_NET,21,,misc-attack,ftp,ruleset community,E01,True," msg:""PROTOCOL-FTP SITE CPWD overflow attempt""; flow:to_server,established; content:""SITE"",nocase; content:""CPWD"",distance 0,nocase; isdataat:100,relative; pcre:""/^SITE\s+CPWD\s[^\n]{100}/ims""; metadata:ruleset community; service:ftp; reference:bugtraq,5427; reference:cve,2002-0826; classtype:misc-attack; sid:1888; rev:14; ",True,False,False,False,False,INCLUDE_HIGH,E01 supported by rule text/metadata
1282,1889,10,alert,udp,$EXTERNAL_NET,2002,->,$HOME_NET,2002,,trojan-activity,,ruleset community,E04,True," msg:""MALWARE-CNC slapper worm admin traffic""; content:""|00 00|E|00 00|E|00 00|@|00|"",depth 10; metadata:ruleset community; reference:url,isc.incidents.org/analysis.html?id=167; reference:url,www.cert.org/advisories/CA-2002-27.html; classtype:trojan-activity; sid:1889; rev:10; ",False,False,False,True,False,INCLUDE_HIGH,E04 supported by rule text/metadata
1287,1894,14,alert,tcp,$EXTERNAL_NET,any,->,$HOME_NET,749,,shellcode-detect,,ruleset community,E01;E02,True," msg:""INDICATOR-SHELLCODE kadmind buffer overflow attempt""; flow:to_server,established; content:""|00 C0 05 08 00 C0 05 08 00 C0 05 08 00 C0 05 08|"",fast_pattern,nocase; metadata:ruleset community; reference:bugtraq,5731; reference:bugtraq,6024; reference:cve,2002-1226; reference:cve,2002-1235; reference:nessus,15015; reference:url,www.kb.cert.org/vuls/id/875073; classtype:shellcode-detect; sid:1894; rev:14; ",True,True,False,False,False,INCLUDE_HIGH,E01;E02 supported by rule text/metadata
1288,1895,13,alert,tcp,$EXTERNAL_NET,any,->,$HOME_NET,751,,shellcode-detect,,ruleset community,E01;E02,True," msg:""INDICATOR-SHELLCODE kadmind buffer overflow attempt""; flow:to_server,established; content:""|00 C0 05 08 00 C0 05 08 00 C0 05 08 00 C0 05 08|"",fast_pattern,nocase; metadata:ruleset community; reference:bugtraq,5731; reference:bugtraq,6024; reference:cve,2002-1226; reference:cve,2002-1235; reference:url,www.kb.cert.org/vuls/id/875073; classtype:shellcode-detect; sid:1895; rev:13; ",True,True,False,False,False,INCLUDE_HIGH,E01;E02 supported by rule text/metadata
1289,1896,12,alert,tcp,$EXTERNAL_NET,any,->,$HOME_NET,749,,shellcode-detect,,ruleset community,E01;E02,True," msg:""INDICATOR-SHELLCODE kadmind buffer overflow attempt""; flow:to_server,established; content:""|FF FF|KADM0.0A|00 00 FB 03|""; metadata:ruleset community; reference:bugtraq,5731; reference:bugtraq,6024; reference:cve,2002-1226; reference:cve,2002-1235; reference:url,www.kb.cert.org/vuls/id/875073; classtype:shellcode-detect; sid:1896; rev:12; ",True,True,False,False,False,INCLUDE_HIGH,E01;E02 supported by rule text/metadata
1290,1897,12,alert,tcp,$EXTERNAL_NET,any,->,$HOME_NET,751,,shellcode-detect,,ruleset community,E01;E02,True," msg:""INDICATOR-SHELLCODE kadmind buffer overflow attempt""; flow:to_server,established; content:""|FF FF|KADM0.0A|00 00 FB 03|""; metadata:ruleset community; reference:bugtraq,5731; reference:bugtraq,6024; reference:cve,2002-1226; reference:cve,2002-1235; reference:url,www.kb.cert.org/vuls/id/875073; classtype:shellcode-detect; sid:1897; rev:12; ",True,True,False,False,False,INCLUDE_HIGH,E01;E02 supported by rule text/metadata
1291,1898,12,alert,tcp,$EXTERNAL_NET,any,->,$HOME_NET,749,,shellcode-detect,,ruleset community,E01;E02,True," msg:""INDICATOR-SHELLCODE kadmind buffer overflow attempt""; flow:to_server,established; content:""/shh//bi""; metadata:ruleset community; reference:bugtraq,5731; reference:bugtraq,6024; reference:cve,2002-1226; reference:cve,2002-1235; reference:url,www.kb.cert.org/vuls/id/875073; classtype:shellcode-detect; sid:1898; rev:12; ",True,True,False,False,False,INCLUDE_HIGH,E01;E02 supported by rule text/metadata
1292,1899,12,alert,tcp,$EXTERNAL_NET,any,->,$HOME_NET,751,,shellcode-detect,,ruleset community,E01;E02,True," msg:""INDICATOR-SHELLCODE kadmind buffer overflow attempt""; flow:to_server,established; content:""/shh//bi""; metadata:ruleset community; reference:bugtraq,5731; reference:bugtraq,6024; reference:cve,2002-1226; reference:cve,2002-1235; reference:url,www.kb.cert.org/vuls/id/875073; classtype:shellcode-detect; sid:1899; rev:12; ",True,True,False,False,False,INCLUDE_HIGH,E01;E02 supported by rule text/metadata
1293,1900,15,alert,tcp,$HOME_NET,749,->,$EXTERNAL_NET,any,,successful-admin,,ruleset community,E01,True," msg:""SERVER-OTHER successful kadmind buffer overflow attempt""; flow:to_client,established; content:""*GOBBLE*"",depth 8; metadata:ruleset community; reference:bugtraq,5731; reference:bugtraq,6024; reference:cve,2002-1226; reference:cve,2002-1235; reference:url,www.kb.cert.org/vuls/id/875073; classtype:successful-admin; sid:1900; rev:15; ",True,False,False,False,False,INCLUDE_HIGH,E01 supported by rule text/metadata
1294,1901,16,alert,tcp,$HOME_NET,751,->,$EXTERNAL_NET,any,,successful-admin,,ruleset community,E01,True," msg:""SERVER-OTHER successful kadmind buffer overflow attempt""; flow:to_client,established; content:""*GOBBLE*"",depth 8; metadata:ruleset community; reference:bugtraq,5731; reference:bugtraq,6024; reference:cve,2002-1226; reference:cve,2002-1235; reference:url,www.kb.cert.org/vuls/id/875073; classtype:successful-admin; sid:1901; rev:16; ",True,False,False,False,False,INCLUDE_HIGH,E01 supported by rule text/metadata
1295,1902,18,alert,tcp,$EXTERNAL_NET,any,->,$HOME_NET,143,,misc-attack,imap,ruleset community,E01,True," msg:""PROTOCOL-IMAP lsub literal overflow attempt""; flow:to_server,established; content:""LSUB"",fast_pattern,nocase; pcre:""/\sLSUB\s[^\n]*?\s\{/ims""; byte_test:5,>,256,0,relative,string,dec; metadata:ruleset community; service:imap; reference:bugtraq,1110; reference:cve,2000-0284; reference:nessus,10374; classtype:misc-attack; sid:1902; rev:18; ",True,False,False,False,False,INCLUDE_HIGH,E01 supported by rule text/metadata
1296,1903,16,alert,tcp,$EXTERNAL_NET,any,->,$HOME_NET,143,,misc-attack,imap,ruleset community,E01,True," msg:""PROTOCOL-IMAP rename overflow attempt""; flow:to_server,established; content:""RENAME"",nocase; isdataat:100,relative; pcre:""/\sRENAME\s[^\n]{100}/ims""; metadata:ruleset community; service:imap; reference:bugtraq,1110; reference:cve,2000-0284; reference:nessus,10374; classtype:misc-attack; sid:1903; rev:16; ",True,False,False,False,False,INCLUDE_HIGH,E01 supported by rule text/metadata
1297,1904,16,alert,tcp,$EXTERNAL_NET,any,->,$HOME_NET,143,,misc-attack,imap,ruleset community,E01,True," msg:""PROTOCOL-IMAP find overflow attempt""; flow:to_server,established; content:""FIND"",nocase; isdataat:100,relative; pcre:""/^\sFIND\s[^\n]{100}/ims""; metadata:ruleset community; service:imap; reference:bugtraq,1110; reference:cve,2000-0284; reference:nessus,10374; classtype:misc-attack; sid:1904; rev:16; ",True,False,False,False,False,INCLUDE_HIGH,E01 supported by rule text/metadata
1298,1905,15,alert,udp,$EXTERNAL_NET,any,->,$HOME_NET,500:,,misc-attack,,"policy max-detect-ips drop,ruleset community",E01,True," msg:""PROTOCOL-RPC AMD UDP amqproc_mount plog overflow attempt""; flow:to_server; content:""|00 04 93 F3|"",depth 4,offset 12; content:""|00 00 00 07|"",within 4,distance 4; byte_jump:4,4,relative,align; byte_jump:4,4,relative,align; byte_test:4,>,512,0,relative; content:""|00 00 00 00|"",depth 4,offset 4; metadata:policy max-detect-ips drop,ruleset community; reference:bugtraq,614; reference:cve,1999-0704; classtype:misc-attack; sid:1905; rev:15; ",True,False,False,False,False,INCLUDE_HIGH,E01 supported by rule text/metadata
1299,1906,13,alert,tcp,$EXTERNAL_NET,any,->,$HOME_NET,500:,,misc-attack,,ruleset community,E01,True," msg:""PROTOCOL-RPC AMD TCP amqproc_mount plog overflow attempt""; flow:to_server,established; content:""|00 04 93 F3|"",depth 4,offset 16; content:""|00 00 00 07|"",within 4,distance 4; byte_jump:4,4,relative,align; byte_jump:4,4,relative,align; byte_test:4,>,512,0,relative; content:""|00 00 00 00|"",depth 4,offset 8; metadata:ruleset community; reference:bugtraq,614; reference:cve,1999-0704; classtype:misc-attack; sid:1906; rev:13; ",True,False,False,False,False,INCLUDE_HIGH,E01 supported by rule text/metadata
1300,1907,18,alert,udp,$EXTERNAL_NET,any,->,$HOME_NET,any,,attempted-admin,sunrpc,"policy max-detect-ips drop,ruleset community",E01,True," msg:""PROTOCOL-RPC CMSD UDP CMSD_CREATE buffer overflow attempt""; flow:to_server; content:""|00 01 86 E4|"",depth 4,offset 12; content:""|00 00 00 15|"",within 4,distance 4; byte_jump:4,4,relative,align; byte_jump:4,4,relative,align; byte_test:4,>,1024,0,relative; content:""|00 00 00 00|"",depth 4,offset 4; metadata:policy max-detect-ips drop,ruleset community; service:sunrpc; reference:bugtraq,36615; reference:bugtraq,524; reference:cve,1999-0696; reference:cve,2009-3699; classtype:attempted-admin; sid:1907; rev:18; ",True,False,False,False,False,INCLUDE_HIGH,E01 supported by rule text/metadata
1301,1908,14,alert,tcp,$EXTERNAL_NET,any,->,$HOME_NET,any,,attempted-admin,,ruleset community,E01,True," msg:""PROTOCOL-RPC CMSD TCP CMSD_CREATE buffer overflow attempt""; flow:to_server,established; content:""|00 01 86 E4|"",depth 4,offset 16; content:""|00 00 00 15|"",within 4,distance 4; byte_jump:4,4,relative,align; byte_jump:4,4,relative,align; byte_test:4,>,1024,0,relative; content:""|00 00 00 00|"",depth 4,offset 8; metadata:ruleset community; reference:bugtraq,524; reference:cve,1999-0696; classtype:attempted-admin; sid:1908; rev:14; ",True,False,False,False,False,INCLUDE_HIGH,E01 supported by rule text/metadata
1302,1909,17,alert,tcp,$EXTERNAL_NET,any,->,$HOME_NET,any,,misc-attack,,ruleset community,E01,True," msg:""PROTOCOL-RPC CMSD TCP CMSD_INSERT buffer overflow attempt""; flow:to_server,established; content:""|00 01 86 E4|"",depth 4,offset 16; content:""|00 00 00 06|"",within 4,distance 4; byte_jump:4,4,relative,align; byte_jump:4,4,relative,align; byte_jump:4,0,relative,align; byte_test:4,>,1000,28,relative; content:""|00 00 00 00|"",depth 4,offset 8; metadata:ruleset community; reference:bugtraq,524; reference:cve,1999-0696; reference:url,www.cert.org/advisories/CA-99-08-cmsd.html; classtype:misc-attack; sid:1909; rev:17; ",True,False,False,False,False,INCLUDE_HIGH,E01 supported by rule text/metadata
1303,1910,17,alert,udp,$EXTERNAL_NET,any,->,$HOME_NET,any,,misc-attack,,"policy max-detect-ips drop,ruleset community",E01,True," msg:""PROTOCOL-RPC CMSD udp CMSD_INSERT buffer overflow attempt""; flow:to_server; content:""|00 01 86 E4|"",depth 4,offset 12; content:""|00 00 00 06|"",within 4,distance 4; byte_jump:4,4,relative,align; byte_jump:4,4,relative,align; byte_jump:4,0,relative,align; byte_test:4,>,1000,28,relative; content:""|00 00 00 00|"",depth 4,offset 4; metadata:policy max-detect-ips drop,ruleset community; reference:cve,1999-0696; reference:url,www.cert.org/advisories/CA-99-08-cmsd.html; classtype:misc-attack; sid:1910; rev:17; ",True,False,False,False,False,INCLUDE_HIGH,E01 supported by rule text/metadata
1304,1911,20,alert,udp,$EXTERNAL_NET,any,->,$HOME_NET,any,,attempted-admin,,"policy max-detect-ips drop,ruleset community",E01,True," msg:""PROTOCOL-RPC sadmind UDP NETMGT_PROC_SERVICE CLIENT_DOMAIN overflow attempt""; flow:to_server; content:""|00 01 87 88|"",depth 4,offset 12; content:""|00 00 00 01|"",within 4,distance 4; byte_jump:4,4,relative,align; byte_jump:4,4,relative,align; byte_jump:4,124,relative,align; byte_jump:4,20,relative,align; byte_test:4,>,512,4,relative; content:""|00 00 00 00|"",depth 4,offset 4; metadata:policy max-detect-ips drop,ruleset community; reference:bugtraq,866; reference:cve,1999-0977; classtype:attempted-admin; sid:1911; rev:20; ",True,False,False,False,False,INCLUDE_HIGH,E01 supported by rule text/metadata
1305,1912,16,alert,tcp,$EXTERNAL_NET,any,->,$HOME_NET,any,,attempted-admin,,ruleset community,E01,True," msg:""PROTOCOL-RPC sadmind TCP NETMGT_PROC_SERVICE CLIENT_DOMAIN overflow attempt""; flow:to_server,established; content:""|00 01 87 88|"",depth 4,offset 16; content:""|00 00 00 01|"",within 4,distance 4; byte_jump:4,4,relative,align; byte_jump:4,4,relative,align; byte_jump:4,124,relative,align; byte_jump:4,20,relative,align; byte_test:4,>,512,4,relative; content:""|00 00 00 00|"",depth 4,offset 8; metadata:ruleset community; reference:bugtraq,0866; reference:bugtraq,866; reference:cve,1999-0977; classtype:attempted-admin; sid:1912; rev:16; ",True,False,False,False,False,INCLUDE_HIGH,E01 supported by rule text/metadata
1306,1913,20,alert,udp,$EXTERNAL_NET,any,->,$HOME_NET,any,,attempted-admin,,"policy max-detect-ips drop,ruleset community",E01,True," msg:""PROTOCOL-RPC STATD UDP stat mon_name format string exploit attempt""; flow:to_server; content:""|00 01 86 B8|"",depth 4,offset 12; content:""|00 00 00 01|"",within 4,distance 4; byte_jump:4,4,relative,align; byte_jump:4,4,relative,align; byte_test:4,>,100,0,relative; content:""|00 00 00 00|"",depth 4,offset 4; metadata:policy max-detect-ips drop,ruleset community; reference:bugtraq,1480; reference:cve,2000-0666; reference:nessus,10544; classtype:attempted-admin; sid:1913; rev:20; ",True,False,False,False,False,INCLUDE_HIGH,E01 supported by rule text/metadata
1307,1914,18,alert,tcp,$EXTERNAL_NET,any,->,$HOME_NET,any,,attempted-admin,,ruleset community,E01,True," msg:""PROTOCOL-RPC STATD TCP stat mon_name format string exploit attempt""; flow:to_server,established; content:""|00 01 86 B8|"",depth 4,offset 16; content:""|00 00 00 01|"",within 4,distance 4; byte_jump:4,4,relative,align; byte_jump:4,4,relative,align; byte_test:4,>,100,0,relative; content:""|00 00 00 00|"",depth 4,offset 8; metadata:ruleset community; reference:bugtraq,1480; reference:cve,2000-0666; reference:nessus,10544; classtype:attempted-admin; sid:1914; rev:18; ",True,False,False,False,False,INCLUDE_HIGH,E01 supported by rule text/metadata
1308,1915,19,alert,udp,$EXTERNAL_NET,any,->,$HOME_NET,any,,attempted-admin,,"policy max-detect-ips drop,ruleset community",E01,True," msg:""PROTOCOL-RPC STATD UDP monitor mon_name format string exploit attempt""; flow:to_server; content:""|00 01 86 B8|"",depth 4,offset 12; content:""|00 00 00 02|"",within 4,distance 4; byte_jump:4,4,relative,align; byte_jump:4,4,relative,align; byte_test:4,>,100,0,relative; content:""|00 00 00 00|"",depth 4,offset 4; metadata:policy max-detect-ips drop,ruleset community; reference:bugtraq,1480; reference:cve,2000-0666; reference:nessus,10544; classtype:attempted-admin; sid:1915; rev:19; ",True,False,False,False,False,INCLUDE_HIGH,E01 supported by rule text/metadata
1309,1916,17,alert,tcp,$EXTERNAL_NET,any,->,$HOME_NET,any,,attempted-admin,,ruleset community,E01,True," msg:""PROTOCOL-RPC STATD TCP monitor mon_name format string exploit attempt""; flow:to_server,established; content:""|00 01 86 B8|"",depth 4,offset 16; content:""|00 00 00 02|"",within 4,distance 4; byte_jump:4,4,relative,align; byte_jump:4,4,relative,align; byte_test:4,>,100,0,relative; content:""|00 00 00 00|"",depth 4,offset 8; metadata:ruleset community; reference:bugtraq,1480; reference:cve,2000-0666; reference:nessus,10544; classtype:attempted-admin; sid:1916; rev:17; ",True,False,False,False,False,INCLUDE_HIGH,E01 supported by rule text/metadata
1310,1917,16,alert,udp,$EXTERNAL_NET,any,->,$HOME_NET,1900,,network-scan,,"policy max-detect-ips drop,ruleset community",E03,True," msg:""INDICATOR-SCAN UPnP service discover attempt""; flow:to_server; content:""M-SEARCH "",depth 9; content:""ssdp|3A|discover"",fast_pattern,nocase; metadata:policy max-detect-ips drop,ruleset community; reference:url,attack.mitre.org/techniques/T1018; reference:url,attack.mitre.org/techniques/T1040; reference:url,attack.mitre.org/techniques/T1046; classtype:network-scan; sid:1917; rev:16; ",False,False,True,False,False,INCLUDE_HIGH,E03 supported by rule text/metadata
1311,1918,10,alert,icmp,$EXTERNAL_NET,any,->,$HOME_NET,any,,network-scan,,ruleset community,E03,True," msg:""PROTOCOL-ICMP SolarWinds IP scan attempt""; icode:0; itype:8; content:""SolarWinds.Net"",fast_pattern,nocase; metadata:ruleset community; classtype:network-scan; sid:1918; rev:10; ",False,False,True,False,False,INCLUDE_HIGH,E03 supported by rule text/metadata
1312,1919,31,alert,tcp,$EXTERNAL_NET,any,->,$HOME_NET,21,,attempted-admin,ftp,ruleset community,E01,True," msg:""PROTOCOL-FTP CWD overflow attempt""; flow:to_server,established; content:""CWD"",nocase; isdataat:180,relative; pcre:""/^CWD(?!\n)\s[^\n]{180}/ims""; metadata:ruleset community; service:ftp; reference:bugtraq,11069; reference:bugtraq,1227; reference:bugtraq,1690; reference:bugtraq,6869; reference:bugtraq,7251; reference:bugtraq,7950; reference:cve,1999-0219; reference:cve,1999-1058; reference:cve,1999-1510; reference:cve,2000-1035; reference:cve,2000-1194; reference:cve,2001-0781; reference:cve,2002-0126; reference:cve,2002-0405; classtype:attempted-admin; sid:1919; rev:31; ",True,False,False,False,False,INCLUDE_HIGH,E01 supported by rule text/metadata
1313,1920,13,alert,tcp,$EXTERNAL_NET,any,->,$HOME_NET,21,,attempted-admin,ftp,ruleset community,E01,True," msg:""PROTOCOL-FTP SITE NEWER overflow attempt""; flow:to_server,established; content:""SITE"",nocase; content:""NEWER"",distance 0,nocase; isdataat:100,relative; pcre:""/^SITE\s+NEWER\s[^\n]{100}/ims""; metadata:ruleset community; service:ftp; reference:bugtraq,229; reference:cve,1999-0800; classtype:attempted-admin; sid:1920; rev:13; ",True,False,False,False,False,INCLUDE_HIGH,E01 supported by rule text/metadata
1314,1921,11,alert,tcp,$EXTERNAL_NET,any,->,$HOME_NET,21,,attempted-admin,ftp,ruleset community,E01,True," msg:""PROTOCOL-FTP SITE ZIPCHK overflow attempt""; flow:to_server,established; content:""SITE"",nocase; content:""ZIPCHK"",distance 1,nocase; isdataat:100,relative; pcre:""/^SITE\s+ZIPCHK\s[^\n]{100}/ims""; metadata:ruleset community; service:ftp; reference:cve,2000-0040; classtype:attempted-admin; sid:1921; rev:11; ",True,False,False,False,False,INCLUDE_HIGH,E01 supported by rule text/metadata
1322,1930,16,alert,tcp,$EXTERNAL_NET,any,->,$HOME_NET,143,,misc-attack,imap,"policy max-detect-ips drop,ruleset community",E01,True," msg:""PROTOCOL-IMAP auth literal overflow attempt""; flow:to_server,established; content:""AUTH"",fast_pattern,nocase; pcre:""/({(?=\d+}[^\n]*?\sAUTH)|AUTH\s[^\n]*?{(?=\d+}))/ims""; byte_test:5,>,256,0,relative,string,dec; metadata:policy max-detect-ips drop,ruleset community; service:imap; reference:bugtraq,21724; reference:cve,1999-0005; reference:cve,2006-6424; classtype:misc-attack; sid:1930; rev:16; ",True,False,False,False,False,INCLUDE_HIGH,E01 supported by rule text/metadata
1324,1932,11,alert,tcp,$EXTERNAL_NET,any,->,$HTTP_SERVERS,$HTTP_PORTS,,web-application-activity,http,ruleset community,E04,True," msg:""SERVER-WEBAPP rpc-smb.pl access""; flow:to_server,established; http_uri; content:""/rpc-smb.pl"",fast_pattern,nocase; metadata:ruleset community; service:http; reference:cve,1999-1278; classtype:web-application-activity; sid:1932; rev:11; ",False,False,False,True,False,INCLUDE_HIGH,E04 supported by rule text/metadata
1326,1936,14,alert,tcp,$EXTERNAL_NET,any,->,$HOME_NET,110,,attempted-admin,pop3,ruleset community,E01,True," msg:""PROTOCOL-POP AUTH overflow attempt""; flow:to_server,established; content:""AUTH"",nocase; isdataat:50,relative; pcre:""/^AUTH\s[^\n]{50}/ims""; metadata:ruleset community; service:pop3; reference:bugtraq,830; reference:cve,1999-0822; reference:nessus,10184; classtype:attempted-admin; sid:1936; rev:14; ",True,False,False,False,False,INCLUDE_HIGH,E01 supported by rule text/metadata
1327,1937,13,alert,tcp,$EXTERNAL_NET,any,->,$HOME_NET,110,,attempted-admin,pop3,ruleset community,E01,True," msg:""PROTOCOL-POP LIST overflow attempt""; flow:to_server,established; content:""LIST"",nocase; isdataat:10,relative; pcre:""/^LIST\s[^\n]{10}/ims""; metadata:ruleset community; service:pop3; reference:bugtraq,948; reference:cve,2000-0096; reference:nessus,10197; classtype:attempted-admin; sid:1937; rev:13; ",True,False,False,False,False,INCLUDE_HIGH,E01 supported by rule text/metadata
1328,1938,10,alert,tcp,$EXTERNAL_NET,any,->,$HOME_NET,110,,attempted-admin,pop3,ruleset community,E01,True," msg:""PROTOCOL-POP XTND overflow attempt""; flow:to_server,established; content:""XTND"",nocase; isdataat:50,relative; pcre:""/^XTND\s[^\n]{50}/ims""; metadata:ruleset community; service:pop3; classtype:attempted-admin; sid:1938; rev:10; ",True,False,False,False,False,INCLUDE_HIGH,E01 supported by rule text/metadata
1329,1939,10,alert,udp,$EXTERNAL_NET,any,->,$HOME_NET,67,,misc-activity,,"policy max-detect-ips drop,ruleset community",E01,True," msg:""SERVER-OTHER bootp hardware address length overflow""; flow:to_server; content:""|01|"",depth 1; byte_test:1,>,6,2; metadata:policy max-detect-ips drop,ruleset community; reference:cve,1999-0798; classtype:misc-activity; sid:1939; rev:10; ",True,False,False,False,False,INCLUDE_HIGH,E01 supported by rule text/metadata
1331,1941,24,alert,udp,any,any,->,any,69,,attempted-admin,tftp,"policy max-detect-ips drop,ruleset community",E01,True," msg:""PROTOCOL-TFTP GET filename overflow attempt""; flow:to_server; content:""|00 01|"",depth 2; isdataat:100,relative; content:!""|00|"",within 100; metadata:policy max-detect-ips drop,ruleset community; service:tftp; reference:bugtraq,20131; reference:bugtraq,22923; reference:bugtraq,36121; reference:bugtraq,5328; reference:cve,2002-0813; reference:cve,2006-4948; reference:cve,2007-1435; reference:cve,2009-2957; reference:cve,2009-2958; reference:nessus,18264; classtype:attempted-admin; sid:1941; rev:24; ",True,False,False,False,False,INCLUDE_HIGH,E01 supported by rule text/metadata
1332,1942,13,alert,tcp,$EXTERNAL_NET,any,->,$HOME_NET,21,,attempted-admin,ftp,ruleset community,E01,True," msg:""PROTOCOL-FTP RMDIR overflow attempt""; flow:to_server,established; content:""RMDIR"",nocase; isdataat:100,relative; pcre:""/^RMDIR(?!\n)\s[^\n]{100}/ims""; metadata:ruleset community; service:ftp; reference:bugtraq,819; classtype:attempted-admin; sid:1942; rev:13; ",True,False,False,False,False,INCLUDE_HIGH,E01 supported by rule text/metadata
1336,1947,15,alert,tcp,$EXTERNAL_NET,any,->,$HOME_NET,8888,,web-application-attack,http,ruleset community,E02,True," msg:""SERVER-WEBAPP answerbook2 arbitrary command execution attempt""; flow:to_server,established; content:""/ab2/""; content:""|3B|"",distance 1; metadata:ruleset community; service:http; reference:bugtraq,1556; reference:cve,2000-0697; classtype:web-application-attack; sid:1947; rev:15; ",False,True,False,False,False,INCLUDE_HIGH,E02 supported by rule text/metadata
1352,1963,15,alert,udp,$EXTERNAL_NET,any,->,$HOME_NET,any,,misc-attack,,"policy max-detect-ips drop,ruleset community",E01,True," msg:""PROTOCOL-RPC RQUOTA getquota overflow attempt UDP""; content:""|00 01 86 AB|"",depth 4,offset 12; content:""|00 00 00 01|"",within 4,distance 4; byte_jump:4,4,relative,align; byte_jump:4,4,relative,align; byte_test:4,>,128,0,relative; content:""|00 00 00 00|"",depth 4,offset 4; metadata:policy max-detect-ips drop,ruleset community; reference:bugtraq,864; reference:cve,1999-0974; classtype:misc-attack; sid:1963; rev:15; ",True,False,False,False,False,INCLUDE_HIGH,E01 supported by rule text/metadata
1353,1964,18,alert,udp,$EXTERNAL_NET,any,->,$HOME_NET,any,,attempted-admin,,"policy max-detect-ips drop,ruleset community",E01,True," msg:""PROTOCOL-RPC tooltalk UDP overflow attempt""; flow:to_server; content:""|00 01 86 F3|"",depth 4,offset 12; content:""|00 00 00 07|"",within 4,distance 4; byte_jump:4,4,relative,align; byte_jump:4,4,relative,align; byte_test:4,>,128,0,relative; content:""|00 00 00 00|"",depth 4,offset 4; metadata:policy max-detect-ips drop,ruleset community; reference:bugtraq,122; reference:cve,1999-0003; classtype:attempted-admin; sid:1964; rev:18; ",True,False,False,False,False,INCLUDE_HIGH,E01 supported by rule text/metadata
1354,1965,17,alert,tcp,$EXTERNAL_NET,any,->,$HOME_NET,any,,attempted-admin,,ruleset community,E01,True," msg:""PROTOCOL-RPC tooltalk TCP overflow attempt""; flow:to_server,established; content:""|00 01 86 F3|"",depth 4,offset 16; content:""|00 00 00 07|"",within 4,distance 4; byte_jump:4,4,relative,align; byte_jump:4,4,relative,align; byte_test:4,>,128,0,relative; content:""|00 00 00 00|"",depth 4,offset 8; metadata:ruleset community; reference:bugtraq,122; reference:cve,1999-0003; reference:cve,2001-0717; classtype:attempted-admin; sid:1965; rev:17; ",True,False,False,False,False,INCLUDE_HIGH,E01 supported by rule text/metadata
1359,1970,22,alert,tcp,$EXTERNAL_NET,any,->,$HTTP_SERVERS,$HTTP_PORTS,,web-application-attack,http,ruleset community,E01,True," msg:""SERVER-IIS MDAC Content-Type overflow attempt""; flow:to_server,established; http_uri; content:""/msadcs.dll"",nocase; pkt_data; content:""Content-Type|3A|"",nocase; isdataat:50,relative; content:!""|0A|"",within 50; pcre:""/^POST\s/ims""; metadata:ruleset community; service:http; reference:bugtraq,6214; reference:cve,2002-1142; reference:nessus,11161; reference:url,technet.microsoft.com/en-us/security/bulletin/MS02-065; reference:url,technet.microsoft.com/en-us/security/bulletin/MS98-004; reference:url,www.foundstone.com/knowledge/randd-advisories-display.html?id=337; classtype:web-application-attack; sid:1970; rev:22; ",True,False,False,False,False,INCLUDE_HIGH,E01 supported by rule text/metadata
1361,1972,32,alert,tcp,$EXTERNAL_NET,any,->,$HOME_NET,21,,attempted-admin,ftp,"policy max-detect-ips drop,ruleset community",E01,True," msg:""PROTOCOL-FTP PASS overflow attempt""; flow:to_server,established; content:""PASS"",nocase; isdataat:100,relative; pcre:""/^PASS(?!\n)\s[^\n]{100}/ims""; metadata:policy max-detect-ips drop,ruleset community; service:ftp; reference:bugtraq,10078; reference:bugtraq,10720; reference:bugtraq,15457; reference:bugtraq,1690; reference:bugtraq,22045; reference:bugtraq,3884; reference:bugtraq,45957; reference:bugtraq,8601; reference:bugtraq,9285; reference:cve,1999-1519; reference:cve,1999-1539; reference:cve,2000-1035; reference:cve,2002-0126; reference:cve,2002-0895; reference:cve,2005-3683; reference:cve,2006-6576; classtype:attempted-admin; sid:1972; rev:32; ",True,False,False,False,False,INCLUDE_HIGH,E01 supported by rule text/metadata
1362,1973,31,alert,tcp,$EXTERNAL_NET,any,->,$HOME_NET,21,,attempted-admin,ftp,"policy max-detect-ips drop,ruleset community",E01,True," msg:""PROTOCOL-FTP MKD overflow attempt""; flow:to_server,established; content:""MKD"",nocase; isdataat:150,relative; pcre:""/^MKD(?!\n)\s[^\n]{150}/ims""; metadata:policy max-detect-ips drop,ruleset community; service:ftp; reference:bugtraq,11772; reference:bugtraq,15457; reference:bugtraq,39041; reference:bugtraq,612; reference:bugtraq,7278; reference:bugtraq,9872; reference:cve,1999-0911; reference:cve,2004-1135; reference:cve,2005-3683; reference:cve,2009-3023; reference:cve,2010-0625; reference:nessus,12108; reference:url,technet.microsoft.com/en-us/security/bulletin/MS09-053; reference:url,www.kb.cert.org/vuls/id/276653; classtype:attempted-admin; sid:1973; rev:31; ",True,False,False,False,False,INCLUDE_HIGH,E01 supported by rule text/metadata
1363,1974,15,alert,tcp,$EXTERNAL_NET,any,->,$HOME_NET,21,,attempted-admin,ftp,ruleset community,E01,True," msg:""PROTOCOL-FTP REST overflow attempt""; flow:to_server,established; content:""REST"",nocase; isdataat:100,relative; pcre:""/^REST(?!\n)\s[^\n]{100}/ims""; metadata:ruleset community; service:ftp; reference:bugtraq,2972; reference:cve,2001-0826; reference:nessus,11755; classtype:attempted-admin; sid:1974; rev:15; ",True,False,False,False,False,INCLUDE_HIGH,E01 supported by rule text/metadata
1364,1975,27,alert,tcp,$EXTERNAL_NET,any,->,$HOME_NET,21,,attempted-admin,ftp,"policy max-detect-ips drop,ruleset community",E01,True," msg:""PROTOCOL-FTP DELE overflow attempt""; flow:to_server,established; content:""DELE"",nocase; isdataat:100,relative; pcre:""/^DELE(?!\n)\s[^\n]{100}/im""; metadata:policy max-detect-ips drop,ruleset community; service:ftp; reference:bugtraq,15457; reference:bugtraq,2972; reference:bugtraq,46922; reference:cve,2001-0826; reference:cve,2001-1021; reference:cve,2005-3683; reference:cve,2010-4228; reference:nessus,11755; classtype:attempted-admin; sid:1975; rev:27; ",True,False,False,False,False,INCLUDE_HIGH,E01 supported by rule text/metadata
1365,1976,23,alert,tcp,$EXTERNAL_NET,any,->,$HOME_NET,21,,attempted-admin,ftp,"policy max-detect-ips drop,ruleset community",E01,True," msg:""PROTOCOL-FTP RMD overflow attempt""; flow:to_server,established; content:""RMD"",nocase; isdataat:100,relative; pcre:""/^RMD(?!\n)\s[^\n]{100}/ims""; metadata:policy max-detect-ips drop,ruleset community; service:ftp; reference:bugtraq,15457; reference:bugtraq,2972; reference:bugtraq,39041; reference:cve,2000-0133; reference:cve,2001-0826; reference:cve,2001-1021; reference:cve,2005-3683; reference:cve,2010-0625; classtype:attempted-admin; sid:1976; rev:23; ",True,False,False,False,False,INCLUDE_HIGH,E01 supported by rule text/metadata
1376,1987,11,alert,tcp,$EXTERNAL_NET,any,->,$HOME_NET,7100,,misc-activity,,ruleset community,E01,True," msg:""SERVER-OTHER xfs overflow attempt""; flow:to_server,established; isdataat:512; content:""B|00 02|"",depth 3; metadata:ruleset community; reference:bugtraq,6241; reference:cve,2002-1317; reference:nessus,11188; classtype:misc-activity; sid:1987; rev:11; ",True,False,False,False,False,INCLUDE_HIGH,E01 supported by rule text/metadata
1381,1992,14,alert,tcp,$EXTERNAL_NET,any,->,$HOME_NET,21,,protocol-command-decode,ftp,ruleset community,E01,True," msg:""PROTOCOL-FTP LIST directory traversal attempt""; flow:to_server,established; content:""LIST"",nocase; content:"".."",distance 1; content:"".."",distance 1; metadata:ruleset community; service:ftp; reference:bugtraq,2618; reference:cve,2001-0680; reference:cve,2002-1054; reference:nessus,11112; classtype:protocol-command-decode; sid:1992; rev:14; ",False,False,False,False,False,REVIEW,candidate from broad triage; direct rule evidence not strong enough for automatic inclusion
1382,1993,24,alert,tcp,$EXTERNAL_NET,any,->,$HOME_NET,143,,misc-attack,imap,"policy max-detect-ips drop,ruleset community",E01,True," msg:""PROTOCOL-IMAP login literal buffer overflow attempt""; flow:to_server,established; pcre:""/\sLOGIN\s[^\n]*?\{\s*(-|[3-9][0-9]{2}|2[6-9][0-9]|25[7-9]|[0-9]{4})/ims""; content:""LOGIN"",fast_pattern,nocase; metadata:policy max-detect-ips drop,ruleset community; service:imap; reference:bugtraq,14718; reference:bugtraq,21724; reference:bugtraq,23810; reference:bugtraq,6298; reference:cve,2002-1580; reference:cve,2005-1758; reference:cve,2006-6424; reference:cve,2007-0221; reference:nessus,12532; classtype:misc-attack; sid:1993; rev:24; ",True,False,False,False,False,INCLUDE_HIGH,E01 supported by rule text/metadata
1392,2003,16,alert,udp,$EXTERNAL_NET,any,->,$HOME_NET,1434,,misc-attack,,"policy max-detect-ips drop,ruleset community",E04,True," msg:""SQL Worm propagation attempt""; flow:to_server; content:""|04|"",depth 1; content:""|81 F1 03 01 04 9B 81 F1 01|"",fast_pattern,nocase; content:""sock""; content:""send""; metadata:policy max-detect-ips drop,ruleset community; reference:bugtraq,5310; reference:bugtraq,5311; reference:cve,2002-0649; reference:nessus,11214; reference:url,vil.nai.com/vil/content/v_99992.htm; classtype:misc-attack; sid:2003; rev:16; ",False,False,False,True,False,INCLUDE_HIGH,E04 supported by rule text/metadata
1393,2004,15,alert,udp,$HOME_NET,any,->,$EXTERNAL_NET,1434,,misc-attack,,"policy max-detect-ips drop,ruleset community",E04,True," msg:""SQL Worm propagation attempt OUTBOUND""; flow:to_server; content:""|04|"",depth 1; content:""|81 F1 03 01 04 9B 81 F1|"",fast_pattern,nocase; content:""sock""; content:""send""; metadata:policy max-detect-ips drop,ruleset community; reference:bugtraq,5310; reference:bugtraq,5311; reference:cve,2002-0649; reference:nessus,11214; reference:url,vil.nai.com/vil/content/v_99992.htm; classtype:misc-attack; sid:2004; rev:15; ",False,False,False,True,False,INCLUDE_HIGH,E04 supported by rule text/metadata
1396,2007,16,alert,tcp,$EXTERNAL_NET,any,->,$HOME_NET,32771:34000,,misc-attack,sunrpc,ruleset community,E01,True," msg:""PROTOCOL-RPC kcms_server directory traversal attempt""; flow:to_server,established; content:""|00 01 87|}"",depth 4,offset 16; byte_jump:4,20,relative,align; byte_jump:4,4,relative,align; content:""/../"",distance 0; content:""|00 00 00 00|"",depth 4,offset 8; metadata:ruleset community; service:sunrpc; reference:bugtraq,6665; reference:cve,2003-0027; reference:url,www.kb.cert.org/vuls/id/850785; classtype:misc-attack; sid:2007; rev:16; ",False,False,False,False,False,REVIEW,candidate from broad triage; direct rule evidence not strong enough for automatic inclusion
1399,2010,12,alert,tcp,$HOME_NET,2401,->,$EXTERNAL_NET,any,,misc-attack,,ruleset community,E01,True," msg:""INDICATOR-COMPROMISE CVS double free exploit attempt response""; flow:to_client,established; content:""free|28 29 3A| warning|3A| chunk is already free"",fast_pattern,nocase; metadata:ruleset community; reference:bugtraq,6650; reference:cve,2003-0015; reference:nessus,11385; classtype:misc-attack; sid:2010; rev:12; ",True,False,False,False,False,INCLUDE_HIGH,E01 supported by rule text/metadata
1413,2024,13,alert,tcp,$EXTERNAL_NET,any,->,$HOME_NET,any,,misc-attack,,ruleset community,E01,True," msg:""PROTOCOL-RPC RQUOTA getquota overflow attempt TCP""; flow:to_server,established; content:""|00 01 86 AB|"",depth 4,offset 16; content:""|00 00 00 01|"",within 4,distance 4; byte_jump:4,4,relative,align; byte_jump:4,4,relative,align; byte_test:4,>,128,0,relative; content:""|00 00 00 00|"",depth 4,offset 8; metadata:ruleset community; reference:bugtraq,864; reference:cve,1999-0974; classtype:misc-attack; sid:2024; rev:13; ",True,False,False,False,False,INCLUDE_HIGH,E01 supported by rule text/metadata
1414,2025,17,alert,udp,$EXTERNAL_NET,any,->,$HOME_NET,any,,rpc-portmap-decode,,"policy max-detect-ips drop,ruleset community",E01,True," msg:""PROTOCOL-RPC yppasswd username overflow attempt UDP""; flow:to_server; content:""|00 01 86 A9|"",depth 4,offset 12; content:""|00 00 00 01|"",within 4,distance 4; byte_jump:4,4,relative,align; byte_jump:4,4,relative,align; byte_jump:4,0,relative,align; byte_test:4,>,64,0,relative; content:""|00 00 00 00|"",depth 4,offset 4; metadata:policy max-detect-ips drop,ruleset community; reference:bugtraq,2763; reference:cve,2001-0779; reference:nessus,10684; classtype:rpc-portmap-decode; sid:2025; rev:17; ",True,False,False,False,False,INCLUDE_HIGH,E01 supported by rule text/metadata
1415,2026,15,alert,tcp,$EXTERNAL_NET,any,->,$HOME_NET,any,,rpc-portmap-decode,,ruleset community,E01,True," msg:""PROTOCOL-RPC yppasswd username overflow attempt TCP""; flow:to_server,established; content:""|00 01 86 A9|"",depth 4,offset 16; content:""|00 00 00 01|"",within 4,distance 4; byte_jump:4,4,relative,align; byte_jump:4,4,relative,align; byte_jump:4,0,relative,align; byte_test:4,>,64,0,relative; content:""|00 00 00 00|"",depth 4,offset 8; metadata:ruleset community; reference:bugtraq,2763; reference:cve,2001-0779; reference:nessus,10684; classtype:rpc-portmap-decode; sid:2026; rev:15; ",True,False,False,False,False,INCLUDE_HIGH,E01 supported by rule text/metadata
1416,2027,13,alert,udp,$EXTERNAL_NET,any,->,$HOME_NET,any,,rpc-portmap-decode,,"policy max-detect-ips drop,ruleset community",E01,True," msg:""PROTOCOL-RPC yppasswd old password overflow attempt UDP""; flow:to_server; content:""|00 01 86 A9|"",depth 4,offset 12; content:""|00 00 00 01|"",within 4,distance 4; byte_jump:4,4,relative,align; byte_jump:4,4,relative,align; byte_test:4,>,64,0,relative; content:""|00 00 00 00|"",depth 4,offset 4; metadata:policy max-detect-ips drop,ruleset community; reference:bugtraq,2763; reference:cve,2001-0779; classtype:rpc-portmap-decode; sid:2027; rev:13; ",True,False,False,False,False,INCLUDE_HIGH,E01 supported by rule text/metadata
1417,2028,11,alert,tcp,$EXTERNAL_NET,any,->,$HOME_NET,any,,rpc-portmap-decode,,ruleset community,E01,True," msg:""PROTOCOL-RPC yppasswd old password overflow attempt TCP""; flow:to_server,established; content:""|00 01 86 A9|"",depth 4,offset 16; content:""|00 00 00 01|"",within 4,distance 4; byte_jump:4,4,relative,align; byte_jump:4,4,relative,align; byte_test:4,>,64,0,relative; content:""|00 00 00 00|"",depth 4,offset 8; metadata:ruleset community; reference:bugtraq,2763; reference:cve,2001-0779; classtype:rpc-portmap-decode; sid:2028; rev:11; ",True,False,False,False,False,INCLUDE_HIGH,E01 supported by rule text/metadata
1418,2029,13,alert,udp,$EXTERNAL_NET,any,->,$HOME_NET,any,,rpc-portmap-decode,,"policy max-detect-ips drop,ruleset community",E01,True," msg:""PROTOCOL-RPC yppasswd new password overflow attempt UDP""; flow:to_server; content:""|00 01 86 A9|"",depth 4,offset 12; content:""|00 00 00 01|"",within 4,distance 4; byte_jump:4,4,relative,align; byte_jump:4,4,relative,align; byte_jump:4,0,relative,align; byte_jump:4,0,relative,align; byte_test:4,>,64,0,relative; content:""|00 00 00 00|"",depth 4,offset 4; metadata:policy max-detect-ips drop,ruleset community; reference:bugtraq,2763; reference:cve,2001-0779; classtype:rpc-portmap-decode; sid:2029; rev:13; ",True,False,False,False,False,INCLUDE_HIGH,E01 supported by rule text/metadata
1419,2030,12,alert,tcp,$EXTERNAL_NET,any,->,$HOME_NET,any,,rpc-portmap-decode,,ruleset community,E01,True," msg:""PROTOCOL-RPC yppasswd new password overflow attempt TCP""; flow:to_server,established; content:""|00 01 86 A9|"",depth 4,offset 16; content:""|00 00 00 01|"",within 4,distance 4; byte_jump:4,4,relative,align; byte_jump:4,4,relative,align; byte_jump:4,0,relative,align; byte_jump:4,0,relative,align; byte_test:4,>,64,0,relative; content:""|00 00 00 00|"",depth 4,offset 8; metadata:ruleset community; reference:bugtraq,2763; reference:cve,2001-0779; classtype:rpc-portmap-decode; sid:2030; rev:12; ",True,False,False,False,False,INCLUDE_HIGH,E01 supported by rule text/metadata
1428,2039,12,alert,udp,$EXTERNAL_NET,any,->,$HOME_NET,67,,misc-attack,,"policy max-detect-ips drop,ruleset community",E03,True," msg:""SERVER-OTHER bootp hostname format string attempt""; flow:to_server; content:""|01|"",depth 1; content:""|0C|"",distance 240; content:""%"",distance 0; content:""%"",within 8,distance 1; content:""%"",within 8,distance 1; metadata:policy max-detect-ips drop,ruleset community; reference:bugtraq,4701; reference:cve,2002-0702; reference:nessus,11312; classtype:misc-attack; sid:2039; rev:12; ",False,False,False,False,False,REVIEW,candidate from broad triage; direct rule evidence not strong enough for automatic inclusion
1430,2041,9,alert,udp,$HOME_NET,49,->,$EXTERNAL_NET,any,,misc-activity,,"policy max-detect-ips drop,ruleset community",E03,True," msg:""INDICATOR-SCAN xtacacs failed login response""; flow:to_client; content:""|80 02|"",depth 2; content:""|02|"",distance 4; metadata:policy max-detect-ips drop,ruleset community; reference:url,attack.mitre.org/techniques/T1018; reference:url,attack.mitre.org/techniques/T1040; reference:url,attack.mitre.org/techniques/T1046; classtype:misc-activity; sid:2041; rev:9; ",False,False,True,False,False,INCLUDE_HIGH,E03 supported by rule text/metadata
1432,2043,8,alert,udp,$HOME_NET,500,->,$EXTERNAL_NET,500,,misc-activity,,"policy max-detect-ips drop,ruleset community",E03,True," msg:""INDICATOR-SCAN isakmp login failed""; content:""|10 05|"",depth 2,offset 17; content:""|00 00 00 01 01 00 00 18|"",within 8,distance 13; metadata:policy max-detect-ips drop,ruleset community; reference:url,attack.mitre.org/techniques/T1018; reference:url,attack.mitre.org/techniques/T1040; reference:url,attack.mitre.org/techniques/T1046; classtype:misc-activity; sid:2043; rev:8; ",False,False,True,False,False,INCLUDE_HIGH,E03 supported by rule text/metadata
1434,2045,21,alert,udp,$EXTERNAL_NET,any,->,$HOME_NET,any,,attempted-admin,,"policy max-detect-ips drop,ruleset community",E01,True," msg:""PROTOCOL-RPC snmpXdmi overflow attempt UDP""; flow:to_server; content:""|00 01 87 99|"",depth 4,offset 12; content:""|00 00 01 01|"",within 4,distance 4; byte_jump:4,4,relative,align; byte_jump:4,4,relative,align; byte_test:4,>,1024,20,relative; content:""|00 00 00 00|"",depth 4,offset 4; metadata:policy max-detect-ips drop,ruleset community; reference:bugtraq,2417; reference:cve,2001-0236; reference:nessus,10659; reference:url,www.cert.org/advisories/CA-2001-05.html; classtype:attempted-admin; sid:2045; rev:21; ",True,False,False,False,False,INCLUDE_HIGH,E01 supported by rule text/metadata
1435,2046,14,alert,tcp,$EXTERNAL_NET,any,->,$HOME_NET,143,,misc-attack,imap,ruleset community,E01,True," msg:""PROTOCOL-IMAP partial body.peek buffer overflow attempt""; flow:to_server,established; content:""PARTIAL"",nocase; content:""BODY.PEEK["",distance 0,nocase; pcre:""/\sPARTIAL.*BODY\.PEEK\[[^\]]{1024}/ims""; metadata:ruleset community; service:imap; reference:bugtraq,4713; reference:cve,2002-0379; reference:nessus,10966; classtype:misc-attack; sid:2046; rev:14; ",True,False,False,False,False,INCLUDE_HIGH,E01 supported by rule text/metadata
1438,2050,19,alert,udp,$EXTERNAL_NET,any,->,$HOME_NET,1434,,attempted-admin,,"policy max-detect-ips drop,ruleset community",E01,True," msg:""SERVER-MSSQL version overflow attempt""; flow:to_server; dsize:>100; content:""|04|"",depth 1; metadata:policy max-detect-ips drop,ruleset community; reference:bugtraq,5310; reference:cve,2002-0649; reference:nessus,10674; reference:url,technet.microsoft.com/en-us/security/bulletin/MS02-039; classtype:attempted-admin; sid:2050; rev:19; ",True,False,False,False,False,INCLUDE_HIGH,E01 supported by rule text/metadata
1440,2052,13,alert,tcp,$EXTERNAL_NET,any,->,$HTTP_SERVERS,$HTTP_PORTS,,web-application-activity,http,ruleset community,E01,True," msg:""SERVER-WEBAPP overflow.cgi access""; flow:to_server,established; http_uri; content:""/overflow.cgi"",fast_pattern,nocase; metadata:ruleset community; service:http; reference:bugtraq,6326; reference:cve,2002-1361; reference:nessus,11190; reference:url,www.cert.org/advisories/CA-2002-35.html; classtype:web-application-activity; sid:2052; rev:13; ",True,False,False,False,False,INCLUDE_HIGH,E01 supported by rule text/metadata
1452,2065,7,alert,tcp,$EXTERNAL_NET,any,->,$HOME_NET,$HTTP_PORTS,,web-application-attack,http,ruleset community,E02,True," msg:""SERVER-WEBAPP Lotus Notes .csp script source download attempt""; flow:to_server,established; http_uri; content:"".csp.""; metadata:ruleset community; service:http; classtype:web-application-attack; sid:2065; rev:7; ",False,False,False,False,False,REVIEW,candidate from broad triage; direct rule evidence not strong enough for automatic inclusion
1453,2066,12,alert,tcp,$EXTERNAL_NET,any,->,$HOME_NET,$HTTP_PORTS,,web-application-attack,http,ruleset community,E02,True," msg:""SERVER-WEBAPP Lotus Notes .pl script source download attempt""; flow:to_server,established; http_uri; content:"".pl""; pkt_data; content:"".pl""; content:""."",within 1; metadata:ruleset community; service:http; reference:bugtraq,6841; reference:cve,2003-1408; classtype:web-application-attack; sid:2066; rev:12; ",False,False,False,False,False,REVIEW,candidate from broad triage; direct rule evidence not strong enough for automatic inclusion
1454,2067,12,alert,tcp,$EXTERNAL_NET,any,->,$HOME_NET,$HTTP_PORTS,,web-application-attack,http,ruleset community,E02,True," msg:""SERVER-WEBAPP Lotus Notes .exe script source download attempt""; flow:to_server,established; http_uri; content:"".exe""; pkt_data; content:"".exe""; content:""."",within 1; metadata:ruleset community; service:http; reference:bugtraq,6841; reference:cve,2003-1408; classtype:web-application-attack; sid:2067; rev:12; ",False,False,False,False,False,REVIEW,candidate from broad triage; direct rule evidence not strong enough for automatic inclusion
1474,2087,14,alert,tcp,$EXTERNAL_NET,any,->,$SMTP_SERVERS,25,,attempted-admin,smtp,ruleset community,E01,True," msg:""SERVER-MAIL From comment overflow attempt""; flow:to_server,established; content:""From|3A|"",nocase; content:""<><><><><><><><><><><><><><><><><><><><><><>"",distance 0; content:""|28|"",distance 1; content:""|29|"",distance 1; metadata:ruleset community; service:smtp; reference:bugtraq,6991; reference:cve,2002-1337; reference:url,www.kb.cert.org/vuls/id/398025; classtype:attempted-admin; sid:2087; rev:14; ",True,False,False,False,False,INCLUDE_HIGH,E01 supported by rule text/metadata
1477,2090,22,alert,tcp,$EXTERNAL_NET,any,->,$HTTP_SERVERS,$HTTP_PORTS,,attempted-admin,http,ruleset community,E01,True," msg:""SERVER-IIS WEBDAV exploit attempt""; flow:to_server,established; http_header; content:""HTTP/1.1|0A|Content-type|3A| text/xml|0A|HOST|3A|""; content:""Accept|3A| */*|0A|Translate|3A| f|0A|Content-length|3A|5276|0A 0A|""; metadata:ruleset community; service:http; reference:bugtraq,7116; reference:bugtraq,7716; reference:cve,2003-0109; reference:nessus,11413; reference:url,technet.microsoft.com/en-us/security/bulletin/ms03-007; classtype:attempted-admin; sid:2090; rev:22; ",True,False,False,False,False,INCLUDE_HIGH,E01 supported by rule text/metadata
1478,2091,16,alert,tcp,$EXTERNAL_NET,any,->,$HTTP_SERVERS,$HTTP_PORTS,,attempted-admin,http,ruleset community,E03,True," msg:""SERVER-IIS WEBDAV nessus safe scan attempt""; flow:to_server,established; content:""SEARCH / HTTP/1.1|0D 0A|Host|3A|""; content:""|0D 0A 0D 0A|"",within 255; metadata:ruleset community; service:http; reference:bugtraq,7116; reference:cve,2003-0109; reference:nessus,11412; reference:nessus,11413; reference:url,technet.microsoft.com/en-us/security/bulletin/ms03-007; classtype:attempted-admin; sid:2091; rev:16; ",False,False,True,False,False,INCLUDE_HIGH,E03 supported by rule text/metadata
1479,2092,14,alert,udp,$EXTERNAL_NET,any,->,$HOME_NET,111,,rpc-portmap-decode,sunrpc,"policy max-detect-ips drop,ruleset community",E01,True," msg:""PROTOCOL-RPC portmap proxy integer overflow attempt UDP""; flow:to_server; content:""|00 01 86 A0 00|"",depth 5,offset 12; content:""|00 00 00 05|"",within 4,distance 3; byte_jump:4,4,relative,align; byte_jump:4,4,relative,align; byte_test:4,>,2048,12,relative; content:""|00 00 00 00|"",depth 4,offset 4; metadata:policy max-detect-ips drop,ruleset community; service:sunrpc; reference:bugtraq,36564; reference:bugtraq,7123; reference:cve,2003-0028; reference:nessus,11420; classtype:rpc-portmap-decode; sid:2092; rev:14; ",True,False,False,False,False,INCLUDE_HIGH,E01 supported by rule text/metadata
1480,2093,13,alert,tcp,$EXTERNAL_NET,any,->,$HOME_NET,111,,rpc-portmap-decode,sunrpc,"policy max-detect-ips drop,ruleset community",E01,True," msg:""PROTOCOL-RPC portmap proxy integer overflow attempt TCP""; flow:to_server,established; content:""|00 01 86 A0 00|"",depth 5,offset 16; content:""|00 00 00 05|"",within 4,distance 3; byte_jump:4,4,relative,align; byte_jump:4,4,relative,align; byte_test:4,>,2048,12,relative; content:""|00 00 00 00|"",depth 4,offset 8; metadata:policy max-detect-ips drop,ruleset community; service:sunrpc; reference:bugtraq,7123; reference:cve,2003-0028; reference:nessus,11420; classtype:rpc-portmap-decode; sid:2093; rev:13; ",True,False,False,False,False,INCLUDE_HIGH,E01 supported by rule text/metadata
1481,2094,18,alert,udp,$EXTERNAL_NET,any,->,$HOME_NET,any,,attempted-admin,sunrpc,"policy max-detect-ips drop,ruleset community",E01,True," msg:""PROTOCOL-RPC CMSD UDP CMSD_CREATE array buffer overflow attempt""; flow:to_server; content:""|00 01 86 E4|"",depth 4,offset 12; content:""|00 00 00 15|"",within 4,distance 4; byte_jump:4,4,relative,align; byte_jump:4,4,relative,align; byte_test:4,>,1024,20,relative; content:""|00 00 00 00|"",depth 4,offset 4; metadata:policy max-detect-ips drop,ruleset community; service:sunrpc; reference:bugtraq,36615; reference:bugtraq,5356; reference:cve,2002-0391; reference:cve,2009-3699; reference:nessus,11418; classtype:attempted-admin; sid:2094; rev:18; ",True,False,False,False,False,INCLUDE_HIGH,E01 supported by rule text/metadata
1482,2095,14,alert,tcp,$EXTERNAL_NET,any,->,$HOME_NET,any,,attempted-admin,,ruleset community,E01,True," msg:""PROTOCOL-RPC CMSD TCP CMSD_CREATE array buffer overflow attempt""; flow:to_server,established; content:""|00 01 86 E4|"",depth 4,offset 16; content:""|00 00 00 15|"",within 4,distance 4; byte_jump:4,4,relative,align; byte_jump:4,4,relative,align; byte_test:4,>,1024,20,relative; content:""|00 00 00 00|"",depth 4,offset 8; metadata:ruleset community; reference:bugtraq,5356; reference:cve,2002-0391; reference:nessus,11418; classtype:attempted-admin; sid:2095; rev:14; ",True,False,False,False,False,INCLUDE_HIGH,E01 supported by rule text/metadata
1484,2101,23,alert,tcp,$EXTERNAL_NET,any,->,$HOME_NET,139,,protocol-command-decode,,ruleset community,E04,True," msg:""OS-WINDOWS Microsoft Windows SMB Trans Max Param/Count OS-WINDOWS attempt""; flow:to_server,established; content:""|00|"",depth 1; content:""|FF|SMB%"",within 5,distance 3; byte_test:1,!&,128,6,relative; pcre:""/^.{27}/Rs""; content:""|00 00 00 00|"",within 4,distance 5; metadata:ruleset community; reference:bugtraq,5556; reference:cve,2002-0724; reference:nessus,11110; reference:url,technet.microsoft.com/en-us/security/bulletin/MS02-045; reference:url,www.corest.com/common/showdoc.php?idx=262; classtype:protocol-command-decode; sid:2101; rev:23; ",False,False,False,True,False,INCLUDE_HIGH,E04 supported by rule text/metadata
1485,2103,17,alert,tcp,$EXTERNAL_NET,any,->,$HOME_NET,139,,protocol-command-decode,,"policy max-detect-ips drop,policy security-ips drop,ruleset community",E01;E04,True," msg:""NETBIOS SMB Trans2 OPEN2 unicode maximum param count overflow attempt""; flow:to_server,established; content:""|00|"",depth 1; content:""|FF|SMB2"",within 5,distance 3; byte_test:1,&,128,6,relative; pcre:""/^.{27}/Rs""; content:""|00 00|"",within 2,distance 29; byte_test:2,>,1024,-12,relative,little; metadata:policy max-detect-ips drop,policy security-ips drop,ruleset community; reference:cve,2003-0201; classtype:protocol-command-decode; sid:2103; rev:17; ",True,False,False,True,False,INCLUDE_HIGH,E01;E04 supported by rule text/metadata
1487,2105,16,alert,tcp,$EXTERNAL_NET,any,->,$HOME_NET,143,,misc-attack,imap,"policy max-detect-ips drop,ruleset community",E01,True," msg:""PROTOCOL-IMAP authenticate literal overflow attempt""; flow:to_server,established; content:""AUTHENTICATE"",fast_pattern,nocase; pcre:""/\sAUTHENTICATE\s[^\n]*?\{/ims""; byte_test:5,>,256,0,relative,string,dec; metadata:policy max-detect-ips drop,ruleset community; service:imap; reference:bugtraq,21724; reference:cve,1999-0042; reference:cve,2006-6424; reference:nessus,10292; classtype:misc-attack; sid:2105; rev:16; ",True,False,False,False,False,INCLUDE_HIGH,E01 supported by rule text/metadata
1488,2106,17,alert,tcp,$EXTERNAL_NET,any,->,$HOME_NET,143,,misc-attack,imap,"policy max-detect-ips drop,ruleset community",E01,True," msg:""PROTOCOL-IMAP lsub overflow attempt""; flow:to_server,established; content:""LSUB""; isdataat:100,relative; pcre:""/\sLSUB\s[^\n]{100}/ims""; metadata:policy max-detect-ips drop,ruleset community; service:imap; reference:bugtraq,1110; reference:bugtraq,15006; reference:cve,2000-0284; reference:cve,2005-3155; reference:nessus,10374; classtype:misc-attack; sid:2106; rev:17; ",True,False,False,False,False,INCLUDE_HIGH,E01 supported by rule text/metadata
1489,2107,11,alert,tcp,$EXTERNAL_NET,any,->,$HOME_NET,143,,misc-attack,imap,ruleset community,E01,True," msg:""PROTOCOL-IMAP create buffer overflow attempt""; flow:to_server,established; content:""CREATE""; isdataat:1024,relative; pcre:""/\sCREATE\s[^\n]{1024}/ims""; metadata:ruleset community; service:imap; reference:bugtraq,7446; reference:cve,2003-1470; classtype:misc-attack; sid:2107; rev:11; ",True,False,False,False,False,INCLUDE_HIGH,E01 supported by rule text/metadata
1490,2108,9,alert,tcp,$EXTERNAL_NET,any,->,$HOME_NET,110,,attempted-admin,pop3,ruleset community,E01,True," msg:""PROTOCOL-POP CAPA overflow attempt""; flow:to_server,established; content:""CAPA"",nocase; isdataat:10,relative; pcre:""/^CAPA\s[^\n]{10}/ims""; metadata:ruleset community; service:pop3; classtype:attempted-admin; sid:2108; rev:9; ",True,False,False,False,False,INCLUDE_HIGH,E01 supported by rule text/metadata
1491,2109,10,alert,tcp,$EXTERNAL_NET,any,->,$HOME_NET,110,,attempted-admin,pop3,ruleset community,E01,True," msg:""PROTOCOL-POP TOP overflow attempt""; flow:to_server,established; content:""TOP"",nocase; isdataat:50,relative; pcre:""/^TOP\s[^\n]{50}/ims""; metadata:ruleset community; service:pop3; classtype:attempted-admin; sid:2109; rev:10; ",True,False,False,False,False,INCLUDE_HIGH,E01 supported by rule text/metadata
1492,2110,9,alert,tcp,$EXTERNAL_NET,any,->,$HOME_NET,110,,attempted-admin,pop3,ruleset community,E01,True," msg:""PROTOCOL-POP STAT overflow attempt""; flow:to_server,established; content:""STAT"",nocase; isdataat:10,relative; pcre:""/^STAT\s[^\n]{10}/ims""; metadata:ruleset community; service:pop3; classtype:attempted-admin; sid:2110; rev:9; ",True,False,False,False,False,INCLUDE_HIGH,E01 supported by rule text/metadata
1493,2111,9,alert,tcp,$EXTERNAL_NET,any,->,$HOME_NET,110,,attempted-admin,pop3,ruleset community,E01,True," msg:""PROTOCOL-POP DELE overflow attempt""; flow:to_server,established; content:""DELE"",nocase; isdataat:10,relative; pcre:""/^DELE\s[^\n]{10}/ims""; metadata:ruleset community; service:pop3; classtype:attempted-admin; sid:2111; rev:9; ",True,False,False,False,False,INCLUDE_HIGH,E01 supported by rule text/metadata
1494,2112,9,alert,tcp,$EXTERNAL_NET,any,->,$HOME_NET,110,,attempted-admin,pop3,ruleset community,E01,True," msg:""PROTOCOL-POP RSET overflow attempt""; flow:to_server,established; content:""RSET"",nocase; isdataat:10,relative; pcre:""/^RSET\s[^\n]{10}/ims""; metadata:ruleset community; service:pop3; classtype:attempted-admin; sid:2112; rev:9; ",True,False,False,False,False,INCLUDE_HIGH,E01 supported by rule text/metadata
1495,2113,6,alert,tcp,$EXTERNAL_NET,any,->,$HOME_NET,512,,attempted-admin,,ruleset community,E01,True," msg:""PROTOCOL-SERVICES rexec username overflow attempt""; flow:to_server,established; content:""|00|"",offset 9; content:""|00|"",distance 0; content:""|00|"",distance 0; metadata:ruleset community; classtype:attempted-admin; sid:2113; rev:6; ",True,False,False,False,False,INCLUDE_HIGH,E01 supported by rule text/metadata
1496,2114,6,alert,tcp,$EXTERNAL_NET,any,->,$HOME_NET,512,,attempted-admin,,ruleset community,E01,True," msg:""PROTOCOL-SERVICES rexec password overflow attempt""; flow:to_server,established; content:""|00|""; content:""|00|"",distance 33; content:""|00|"",distance 0; metadata:ruleset community; classtype:attempted-admin; sid:2114; rev:6; ",True,False,False,False,False,INCLUDE_HIGH,E01 supported by rule text/metadata
1500,2118,19,alert,tcp,$EXTERNAL_NET,any,->,$HOME_NET,143,,misc-attack,imap,"policy max-detect-ips drop,ruleset community",E01,True," msg:""PROTOCOL-IMAP list overflow attempt""; flow:to_server,established; content:""LIST"",nocase; isdataat:100,relative; pcre:""/\sLIST\s[^\n]{100}/ims""; metadata:policy max-detect-ips drop,ruleset community; service:imap; reference:bugtraq,1110; reference:bugtraq,15006; reference:cve,2000-0284; reference:cve,2005-3155; reference:nessus,10374; classtype:misc-attack; sid:2118; rev:19; ",True,False,False,False,False,INCLUDE_HIGH,E01 supported by rule text/metadata
1501,2119,14,alert,tcp,$EXTERNAL_NET,any,->,$HOME_NET,143,,misc-attack,imap,ruleset community,E01,True," msg:""PROTOCOL-IMAP rename literal overflow attempt""; flow:to_server,established; content:""RENAME"",fast_pattern,nocase; pcre:""/\sRENAME\s[^\n]*?\s\{/ims""; byte_test:5,>,256,0,relative,string,dec; metadata:ruleset community; service:imap; reference:bugtraq,1110; reference:cve,2000-0284; reference:nessus,10374; classtype:misc-attack; sid:2119; rev:14; ",True,False,False,False,False,INCLUDE_HIGH,E01 supported by rule text/metadata
1502,2120,12,alert,tcp,$EXTERNAL_NET,any,->,$HOME_NET,143,,misc-attack,imap,ruleset community,E01,True," msg:""PROTOCOL-IMAP create literal buffer overflow attempt""; flow:to_server,established; content:""CREATE"",fast_pattern,nocase; pcre:""/\sCREATE\s*\{/ims""; byte_test:5,>,256,0,relative,string,dec; metadata:ruleset community; service:imap; reference:bugtraq,7446; reference:cve,2003-1470; classtype:misc-attack; sid:2120; rev:12; ",True,False,False,False,False,INCLUDE_HIGH,E01 supported by rule text/metadata
1505,2123,12,alert,tcp,$HOME_NET,!21:23,->,$EXTERNAL_NET,any,,successful-admin,,"policy max-detect-ips drop,ruleset community",E02,True," msg:""INDICATOR-COMPROMISE Microsoft cmd.exe banner""; flow:established; content:""Microsoft Windows"",depth 18; content:""|28|C|29| Copyright 1985-"",distance 0; content:""Microsoft Corp."",distance 0; metadata:policy max-detect-ips drop,ruleset community; reference:nessus,11633; classtype:successful-admin; sid:2123; rev:12; ",False,True,False,False,False,INCLUDE_HIGH,E02 supported by rule text/metadata
1507,2125,15,alert,tcp,$EXTERNAL_NET,any,->,$HOME_NET,21,,protocol-command-decode,ftp,ruleset community,E01,True," msg:""PROTOCOL-FTP CWD Root directory traversal attempt""; flow:to_server,established; content:""CWD"",nocase; content:""C|3A 5C|"",distance 1; metadata:ruleset community; service:ftp; reference:bugtraq,7674; reference:cve,2003-0392; reference:nessus,11677; classtype:protocol-command-decode; sid:2125; rev:15; ",False,False,False,False,False,REVIEW,candidate from broad triage; direct rule evidence not strong enough for automatic inclusion
1508,2126,16,alert,tcp,$EXTERNAL_NET,any,->,$HOME_NET,1723,,attempted-admin,,"policy max-detect-ips drop,ruleset community",E01,True," msg:""OS-WINDOWS Microsoft Windows PPTP Start Control Request buffer overflow attempt""; flow:to_server,established,no_stream; isdataat:156; content:""|00 01|"",depth 2,offset 2; content:""|00 01|"",depth 2,offset 8; metadata:policy max-detect-ips drop,ruleset community; reference:bugtraq,5807; reference:cve,2002-1214; reference:nessus,11178; reference:url,technet.microsoft.com/en-us/security/bulletin/MS02-063; classtype:attempted-admin; sid:2126; rev:16; ",True,False,False,False,False,INCLUDE_HIGH,E01 supported by rule text/metadata
1523,2141,8,alert,tcp,$EXTERNAL_NET,any,->,$HTTP_SERVERS,$HTTP_PORTS,,web-application-attack,http,ruleset community,E01,True," msg:""SERVER-WEBAPP shoutbox.php directory traversal attempt""; flow:to_server,established; http_uri; content:""/shoutbox.php""; pkt_data; content:""conf=""; content:""../"",distance 0; metadata:ruleset community; service:http; reference:nessus,11668; classtype:web-application-attack; sid:2141; rev:8; ",False,False,False,False,False,REVIEW,candidate from broad triage; direct rule evidence not strong enough for automatic inclusion
1535,2153,11,alert,tcp,$EXTERNAL_NET,any,->,$HTTP_SERVERS,$HTTP_PORTS,,web-application-attack,http,ruleset community,E01,True," msg:""SERVER-WEBAPP autohtml.php directory traversal attempt""; flow:to_server,established; http_uri; content:""/autohtml.php"",fast_pattern,nocase; pkt_data; content:""name=""; content:""../../"",distance 0; metadata:ruleset community; service:http; reference:nessus,11630; classtype:web-application-attack; sid:2153; rev:11; ",False,False,False,False,False,REVIEW,candidate from broad triage; direct rule evidence not strong enough for automatic inclusion
1542,2176,11,alert,tcp,$EXTERNAL_NET,any,->,$HOME_NET,139,,attempted-recon,netbios-ssn,ruleset community,E04,True," msg:""OS-WINDOWS Microsoft Windows SMB startup folder access""; flow:to_server,established; content:""|00|"",depth 1; content:""|FF|SMB2"",depth 5,offset 4; content:""Documents and Settings|5C|All Users|5C|Start Menu|5C|Programs|5C|Startup|00|"",distance 0,nocase; metadata:ruleset community; service:netbios-ssn; reference:url,attack.mitre.org/techniques/T1060; classtype:attempted-recon; sid:2176; rev:11; ",False,False,True,True,False,INCLUDE_HIGH,E04 supported by rule text/metadata
1543,2177,12,alert,tcp,$EXTERNAL_NET,any,->,$HOME_NET,139,,attempted-recon,,ruleset community,E04,True," msg:""OS-WINDOWS Microsoft Windows SMB startup folder unicode access""; flow:to_server,established; content:""|00|"",depth 1; content:""|FF|SMB2"",depth 5,offset 4; content:""|5C 00|S|00|t|00|a|00|r|00|t|00| |00|M|00|e|00|n|00|u|00 5C 00|P|00|r|00|o|00|g|00|r|00|a|00|m|00|s|00 5C 00|S|00|t|00|a|00|r|00|t|00|u|00|p"",distance 0,nocase; metadata:ruleset community; reference:url,attack.mitre.org/techniques/T1060; classtype:attempted-recon; sid:2177; rev:12; ",False,False,True,True,False,INCLUDE_HIGH,E04 supported by rule text/metadata
1548,2183,16,alert,tcp,$EXTERNAL_NET,any,->,$SMTP_SERVERS,25,,attempted-admin,smtp,ruleset community,E01,True," msg:""SERVER-MAIL Sendmail Content-Transfer-Encoding overflow attempt""; flow:to_server,established; content:""Content-Transfer-Encoding"",nocase; content:""|3A|"",distance 0; isdataat:100,relative; content:!""|0A|"",within 100; pcre:""/^\s*Content-Transfer-Encoding\s*\x3A[^\n]{100}/im""; metadata:ruleset community; service:smtp; reference:cve,2003-0161; reference:url,www.cert.org/advisories/CA-2003-12.html; classtype:attempted-admin; sid:2183; rev:16; ",True,False,False,False,False,INCLUDE_HIGH,E01 supported by rule text/metadata
1549,2184,14,alert,tcp,$EXTERNAL_NET,any,->,$HOME_NET,any,,misc-attack,,ruleset community,E01,True," msg:""PROTOCOL-RPC mountd TCP mount path overflow attempt""; flow:to_server,established; content:""|00 01 86 A5 00|"",depth 5,offset 16; content:""|00 00 00 01|"",within 4,distance 3; byte_jump:4,4,relative,align; byte_jump:4,4,relative,align; byte_test:4,>,1023,0,relative; content:""|00 00 00 00|"",depth 4,offset 8; metadata:ruleset community; reference:bugtraq,8179; reference:cve,2003-0252; reference:nessus,11800; classtype:misc-attack; sid:2184; rev:14; ",True,False,False,False,False,INCLUDE_HIGH,E01 supported by rule text/metadata
1551,2191,6,alert,tcp,$EXTERNAL_NET,any,->,$HOME_NET,445,,attempted-dos,netbios-ssn,ruleset community,E04,True," msg:""NETBIOS SMB DCERPC invalid bind attempt""; flow:to_server,established; content:""|FF|SMB%"",depth 5,offset 4,nocase; content:""&|00|"",within 2,distance 56; content:""|5C 00|P|00|I|00|P|00|E|00 5C 00|"",within 12,distance 5,nocase; content:""|05|"",within 1,distance 2; content:""|0B|"",within 1,distance 1; byte_test:1,&,1,0,relative; content:""|00|"",within 1,distance 21; metadata:ruleset community; service:netbios-ssn; classtype:attempted-dos; sid:2191; rev:6; ",False,False,False,True,False,INCLUDE_HIGH,E04 supported by rule text/metadata
1580,2222,20,alert,tcp,$EXTERNAL_NET,any,->,$HTTP_SERVERS,$HTTP_PORTS,,web-application-activity,http,ruleset community,E01,True," msg:""SERVER-WEBAPP Infinity CGI exploit scanner nph-exploitscanget.cgi access""; flow:to_server,established; http_uri; content:""/nph-exploitscanget.cgi"",fast_pattern,nocase; metadata:ruleset community; service:http; reference:bugtraq,7910; reference:bugtraq,7911; reference:bugtraq,7913; reference:cve,2003-0434; reference:nessus,11740; classtype:web-application-activity; sid:2222; rev:20; ",True,False,False,False,False,INCLUDE_HIGH,E01 supported by rule text/metadata
1609,2252,22,alert,tcp,$EXTERNAL_NET,any,->,$HOME_NET,445,,attempted-admin,netbios-ssn,ruleset community,E04,True," msg:""OS-WINDOWS Microsoft Windows SMB-DS DCERPC Remote Activation bind attempt""; flow:to_server,established; content:""|FF|SMB%"",depth 5,offset 4,nocase; content:""&|00|"",within 2,distance 56; content:""|5C 00|P|00|I|00|P|00|E|00 5C 00|"",within 12,distance 5,nocase; content:""|05|"",within 1; content:""|0B|"",within 1,distance 1; byte_test:1,&,1,0,relative; content:""|B8|J|9F|M|1C|}|CF 11 86 1E 00| |AF|n|7C|W"",within 16,distance 29; tag:session,packets 5; metadata:ruleset community; service:netbios-ssn; reference:bugtraq,8234; reference:bugtraq,8458; reference:cve,2003-0528; reference:cve,2003-0605; reference:cve,2003-0715; reference:nessus,11798; reference:nessus,11835; reference:url,technet.microsoft.com/en-us/security/bulletin/MS03-039; classtype:attempted-admin; sid:2252; rev:22; ",False,False,False,True,False,INCLUDE_HIGH,E04 supported by rule text/metadata
1610,2253,20,alert,tcp,$EXTERNAL_NET,any,->,$SMTP_SERVERS,25,,attempted-admin,smtp,"policy max-detect-ips drop,ruleset community",E01,True," msg:""SERVER-MAIL XEXCH50 overflow attempt""; flow:to_server,established; content:""XEXCH50"",fast_pattern,nocase; pcre:""/^XEXCH50\s+-\d/ims""; metadata:policy max-detect-ips drop,ruleset community; service:smtp; reference:bugtraq,8838; reference:cve,2003-0714; reference:nessus,11889; reference:url,technet.microsoft.com/en-us/security/bulletin/MS03-046; classtype:attempted-admin; sid:2253; rev:20; ",True,False,False,False,False,INCLUDE_HIGH,E01 supported by rule text/metadata
1613,2257,16,alert,udp,$EXTERNAL_NET,any,->,$HOME_NET,135,,attempted-admin,,"policy max-detect-ips drop,ruleset community",E01,True," msg:""OS-WINDOWS DCERPC Messenger Service buffer overflow attempt""; content:""|04 00|"",depth 2; byte_test:1,>,15,2,relative; byte_jump:4,86,relative,little,align; byte_jump:4,8,relative,little,align; byte_test:4,>,1024,0,relative,little; metadata:policy max-detect-ips drop,ruleset community; reference:bugtraq,8826; reference:cve,2003-0717; reference:nessus,11888; reference:nessus,11890; reference:url,technet.microsoft.com/en-us/security/bulletin/MS03-043; classtype:attempted-admin; sid:2257; rev:16; ",True,False,False,False,False,INCLUDE_HIGH,E01 supported by rule text/metadata
1614,2258,17,alert,tcp,$EXTERNAL_NET,any,->,$HOME_NET,445,,attempted-admin,netbios-ssn,ruleset community,E01;E04,True," msg:""OS-WINDOWS Microsoft Windows SMB-DS DCERPC Messenger Service buffer overflow attempt""; flow:to_server,established; content:""|FF|SMB%"",depth 5,offset 4,nocase; content:""&|00|"",within 2,distance 56; content:""|5C 00|P|00|I|00|P|00|E|00 5C 00|"",within 12,distance 5,nocase; content:""|04 00|"",within 2; byte_test:1,>,15,2,relative; byte_jump:4,86,relative,little,align; byte_jump:4,8,relative,little,align; byte_test:4,>,1024,0,relative,little; metadata:ruleset community; service:netbios-ssn; reference:bugtraq,8826; reference:cve,2003-0717; reference:nessus,11888; reference:nessus,11890; reference:url,technet.microsoft.com/en-us/security/bulletin/MS03-043; classtype:attempted-admin; sid:2258; rev:17; ",True,False,False,True,False,INCLUDE_HIGH,E01;E04 supported by rule text/metadata
1615,2259,17,alert,tcp,$EXTERNAL_NET,any,->,$SMTP_SERVERS,25,,attempted-admin,smtp,ruleset community,E01,True," msg:""SERVER-MAIL EXPN overflow attempt""; flow:to_server,established; content:""EXPN"",nocase; isdataat:255,relative; pcre:""/^EXPN[^\n]{255}/ims""; metadata:ruleset community; service:smtp; reference:bugtraq,6991; reference:bugtraq,7230; reference:cve,2002-1337; reference:cve,2003-0161; classtype:attempted-admin; sid:2259; rev:17; ",True,False,False,False,False,INCLUDE_HIGH,E01 supported by rule text/metadata
1616,2260,17,alert,tcp,$EXTERNAL_NET,any,->,$SMTP_SERVERS,25,,attempted-admin,smtp,ruleset community,E01,True," msg:""SERVER-MAIL VRFY overflow attempt""; flow:to_server,established; content:""VRFY"",nocase; isdataat:255,relative; pcre:""/^VRFY[^\n]{255}/ims""; metadata:ruleset community; service:smtp; reference:bugtraq,6991; reference:bugtraq,7230; reference:cve,2002-1337; reference:cve,2003-0161; classtype:attempted-admin; sid:2260; rev:17; ",True,False,False,False,False,INCLUDE_HIGH,E01 supported by rule text/metadata
1617,2261,16,alert,tcp,$EXTERNAL_NET,any,->,$SMTP_SERVERS,25,,attempted-admin,smtp,ruleset community,E01,True," msg:""SERVER-MAIL Sendmail SEND FROM prescan too many addresses overflow""; flow:to_server,established; content:""SEND FROM|3A|"",fast_pattern,nocase; pcre:""/^SEND FROM\x3a\s*[^\n]*?<[^\n]*?<[^\n]*?<[^\n]*?<[^\n]*?<[^\n]*?<[^\n]*?<[^\n]*?<[^\n]*?<[^\n]*?<[^\n]*?<[^\n]*?<[^\n]*?<[^\n]*?<[^\n]*?<[^\n]*?<[^\n]*?<[^\n]*?<[^\n]*?<[^\n]*?<[^\n]*?<[^\n]*?<[^\n]*?<[^\n]*?<[^\n]*?<[^\n]*?<[^\n]*?<[^\n]*?<[^\n]*?<[^\n]*?<[^\n]*?<[^\n]*?<[^\n]*?<[^\n]*?<[^\n]*?<[^\n]*?<[^\n]*?<[^\n]*?<[^\n]*?<[^\n]*?<[^\n]*?<[^\n]*?<[^\n]*?<[^\n]*?<[^\n]*?<[^\n]*?<[^\n]*?<[^\n]*?<[^\n]*?<[^\n]*?<[^\n]*?<[^\n]*?<[^\n]*?<[^\n]*?<[^\n]*?<[^\n]*?<[^\n]*?<[^\n]*?<[^\n]*?<[^\n]*?</ims""; metadata:ruleset community; service:smtp; reference:bugtraq,6991; reference:cve,2002-1337; reference:nessus,11316; classtype:attempted-admin; sid:2261; rev:16; ",True,False,False,False,False,INCLUDE_HIGH,E01 supported by rule text/metadata
1618,2262,16,alert,tcp,$EXTERNAL_NET,any,->,$SMTP_SERVERS,25,,misc-attack,smtp,ruleset community,E01,True," msg:""SERVER-MAIL Sendmail SEND FROM prescan too long addresses overflow""; flow:to_server,established; content:""SEND FROM|3A|"",fast_pattern,nocase; pcre:""/^SEND FROM\x3a\s+[\w\s@\.]{200,}\x3b[\w\s@\.]{200,}\x3b[\w\s@\.]{200}/ims""; metadata:ruleset community; service:smtp; reference:bugtraq,7230; reference:cve,2003-0161; reference:nessus,11499; classtype:misc-attack; sid:2262; rev:16; ",True,False,False,False,False,INCLUDE_HIGH,E01 supported by rule text/metadata
1619,2263,16,alert,tcp,$EXTERNAL_NET,any,->,$SMTP_SERVERS,25,,attempted-admin,smtp,ruleset community,E01,True," msg:""SERVER-MAIL Sendmail SAML FROM prescan too many addresses overflow""; flow:to_server,established; content:""SAML FROM|3A|"",fast_pattern,nocase; pcre:""/^SAML FROM\x3a\s*[^\n]*?<[^\n]*?<[^\n]*?<[^\n]*?<[^\n]*?<[^\n]*?<[^\n]*?<[^\n]*?<[^\n]*?<[^\n]*?<[^\n]*?<[^\n]*?<[^\n]*?<[^\n]*?<[^\n]*?<[^\n]*?<[^\n]*?<[^\n]*?<[^\n]*?<[^\n]*?<[^\n]*?<[^\n]*?<[^\n]*?<[^\n]*?<[^\n]*?<[^\n]*?<[^\n]*?<[^\n]*?<[^\n]*?<[^\n]*?<[^\n]*?<[^\n]*?<[^\n]*?<[^\n]*?<[^\n]*?<[^\n]*?<[^\n]*?<[^\n]*?<[^\n]*?<[^\n]*?<[^\n]*?<[^\n]*?<[^\n]*?<[^\n]*?<[^\n]*?<[^\n]*?<[^\n]*?<[^\n]*?<[^\n]*?<[^\n]*?<[^\n]*?<[^\n]*?<[^\n]*?<[^\n]*?<[^\n]*?<[^\n]*?<[^\n]*?<[^\n]*?<[^\n]*?<[^\n]*?</ims""; metadata:ruleset community; service:smtp; reference:bugtraq,6991; reference:cve,2002-1337; classtype:attempted-admin; sid:2263; rev:16; ",True,False,False,False,False,INCLUDE_HIGH,E01 supported by rule text/metadata
1620,2264,16,alert,tcp,$EXTERNAL_NET,any,->,$SMTP_SERVERS,25,,misc-attack,smtp,ruleset community,E01,True," msg:""SERVER-MAIL Sendmail SAML FROM prescan too long addresses overflow""; flow:to_server,established; content:""SAML FROM|3A|"",fast_pattern,nocase; pcre:""/^SAML FROM\x3a\s+[\w\s@\.]{200,}\x3b[\w\s@\.]{200,}\x3b[\w\s@\.]{200}/ims""; metadata:ruleset community; service:smtp; reference:bugtraq,7230; reference:cve,2003-0161; reference:nessus,11499; classtype:misc-attack; sid:2264; rev:16; ",True,False,False,False,False,INCLUDE_HIGH,E01 supported by rule text/metadata
1621,2265,14,alert,tcp,$EXTERNAL_NET,any,->,$SMTP_SERVERS,25,,attempted-admin,smtp,ruleset community,E01,True," msg:""SERVER-MAIL Sendmail SOML FROM prescan too many addresses overflow""; flow:to_server,established; content:""SOML FROM|3A|"",fast_pattern,nocase; pcre:""/^SOML FROM\x3a\s*[^\n]*?<[^\n]*?<[^\n]*?<[^\n]*?<[^\n]*?<[^\n]*?<[^\n]*?<[^\n]*?<[^\n]*?<[^\n]*?<[^\n]*?<[^\n]*?<[^\n]*?<[^\n]*?<[^\n]*?<[^\n]*?<[^\n]*?<[^\n]*?<[^\n]*?<[^\n]*?<[^\n]*?<[^\n]*?<[^\n]*?<[^\n]*?<[^\n]*?<[^\n]*?<[^\n]*?<[^\n]*?<[^\n]*?<[^\n]*?<[^\n]*?<[^\n]*?<[^\n]*?<[^\n]*?<[^\n]*?<[^\n]*?<[^\n]*?<[^\n]*?<[^\n]*?<[^\n]*?<[^\n]*?<[^\n]*?<[^\n]*?<[^\n]*?<[^\n]*?<[^\n]*?<[^\n]*?<[^\n]*?<[^\n]*?<[^\n]*?<[^\n]*?<[^\n]*?<[^\n]*?<[^\n]*?<[^\n]*?<[^\n]*?<[^\n]*?<[^\n]*?<[^\n]*?<[^\n]*?</ims""; metadata:ruleset community; service:smtp; reference:bugtraq,6991; reference:cve,2002-1337; classtype:attempted-admin; sid:2265; rev:14; ",True,False,False,False,False,INCLUDE_HIGH,E01 supported by rule text/metadata
1622,2266,16,alert,tcp,$EXTERNAL_NET,any,->,$SMTP_SERVERS,25,,misc-attack,smtp,ruleset community,E01,True," msg:""SERVER-MAIL Sendmail SOML FROM prescan too long addresses overflow""; flow:to_server,established; content:""SOML FROM|3A|"",fast_pattern,nocase; pcre:""/^SOML FROM\x3a\s+[\w\s@\.]{200,}\x3b[\w\s@\.]{200,}\x3b[\w\s@\.]{200}/ims""; metadata:ruleset community; service:smtp; reference:bugtraq,7230; reference:cve,2003-0161; reference:nessus,11499; classtype:misc-attack; sid:2266; rev:16; ",True,False,False,False,False,INCLUDE_HIGH,E01 supported by rule text/metadata
1623,2267,15,alert,tcp,$EXTERNAL_NET,any,->,$SMTP_SERVERS,25,,attempted-admin,smtp,ruleset community,E01,True," msg:""SERVER-MAIL Sendmail MAIL FROM prescan too many addresses overflow""; flow:to_server,established; content:""MAIL FROM|3A|"",fast_pattern,nocase; pcre:""/^MAIL FROM\x3a\s*[^\n]*?<[^\n]*?<[^\n]*?<[^\n]*?<[^\n]*?<[^\n]*?<[^\n]*?<[^\n]*?<[^\n]*?<[^\n]*?<[^\n]*?<[^\n]*?<[^\n]*?<[^\n]*?<[^\n]*?<[^\n]*?<[^\n]*?<[^\n]*?<[^\n]*?<[^\n]*?<[^\n]*?<[^\n]*?<[^\n]*?<[^\n]*?<[^\n]*?<[^\n]*?<[^\n]*?<[^\n]*?<[^\n]*?<[^\n]*?<[^\n]*?<[^\n]*?<[^\n]*?<[^\n]*?<[^\n]*?<[^\n]*?<[^\n]*?<[^\n]*?<[^\n]*?<[^\n]*?<[^\n]*?<[^\n]*?<[^\n]*?<[^\n]*?<[^\n]*?<[^\n]*?<[^\n]*?<[^\n]*?<[^\n]*?<[^\n]*?<[^\n]*?<[^\n]*?<[^\n]*?<[^\n]*?<[^\n]*?<[^\n]*?<[^\n]*?<[^\n]*?<[^\n]*?<[^\n]*?</ims""; metadata:ruleset community; service:smtp; reference:bugtraq,6991; reference:cve,2002-1337; classtype:attempted-admin; sid:2267; rev:15; ",True,False,False,False,False,INCLUDE_HIGH,E01 supported by rule text/metadata
1624,2268,16,alert,tcp,$EXTERNAL_NET,any,->,$SMTP_SERVERS,25,,attempted-admin,smtp,ruleset community,E01,True," msg:""SERVER-MAIL Sendmail MAIL FROM prescan too long addresses overflow""; flow:to_server,established; content:""MAIL FROM|3A|"",fast_pattern,nocase; pcre:""/^MAIL FROM\x3a\s+[\w\s@\.]{200,}\x3b[\w\s@\.]{200,}\x3b[\w\s@\.]{200}/ims""; metadata:ruleset community; service:smtp; reference:bugtraq,7230; reference:cve,2003-0161; reference:nessus,11499; classtype:attempted-admin; sid:2268; rev:16; ",True,False,False,False,False,INCLUDE_HIGH,E01 supported by rule text/metadata
1625,2269,15,alert,tcp,$EXTERNAL_NET,any,->,$SMTP_SERVERS,25,,attempted-admin,smtp,ruleset community,E01,True," msg:""SERVER-MAIL Sendmail RCPT TO prescan too many addresses overflow""; flow:to_server,established; content:""RCPT TO|3A|"",fast_pattern,nocase; pcre:""/^RCPT TO\x3a\s*[^\n]*?<[^\n]*?<[^\n]*?<[^\n]*?<[^\n]*?<[^\n]*?<[^\n]*?<[^\n]*?<[^\n]*?<[^\n]*?<[^\n]*?<[^\n]*?<[^\n]*?<[^\n]*?<[^\n]*?<[^\n]*?<[^\n]*?<[^\n]*?<[^\n]*?<[^\n]*?<[^\n]*?<[^\n]*?<[^\n]*?<[^\n]*?<[^\n]*?<[^\n]*?<[^\n]*?<[^\n]*?<[^\n]*?<[^\n]*?<[^\n]*?<[^\n]*?<[^\n]*?<[^\n]*?<[^\n]*?<[^\n]*?<[^\n]*?<[^\n]*?<[^\n]*?<[^\n]*?<[^\n]*?<[^\n]*?<[^\n]*?<[^\n]*?<[^\n]*?<[^\n]*?<[^\n]*?<[^\n]*?<[^\n]*?<[^\n]*?<[^\n]*?<[^\n]*?<[^\n]*?<[^\n]*?<[^\n]*?<[^\n]*?<[^\n]*?<[^\n]*?<[^\n]*?<[^\n]*?</ims""; metadata:ruleset community; service:smtp; reference:bugtraq,6991; reference:cve,2002-1337; classtype:attempted-admin; sid:2269; rev:15; ",True,False,False,False,False,INCLUDE_HIGH,E01 supported by rule text/metadata
1626,2270,18,alert,tcp,$EXTERNAL_NET,any,->,$SMTP_SERVERS,25,,attempted-admin,smtp,ruleset community,E01,True," msg:""SERVER-MAIL Sendmail RCPT TO prescan too long addresses overflow""; flow:to_server,established; content:""RCPT TO|3A|"",fast_pattern,nocase; pcre:""/^RCPT TO\x3a\s*[\w\s@\.]{200,}\x3b[\w\s@\.]{200,}\x3b[\w\s@\.]{200}/ims""; metadata:ruleset community; service:smtp; reference:bugtraq,7230; reference:cve,2003-0161; reference:cve,2003-0694; reference:nessus,11499; classtype:attempted-admin; sid:2270; rev:18; ",True,False,False,False,False,INCLUDE_HIGH,E01 supported by rule text/metadata
1628,2272,13,alert,tcp,$EXTERNAL_NET,any,->,$HOME_NET,21,,misc-attack,ftp,ruleset community,E01,True," msg:""PROTOCOL-FTP LIST integer overflow attempt""; flow:to_server,established; content:""LIST"",fast_pattern,nocase; pcre:""/^LIST\s+\x22-W\s+\d+/ims""; metadata:ruleset community; service:ftp; reference:bugtraq,8875; reference:cve,2003-0853; reference:cve,2003-0854; reference:nessus,11912; classtype:misc-attack; sid:2272; rev:13; ",True,False,False,False,False,INCLUDE_HIGH,E01 supported by rule text/metadata
1666,2319,7,alert,tcp,$EXTERNAL_NET,any,->,$HOME_NET,1655,,attempted-admin,,ruleset community,E01,True," msg:""SERVER-OTHER ebola PASS overflow attempt""; flow:to_server,established; content:""PASS"",fast_pattern,nocase; pcre:""/^PASS\s[^\n]{49}/ims""; metadata:ruleset community; reference:bugtraq,9156; classtype:attempted-admin; sid:2319; rev:7; ",True,False,False,False,False,INCLUDE_HIGH,E01 supported by rule text/metadata
1667,2320,7,alert,tcp,$EXTERNAL_NET,any,->,$HOME_NET,1655,,attempted-admin,,ruleset community,E01,True," msg:""SERVER-OTHER ebola USER overflow attempt""; flow:to_server,established; content:""USER"",fast_pattern,nocase; pcre:""/^USER\s[^\n]{49}/ims""; metadata:ruleset community; reference:bugtraq,9156; classtype:attempted-admin; sid:2320; rev:7; ",True,False,False,False,False,INCLUDE_HIGH,E01 supported by rule text/metadata
1676,2329,15,alert,udp,$EXTERNAL_NET,any,->,$SQL_SERVERS,any,,attempted-user,,"policy max-detect-ips drop,ruleset community",E01,True," msg:""SERVER-MSSQL probe response overflow attempt""; flow:to_server; content:""|05|"",depth 1; byte_test:2,>,512,1; content:""|3B|"",distance 0; isdataat:512,relative; content:!""|3B|"",within 512; metadata:policy max-detect-ips drop,ruleset community; reference:bugtraq,9407; reference:cve,2003-0903; reference:nessus,11990; reference:url,technet.microsoft.com/en-us/security/bulletin/MS04-003; classtype:attempted-user; sid:2329; rev:15; ",True,False,False,False,False,INCLUDE_HIGH,E01 supported by rule text/metadata
1677,2330,11,alert,tcp,$EXTERNAL_NET,any,->,$HOME_NET,143,,misc-attack,imap,ruleset community,E01,True," msg:""PROTOCOL-IMAP auth overflow attempt""; flow:to_server,established; content:""AUTH""; isdataat:368,relative; content:!""|0A|"",within 368; metadata:ruleset community; service:imap; reference:bugtraq,8861; reference:cve,2003-1177; reference:nessus,11910; classtype:misc-attack; sid:2330; rev:11; ",True,False,False,False,False,INCLUDE_HIGH,E01 supported by rule text/metadata
1683,2337,23,alert,udp,any,any,->,any,69,,attempted-admin,,"policy max-detect-ips drop,ruleset community",E01,True," msg:""PROTOCOL-TFTP PUT filename overflow attempt""; flow:to_server; content:""|00|"",depth 1; byte_test:1,<,3,0,relative; isdataat:101,relative; content:!""|00|"",within 100,distance 2; metadata:policy max-detect-ips drop,ruleset community; reference:bugtraq,20131; reference:bugtraq,22923; reference:bugtraq,7819; reference:bugtraq,8505; reference:cve,2003-0380; reference:cve,2003-0729; reference:cve,2006-4948; reference:cve,2006-6184; reference:cve,2008-1611; reference:cve,2009-2957; reference:cve,2009-2958; reference:nessus,18264; classtype:attempted-admin; sid:2337; rev:23; ",True,False,False,False,False,INCLUDE_HIGH,E01 supported by rule text/metadata
1684,2338,35,alert,tcp,$EXTERNAL_NET,any,->,$HOME_NET,21,,misc-attack,ftp,"policy max-detect-ips drop,ruleset community",E01,True," msg:""PROTOCOL-FTP LIST buffer overflow attempt""; flow:to_server,established; content:""LIST"",nocase; isdataat:128,relative; pcre:""/^LIST(?!\n)\s[^\n]{128}/ims""; metadata:policy max-detect-ips drop,ruleset community; service:ftp; reference:bugtraq,10181; reference:bugtraq,14339; reference:bugtraq,33454; reference:bugtraq,58247; reference:bugtraq,6869; reference:bugtraq,7251; reference:bugtraq,7861; reference:bugtraq,8486; reference:bugtraq,9675; reference:cve,1999-0349; reference:cve,1999-1510; reference:cve,2000-0129; reference:cve,2004-1992; reference:cve,2005-2373; reference:cve,2007-0019; reference:cve,2009-0351; reference:url,technet.microsoft.com/en-us/security/bulletin/MS99-003; classtype:misc-attack; sid:2338; rev:35; ",True,False,False,False,False,INCLUDE_HIGH,E01 supported by rule text/metadata
1686,2340,15,alert,tcp,$EXTERNAL_NET,any,->,$HOME_NET,21,,attempted-admin,ftp,ruleset community,E01,True," msg:""PROTOCOL-FTP SITE CHMOD overflow attempt""; flow:to_server,established; content:""SITE"",nocase; content:""CHMOD"",distance 0,nocase; isdataat:200,relative; pcre:""/^SITE\s+CHMOD\s[^\n]{200}/ims""; metadata:ruleset community; service:ftp; reference:bugtraq,10181; reference:bugtraq,9483; reference:bugtraq,9675; reference:cve,1999-0838; reference:nessus,12037; classtype:attempted-admin; sid:2340; rev:15; ",True,False,False,False,False,INCLUDE_HIGH,E01 supported by rule text/metadata
1687,2341,13,alert,tcp,$EXTERNAL_NET,any,->,$HTTP_SERVERS,$HTTP_PORTS,,web-application-attack,http,ruleset community,E02,True," msg:""SERVER-WEBAPP DCP-Portal remote file include editor script attempt""; flow:to_server,established; http_uri; content:""/library/editor/editor.php"",fast_pattern,nocase; content:""root=""; metadata:ruleset community; service:http; reference:bugtraq,6525; classtype:web-application-attack; sid:2341; rev:13; ",False,False,False,False,False,REVIEW,candidate from broad triage; direct rule evidence not strong enough for automatic inclusion
1688,2342,13,alert,tcp,$EXTERNAL_NET,any,->,$HTTP_SERVERS,$HTTP_PORTS,,web-application-attack,http,ruleset community,E02,True," msg:""SERVER-WEBAPP DCP-Portal remote file include lib script attempt""; flow:to_server,established; http_uri; content:""/library/lib.php"",fast_pattern,nocase; content:""root=""; metadata:ruleset community; service:http; reference:bugtraq,6525; classtype:web-application-attack; sid:2342; rev:13; ",False,False,False,False,False,REVIEW,candidate from broad triage; direct rule evidence not strong enough for automatic inclusion
1689,2343,14,alert,tcp,$EXTERNAL_NET,any,->,$HOME_NET,21,,attempted-admin,ftp,ruleset community,E01,True," msg:""PROTOCOL-FTP STOR overflow attempt""; flow:to_server,established; content:""STOR"",nocase; isdataat:200,relative; content:!""|0D|"",within 200; content:!""|0A|"",within 200; content:!""|00|"",within 200; metadata:ruleset community; service:ftp; reference:bugtraq,8668; reference:cve,2000-0133; reference:url,exploit-db.com/exploits/39662/; classtype:attempted-admin; sid:2343; rev:14; ",True,False,False,False,False,INCLUDE_HIGH,E01 supported by rule text/metadata
1690,2344,12,alert,tcp,$EXTERNAL_NET,any,->,$HOME_NET,21,,attempted-admin,ftp,ruleset community,E01,True," msg:""PROTOCOL-FTP XCWD overflow attempt""; flow:to_server,established; content:""XCWD"",nocase; isdataat:100,relative; pcre:""/^XCWD(?!\n)\s[^\n]{100}/ims""; metadata:ruleset community; service:ftp; reference:bugtraq,11542; reference:bugtraq,8704; reference:cve,2004-2728; classtype:attempted-admin; sid:2344; rev:12; ",True,False,False,False,False,INCLUDE_HIGH,E01 supported by rule text/metadata
1714,2373,13,alert,tcp,$EXTERNAL_NET,any,->,$HOME_NET,21,,attempted-admin,ftp,ruleset community,E01,True," msg:""PROTOCOL-FTP XMKD overflow attempt""; flow:to_server,established; content:""XMKD"",nocase; isdataat:200,relative; pcre:""/^XMKD(?!\n)\s[^\n]{200}/ims""; metadata:ruleset community; service:ftp; reference:bugtraq,7909; reference:cve,2000-0133; reference:cve,2001-1021; classtype:attempted-admin; sid:2373; rev:13; ",True,False,False,False,False,INCLUDE_HIGH,E01 supported by rule text/metadata
1715,2374,19,alert,tcp,$EXTERNAL_NET,any,->,$HOME_NET,21,,attempted-admin,ftp,ruleset community,E01,True," msg:""PROTOCOL-FTP NLST overflow attempt""; flow:to_server,established; content:""NLST"",nocase; isdataat:200,relative; pcre:""/^NLST(?!\n)\s[^\n]{200}/ims""; metadata:ruleset community; service:ftp; reference:bugtraq,7909; reference:cve,1999-1544; reference:cve,2009-3023; reference:url,technet.microsoft.com/en-us/security/bulletin/MS09-053; reference:url,www.kb.cert.org/vuls/id/276653; classtype:attempted-admin; sid:2374; rev:19; ",True,False,False,False,False,INCLUDE_HIGH,E01 supported by rule text/metadata
1717,2376,9,alert,udp,$EXTERNAL_NET,any,->,$HOME_NET,500,,attempted-admin,,"policy max-detect-ips drop,ruleset community",E01;E02,True," msg:""SERVER-OTHER ISAKMP first payload certificate request length overflow attempt""; flow:to_server; byte_test:4,>,2043,24; content:""|07|"",depth 1,offset 16; byte_test:2,>,2043,30; metadata:policy max-detect-ips drop,ruleset community; reference:bugtraq,9582; reference:cve,2004-0040; classtype:attempted-admin; sid:2376; rev:9; ",True,True,False,False,False,INCLUDE_HIGH,E01;E02 supported by rule text/metadata
1718,2377,9,alert,udp,$EXTERNAL_NET,any,->,$HOME_NET,500,,attempted-admin,,"policy max-detect-ips drop,ruleset community",E01;E02,True," msg:""SERVER-OTHER ISAKMP second payload certificate request length overflow attempt""; flow:to_server; byte_test:4,>,2043,24; content:""|07|"",depth 1,offset 28; byte_jump:2,30; byte_test:2,>,2043,-2,relative; metadata:policy max-detect-ips drop,ruleset community; reference:bugtraq,9582; reference:cve,2004-0040; classtype:attempted-admin; sid:2377; rev:9; ",True,True,False,False,False,INCLUDE_HIGH,E01;E02 supported by rule text/metadata
1719,2378,10,alert,udp,$EXTERNAL_NET,any,->,$HOME_NET,500,,attempted-admin,,"policy max-detect-ips drop,ruleset community",E01;E02,True," msg:""SERVER-OTHER ISAKMP third payload certificate request length overflow attempt""; flow:to_server; byte_test:4,>,2043,24; byte_jump:2,30; content:""|07|"",within 1,distance -4; byte_jump:2,1,relative; byte_test:2,>,2043,-2,relative; metadata:policy max-detect-ips drop,ruleset community; reference:bugtraq,9582; reference:cve,2004-0040; classtype:attempted-admin; sid:2378; rev:10; ",True,True,False,False,False,INCLUDE_HIGH,E01;E02 supported by rule text/metadata
1720,2379,10,alert,udp,$EXTERNAL_NET,any,->,$HOME_NET,500,,attempted-admin,,"policy max-detect-ips drop,ruleset community",E01;E02,True," msg:""SERVER-OTHER ISAKMP forth payload certificate request length overflow attempt""; flow:to_server; byte_test:4,>,2043,24; byte_jump:2,30; byte_jump:2,-2,relative; content:""|07|"",within 1,distance -4; byte_jump:2,1,relative; byte_test:2,>,2043,-2,relative; metadata:policy max-detect-ips drop,ruleset community; reference:bugtraq,9582; reference:cve,2004-0040; classtype:attempted-admin; sid:2379; rev:10; ",True,True,False,False,False,INCLUDE_HIGH,E01;E02 supported by rule text/metadata
1721,2380,10,alert,udp,$EXTERNAL_NET,any,->,$HOME_NET,500,,attempted-admin,,"policy max-detect-ips drop,ruleset community",E01;E02,True," msg:""SERVER-OTHER ISAKMP fifth payload certificate request length overflow attempt""; flow:to_server; byte_test:4,>,2043,24; byte_jump:2,30; byte_jump:2,-2,relative; byte_jump:2,-2,relative; content:""|07|"",within 1,distance -4; byte_jump:2,1,relative; byte_test:2,>,2043,-2,relative; metadata:policy max-detect-ips drop,ruleset community; reference:bugtraq,9582; reference:cve,2004-0040; classtype:attempted-admin; sid:2380; rev:10; ",True,True,False,False,False,INCLUDE_HIGH,E01;E02 supported by rule text/metadata
1722,2386,23,alert,tcp,$EXTERNAL_NET,any,->,$HTTP_SERVERS,$HTTP_PORTS,,attempted-dos,http,ruleset community,E01;E03,True," msg:""SERVER-IIS NTLM ASN1 vulnerability scan attempt""; flow:to_server,established; http_header; content:""Authorization|3A|"",nocase; content:""Negotiate"",within 20,nocase; content:""YIQAAABiBoMAAAYrBgEFBQKgggBTMIFQoA4wDAYKKwYBBAGCNwICCqM"",within 100; metadata:ruleset community; service:http; reference:bugtraq,9633; reference:bugtraq,9635; reference:cve,2003-0818; reference:nessus,12052; reference:nessus,12055; reference:nessus,12065; reference:url,technet.microsoft.com/en-us/security/bulletin/MS04-007; classtype:attempted-dos; sid:2386; rev:23; ",False,False,True,False,False,INCLUDE_HIGH,E03 supported by rule text/metadata
1724,2389,21,alert,tcp,$EXTERNAL_NET,any,->,$HOME_NET,21,,attempted-admin,ftp,"policy max-detect-ips drop,ruleset community",E01,True," msg:""PROTOCOL-FTP RNTO overflow attempt""; flow:to_server,established; content:""RNTO"",nocase; isdataat:200,relative; pcre:""/^RNTO(?!\n)\s[^\n]{200}/ims""; metadata:policy max-detect-ips drop,ruleset community; service:ftp; reference:bugtraq,15457; reference:bugtraq,8315; reference:cve,2000-0133; reference:cve,2001-1021; reference:cve,2003-0466; reference:cve,2005-3683; classtype:attempted-admin; sid:2389; rev:21; ",True,False,False,False,False,INCLUDE_HIGH,E01 supported by rule text/metadata
1725,2390,12,alert,tcp,$EXTERNAL_NET,any,->,$HOME_NET,21,,attempted-admin,ftp,ruleset community,E01,True," msg:""PROTOCOL-FTP STOU overflow attempt""; flow:to_server,established; content:""STOU"",nocase; isdataat:200,relative; pcre:""/^STOU\s[^\n]{200}/ims""; metadata:ruleset community; service:ftp; reference:bugtraq,8315; reference:cve,2003-0466; classtype:attempted-admin; sid:2390; rev:12; ",True,False,False,False,False,INCLUDE_HIGH,E01 supported by rule text/metadata
1726,2391,17,alert,tcp,$EXTERNAL_NET,any,->,$HOME_NET,21,,attempted-admin,ftp,ruleset community,E01,True," msg:""PROTOCOL-FTP APPE overflow attempt""; flow:to_server,established; content:""APPE"",nocase; isdataat:200,relative; pcre:""/^APPE(?!\n)\s[^\n]{200}/ims""; metadata:ruleset community; service:ftp; reference:bugtraq,8315; reference:bugtraq,8542; reference:cve,2000-0133; reference:cve,2003-0466; reference:cve,2003-0772; classtype:attempted-admin; sid:2391; rev:17; ",True,False,False,False,False,INCLUDE_HIGH,E01 supported by rule text/metadata
1727,2392,22,alert,tcp,$EXTERNAL_NET,any,->,$HOME_NET,21,,attempted-admin,ftp,"policy max-detect-ips drop,ruleset community",E01,True," msg:""PROTOCOL-FTP RETR overflow attempt""; flow:to_server,established; content:""RETR"",nocase; isdataat:200,relative; pcre:""/^RETR(?!\n)\s[^\n]{200}/ims""; metadata:policy max-detect-ips drop,ruleset community; service:ftp; reference:bugtraq,15457; reference:bugtraq,23168; reference:bugtraq,8315; reference:cve,2003-0466; reference:cve,2004-0287; reference:cve,2004-0298; reference:cve,2005-3683; classtype:attempted-admin; sid:2392; rev:22; ",True,False,False,False,False,INCLUDE_HIGH,E01 supported by rule text/metadata
1731,2396,16,alert,tcp,$EXTERNAL_NET,any,->,$HTTP_SERVERS,$HTTP_PORTS,,web-application-attack,http,ruleset community,E02,True," msg:""SERVER-WEBAPP CCBill whereami.cgi arbitrary command execution attempt""; flow:to_server,established; http_uri; content:""/whereami.cgi?"",nocase; content:""g="",distance 0,nocase; metadata:ruleset community; service:http; reference:bugtraq,8095; reference:url,secunia.com/advisories/9191/; classtype:web-application-attack; sid:2396; rev:16; ",False,True,False,False,False,INCLUDE_HIGH,E02 supported by rule text/metadata
1736,2401,13,alert,tcp,$EXTERNAL_NET,any,->,$HOME_NET,139,,protocol-command-decode,,ruleset community,E01;E04,True," msg:""NETBIOS SMB Session Setup andx username overflow attempt""; flow:stateless; content:""|00|"",depth 1; content:""|FF|SMB"",within 4,distance 3; pcre:""/^(\x75|\x2d|\x2f|\x73|\xa2|\x2e|\x24|\x74)/Rs""; byte_test:1,!&,128,6,relative; content:""s"",depth 1,offset 39; byte_jump:2,0,relative,little; byte_test:4,!&,2147483648,21,relative,little; content:!""|00|"",within 255,distance 29; metadata:ruleset community; reference:bugtraq,9752; reference:cve,2004-0193; reference:url,www.eeye.com/html/Research/Advisories/AD20040226.html; classtype:protocol-command-decode; sid:2401; rev:13; ",True,False,False,True,False,INCLUDE_HIGH,E01;E04 supported by rule text/metadata
1737,2402,10,alert,tcp,$EXTERNAL_NET,any,->,$HOME_NET,445,,protocol-command-decode,netbios-ssn,ruleset community,E01;E04,True," msg:""NETBIOS SMB-DS Session Setup andx username overflow attempt""; flow:stateless; content:""|00|"",depth 1; content:""|FF|SMB"",within 4,distance 3; pcre:""/^(\x75|\x2d|\x2f|\x73|\xa2|\x2e|\x24|\x74)/Rs""; byte_test:1,!&,128,6,relative; content:""s"",depth 1,offset 39; byte_jump:2,0,relative,little; byte_test:4,!&,2147483648,21,relative,little; content:!""|00|"",within 255,distance 29; metadata:ruleset community; service:netbios-ssn; reference:bugtraq,9752; reference:cve,2004-0193; reference:url,www.eeye.com/html/Research/Advisories/AD20040226.html; classtype:protocol-command-decode; sid:2402; rev:10; ",True,False,False,True,False,INCLUDE_HIGH,E01;E04 supported by rule text/metadata
1738,2403,14,alert,tcp,$EXTERNAL_NET,any,->,$HOME_NET,139,,protocol-command-decode,,ruleset community,E01;E04,True," msg:""NETBIOS SMB Session Setup unicode username overflow attempt""; flow:stateless; content:""|00|"",depth 1; content:""|FF|SMBs"",within 5,distance 3; byte_test:1,&,128,6,relative; pcre:""/^.{27}/Rs""; byte_test:4,!&,2147483648,21,relative,little; content:!""|00 00|"",within 510,distance 29; metadata:ruleset community; reference:bugtraq,9752; reference:cve,2004-0193; reference:url,www.eeye.com/html/Research/Advisories/AD20040226.html; classtype:protocol-command-decode; sid:2403; rev:14; ",True,False,False,True,False,INCLUDE_HIGH,E01;E04 supported by rule text/metadata
1739,2404,11,alert,tcp,$EXTERNAL_NET,any,->,$HOME_NET,445,,protocol-command-decode,netbios-ssn,ruleset community,E01;E04,True," msg:""NETBIOS SMB-DS Session Setup unicode andx username overflow attempt""; flow:stateless; content:""|00|"",depth 1; content:""|FF|SMB"",within 4,distance 3; pcre:""/^(\x75|\x2d|\x2f|\x73|\xa2|\x2e|\x24|\x74)/Rs""; byte_test:1,&,128,6,relative; content:""s"",depth 1,offset 39; byte_jump:2,0,relative,little; byte_test:4,!&,2147483648,21,relative,little; content:!""|00 00|"",within 510,distance 29; metadata:ruleset community; service:netbios-ssn; reference:bugtraq,9752; reference:cve,2004-0193; reference:url,www.eeye.com/html/Research/Advisories/AD20040226.html; classtype:protocol-command-decode; sid:2404; rev:11; ",True,False,False,True,False,INCLUDE_HIGH,E01;E04 supported by rule text/metadata
1744,2409,11,alert,tcp,$EXTERNAL_NET,any,->,$HOME_NET,110,,attempted-admin,pop3,ruleset community,E01,True," msg:""PROTOCOL-POP APOP USER overflow attempt""; flow:to_server,established; content:""APOP"",nocase; isdataat:256,relative; pcre:""/^APOP\s+USER\s[^\n]{256}/ims""; metadata:ruleset community; service:pop3; reference:bugtraq,9794; reference:cve,2004-2375; classtype:attempted-admin; sid:2409; rev:11; ",True,False,False,False,False,INCLUDE_HIGH,E01 supported by rule text/metadata
1746,2411,16,alert,tcp,$EXTERNAL_NET,any,->,$HOME_NET,554,,web-application-attack,,ruleset community,E01,True," msg:""SERVER-WEBAPP RealNetworks RealSystem Server DESCRIBE buffer overflow attempt""; flow:to_server,established; content:""DESCRIBE"",nocase; content:""../"",distance 1; pcre:""/^DESCRIBE\s[^\n]{300}/ims""; metadata:ruleset community; reference:bugtraq,8476; reference:cve,2003-0725; reference:nessus,11642; reference:url,www.service.real.com/help/faq/security/rootexploit091103.html; classtype:web-application-attack; sid:2411; rev:16; ",True,False,False,False,False,INCLUDE_HIGH,E01 supported by rule text/metadata
1747,2412,9,alert,tcp,$HOME_NET,any,->,$EXTERNAL_NET,any,,successful-user,,ruleset community,E02,True," msg:""INDICATOR-COMPROMISE successful cross site scripting forced download attempt""; flow:to_server,established; content:""|0A|Referer|3A| res|3A|/C|3A|""; metadata:ruleset community; classtype:successful-user; sid:2412; rev:9; ",False,False,False,False,False,REVIEW,candidate from broad triage; direct rule evidence not strong enough for automatic inclusion
1750,2415,16,alert,udp,$EXTERNAL_NET,any,->,$HOME_NET,500,,misc-attack,,"policy max-detect-ips drop,ruleset community",E02,True," msg:""SERVER-OTHER ISAKMP second payload initial contact notification without SPI attempt""; flow:to_server; content:""|0B|"",depth 1,offset 28; byte_jump:2,30; content:""|00 0C 00 00 00 01 01 00|`|02|"",within 10,distance -2; metadata:policy max-detect-ips drop,ruleset community; reference:bugtraq,9416; reference:bugtraq,9417; reference:cve,2004-0164; classtype:misc-attack; sid:2415; rev:16; ",False,True,False,False,False,INCLUDE_HIGH,E02 supported by rule text/metadata
1753,2418,10,alert,tcp,$EXTERNAL_NET,any,->,$HOME_NET,3389,,attempted-dos,,ruleset community,E05,True," msg:""POLICY-OTHER Microsoft Windows Terminal Server no encryption session initiation attempt""; flow:to_server,established; content:""|03 00 01|"",depth 3; content:""|00|"",depth 1,offset 288; metadata:ruleset community; reference:cve,2001-0663; reference:url,technet.microsoft.com/en-us/security/bulletin/MS01-052; classtype:attempted-dos; sid:2418; rev:10; ",False,False,False,False,False,REVIEW,candidate from broad triage; direct rule evidence not strong enough for automatic inclusion
1758,2424,13,alert,tcp,$EXTERNAL_NET,any,->,$HOME_NET,119,,attempted-admin,,ruleset community,E01,True," msg:""PROTOCOL-NNTP sendsys overflow attempt""; flow:to_server,established; content:""sendsys"",fast_pattern,nocase; pcre:""/^sendsys\x3a[^\n]{21}/ims""; metadata:ruleset community; reference:bugtraq,9382; reference:cve,2004-0045; reference:nessus,11984; classtype:attempted-admin; sid:2424; rev:13; ",True,False,False,False,False,INCLUDE_HIGH,E01 supported by rule text/metadata
1759,2425,13,alert,tcp,$EXTERNAL_NET,any,->,$HOME_NET,119,,attempted-admin,,ruleset community,E01,True," msg:""PROTOCOL-NNTP senduuname overflow attempt""; flow:to_server,established; content:""senduuname"",fast_pattern,nocase; pcre:""/^senduuname\x3a[^\n]{21}/ims""; metadata:ruleset community; reference:bugtraq,9382; reference:cve,2004-0045; reference:nessus,11984; classtype:attempted-admin; sid:2425; rev:13; ",True,False,False,False,False,INCLUDE_HIGH,E01 supported by rule text/metadata
1760,2426,13,alert,tcp,$EXTERNAL_NET,any,->,$HOME_NET,119,,attempted-admin,,ruleset community,E01,True," msg:""PROTOCOL-NNTP version overflow attempt""; flow:to_server,established; content:""version"",fast_pattern,nocase; pcre:""/^version\x3a[^\n]{21}/ims""; metadata:ruleset community; reference:bugtraq,9382; reference:cve,2004-0045; reference:nessus,11984; classtype:attempted-admin; sid:2426; rev:13; ",True,False,False,False,False,INCLUDE_HIGH,E01 supported by rule text/metadata
1761,2427,13,alert,tcp,$EXTERNAL_NET,any,->,$HOME_NET,119,,attempted-admin,,ruleset community,E01,True," msg:""PROTOCOL-NNTP checkgroups overflow attempt""; flow:to_server,established; content:""checkgroups"",fast_pattern,nocase; pcre:""/^checkgroups\x3a[^\n]{21}/ims""; metadata:ruleset community; reference:bugtraq,9382; reference:cve,2004-0045; reference:nessus,11984; classtype:attempted-admin; sid:2427; rev:13; ",True,False,False,False,False,INCLUDE_HIGH,E01 supported by rule text/metadata
1762,2428,13,alert,tcp,$EXTERNAL_NET,any,->,$HOME_NET,119,,attempted-admin,,ruleset community,E01,True," msg:""PROTOCOL-NNTP ihave overflow attempt""; flow:to_server,established; content:""ihave"",fast_pattern,nocase; pcre:""/^ihave\x3a[^\n]{21}/ims""; metadata:ruleset community; reference:bugtraq,9382; reference:cve,2004-0045; reference:nessus,11984; classtype:attempted-admin; sid:2428; rev:13; ",True,False,False,False,False,INCLUDE_HIGH,E01 supported by rule text/metadata
1763,2429,13,alert,tcp,$EXTERNAL_NET,any,->,$HOME_NET,119,,attempted-admin,,ruleset community,E01,True," msg:""PROTOCOL-NNTP sendme overflow attempt""; flow:to_server,established; content:""sendme"",fast_pattern,nocase; pcre:""/^sendme\x3a[^\n]{21}/ims""; metadata:ruleset community; reference:bugtraq,9382; reference:cve,2004-0045; reference:nessus,11984; classtype:attempted-admin; sid:2429; rev:13; ",True,False,False,False,False,INCLUDE_HIGH,E01 supported by rule text/metadata
1764,2430,15,alert,tcp,$EXTERNAL_NET,any,->,$HOME_NET,119,,attempted-admin,nntp,ruleset community,E01,True," msg:""PROTOCOL-NNTP newgroup overflow attempt""; flow:to_server,established; content:""newgroup"",fast_pattern,nocase; pcre:""/^newgroup\x3a[^\n]{32}/ims""; metadata:ruleset community; service:nntp; reference:bugtraq,9382; reference:cve,2004-0045; reference:nessus,11984; classtype:attempted-admin; sid:2430; rev:15; ",True,False,False,False,False,INCLUDE_HIGH,E01 supported by rule text/metadata
1765,2431,15,alert,tcp,$EXTERNAL_NET,any,->,$HOME_NET,119,,attempted-admin,nntp,ruleset community,E01,True," msg:""PROTOCOL-NNTP rmgroup overflow attempt""; flow:to_server,established; content:""rmgroup"",fast_pattern,nocase; pcre:""/^rmgroup\x3a[^\n]{32}/ims""; metadata:ruleset community; service:nntp; reference:bugtraq,9382; reference:cve,2004-0045; reference:nessus,11984; classtype:attempted-admin; sid:2431; rev:15; ",True,False,False,False,False,INCLUDE_HIGH,E01 supported by rule text/metadata
1767,2433,13,alert,tcp,$EXTERNAL_NET,any,->,$HOME_NET,3000,,web-application-attack,http,"policy max-detect-ips drop,ruleset community",E01,True," msg:""SERVER-WEBAPP MDaemon form2raw.cgi overflow attempt""; flow:to_server,established; content:""/form2raw.cgi"",fast_pattern,nocase; pcre:""/\Wfrom=[^\x3b&\n]{100}/is""; metadata:policy max-detect-ips drop,ruleset community; service:http; reference:bugtraq,9317; reference:cve,2003-1200; reference:url,secunia.com/advisories/10512/; classtype:web-application-attack; sid:2433; rev:13; ",True,False,False,False,False,INCLUDE_HIGH,E01 supported by rule text/metadata
1771,2438,24,alert,tcp,$EXTERNAL_NET,$FILE_DATA_PORTS,->,$HOME_NET,any,,attempted-user,"ftp-data,http,imap,pop3","policy max-detect-ips drop,ruleset community",E01,True," msg:""FILE-MULTIMEDIA RealNetworks RealPlayer playlist file URL overflow attempt""; flow:to_client,established; flowbits:isset,file.realplayer.playlist; file_data; content:""file|3A|//"",nocase; pcre:""/^file\x3a\x2f\x2f[^\n]{400}/ims""; metadata:policy max-detect-ips drop,ruleset community; service:ftp-data,http,imap,pop3; reference:bugtraq,13264; reference:bugtraq,9579; reference:cve,2004-0258; reference:cve,2004-0550; reference:cve,2005-0755; classtype:attempted-user; gid:1; sid:2438; rev:24; ",True,False,False,False,False,INCLUDE_HIGH,E01 supported by rule text/metadata
1772,2439,24,alert,tcp,$EXTERNAL_NET,$FILE_DATA_PORTS,->,$HOME_NET,any,,attempted-user,"ftp-data,http,imap,pop3","policy max-detect-ips drop,ruleset community",E01,True," msg:""FILE-MULTIMEDIA RealNetworks RealPlayer playlist http URL overflow attempt""; flow:to_client,established; flowbits:isset,file.realplayer.playlist; file_data; content:""http|3A|//"",nocase; pcre:""/^http\x3a\x2f\x2f[^\n]{400}/ims""; metadata:policy max-detect-ips drop,ruleset community; service:ftp-data,http,imap,pop3; reference:bugtraq,13264; reference:bugtraq,9579; reference:cve,2004-0258; reference:cve,2004-0550; reference:cve,2005-0755; classtype:attempted-user; gid:1; sid:2439; rev:24; ",True,False,False,False,False,INCLUDE_HIGH,E01 supported by rule text/metadata
1773,2440,24,alert,tcp,$EXTERNAL_NET,$FILE_DATA_PORTS,->,$HOME_NET,any,,attempted-user,"ftp-data,http,imap,pop3","policy max-detect-ips drop,ruleset community",E01,True," msg:""FILE-MULTIMEDIA RealNetworks RealPlayer playlist rtsp URL overflow attempt""; flow:to_client,established; flowbits:isset,file.realplayer.playlist; file_data; content:""rtsp|3A|//"",nocase; pcre:""/^http\x3a\x2f\x2f[^\n]{400}/ims""; metadata:policy max-detect-ips drop,ruleset community; service:ftp-data,http,imap,pop3; reference:bugtraq,13264; reference:bugtraq,9579; reference:cve,2004-0258; reference:cve,2004-0550; reference:cve,2005-0755; classtype:attempted-user; gid:1; sid:2440; rev:24; ",True,False,False,False,False,INCLUDE_HIGH,E01 supported by rule text/metadata
1775,2446,16,alert,udp,any,4000,->,any,any,,misc-attack,,"policy max-detect-ips drop,ruleset community",E01;E04,True," msg:""SERVER-OTHER ICQ SRV_MULTI/SRV_META_USER overflow attempt - ISS Witty Worm""; flow:to_server; content:""|05 00|"",depth 2; content:""|12 02|"",within 2,distance 5; byte_test:1,>,1,12,relative; content:""|05 00|""; content:""n|00|"",within 2,distance 5; content:""|05 00|""; content:""|DE 03|"",within 2,distance 5; byte_test:2,>,512,-11,relative,little; metadata:policy max-detect-ips drop,ruleset community; reference:cve,2004-0362; reference:url,www.eeye.com/html/Research/Advisories/AD20040318.html; classtype:misc-attack; sid:2446; rev:16; ",True,False,False,True,False,INCLUDE_HIGH,E01;E04 supported by rule text/metadata
1778,2449,12,alert,tcp,$EXTERNAL_NET,any,->,$HOME_NET,21,,attempted-admin,ftp,ruleset community,E01,True," msg:""PROTOCOL-FTP ALLO overflow attempt""; flow:to_server,established; content:""ALLO"",nocase; isdataat:200,relative; pcre:""/^ALLO(?!\n)\s[^\n]{200}/ims""; metadata:ruleset community; service:ftp; reference:bugtraq,9953; reference:cve,2004-1883; reference:nessus,14598; classtype:attempted-admin; sid:2449; rev:12; ",True,False,False,False,False,INCLUDE_HIGH,E01 supported by rule text/metadata
1791,2462,10,alert,ip,any,any,->,any,any,,attempted-admin,,ruleset community,E01,True," msg:""SERVER-OTHER Ethereal IGMP IGAP account overflow attempt""; ip_proto:2; byte_test:1,>,63,0; byte_test:1,<,67,0; byte_test:1,>,16,12; metadata:ruleset community; reference:bugtraq,9952; reference:cve,2004-0176; reference:cve,2004-0367; classtype:attempted-admin; sid:2462; rev:10; ",True,False,False,False,False,INCLUDE_HIGH,E01 supported by rule text/metadata
1792,2463,10,alert,ip,any,any,->,any,any,,attempted-admin,,ruleset community,E01,True," msg:""SERVER-OTHER Ethereal IGMP IGAP message overflow attempt""; ip_proto:2; byte_test:1,>,63,0; byte_test:1,<,67,0; byte_test:1,>,64,13; metadata:ruleset community; reference:bugtraq,9952; reference:cve,2004-0176; reference:cve,2004-0367; classtype:attempted-admin; sid:2463; rev:10; ",True,False,False,False,False,INCLUDE_HIGH,E01 supported by rule text/metadata
1793,2464,10,alert,ip,any,any,->,any,any,,attempted-admin,,ruleset community,E01,True," msg:""SERVER-OTHER Ethereal EIGRP prefix length overflow attempt""; ip_proto:88; byte_test:1,>,32,44; metadata:ruleset community; reference:bugtraq,9952; reference:cve,2004-0176; reference:cve,2004-0367; classtype:attempted-admin; sid:2464; rev:10; ",True,False,False,False,False,INCLUDE_HIGH,E01 supported by rule text/metadata
1794,2474,10,alert,tcp,$EXTERNAL_NET,any,->,$HOME_NET,445,,protocol-command-decode,netbios-ssn,ruleset community,E04,True," msg:""NETBIOS SMB-DS ADMIN$ share access""; flow:to_server,established; content:""|00|"",depth 1; content:""|FF|SMBu"",within 5,distance 3; byte_test:1,!&,128,6,relative; pcre:""/^.{27}/R""; byte_jump:2,7,relative,little; content:""ADMIN|24 00|"",distance 2,nocase; metadata:ruleset community; service:netbios-ssn; classtype:protocol-command-decode; sid:2474; rev:10; ",False,False,False,True,False,INCLUDE_HIGH,E04 supported by rule text/metadata
1797,2486,14,alert,udp,$EXTERNAL_NET,any,->,$HOME_NET,500,,attempted-dos,,"policy max-detect-ips drop,ruleset community",E02,True," msg:""SERVER-OTHER ISAKMP invalid identification payload attempt""; flow:to_server; content:""|05|"",depth 1,offset 16; byte_test:1,!&,1,19; byte_test:1,>,8,32; byte_test:2,>,0,30; byte_test:2,<,10,30; byte_test:2,!=,8,30; metadata:policy max-detect-ips drop,ruleset community; reference:bugtraq,10004; reference:cve,2004-0184; classtype:attempted-dos; sid:2486; rev:14; ",False,True,False,False,False,INCLUDE_HIGH,E02 supported by rule text/metadata
1798,2487,17,alert,tcp,$EXTERNAL_NET,any,->,$SMTP_SERVERS,25,,attempted-user,smtp,ruleset community,E01,True," msg:""SERVER-MAIL WinZip MIME content-type buffer overflow""; flow:to_server,established; content:""Content-Type|3A|"",fast_pattern,nocase; pcre:""/name=[^\r\n]*?\.(mim|uue|uu|b64|bhx|hqx|xxe)/ims""; pcre:""/(name|id|number|total|boundary)=\s*[^\r\n\x3b\s\x2c]{300}/ims""; metadata:ruleset community; service:smtp; reference:bugtraq,9758; reference:cve,2004-0333; reference:nessus,12621; classtype:attempted-user; sid:2487; rev:17; ",True,False,False,False,False,INCLUDE_HIGH,E01 supported by rule text/metadata
1799,2488,18,alert,tcp,$EXTERNAL_NET,any,->,$SMTP_SERVERS,25,,attempted-user,smtp,ruleset community,E01,True," msg:""SERVER-MAIL WinZip MIME content-disposition buffer overflow""; flow:to_server,established; content:""Content-Type|3A|"",fast_pattern,nocase; pcre:""/name=[^\r\n]*?\.(mim|uue|uu|b64|bhx|hqx|xxe)/ims""; content:""Content-Disposition|3A|"",nocase; pcre:""/name=\s*[^\r\n\x3b\s\x2c]{300}/ims""; metadata:ruleset community; service:smtp; reference:bugtraq,9758; reference:cve,2004-0333; reference:nessus,12621; classtype:attempted-user; sid:2488; rev:18; ",True,False,False,False,False,INCLUDE_HIGH,E01 supported by rule text/metadata
1800,2489,9,alert,tcp,$EXTERNAL_NET,any,->,$HOME_NET,80,,attempted-admin,,ruleset community,E01,True," msg:""SERVER-OTHER esignal STREAMQUOTE buffer overflow attempt""; flow:to_server,established; content:""<STREAMQUOTE>"",nocase; isdataat:1040,relative; content:!""</STREAMQUOTE>"",within 1040,nocase; metadata:ruleset community; reference:bugtraq,9978; reference:cve,2004-1868; classtype:attempted-admin; sid:2489; rev:9; ",True,False,False,False,False,INCLUDE_HIGH,E01 supported by rule text/metadata
1801,2490,7,alert,tcp,$EXTERNAL_NET,any,->,$HOME_NET,80,,attempted-admin,,ruleset community,E01,True," msg:""SERVER-OTHER esignal SNAPQUOTE buffer overflow attempt""; flow:to_server,established; content:""<SNAPQUOTE>"",nocase; isdataat:1024,relative; content:!""</SNAPQUOTE>"",within 1052,nocase; metadata:ruleset community; reference:bugtraq,9978; reference:cve,2004-1868; classtype:attempted-admin; sid:2490; rev:7; ",True,False,False,False,False,INCLUDE_HIGH,E01 supported by rule text/metadata
1802,2508,24,alert,tcp,$EXTERNAL_NET,any,->,$HOME_NET,"[135,139,445,593,1024:]",,attempted-admin,netbios-ssn,"policy max-detect-ips drop,ruleset community",E01,True," msg:""OS-WINDOWS DCERPC NCACN-IP-TCP lsass DsRolerUpgradeDownlevelServer overflow attempt""; flow:to_server,established; dce_iface:uuid 3919286a-b10c-11d0-9ba8-00c04fd92ef5; dce_opnum:""9""; dce_stub_data; byte_test:4,>,256,0,dce; metadata:policy max-detect-ips drop,ruleset community; service:netbios-ssn; reference:bugtraq,10108; reference:cve,2003-0533; reference:nessus,12205; reference:url,technet.microsoft.com/en-us/security/bulletin/MS04-011; classtype:attempted-admin; sid:2508; rev:24; ",True,False,False,True,False,INCLUDE_HIGH,E01 supported by rule text/metadata
1803,2511,22,alert,udp,$EXTERNAL_NET,any,->,$HOME_NET,"[135,138,1024:]",,attempted-admin,netbios-dgm,"policy max-detect-ips drop,ruleset community",E01,True," msg:""OS-WINDOWS DCERPC NCADG-IP-UDP lsass DsRolerUpgradeDownlevelServer overflow attempt""; dce_iface:uuid 3919286a-b10c-11d0-9ba8-00c04fd92ef5; dce_opnum:""9""; dce_stub_data; byte_test:4,>,256,0,dce; metadata:policy max-detect-ips drop,ruleset community; service:netbios-dgm; reference:bugtraq,10108; reference:cve,2003-0533; reference:nessus,12205; reference:url,technet.microsoft.com/en-us/security/bulletin/MS04-011; classtype:attempted-admin; sid:2511; rev:22; ",True,False,False,True,False,INCLUDE_HIGH,E01 supported by rule text/metadata
1805,2545,7,alert,tcp,$EXTERNAL_NET,any,->,$HOME_NET,548,,attempted-admin,,ruleset community,E01,True," msg:""SERVER-OTHER AFP FPLoginExt username buffer overflow attempt""; flow:to_server,established; content:""|00 02|"",depth 2; content:""?"",within 1,distance 14; content:""cleartxt passwrd"",nocase; byte_jump:2,1,relative; byte_jump:2,1,relative; isdataat:2,relative; metadata:ruleset community; reference:bugtraq,10271; reference:cve,2004-0430; reference:url,www.atstake.com/research/advisories/2004/a050304-1.txt; classtype:attempted-admin; sid:2545; rev:7; ",True,False,False,False,False,INCLUDE_HIGH,E01 supported by rule text/metadata
1806,2546,14,alert,tcp,$EXTERNAL_NET,any,->,$HOME_NET,21,,attempted-admin,ftp,ruleset community,E01,True," msg:""PROTOCOL-FTP MDTM overflow attempt""; flow:to_server,established; content:""MDTM"",nocase; isdataat:100,relative; pcre:""/^MDTM(?!\n)\s[^\n]{100}/ims""; metadata:ruleset community; service:ftp; reference:bugtraq,9751; reference:cve,2001-1021; reference:cve,2004-0330; reference:nessus,12080; classtype:attempted-admin; sid:2546; rev:14; ",True,False,False,False,False,INCLUDE_HIGH,E01 supported by rule text/metadata
1807,2547,11,alert,tcp,$EXTERNAL_NET,any,->,$HOME_NET,$HTTP_PORTS,,web-application-activity,http,ruleset community,E02,True," msg:""SERVER-OTHER HP Web JetAdmin remote file upload attempt""; flow:to_server,established; http_uri; content:""/plugins/hpjwja/script/devices_update_printer_fw_upload.hts"",fast_pattern,nocase; metadata:ruleset community; service:http; reference:bugtraq,9971; reference:cve,2004-1856; classtype:web-application-activity; sid:2547; rev:11; ",False,False,False,False,False,REVIEW,candidate from broad triage; direct rule evidence not strong enough for automatic inclusion
1808,2548,10,alert,tcp,$EXTERNAL_NET,any,->,$HOME_NET,$HTTP_PORTS,,web-application-activity,http,"policy max-detect-ips drop,ruleset community",E02,True," msg:""SERVER-OTHER HP Web JetAdmin setinfo access attempt""; flow:to_server,established; http_uri; content:""/plugins/hpjdwm/script/test/setinfo.hts"",fast_pattern,nocase; metadata:policy max-detect-ips drop,ruleset community; service:http; reference:bugtraq,9972; reference:cve,2004-1856; reference:cve,2004-1857; reference:nessus,12120; classtype:web-application-activity; sid:2548; rev:10; ",False,False,False,False,False,REVIEW,candidate from broad triage; direct rule evidence not strong enough for automatic inclusion
1809,2549,7,alert,tcp,$EXTERNAL_NET,any,->,$HOME_NET,$HTTP_PORTS,,web-application-activity,http,"policy max-detect-ips drop,ruleset community",E02,True," msg:""SERVER-OTHER HP Web JetAdmin file write attempt""; flow:to_server,established; http_uri; content:""/plugins/framework/script/tree.xms"",fast_pattern,nocase; http_client_body; content:""WriteToFile"",nocase; metadata:policy max-detect-ips drop,ruleset community; service:http; reference:bugtraq,9973; classtype:web-application-activity; sid:2549; rev:7; ",False,False,False,False,False,REVIEW,candidate from broad triage; direct rule evidence not strong enough for automatic inclusion
1810,2550,10,alert,tcp,$EXTERNAL_NET,$FILE_DATA_PORTS,->,$HOME_NET,any,,attempted-user,"ftp-data,http,imap,pop3","policy max-detect-ips drop,ruleset community",E01,True," msg:""FILE-OTHER Nullsoft Winamp XM file buffer overflow attempt""; flow:to_client,established; flowbits:isset,file.xm; file_data; content:""Extended Module|3A 20|"",nocase; byte_test:1,!=,26,20,relative; metadata:policy max-detect-ips drop,ruleset community; service:ftp-data,http,imap,pop3; reference:cve,2004-1896; reference:url,www.securityfocus.com/bid/10045; classtype:attempted-user; sid:2550; rev:10; ",True,False,False,False,False,INCLUDE_HIGH,E01 supported by rule text/metadata
1811,2551,8,alert,tcp,$EXTERNAL_NET,any,->,$HOME_NET,7777:7778,,attempted-admin,,"policy max-detect-ips drop,policy security-ips drop,ruleset community",E01,True," msg:""SERVER-OTHER Oracle Web Cache GET overflow attempt""; flow:to_server,established; content:""GET""; pcre:""/^GET[^s]{432}/ms""; metadata:policy max-detect-ips drop,policy security-ips drop,ruleset community; reference:bugtraq,9868; reference:cve,2004-0385; reference:nessus,12126; classtype:attempted-admin; sid:2551; rev:8; ",True,False,False,False,False,INCLUDE_HIGH,E01 supported by rule text/metadata
1812,2552,8,alert,tcp,$EXTERNAL_NET,any,->,$HOME_NET,7777:7778,,attempted-admin,,"policy max-detect-ips drop,policy security-ips drop,ruleset community",E01,True," msg:""SERVER-OTHER Oracle Web Cache HEAD overflow attempt""; flow:to_server,established; content:""HEAD""; pcre:""/^HEAD[^s]{432}/ms""; metadata:policy max-detect-ips drop,policy security-ips drop,ruleset community; reference:bugtraq,9868; reference:cve,2004-0385; reference:nessus,12126; classtype:attempted-admin; sid:2552; rev:8; ",True,False,False,False,False,INCLUDE_HIGH,E01 supported by rule text/metadata
1813,2553,8,alert,tcp,$EXTERNAL_NET,any,->,$HOME_NET,7777:7778,,attempted-admin,,"policy max-detect-ips drop,policy security-ips drop,ruleset community",E01,True," msg:""SERVER-OTHER Oracle Web Cache PUT overflow attempt""; flow:to_server,established; content:""PUT""; pcre:""/^PUT[^s]{432}/ms""; metadata:policy max-detect-ips drop,policy security-ips drop,ruleset community; reference:bugtraq,9868; reference:cve,2004-0385; reference:nessus,12126; classtype:attempted-admin; sid:2553; rev:8; ",True,False,False,False,False,INCLUDE_HIGH,E01 supported by rule text/metadata
1814,2554,8,alert,tcp,$EXTERNAL_NET,any,->,$HOME_NET,7777:7778,,attempted-admin,,"policy max-detect-ips drop,policy security-ips drop,ruleset community",E01,True," msg:""SERVER-OTHER Oracle Web Cache POST overflow attempt""; flow:to_server,established; content:""POST""; pcre:""/^POST[^s]{432}/ms""; metadata:policy max-detect-ips drop,policy security-ips drop,ruleset community; reference:bugtraq,9868; reference:cve,2004-0385; reference:nessus,12126; classtype:attempted-admin; sid:2554; rev:8; ",True,False,False,False,False,INCLUDE_HIGH,E01 supported by rule text/metadata
1815,2555,8,alert,tcp,$EXTERNAL_NET,any,->,$HOME_NET,7777:7778,,attempted-admin,,"policy max-detect-ips drop,policy security-ips drop,ruleset community",E01,True," msg:""SERVER-OTHER Oracle Web Cache TRACE overflow attempt""; flow:to_server,established; content:""TRACE""; pcre:""/^TRACE[^s]{432}/ms""; metadata:policy max-detect-ips drop,policy security-ips drop,ruleset community; reference:bugtraq,9868; reference:cve,2004-0385; reference:nessus,12126; classtype:attempted-admin; sid:2555; rev:8; ",True,False,False,False,False,INCLUDE_HIGH,E01 supported by rule text/metadata
1816,2556,8,alert,tcp,$EXTERNAL_NET,any,->,$HOME_NET,7777:7778,,attempted-admin,,"policy max-detect-ips drop,policy security-ips drop,ruleset community",E01,True," msg:""SERVER-OTHER Oracle Web Cache DELETE overflow attempt""; flow:to_server,established; content:""DELETE""; pcre:""/^DELETE[^s]{432}/ms""; metadata:policy max-detect-ips drop,policy security-ips drop,ruleset community; reference:bugtraq,9868; reference:cve,2004-0385; reference:nessus,12126; classtype:attempted-admin; sid:2556; rev:8; ",True,False,False,False,False,INCLUDE_HIGH,E01 supported by rule text/metadata
1817,2557,8,alert,tcp,$EXTERNAL_NET,any,->,$HOME_NET,7777:7778,,attempted-admin,,"policy max-detect-ips drop,policy security-ips drop,ruleset community",E01,True," msg:""SERVER-OTHER Oracle Web Cache LOCK overflow attempt""; flow:to_server,established; content:""LOCK""; pcre:""/^LOCK[^s]{432}/ms""; metadata:policy max-detect-ips drop,policy security-ips drop,ruleset community; reference:bugtraq,9868; reference:cve,2004-0385; reference:nessus,12126; classtype:attempted-admin; sid:2557; rev:8; ",True,False,False,False,False,INCLUDE_HIGH,E01 supported by rule text/metadata
1818,2558,8,alert,tcp,$EXTERNAL_NET,any,->,$HOME_NET,7777:7778,,attempted-admin,,"policy max-detect-ips drop,policy security-ips drop,ruleset community",E01,True," msg:""SERVER-OTHER Oracle Web Cache MKCOL overflow attempt""; flow:to_server,established; content:""MKCOL""; pcre:""/^MKCOL[^s]{432}/ms""; metadata:policy max-detect-ips drop,policy security-ips drop,ruleset community; reference:bugtraq,9868; reference:cve,2004-0385; reference:nessus,12126; classtype:attempted-admin; sid:2558; rev:8; ",True,False,False,False,False,INCLUDE_HIGH,E01 supported by rule text/metadata
1819,2559,8,alert,tcp,$EXTERNAL_NET,any,->,$HOME_NET,7777:7778,,attempted-admin,,"policy max-detect-ips drop,policy security-ips drop,ruleset community",E01,True," msg:""SERVER-OTHER Oracle Web Cache COPY overflow attempt""; flow:to_server,established; content:""COPY""; pcre:""/^COPY[^s]{432}/ms""; metadata:policy max-detect-ips drop,policy security-ips drop,ruleset community; reference:bugtraq,9868; reference:cve,2004-0385; reference:nessus,12126; classtype:attempted-admin; sid:2559; rev:8; ",True,False,False,False,False,INCLUDE_HIGH,E01 supported by rule text/metadata
1820,2560,8,alert,tcp,$EXTERNAL_NET,any,->,$HOME_NET,7777:7778,,attempted-admin,,"policy max-detect-ips drop,policy security-ips drop,ruleset community",E01,True," msg:""SERVER-OTHER Oracle Web Cache MOVE overflow attempt""; flow:to_server,established; content:""MOVE""; pcre:""/^MOVE[^s]{432}/ms""; metadata:policy max-detect-ips drop,policy security-ips drop,ruleset community; reference:bugtraq,9868; reference:cve,2004-0385; reference:nessus,12126; classtype:attempted-admin; sid:2560; rev:8; ",True,False,False,False,False,INCLUDE_HIGH,E01 supported by rule text/metadata
1821,2561,8,alert,tcp,$EXTERNAL_NET,any,->,$HOME_NET,873,,string-detect,,ruleset community,E01,True," msg:""SERVER-OTHER rsync backup-dir directory traversal attempt""; flow:to_server,established; content:""--backup-dir"",fast_pattern,nocase; pcre:""/--backup-dir\s+\x2e\x2e\x2f/""; metadata:ruleset community; reference:bugtraq,10247; reference:cve,2004-0426; reference:nessus,12230; classtype:string-detect; sid:2561; rev:8; ",False,False,False,False,False,REVIEW,candidate from broad triage; direct rule evidence not strong enough for automatic inclusion
1823,2563,8,alert,udp,$EXTERNAL_NET,137,->,$HOME_NET,137,,attempted-admin,netbios-ns,"policy max-detect-ips drop,ruleset community",E01,True," msg:""NETBIOS NS lookup response name overflow attempt""; byte_test:1,&,0x80,2; content:""|00 01|"",depth 2,offset 6; byte_test:1,>,32,12; metadata:policy max-detect-ips drop,ruleset community; service:netbios-ns; reference:bugtraq,10333; reference:cve,2004-0444; reference:url,www.eeye.com/html/Research/Advisories/AD20040512A.html; classtype:attempted-admin; sid:2563; rev:8; ",True,False,False,True,False,INCLUDE_HIGH,E01 supported by rule text/metadata
1832,2572,12,alert,tcp,$EXTERNAL_NET,any,->,$HTTP_SERVERS,$HTTP_PORTS,,web-application-attack,http,ruleset community,E01,True," msg:""SERVER-IIS SmarterTools SmarterMail login.aspx buffer overflow attempt""; flow:to_server,established; http_uri; content:""/login.aspx"",nocase; pkt_data; content:""txtusername=""; isdataat:980,relative; content:!""|0A|"",within 980,nocase; metadata:ruleset community; service:http; reference:bugtraq,9805; reference:cve,2004-2585; classtype:web-application-attack; sid:2572; rev:12; ",True,False,False,False,False,INCLUDE_HIGH,E01 supported by rule text/metadata
1836,2576,9,alert,tcp,$EXTERNAL_NET,any,->,$SQL_SERVERS,$ORACLE_PORTS,,attempted-user,,ruleset community,E01,True," msg:""SERVER-ORACLE dbms_repcat.generate_replication_support buffer overflow attempt""; flow:to_server,established; content:""dbms_repcat.generate_replication_support"",nocase; pcre:""/((\w+)[\r\n\s]*\x3a=[\r\n\s]*(\x27[^\x27]{1024,}\x27|\x22[^\x22]{1024,}\x22)[\r\n\s]*\x3b.*package_prefix[\r\n\s]*=>[\r\n\s]*\2|package_prefix\s*=>\s*(\x27[^\x27]{1024,}|\x22[^\x22]{1024,})|(\w+)[\r\n\s]*\x3a=[\r\n\s]*(\x27[^\x27]{1024,}\x27|\x22[^\x22]{1024,}\x22)[\r\n\s]*\x3b.*procedure_prefix[\r\n\s]*=>[\r\n\s]*\2|procedure_prefix\s*=>\s*(\x27[^\x27]{1024,}|\x22[^\x22]{1024,})|\(\s*((\x27[^\x27]*\x27|\x22[^\x22]+\x22)\s*,\s*){3}(\x27[^\x27]{1024,}|\x22[^\x22]{1024,})|\(\s*((\x27[^\x27]*\x27|\x22[^\x22]+\x22)\s*,\s*){4}(\x27[^\x27]{1024,}|\x22[^\x22]{1024,}))/is""; metadata:ruleset community; reference:url,www.appsecinc.com/Policy/PolicyCheck93.html; classtype:attempted-user; sid:2576; rev:9; ",True,False,False,False,False,INCLUDE_HIGH,E01 supported by rule text/metadata
1840,2582,18,alert,tcp,$EXTERNAL_NET,any,->,$HTTP_SERVERS,$HTTP_PORTS,,web-application-attack,http,"policy max-detect-ips drop,ruleset community",E01,True," msg:""OS-WINDOWS SAP Crystal Reports crystalImageHandler.asp directory traversal attempt""; flow:to_server,established; http_uri; content:""/crystalimagehandler"",fast_pattern,nocase; content:""dynamicimage=../"",nocase; metadata:policy max-detect-ips drop,ruleset community; service:http; reference:bugtraq,10260; reference:cve,2004-0204; reference:nessus,12271; reference:url,technet.microsoft.com/en-us/security/bulletin/ms04-017; classtype:web-application-attack; sid:2582; rev:18; ",False,False,False,False,False,REVIEW,candidate from broad triage; direct rule evidence not strong enough for automatic inclusion
1841,2583,9,alert,tcp,$EXTERNAL_NET,any,->,$HOME_NET,2401,,misc-attack,,"policy max-detect-ips drop,ruleset community",E01,True," msg:""SERVER-OTHER CVS Max-dotdot integer overflow attempt""; flow:to_server,established; content:""Max-dotdot"",fast_pattern,nocase; pcre:""/^Max-dotdot[\s\r\n]*\d{3,}/ims""; metadata:policy max-detect-ips drop,ruleset community; reference:bugtraq,10499; reference:cve,2004-0417; classtype:misc-attack; sid:2583; rev:9; ",True,False,False,False,False,INCLUDE_HIGH,E01 supported by rule text/metadata
1842,2584,10,alert,tcp,$EXTERNAL_NET,6666:6669,->,$HOME_NET,any,,attempted-user,,ruleset community,E01,True," msg:""SERVER-OTHER eMule buffer overflow attempt""; flow:to_client,established; content:""PRIVMSG"",fast_pattern,nocase; pcre:""/^PRIVMSG\s+[^\s]+\s+\x3a\s*\x01SENDLINK\x7c[^\x7c]{69}/ims""; metadata:ruleset community; reference:bugtraq,10039; reference:cve,2004-1892; reference:nessus,12233; classtype:attempted-user; sid:2584; rev:10; ",True,False,False,False,False,INCLUDE_HIGH,E01 supported by rule text/metadata
1847,2597,16,alert,tcp,$EXTERNAL_NET,any,->,$HTTP_SERVERS,$HTTP_PORTS,,web-application-attack,http,"policy max-detect-ips drop,policy security-ips drop,ruleset community",E01,True," msg:""SERVER-WEBAPP Samba SWAT Authorization overflow attempt""; flow:to_server,established; http_header; content:""Authorization|3A|"",nocase; content:""Basic"",within 50,nocase; pcre:""/^Authorization\x3a(\s*|\s*\r?\n\s+)Basic\s+=/ims""; metadata:policy max-detect-ips drop,policy security-ips drop,ruleset community; service:http; reference:bugtraq,10780; reference:cve,2004-0600; classtype:web-application-attack; sid:2597; rev:16; ",True,False,False,False,False,INCLUDE_HIGH,E01 supported by rule text/metadata
1848,2598,14,alert,tcp,$EXTERNAL_NET,any,->,$HTTP_SERVERS,$HTTP_PORTS,,web-application-attack,http,"policy max-detect-ips drop,policy security-ips drop,ruleset community",E01,True," msg:""SERVER-WEBAPP Samba SWAT Authorization port 901 overflow attempt""; flow:to_server,established; content:""Authorization|3A| Basic"",nocase; pcre:""/^Authorization\x3a(\s*|\s*\r?\n\s+)Basic\s+=/ims""; metadata:policy max-detect-ips drop,policy security-ips drop,ruleset community; service:http; reference:bugtraq,10780; reference:cve,2004-0600; classtype:web-application-attack; sid:2598; rev:14; ",True,False,False,False,False,INCLUDE_HIGH,E01 supported by rule text/metadata
1849,2599,7,alert,tcp,$EXTERNAL_NET,any,->,$SQL_SERVERS,$ORACLE_PORTS,,attempted-user,,ruleset community,E01,True," msg:""SERVER-ORACLE dbms_repcat.add_grouped_column buffer overflow attempt""; flow:to_server,established; content:""dbms_repcat.add_grouped_column"",nocase; pcre:""/((\w+)[\r\n\s]*\x3a=[\r\n\s]*(\x27[^\x27]{1024,}\x27|\x22[^\x22]{1024,}\x22)[\r\n\s]*\x3b.*sname[\r\n\s]*=>[\r\n\s]*\2|sname\s*=>\s*(\x27[^\x27]{1024,}|\x22[^\x22]{1024,})|(\w+)[\r\n\s]*\x3a=[\r\n\s]*(\x27[^\x27]{1024,}\x27|\x22[^\x22]{1024,}\x22)[\r\n\s]*\x3b.*oname[\r\n\s]*=>[\r\n\s]*\2|oname\s*=>\s*(\x27[^\x27]{1024,}|\x22[^\x22]{1024,})|\(\s*(\x27[^\x27]{1024,}|\x22[^\x22]{1024,})|\(\s*(\x27[^\x27]*\x27|\x22[^\x22]+\x22)\s*,\s*(\x27[^\x27]{1024,}|\x22[^\x22]{1024,}))/is""; metadata:ruleset community; classtype:attempted-user; sid:2599; rev:7; ",True,False,False,False,False,INCLUDE_HIGH,E01 supported by rule text/metadata
1850,2601,7,alert,tcp,$EXTERNAL_NET,any,->,$SQL_SERVERS,$ORACLE_PORTS,,attempted-user,,ruleset community,E01,True," msg:""SERVER-ORACLE dbms_repcat.drop_master_repgroup buffer overflow attempt""; flow:to_server,established; content:""dbms_repcat.drop_master_repgroup"",nocase; pcre:""/((\w+)[\r\n\s]*\x3a=[\r\n\s]*(\x27[^\x27]{1024,}\x27|\x22[^\x22]{1024,}\x22)[\r\n\s]*\x3b.*gname[\r\n\s]*=>[\r\n\s]*\2|gname\s*=>\s*(\x27[^\x27]{1024,}|\x22[^\x22]{1024,})|\(\s*(\x27[^\x27]{1024,}|\x22[^\x22]{1024,}))/is""; metadata:ruleset community; classtype:attempted-user; sid:2601; rev:7; ",True,False,False,False,False,INCLUDE_HIGH,E01 supported by rule text/metadata
1851,2603,7,alert,tcp,$EXTERNAL_NET,any,->,$SQL_SERVERS,$ORACLE_PORTS,,attempted-user,,ruleset community,E01,True," msg:""SERVER-ORACLE dbms_repcat.create_mview_repgroup buffer overflow attempt""; flow:to_server,established; content:""dbms_repcat.create_mview_repgroup"",nocase; pcre:""/((\w+)[\r\n\s]*\x3a=[\r\n\s]*(\x27[^\x27]{1024,}\x27|\x22[^\x22]{1024,}\x22)[\r\n\s]*\x3b.*fname[\r\n\s]*=>[\r\n\s]*\2|fname\s*=>\s*(\x27[^\x27]{1024,}|\x22[^\x22]{1024,})|\(\s*(\x27[^\x27]*\x27|\x22[^\x22]+\x22)\s*,\s*(\x27[^\x27]*\x27|\x22[^\x22]+\x22)\s*,\s*(\x27[^\x27]*\x27|\x22[^\x22]+\x22)\s*,\s*(\x27[^\x27]*\x27|\x22[^\x22]+\x22)\s*,\s*(\x27[^\x27]{1024,}|\x22[^\x22]{1024,}))/is""; metadata:ruleset community; reference:url,www.appsecinc.com/Policy/PolicyCheck633.html; classtype:attempted-user; sid:2603; rev:7; ",True,False,False,False,False,INCLUDE_HIGH,E01 supported by rule text/metadata
1852,2605,7,alert,tcp,$EXTERNAL_NET,any,->,$SQL_SERVERS,$ORACLE_PORTS,,attempted-user,,ruleset community,E01,True," msg:""SERVER-ORACLE dbms_repcat.compare_old_values buffer overflow attempt""; flow:to_server,established; content:""dbms_repcat.compare_old_values"",nocase; pcre:""/((\w+)[\r\n\s]*\x3a=[\r\n\s]*(\x27[^\x27]{1024,}\x27|\x22[^\x22]{1024,}\x22)[\r\n\s]*\x3b.*operation[\r\n\s]*=>[\r\n\s]*\2|operation\s*=>\s*(\x27[^\x27]{1024,}|\x22[^\x22]{1024,})|\(\s*(\x27[^\x27]*\x27|\x22[^\x22]+\x22)\s*,\s*(\x27[^\x27]*\x27|\x22[^\x22]+\x22)\s*,\s*(\x27[^\x27]*\x27|\x22[^\x22]+\x22)\s*,\s*(\x27[^\x27]{1024,}|\x22[^\x22]{1024,}))/is""; metadata:ruleset community; reference:url,www.appsecinc.com/Policy/PolicyCheck91.html; classtype:attempted-user; sid:2605; rev:7; ",True,False,False,False,False,INCLUDE_HIGH,E01 supported by rule text/metadata
1853,2606,7,alert,tcp,$EXTERNAL_NET,any,->,$SQL_SERVERS,$ORACLE_PORTS,,attempted-user,,ruleset community,E01,True," msg:""SERVER-ORACLE dbms_repcat.comment_on_repobject buffer overflow attempt""; flow:to_server,established; content:""dbms_repcat.comment_on_repobject"",nocase; pcre:""/((\w+)[\r\n\s]*\x3a=[\r\n\s]*(\x27[^\x27]{1024,}\x27|\x22[^\x22]{1024,}\x22)[\r\n\s]*\x3b.*type[\r\n\s]*=>[\r\n\s]*\2|type\s*=>\s*(\x27[^\x27]{1024,}|\x22[^\x22]{1024,})|\(\s*(\x27[^\x27]*\x27|\x22[^\x22]+\x22)\s*,\s*(\x27[^\x27]*\x27|\x22[^\x22]+\x22)\s*,\s*(\x27[^\x27]{1024,}|\x22[^\x22]{1024,}))/is""; metadata:ruleset community; reference:url,www.appsecinc.com/Policy/PolicyCheck634.html; classtype:attempted-user; sid:2606; rev:7; ",True,False,False,False,False,INCLUDE_HIGH,E01 supported by rule text/metadata
1854,2608,7,alert,tcp,$EXTERNAL_NET,any,->,$SQL_SERVERS,$ORACLE_PORTS,,attempted-user,,ruleset community,E01,True," msg:""SERVER-ORACLE sysdbms_repcat_rgt.check_ddl_text buffer overflow attempt""; flow:to_server,established; content:""sysdbms_repcat_rgt.check_ddl_text"",nocase; pcre:""/\(\s*(\x27[^\x27]{1024,}|\x22[^\x22]{1024,})/is""; metadata:ruleset community; reference:url,www.appsecinc.com/Policy/PolicyCheck97.html; classtype:attempted-user; sid:2608; rev:7; ",True,False,False,False,False,INCLUDE_HIGH,E01 supported by rule text/metadata
1855,2609,7,alert,tcp,$EXTERNAL_NET,any,->,$SQL_SERVERS,$ORACLE_PORTS,,attempted-user,,ruleset community,E01,True," msg:""SERVER-ORACLE dbms_repcat.cancel_statistics buffer overflow attempt""; flow:to_server,established; content:""dbms_repcat.cancel_statistics"",nocase; pcre:""/((\w+)[\r\n\s]*\x3a=[\r\n\s]*(\x27[^\x27]{1024,}\x27|\x22[^\x22]{1024,}\x22)[\r\n\s]*\x3b.*sname[\r\n\s]*=>[\r\n\s]*\2|sname\s*=>\s*(\x27[^\x27]{1024,}|\x22[^\x22]{1024,})|(\w+)[\r\n\s]*\x3a=[\r\n\s]*(\x27[^\x27]{1024,}\x27|\x22[^\x22]{1024,}\x22)[\r\n\s]*\x3b.*oname[\r\n\s]*=>[\r\n\s]*\2|oname\s*=>\s*(\x27[^\x27]{1024,}|\x22[^\x22]{1024,})|\(\s*(\x27[^\x27]{1024,}|\x22[^\x22]{1024,})|\(\s*(\x27[^\x27]*\x27|\x22[^\x22]+\x22)\s*,\s*(\x27[^\x27]{1024,}|\x22[^\x22]{1024,}))/is""; metadata:ruleset community; classtype:attempted-user; sid:2609; rev:7; ",True,False,False,False,False,INCLUDE_HIGH,E01 supported by rule text/metadata
1856,2611,12,alert,tcp,$EXTERNAL_NET,any,->,$SQL_SERVERS,$ORACLE_PORTS,,attempted-user,,"policy max-detect-ips drop,ruleset community",E01,True," msg:""SERVER-ORACLE LINK metadata buffer overflow attempt""; flow:to_server,established; content:""CREATE"",nocase; content:""DATABASE"",nocase; content:""LINK"",nocase; pcre:""/USING\s*((\x27[^\x27]{1000})|(\x22[^\x22]{1000}))/Rims""; metadata:policy max-detect-ips drop,ruleset community; reference:bugtraq,12296; reference:bugtraq,7453; reference:cve,2003-0222; reference:cve,2005-0297; reference:nessus,11563; reference:url,archives.neohapsis.com/archives/bugtraq/2003-04/0360.html; classtype:attempted-user; sid:2611; rev:12; ",True,False,False,False,False,INCLUDE_HIGH,E01 supported by rule text/metadata
1857,2612,5,alert,tcp,$EXTERNAL_NET,any,->,$SQL_SERVERS,$ORACLE_PORTS,,attempted-user,,ruleset community,E01,True," msg:""SERVER-ORACLE sys.dbms_repcat_auth.revoke_surrogate_repcat buffer overflow attempt""; flow:to_server,established; content:""sys.dbms_repcat_auth.revoke_surrogate_repcat"",nocase; pcre:""/((\w+)[\r\n\s]*\x3a=[\r\n\s]*(\x27[^\x27]{1024,}\x27|\x22[^\x22]{1024,}\x22)[\r\n\s]*\x3b.*userid[\r\n\s]*=>[\r\n\s]*\2|userid\s*=>\s*(\x27[^\x27]{1024,}|\x22[^\x22]{1024,})|\(\s*(\x27[^\x27]{1024,}|\x22[^\x22]{1024,}))/is""; metadata:ruleset community; reference:url,www.appsecinc.com/Policy/PolicyCheck97.html; classtype:attempted-user; sid:2612; rev:5; ",True,False,False,False,False,INCLUDE_HIGH,E01 supported by rule text/metadata
1858,2614,6,alert,tcp,$EXTERNAL_NET,any,->,$SQL_SERVERS,$ORACLE_PORTS,,attempted-user,,ruleset community,E01,True," msg:""SERVER-ORACLE time_zone buffer overflow attempt""; flow:to_server,established; content:""TIME_ZONE"",nocase; pcre:""/TIME_ZONE\s*=\s*((\x27[^\x27]{1000,})|(\x22[^\x22]{1000,}))/ims""; metadata:ruleset community; reference:bugtraq,9587; reference:cve,2003-1208; reference:nessus,12047; reference:url,www.nextgenss.com/advisories/ora_time_zone.txt; classtype:attempted-user; sid:2614; rev:6; ",True,False,False,False,False,INCLUDE_HIGH,E01 supported by rule text/metadata
1859,2615,5,alert,tcp,$EXTERNAL_NET,any,->,$SQL_SERVERS,$ORACLE_PORTS,,attempted-user,,ruleset community,E01,True," msg:""SERVER-ORACLE sys.dbms_repcat_auth.grant_surrogate_repcat buffer overflow attempt""; flow:to_server,established; content:""sys.dbms_repcat_auth.grant_surrogate_repcat"",nocase; pcre:""/((\w+)[\r\n\s]*\x3a=[\r\n\s]*(\x27[^\x27]{1024,}\x27|\x22[^\x22]{1024,}\x22)[\r\n\s]*\x3b.*userid[\r\n\s]*=>[\r\n\s]*\2|userid\s*=>\s*(\x27[^\x27]{1024,}|\x22[^\x22]{1024,})|\(\s*(\x27[^\x27]{1024,}|\x22[^\x22]{1024,}))/is""; metadata:ruleset community; reference:url,www.appsecinc.com/Policy/PolicyCheck97.html; classtype:attempted-user; sid:2615; rev:5; ",True,False,False,False,False,INCLUDE_HIGH,E01 supported by rule text/metadata
1860,2617,5,alert,tcp,$EXTERNAL_NET,any,->,$SQL_SERVERS,$ORACLE_PORTS,,attempted-user,,ruleset community,E01,True," msg:""SERVER-ORACLE sys.dbms_repcat.alter_mview_propagation buffer overflow attempt""; flow:to_server,established; content:""sys.dbms_repcat.alter_mview_propagation"",nocase; pcre:""/((\w+)[\r\n\s]*\x3a=[\r\n\s]*(\x27[^\x27]{1024,}\x27|\x22[^\x22]{1024,}\x22)[\r\n\s]*\x3b.*gname[\r\n\s]*=>[\r\n\s]*\2|gname\s*=>\s*(\x27[^\x27]{1024,}|\x22[^\x22]{1024,})|\(\s*(\x27[^\x27]{1024,}|\x22[^\x22]{1024,}))/is""; metadata:ruleset community; reference:url,www.appsecinc.com/Policy/PolicyCheck632.html; classtype:attempted-user; sid:2617; rev:5; ",True,False,False,False,False,INCLUDE_HIGH,E01 supported by rule text/metadata
1861,2619,5,alert,tcp,$EXTERNAL_NET,any,->,$SQL_SERVERS,$ORACLE_PORTS,,attempted-user,,ruleset community,E01,True," msg:""SERVER-ORACLE dbms_repcat.alter_master_repobject buffer overflow attempt""; flow:to_server,established; content:""dbms_repcat.alter_master_repobject"",nocase; pcre:""/((\w+)[\r\n\s]*\x3a=[\r\n\s]*(\x27[^\x27]{1024,}\x27|\x22[^\x22]{1024,}\x22)[\r\n\s]*\x3b.*type[\r\n\s]*=>[\r\n\s]*\2|type\s*=>\s*(\x27[^\x27]{1024,}|\x22[^\x22]{1024,})|\(\s*(\x27[^\x27]*\x27|\x22[^\x22]+\x22)\s*,\s*(\x27[^\x27]*\x27|\x22[^\x22]+\x22)\s*,\s*(\x27[^\x27]{1024,}|\x22[^\x22]{1024,}))/is""; metadata:ruleset community; reference:url,www.appsecinc.com/Policy/PolicyCheck634.html; classtype:attempted-user; sid:2619; rev:5; ",True,False,False,False,False,INCLUDE_HIGH,E01 supported by rule text/metadata
1862,2621,5,alert,tcp,$EXTERNAL_NET,any,->,$SQL_SERVERS,$ORACLE_PORTS,,attempted-user,,ruleset community,E01,True," msg:""SERVER-ORACLE dbms_repcat_sna_utl.register_flavor_change buffer overflow attempt""; flow:to_server,established; content:""dbms_repcat_sna_utl.register_flavor_change"",nocase; pcre:""/\(\s*(\x27[^\x27]{1024,}|\x22[^\x22]{1024,})/is""; metadata:ruleset community; reference:url,www.appsecinc.com/Policy/PolicyCheck97.html; classtype:attempted-user; sid:2621; rev:5; ",True,False,False,False,False,INCLUDE_HIGH,E01 supported by rule text/metadata
1863,2624,5,alert,tcp,$EXTERNAL_NET,any,->,$SQL_SERVERS,$ORACLE_PORTS,,attempted-user,,ruleset community,E01,True," msg:""SERVER-ORACLE dbms_repcat_admin.unregister_user_repgroup buffer overflow attempt""; flow:to_server,established; content:""dbms_repcat_admin.unregister_user_repgroup"",nocase; pcre:""/((\w+)[\r\n\s]*\x3a=[\r\n\s]*(\x27[^\x27]{1024,}\x27|\x22[^\x22]{1024,}\x22)[\r\n\s]*\x3b.*privilege_type[\r\n\s]*=>[\r\n\s]*\2|privilege_type\s*=>\s*(\x27[^\x27]{1024,}|\x22[^\x22]{1024,})|\(\s*(\x27[^\x27]*\x27|\x22[^\x22]+\x22)\s*,\s*(\x27[^\x27]{1024,}|\x22[^\x22]{1024,}))/is""; metadata:ruleset community; reference:url,www.appsecinc.com/Policy/PolicyCheck94.html; classtype:attempted-user; sid:2624; rev:5; ",True,False,False,False,False,INCLUDE_HIGH,E01 supported by rule text/metadata
1864,2626,5,alert,tcp,$EXTERNAL_NET,any,->,$SQL_SERVERS,$ORACLE_PORTS,,attempted-user,,ruleset community,E01,True," msg:""SERVER-ORACLE dbms_repcat.send_old_values buffer overflow attempt""; flow:to_server,established; content:""dbms_repcat.send_old_values"",nocase; pcre:""/((\w+)[\r\n\s]*\x3a=[\r\n\s]*(\x27[^\x27]{1024,}\x27|\x22[^\x22]{1024,}\x22)[\r\n\s]*\x3b.*operation[\r\n\s]*=>[\r\n\s]*\2|operation\s*=>\s*(\x27[^\x27]{1024,}|\x22[^\x22]{1024,})|\(\s*(\x27[^\x27]*\x27|\x22[^\x22]+\x22)\s*,\s*(\x27[^\x27]*\x27|\x22[^\x22]+\x22)\s*,\s*(\x27[^\x27]*\x27|\x22[^\x22]+\x22)\s*,\s*(\x27[^\x27]{1024,}|\x22[^\x22]{1024,}))/is""; metadata:ruleset community; reference:url,www.appsecinc.com/Policy/PolicyCheck91.html; classtype:attempted-user; sid:2626; rev:5; ",True,False,False,False,False,INCLUDE_HIGH,E01 supported by rule text/metadata
1865,2627,5,alert,tcp,$EXTERNAL_NET,any,->,$SQL_SERVERS,$ORACLE_PORTS,,attempted-user,,ruleset community,E01,True," msg:""SERVER-ORACLE dbms_repcat.repcat_import_check buffer overflow attempt""; flow:to_server,established; content:""dbms_repcat.repcat_import_check"",nocase; pcre:""/((\w+)[\r\n\s]*\x3a=[\r\n\s]*(\x27[^\x27]{1024,}\x27|\x22[^\x22]{1024,}\x22)[\r\n\s]*\x3b.*gname[\r\n\s]*=>[\r\n\s]*\2|gname\s*=>\s*(\x27[^\x27]{1024,}|\x22[^\x22]{1024,})|(\w+)[\r\n\s]*\x3a=[\r\n\s]*(\x27[^\x27]{1024,}\x27|\x22[^\x22]{1024,}\x22)[\r\n\s]*\x3b.*gowner[\r\n\s]*=>[\r\n\s]*\2|gowner\s*=>\s*(\x27[^\x27]{1024,}|\x22[^\x22]{1024,})|\(\s*(\x27[^\x27]{1024,}|\x22[^\x22]{1024,})|\(\s*(\x27[^\x27]*\x27|\x22[^\x22]+\x22)\s*,\s*(true|false)\s*,\s*(\x27[^\x27]{1024,}|\x22[^\x22]{1024,}))/is""; metadata:ruleset community; reference:url,www.appsecinc.com/Policy/PolicyCheck90.html; classtype:attempted-user; sid:2627; rev:5; ",True,False,False,False,False,INCLUDE_HIGH,E01 supported by rule text/metadata
1866,2629,5,alert,tcp,$EXTERNAL_NET,any,->,$SQL_SERVERS,$ORACLE_PORTS,,attempted-user,,ruleset community,E01,True," msg:""SERVER-ORACLE dbms_repcat_admin.register_user_repgroup buffer overflow attempt""; flow:to_server,established; content:""dbms_repcat_admin.register_user_repgroup"",nocase; pcre:""/((\w+)[\r\n\s]*\x3a=[\r\n\s]*(\x27[^\x27]{1024,}\x27|\x22[^\x22]{1024,}\x22)[\r\n\s]*\x3b.*privilege_type[\r\n\s]*=>[\r\n\s]*\2|privilege_type\s*=>\s*(\x27[^\x27]{1024,}|\x22[^\x22]{1024,})|\(\s*(\x27[^\x27]*\x27|\x22[^\x22]+\x22)\s*,\s*(\x27[^\x27]{1024,}|\x22[^\x22]{1024,}))/is""; metadata:ruleset community; reference:url,www.appsecinc.com/Policy/PolicyCheck94.html; classtype:attempted-user; sid:2629; rev:5; ",True,False,False,False,False,INCLUDE_HIGH,E01 supported by rule text/metadata
1867,2633,7,alert,tcp,$EXTERNAL_NET,any,->,$SQL_SERVERS,$ORACLE_PORTS,,attempted-user,,ruleset community,E01,True," msg:""SERVER-ORACLE sys.dbms_rectifier_diff.rectify buffer overflow attempt""; flow:to_server,established; content:""sys.dbms_rectifier_diff.rectify"",nocase; pcre:""/((\w+)[\r\n\s]*\x3a=[\r\n\s]*(\x27[^\x27]{1024,}\x27|\x22[^\x22]{1024,}\x22)[\r\n\s]*\x3b.*sname1[\r\n\s]*=>[\r\n\s]*\2|sname1\s*=>\s*(\x27[^\x27]{1024,}|\x22[^\x22]{1024,})|\(\s*(\x27[^\x27]{1024,}|\x22[^\x22]{1024,}))/is""; metadata:ruleset community; reference:url,www.appsecinc.com/Policy/PolicyCheck97.html; classtype:attempted-user; sid:2633; rev:7; ",True,False,False,False,False,INCLUDE_HIGH,E01 supported by rule text/metadata
1868,2637,5,alert,tcp,$EXTERNAL_NET,any,->,$SQL_SERVERS,$ORACLE_PORTS,,attempted-user,,ruleset community,E01,True," msg:""SERVER-ORACLE dbms_repcat.drop_master_repobject buffer overflow attempt""; flow:to_server,established; content:""dbms_repcat.drop_master_repobject"",nocase; pcre:""/((\w+)[\r\n\s]*\x3a=[\r\n\s]*(\x27[^\x27]{1024,}\x27|\x22[^\x22]{1024,}\x22)[\r\n\s]*\x3b.*type[\r\n\s]*=>[\r\n\s]*\2|type\s*=>\s*(\x27[^\x27]{1024,}|\x22[^\x22]{1024,})|\(\s*(\x27[^\x27]*\x27|\x22[^\x22]+\x22)\s*,\s*(\x27[^\x27]*\x27|\x22[^\x22]+\x22)\s*,\s*(\x27[^\x27]{1024,}|\x22[^\x22]{1024,}))/is""; metadata:ruleset community; reference:url,www.appsecinc.com/Policy/PolicyCheck634.html; classtype:attempted-user; sid:2637; rev:5; ",True,False,False,False,False,INCLUDE_HIGH,E01 supported by rule text/metadata
1869,2639,5,alert,tcp,$EXTERNAL_NET,any,->,$SQL_SERVERS,$ORACLE_PORTS,,attempted-user,,ruleset community,E01,True," msg:""SERVER-ORACLE dbms_repcat.drop_mview_repgroup buffer overflow attempt""; flow:to_server,established; content:""dbms_repcat.drop_mview_repgroup"",nocase; pcre:""/((\w+)[\r\n\s]*\x3a=[\r\n\s]*(\x27[^\x27]{1024,}\x27|\x22[^\x22]{1024,}\x22)[\r\n\s]*\x3b.*gowner[\r\n\s]*=>[\r\n\s]*\2|gowner\s*=>\s*(\x27[^\x27]{1024,}|\x22[^\x22]{1024,})|\(\s*(\x27[^\x27]*\x27|\x22[^\x22]+\x22)\s*,\s*(true|false)\s*,\s*(\x27[^\x27]{1024,}|\x22[^\x22]{1024,}))/is""; metadata:ruleset community; reference:url,www.appsecinc.com/Policy/PolicyCheck90.html; classtype:attempted-user; sid:2639; rev:5; ",True,False,False,False,False,INCLUDE_HIGH,E01 supported by rule text/metadata
1870,2641,6,alert,tcp,$EXTERNAL_NET,any,->,$SQL_SERVERS,$ORACLE_PORTS,,attempted-user,,ruleset community,E01,True," msg:""SERVER-ORACLE dbms_repcat_instantiate.drop_site_instantiation buffer overflow attempt""; flow:to_server,established; content:""dbms_repcat_instantiate.drop_site_instantiation"",nocase; pcre:""/((\w+)[\r\n\s]*\x3a=[\r\n\s]*(\x27[^\x27]{1024,}\x27|\x22[^\x22]{1024,}\x22)[\r\n\s]*\x3b.*refresh_template_name[\r\n\s]*=>[\r\n\s]*\2|refresh_template_name\s*=>\s*(\x27[^\x27]{1024,}|\x22[^\x22]{1024,})|\(\s*(\x27[^\x27]{1024,}|\x22[^\x22]{1024,}))/is""; metadata:ruleset community; classtype:attempted-user; sid:2641; rev:6; ",True,False,False,False,False,INCLUDE_HIGH,E01 supported by rule text/metadata
1871,2643,5,alert,tcp,$EXTERNAL_NET,any,->,$SQL_SERVERS,$ORACLE_PORTS,,attempted-user,,ruleset community,E01,True," msg:""SERVER-ORACLE sys.dbms_repcat_fla.ensure_not_published buffer overflow attempt""; flow:to_server,established; content:""sys.dbms_repcat_fla.ensure_not_published"",nocase; pcre:""/\(\s*(\x27[^\x27]*\x27|\x22[^\x22]+\x22)\s*,\s*(\x27[^\x27]{1024,}|\x22[^\x22]{1024,})/is""; metadata:ruleset community; reference:url,www.appsecinc.com/Policy/PolicyCheck96.html; classtype:attempted-user; sid:2643; rev:5; ",True,False,False,False,False,INCLUDE_HIGH,E01 supported by rule text/metadata
1872,2644,4,alert,tcp,$EXTERNAL_NET,any,->,$SQL_SERVERS,$ORACLE_PORTS,,attempted-user,,ruleset community,E01,True," msg:""SERVER-ORACLE from_tz buffer overflow attempt""; flow:to_server,established; content:""FROM_TZ"",nocase; pcre:""/\(\s*TIMESTAMP\s*(\s*(\x27[^\x27]+'|\x22[^\x22]+\x22)\s*,)\s*((\x27[^\x27]{1000,})|(\x22[^\x22]{1000,}))/Rims""; metadata:ruleset community; reference:url,www.nextgenss.com/advisories/ora_from_tz.txt; classtype:attempted-user; sid:2644; rev:4; ",True,False,False,False,False,INCLUDE_HIGH,E01 supported by rule text/metadata
1873,2645,5,alert,tcp,$EXTERNAL_NET,any,->,$SQL_SERVERS,$ORACLE_PORTS,,attempted-user,,ruleset community,E01,True," msg:""SERVER-ORACLE dbms_repcat_instantiate.instantiate_offline buffer overflow attempt""; flow:to_server,established; content:""dbms_repcat_instantiate.instantiate_offline"",nocase; pcre:""/((\w+)[\r\n\s]*\x3a=[\r\n\s]*(\x27[^\x27]{1024,}\x27|\x22[^\x22]{1024,}\x22)[\r\n\s]*\x3b.*refresh_template_name[\r\n\s]*=>[\r\n\s]*\2|refresh_template_name\s*=>\s*(\x27[^\x27]{1024,}|\x22[^\x22]{1024,})|\(\s*(\x27[^\x27]{1024,}|\x22[^\x22]{1024,}))/is""; metadata:ruleset community; classtype:attempted-user; sid:2645; rev:5; ",True,False,False,False,False,INCLUDE_HIGH,E01 supported by rule text/metadata
1874,2649,8,alert,tcp,$EXTERNAL_NET,any,->,$HOME_NET,$ORACLE_PORTS,,attempted-user,,"policy max-detect-ips drop,ruleset community",E01,True," msg:""SERVER-ORACLE Oracle 9i TNS Listener SERVICE_NAME Remote Buffer Overflow attempt""; flow:to_server,established; content:""connect_data"",nocase; content:""|28|service_name="",nocase; isdataat:1000,relative; content:!""|29|"",within 1000; metadata:policy max-detect-ips drop,ruleset community; reference:cve,2002-0965; classtype:attempted-user; sid:2649; rev:8; ",True,False,False,False,False,INCLUDE_HIGH,E01 supported by rule text/metadata
1875,2650,6,alert,tcp,$EXTERNAL_NET,any,->,$SQL_SERVERS,$ORACLE_PORTS,,attempted-user,,ruleset community,E01,True," msg:""SERVER-ORACLE user name buffer overflow attempt""; flow:to_server,established; content:""connect_data"",nocase; content:""|28|user="",nocase; isdataat:1000,relative; content:!""|29|"",within 1000; metadata:ruleset community; reference:bugtraq,6849; reference:cve,2003-0095; reference:url,otn.oracle.com/deploy/security/pdf/2003alert51.pdf; reference:url,www.appsecinc.com/Policy/PolicyCheck62.html; classtype:attempted-user; sid:2650; rev:6; ",True,False,False,False,False,INCLUDE_HIGH,E01 supported by rule text/metadata
1876,2651,6,alert,tcp,$EXTERNAL_NET,any,->,$SQL_SERVERS,$ORACLE_PORTS,,attempted-user,,ruleset community,E01,True," msg:""SERVER-ORACLE NUMTODSINTERVAL/NUMTOYMINTERVAL buffer overflow attempt""; flow:to_server,established; content:""NUMTO"",nocase; content:""INTERVAL"",distance 2,nocase; pcre:""/NUMTO(DS|YM)INTERVAL\s*\(\s*\d+\s*,\s*((\x27[^\x27]{1000,})|(\x22[^\x22]{1000,}))/ims""; metadata:ruleset community; reference:bugtraq,9587; reference:cve,2003-1208; reference:url,www.nextgenss.com/advisories/ora_numtodsinterval.txt; reference:url,www.nextgenss.com/advisories/ora_numtoyminterval.txt; classtype:attempted-user; sid:2651; rev:6; ",True,False,False,False,False,INCLUDE_HIGH,E01 supported by rule text/metadata
1877,2652,6,alert,tcp,$EXTERNAL_NET,any,->,$SQL_SERVERS,$ORACLE_PORTS,,attempted-user,,ruleset community,E01,True," msg:""SERVER-ORACLE dbms_offline_og.begin_load buffer overflow attempt""; flow:to_server,established; content:""dbms_offline_og.begin_load"",nocase; pcre:""/((\w+)[\r\n\s]*\x3a=[\r\n\s]*(\x27[^\x27]{1024,}\x27|\x22[^\x22]{1024,}\x22)[\r\n\s]*\x3b.*gname[\r\n\s]*=>[\r\n\s]*\2|gname\s*=>\s*(\x27[^\x27]{1024,}|\x22[^\x22]{1024,})|\(\s*(\x27[^\x27]{1024,}|\x22[^\x22]{1024,}))/is""; metadata:ruleset community; reference:url,www.appsecinc.com/Policy/PolicyCheck632.html; reference:url,www.appsecinc.com/resources/alerts/oracle/2004-0001/25.html; classtype:attempted-user; sid:2652; rev:6; ",True,False,False,False,False,INCLUDE_HIGH,E01 supported by rule text/metadata
1879,2655,8,alert,tcp,$EXTERNAL_NET,any,->,$HOME_NET,any,,attempted-admin,,ruleset community,E02,True," msg:""SERVER-OTHER HP Web JetAdmin ExecuteFile admin access""; flow:to_server,established; content:""/plugins/framework/script/content.hts"",fast_pattern,nocase; content:""ExecuteFile"",nocase; metadata:ruleset community; reference:bugtraq,10224; classtype:attempted-admin; sid:2655; rev:8; ",False,False,False,False,False,REVIEW,candidate from broad triage; direct rule evidence not strong enough for automatic inclusion
1880,2656,22,alert,tcp,$EXTERNAL_NET,any,->,$HOME_NET,443,,attempted-admin,ssl,"policy max-detect-ips drop,ruleset community",E01,True," msg:""SERVER-WEBAPP SSLv2 Client_Hello Challenge Length overflow attempt""; flow:to_server,established; ssl_version:sslv2; ssl_state:client_hello; content:""|01 00 02|"",depth 3,offset 2; byte_test:1,>,127,0; byte_test:2,>,32,9; metadata:policy max-detect-ips drop,ruleset community; service:ssl; reference:bugtraq,11015; reference:cve,2004-0826; classtype:attempted-admin; sid:2656; rev:22; ",True,False,False,False,False,INCLUDE_HIGH,E01 supported by rule text/metadata
1881,2657,20,alert,tcp,$EXTERNAL_NET,any,->,$HOME_NET,443,,attempted-admin,ssl,"policy max-detect-ips drop,ruleset community",E01,True," msg:""SERVER-WEBAPP SSLv2 Client_Hello with pad Challenge Length overflow attempt""; flow:to_server,established; ssl_version:sslv2; ssl_state:client_hello; content:""|01 00 02|"",depth 3,offset 2; byte_test:2,>,32,9; metadata:policy max-detect-ips drop,ruleset community; service:ssl; classtype:attempted-admin; sid:2657; rev:20; ",True,False,False,False,False,INCLUDE_HIGH,E01 supported by rule text/metadata
1882,2663,16,alert,tcp,$EXTERNAL_NET,any,->,$HTTP_SERVERS,$HTTP_PORTS,,web-application-attack,http,ruleset community,E01,True," msg:""SERVER-WEBAPP Ipswitch WhatsUpGold instancename overflow attempt""; flow:to_server,established; http_uri; content:""/_maincfgret.cgi"",fast_pattern,nocase; content:""instancename="",nocase; isdataat:513,relative; pcre:""/instancename=[^&\x3b\r\n]{513}/ims""; metadata:ruleset community; service:http; reference:bugtraq,11043; reference:cve,2004-0798; classtype:web-application-attack; sid:2663; rev:16; ",True,False,False,False,False,INCLUDE_HIGH,E01 supported by rule text/metadata
1890,2671,18,alert,tcp,$EXTERNAL_NET,$FILE_DATA_PORTS,->,$HOME_NET,any,,attempted-user,"ftp-data,http,imap,pop3",ruleset community,E01,True," msg:""BROWSER-IE Microsoft Internet Explorer bitmap BitmapOffset integer overflow attempt""; flow:to_client,established; flowbits:isset,file.bmp; file_data; content:""BM""; byte_test:4,>,2147480000,8,relative,little; metadata:ruleset community; service:ftp-data,http,imap,pop3; reference:bugtraq,9663; reference:cve,2004-0566; reference:url,technet.microsoft.com/en-us/security/bulletin/ms04-025; classtype:attempted-user; sid:2671; rev:18; ",True,False,False,False,False,INCLUDE_HIGH,E01 supported by rule text/metadata
1892,2673,13,alert,tcp,$EXTERNAL_NET,$FILE_DATA_PORTS,->,$HOME_NET,any,,attempted-user,"ftp-data,http,imap,pop3","policy max-detect-ips drop,policy security-ips drop,ruleset community",E01,True," msg:""FILE-IMAGE libpng tRNS overflow attempt""; flow:to_client,established; flowbits:isset,file.png; file_data; content:""|89|PNG|0D 0A 1A 0A|""; content:""IHDR"",within 4,distance 4; content:""tRNS"",distance 0; byte_test:4,>,256,-8,relative,big; pcre:""/IHDR(?!.*?PLTE).*?tRNS/s""; metadata:policy max-detect-ips drop,policy security-ips drop,ruleset community; service:ftp-data,http,imap,pop3; reference:bugtraq,10872; reference:cve,2004-0597; classtype:attempted-user; sid:2673; rev:13; ",True,False,False,False,False,INCLUDE_HIGH,E01 supported by rule text/metadata
1893,2674,4,alert,tcp,$EXTERNAL_NET,any,->,$SQL_SERVERS,$ORACLE_PORTS,,attempted-user,,ruleset community,E01,True," msg:""SERVER-ORACLE dbms_repcat.add_delete_resolution buffer overflow attempt""; flow:to_server,established; content:""dbms_repcat.add_delete_resolution"",nocase; pcre:""/((\w+)[\r\n\s]*\x3a=[\r\n\s]*(\x27[^\x27]{1024,}\x27|\x22[^\x22]{1024,}\x22)[\r\n\s]*\x3b.*sname[\r\n\s]*=>[\r\n\s]*\2|sname\s*=>\s*(\x27[^\x27]{1024,}|\x22[^\x22]{1024,})|(\w+)[\r\n\s]*\x3a=[\r\n\s]*(\x27[^\x27]{1024,}\x27|\x22[^\x22]{1024,}\x22)[\r\n\s]*\x3b.*oname[\r\n\s]*=>[\r\n\s]*\2|oname\s*=>\s*(\x27[^\x27]{1024,}|\x22[^\x22]{1024,})|\(\s*(\x27[^\x27]{1024,}|\x22[^\x22]{1024,})|\(\s*(\x27[^\x27]*\x27|\x22[^\x22]+\x22)\s*,\s*(\x27[^\x27]{1024,}|\x22[^\x22]{1024,}))/is""; metadata:ruleset community; classtype:attempted-user; sid:2674; rev:4; ",True,False,False,False,False,INCLUDE_HIGH,E01 supported by rule text/metadata
1894,2675,4,alert,tcp,$EXTERNAL_NET,any,->,$SQL_SERVERS,$ORACLE_PORTS,,attempted-user,,ruleset community,E01,True," msg:""SERVER-ORACLE dbms_repcat_rgt.instantiate_offline buffer overflow attempt""; flow:to_server,established; content:""dbms_repcat_rgt.instantiate_offline"",nocase; pcre:""/((\w+)[\r\n\s]*\x3a=[\r\n\s]*(\x27[^\x27]{1024,}\x27|\x22[^\x22]{1024,}\x22)[\r\n\s]*\x3b.*privilege_type[\r\n\s]*=>[\r\n\s]*\2|privilege_type\s*=>\s*(\x27[^\x27]{1024,}|\x22[^\x22]{1024,})|\(\s*(\x27[^\x27]{1024,}|\x22[^\x22]{1024,}))/is""; metadata:ruleset community; classtype:attempted-user; sid:2675; rev:4; ",True,False,False,False,False,INCLUDE_HIGH,E01 supported by rule text/metadata
1895,2677,4,alert,tcp,$EXTERNAL_NET,any,->,$SQL_SERVERS,$ORACLE_PORTS,,attempted-user,,ruleset community,E01,True," msg:""SERVER-ORACLE dbms_repcat_rgt.instantiate_online buffer overflow attempt""; flow:to_server,established; content:""dbms_repcat_rgt.instantiate_online"",nocase; pcre:""/((\w+)[\r\n\s]*\x3a=[\r\n\s]*(\x27[^\x27]{1024,}\x27|\x22[^\x22]{1024,}\x22)[\r\n\s]*\x3b.*refresh_template_name[\r\n\s]*=>[\r\n\s]*\2|refresh_template_name\s*=>\s*(\x27[^\x27]{1024,}|\x22[^\x22]{1024,})|\(\s*((\x27[^\x27]*\x27|\x22[^\x22]+\x22)\s*,\s*){2}(\x27[^\x27]{1024,}|\x22[^\x22]{1024,}))/is""; metadata:ruleset community; classtype:attempted-user; sid:2677; rev:4; ",True,False,False,False,False,INCLUDE_HIGH,E01 supported by rule text/metadata
1896,2678,4,alert,tcp,$EXTERNAL_NET,any,->,$SQL_SERVERS,$ORACLE_PORTS,,attempted-user,,ruleset community,E01,True," msg:""SERVER-ORACLE ctx_output.start_log buffer overflow attempt""; flow:to_server,established; content:""ctx_output.start_log"",nocase; pcre:""/((\w+)[\r\n\s]*\x3a=[\r\n\s]*(\x27[^\x27]{1024,}\x27|\x22[^\x22]{1024,}\x22)[\r\n\s]*\x3b.*logfile[\r\n\s]*=>[\r\n\s]*\2|logfile\s*=>\s*(\x27[^\x27]{1024,}|\x22[^\x22]{1024,})|\(\s*(\x27[^\x27]{1024,}|\x22[^\x22]{1024,}))/is""; metadata:ruleset community; classtype:attempted-user; sid:2678; rev:4; ",True,False,False,False,False,INCLUDE_HIGH,E01 supported by rule text/metadata
1897,2679,4,alert,tcp,$EXTERNAL_NET,any,->,$SQL_SERVERS,$ORACLE_PORTS,,attempted-user,,ruleset community,E01,True," msg:""SERVER-ORACLE sys.dbms_system.ksdwrt buffer overflow attempt""; flow:to_server,established; content:""sys.dbms_system.ksdwrt"",nocase; pcre:""/((\w+)[\r\n\s]*\x3a=[\r\n\s]*(\x27[^\x27]{1024,}\x27|\x22[^\x22]{1024,}\x22)[\r\n\s]*\x3b.*tst[\r\n\s]*=>[\r\n\s]*\2|tst\s*=>\s*(\x27[^\x27]{1024,}|\x22[^\x22]{1024,})|\(\s*\d+\s*,\s*(\x27[^\x27]{1024,}|\x22[^\x22]{1024,}))/is""; metadata:ruleset community; classtype:attempted-user; sid:2679; rev:4; ",True,False,False,False,False,INCLUDE_HIGH,E01 supported by rule text/metadata
1898,2680,4,alert,tcp,$EXTERNAL_NET,any,->,$SQL_SERVERS,$ORACLE_PORTS,,attempted-user,,ruleset community,E01,True," msg:""SERVER-ORACLE ctxsys.driddlr.subindexpopulate buffer overflow attempt""; flow:to_server,established; content:""ctxsys.driddlr.subindexpopulate"",nocase; pcre:""/((\w+)[\r\n\s]*\x3a=[\r\n\s]*(\x27[^\x27]{1024,}\x27|\x22[^\x22]{1024,}\x22)[\r\n\s]*\x3b.*logfile[\r\n\s]*=>[\r\n\s]*\2|logfile\s*=>\s*(\x27[^\x27]{1024,}|\x22[^\x22]{1024,})|\(\s*(\d+\s*,\s*){3}(\x27[^\x27]{1024,}|\x22[^\x22]{1024,}))/is""; metadata:ruleset community; classtype:attempted-user; sid:2680; rev:4; ",True,False,False,False,False,INCLUDE_HIGH,E01 supported by rule text/metadata
1899,2681,4,alert,tcp,$EXTERNAL_NET,any,->,$SQL_SERVERS,$ORACLE_PORTS,,attempted-user,,ruleset community,E01,True," msg:""SERVER-ORACLE mdsys.sdo_admin.sdo_code_size buffer overflow attempt""; flow:to_server,established; content:""mdsys.sdo_admin.sdo_code_size"",nocase; pcre:""/((\w+)[\r\n\s]*\x3a=[\r\n\s]*(\x27[^\x27]{1024,}\x27|\x22[^\x22]{1024,}\x22)[\r\n\s]*\x3b.*layer[\r\n\s]*=>[\r\n\s]*\2|layer\s*=>\s*(\x27[^\x27]{1024,}|\x22[^\x22]{1024,})|\(\s*(\x27[^\x27]{1024,}|\x22[^\x22]{1024,}))/is""; metadata:ruleset community; classtype:attempted-user; sid:2681; rev:4; ",True,False,False,False,False,INCLUDE_HIGH,E01 supported by rule text/metadata
1900,2682,4,alert,tcp,$EXTERNAL_NET,any,->,$SQL_SERVERS,$ORACLE_PORTS,,attempted-user,,ruleset community,E01,True," msg:""SERVER-ORACLE mdsys.md2.validate_geom buffer overflow attempt""; flow:to_server,established; content:""mdsys.md2.validate_geom"",nocase; pcre:""/((\w+)[\r\n\s]*\x3a=[\r\n\s]*(\x27[^\x27]{128,}\x27|\x22[^\x22]{128,}\x22)[\r\n\s]*\x3b.*layer[\r\n\s]*=>[\r\n\s]*\2|layer\s*=>\s*(\x27[^\x27]{128,}|\x22[^\x22]{128,})|\(\s*(\x27[^\x27]{128,}|\x22[^\x22]{128,}))/is""; metadata:ruleset community; classtype:attempted-user; sid:2682; rev:4; ",True,False,False,False,False,INCLUDE_HIGH,E01 supported by rule text/metadata
1901,2683,4,alert,tcp,$EXTERNAL_NET,any,->,$SQL_SERVERS,$ORACLE_PORTS,,attempted-user,,ruleset community,E01,True," msg:""SERVER-ORACLE mdsys.md2.sdo_code_size buffer overflow attempt""; flow:to_server,established; content:""mdsys.md2.sdo_code_size"",nocase; pcre:""/((\w+)[\r\n\s]*\x3a=[\r\n\s]*(\x27[^\x27]{512,}\x27|\x22[^\x22]{512,}\x22)[\r\n\s]*\x3b.*layer[\r\n\s]*=>[\r\n\s]*\2|layer\s*=>\s*(\x27[^\x27]{512,}|\x22[^\x22]{512,})|\(\s*(\x27[^\x27]{512,}|\x22[^\x22]{512,}))/is""; metadata:ruleset community; classtype:attempted-user; sid:2683; rev:4; ",True,False,False,False,False,INCLUDE_HIGH,E01 supported by rule text/metadata
1902,2684,4,alert,tcp,$EXTERNAL_NET,any,->,$SQL_SERVERS,$ORACLE_PORTS,,attempted-user,,ruleset community,E01,True," msg:""SERVER-ORACLE sys.ltutil.pushdeferredtxns buffer overflow attempt""; flow:to_server,established; content:""sys.ltutil.pushdeferredtxns"",nocase; pcre:""/((\w+)[\r\n\s]*\x3a=[\r\n\s]*(\x27[^\x27]{512,}\x27|\x22[^\x22]{512,}\x22)[\r\n\s]*\x3b.*repgrpname[\r\n\s]*=>[\r\n\s]*\2|repgrpname\s*=>\s*(\x27[^\x27]{512,}|\x22[^\x22]{512,})|\(\s*(\x27[^\x27]{512,}|\x22[^\x22]{512,}))/is""; metadata:ruleset community; classtype:attempted-user; sid:2684; rev:4; ",True,False,False,False,False,INCLUDE_HIGH,E01 supported by rule text/metadata
1903,2685,4,alert,tcp,$EXTERNAL_NET,any,->,$SQL_SERVERS,$ORACLE_PORTS,,attempted-user,,ruleset community,E01,True," msg:""SERVER-ORACLE sys.dbms_repcat_rq.add_column buffer overflow attempt""; flow:to_server,established; content:""sys.dbms_repcat_rq.add_column"",nocase; pcre:""/((\w+)[\r\n\s]*\x3a=[\r\n\s]*(\x27[^\x27]{1024,}\x27|\x22[^\x22]{1024,}\x22)[\r\n\s]*\x3b.*SCHEMA_NAME[\r\n\s]*=>[\r\n\s]*\2|SCHEMA_NAME\s*=>\s*(\x27[^\x27]{1024,}|\x22[^\x22]{1024,})|\(\s*(\x27[^\x27]{1024,}|\x22[^\x22]{1024,}))/is""; metadata:ruleset community; classtype:attempted-user; sid:2685; rev:4; ",True,False,False,False,False,INCLUDE_HIGH,E01 supported by rule text/metadata
1904,2686,9,alert,tcp,$EXTERNAL_NET,any,->,$SQL_SERVERS,$ORACLE_PORTS,,attempted-user,,ruleset community,E01,True," msg:""SERVER-ORACLE sys.dbms_rectifier_diff.differences buffer overflow attempt""; flow:to_server,established; content:""sys.dbms_rectifier_diff.differences"",nocase; pcre:""/((\w+)[\r\n\s]*\x3a=[\r\n\s]*(\x27[^\x27]{1024,}\x27|\x22[^\x22]{1024,}\x22)[\r\n\s]*\x3b.*sname1[\r\n\s]*=>[\r\n\s]*\2|sname1\s*=>\s*(\x27[^\x27]{1024,}|\x22[^\x22]{1024,})|\(\s*((\x27[^\x27]*\x27|\x22[^\x22]*\x22)\s*,\s*){9}(\x27[^\x27]{1024,}|\x22[^\x22]{1024,}))/is""; metadata:ruleset community; reference:bugtraq,10871; reference:cve,2004-1362; reference:cve,2004-1363; reference:cve,2004-1364; reference:cve,2004-1365; reference:cve,2004-1366; reference:cve,2004-1368; reference:cve,2004-1369; reference:cve,2004-1370; reference:cve,2004-1371; reference:url,www.appsecinc.com/Policy/PolicyCheck97.html; classtype:attempted-user; sid:2686; rev:9; ",True,False,False,False,False,INCLUDE_HIGH,E01 supported by rule text/metadata
1905,2687,4,alert,tcp,$EXTERNAL_NET,any,->,$SQL_SERVERS,$ORACLE_PORTS,,attempted-user,,ruleset community,E01,True," msg:""SERVER-ORACLE sys.dbms_internal_repcat.validate buffer overflow attempt""; flow:to_server,established; content:""sys.dbms_internal_repcat.validate"",nocase; pcre:""/((\w+)[\r\n\s]*\x3a=[\r\n\s]*(\x27[^\x27]{1024,}\x27|\x22[^\x22]{1024,}\x22)[\r\n\s]*\x3b.*gname[\r\n\s]*=>[\r\n\s]*\2|gname\s*=>\s*(\x27[^\x27]{1024,}|\x22[^\x22]{1024,})|\(\s*(\x27[^\x27]{1024,}|\x22[^\x22]{1024,}))/is""; metadata:ruleset community; classtype:attempted-user; sid:2687; rev:4; ",True,False,False,False,False,INCLUDE_HIGH,E01 supported by rule text/metadata
1906,2688,4,alert,tcp,$EXTERNAL_NET,any,->,$SQL_SERVERS,$ORACLE_PORTS,,attempted-user,,ruleset community,E01,True," msg:""SERVER-ORACLE sys.dbms_internal_repcat.enable_receiver_trace buffer overflow attempt""; flow:to_server,established; content:""sys.dbms_internal_repcat.enable_receiver_trace"",nocase; pcre:""/((\w+)[\r\n\s]*\x3a=[\r\n\s]*(\x27[^\x27]{1024,}\x27|\x22[^\x22]{1024,}\x22)[\r\n\s]*\x3b.*gname[\r\n\s]*=>[\r\n\s]*\2|gname\s*=>\s*(\x27[^\x27]{1024,}|\x22[^\x22]{1024,})|\(\s*(\x27[^\x27]{1024,}|\x22[^\x22]{1024,}))/is""; metadata:ruleset community; classtype:attempted-user; sid:2688; rev:4; ",True,False,False,False,False,INCLUDE_HIGH,E01 supported by rule text/metadata
1907,2689,4,alert,tcp,$EXTERNAL_NET,any,->,$SQL_SERVERS,$ORACLE_PORTS,,attempted-user,,ruleset community,E01,True," msg:""SERVER-ORACLE sys.dbms_internal_repcat.disable_receiver_trace buffer overflow attempt""; flow:to_server,established; content:""sys.dbms_internal_repcat.disable_receiver_trace"",nocase; pcre:""/((\w+)[\r\n\s]*\x3a=[\r\n\s]*(\x27[^\x27]{1024,}\x27|\x22[^\x22]{1024,}\x22)[\r\n\s]*\x3b.*gname[\r\n\s]*=>[\r\n\s]*\2|gname\s*=>\s*(\x27[^\x27]{1024,}|\x22[^\x22]{1024,})|\(\s*(\x27[^\x27]{1024,}|\x22[^\x22]{1024,}))/is""; metadata:ruleset community; classtype:attempted-user; sid:2689; rev:4; ",True,False,False,False,False,INCLUDE_HIGH,E01 supported by rule text/metadata
1908,2690,4,alert,tcp,$EXTERNAL_NET,any,->,$SQL_SERVERS,$ORACLE_PORTS,,attempted-user,,ruleset community,E01,True," msg:""SERVER-ORACLE sys.dbms_defer_repcat.enable_propagation_to_dblink buffer overflow attempt""; flow:to_server,established; content:""sys.dbms_defer_repcat.enable_propagation_to_dblink"",nocase; pcre:""/((\w+)[\r\n\s]*\x3a=[\r\n\s]*(\x27[^\x27]{1024,}\x27|\x22[^\x22]{1024,}\x22)[\r\n\s]*\x3b.*dblink[\r\n\s]*=>[\r\n\s]*\2|dblink\s*=>\s*(\x27[^\x27]{1024,}|\x22[^\x22]{1024,})|\(\s*(\x27[^\x27]{1024,}|\x22[^\x22]{1024,}))/is""; metadata:ruleset community; classtype:attempted-user; sid:2690; rev:4; ",True,False,False,False,False,INCLUDE_HIGH,E01 supported by rule text/metadata
1909,2691,4,alert,tcp,$EXTERNAL_NET,any,->,$SQL_SERVERS,$ORACLE_PORTS,,attempted-user,,ruleset community,E01,True," msg:""SERVER-ORACLE sys.dbms_defer_internal_sys.parallel_push_recovery buffer overflow attempt""; flow:to_server,established; content:""sys.dbms_defer_internal_sys.parallel_push_recovery"",nocase; pcre:""/((\w+)[\r\n\s]*\x3a=[\r\n\s]*(\x27[^\x27]{1024,}\x27|\x22[^\x22]{1024,}\x22)[\r\n\s]*\x3b.*destination[\r\n\s]*=>[\r\n\s]*\2|destination\s*=>\s*(\x27[^\x27]{1024,}|\x22[^\x22]{1024,})|\(\s*(\x27[^\x27]{1024,}|\x22[^\x22]{1024,}))/is""; metadata:ruleset community; classtype:attempted-user; sid:2691; rev:4; ",True,False,False,False,False,INCLUDE_HIGH,E01 supported by rule text/metadata
1910,2692,4,alert,tcp,$EXTERNAL_NET,any,->,$SQL_SERVERS,$ORACLE_PORTS,,attempted-user,,ruleset community,E01,True," msg:""SERVER-ORACLE sys.dbms_aqadm_sys.verify_queue_types buffer overflow attempt""; flow:to_server,established; content:""sys.dbms_aqadm_sys.verify_queue_types"",nocase; pcre:""/((\w+)[\r\n\s]*\x3a=[\r\n\s]*(\x27[^\x27]{1024,}\x27|\x22[^\x22]{1024,}\x22)[\r\n\s]*\x3b.*src_queue_name[\r\n\s]*=>[\r\n\s]*\2|src_queue_name\s*=>\s*(\x27[^\x27]{1024,}|\x22[^\x22]{1024,})|\(\s*(\x27[^\x27]{1024,}|\x22[^\x22]{1024,}))/is""; metadata:ruleset community; classtype:attempted-user; sid:2692; rev:4; ",True,False,False,False,False,INCLUDE_HIGH,E01 supported by rule text/metadata
1911,2693,4,alert,tcp,$EXTERNAL_NET,any,->,$SQL_SERVERS,$ORACLE_PORTS,,attempted-user,,ruleset community,E01,True," msg:""SERVER-ORACLE sys.dbms_aqadm.verify_queue_types_no_queue buffer overflow attempt""; flow:to_server,established; content:""sys.dbms_aqadm.verify_queue_types_no_queue"",nocase; pcre:""/((\w+)[\r\n\s]*\x3a=[\r\n\s]*(\x27[^\x27]{1024,}\x27|\x22[^\x22]{1024,}\x22)[\r\n\s]*\x3b.*src_queue_name[\r\n\s]*=>[\r\n\s]*\2|src_queue_name\s*=>\s*(\x27[^\x27]{1024,}|\x22[^\x22]{1024,})|\(\s*(\x27[^\x27]{1024,}|\x22[^\x22]{1024,}))/is""; metadata:ruleset community; classtype:attempted-user; sid:2693; rev:4; ",True,False,False,False,False,INCLUDE_HIGH,E01 supported by rule text/metadata
1912,2694,4,alert,tcp,$EXTERNAL_NET,any,->,$SQL_SERVERS,$ORACLE_PORTS,,attempted-user,,ruleset community,E01,True," msg:""SERVER-ORACLE sys.dbms_aqadm.verify_queue_types_get_nrp buffer overflow attempt""; flow:to_server,established; content:""sys.dbms_aqadm.verify_queue_types_get_nrp"",nocase; pcre:""/((\w+)[\r\n\s]*\x3a=[\r\n\s]*(\x27[^\x27]{1024,}\x27|\x22[^\x22]{1024,}\x22)[\r\n\s]*\x3b.*src_queue_name[\r\n\s]*=>[\r\n\s]*\2|src_queue_name\s*=>\s*(\x27[^\x27]{1024,}|\x22[^\x22]{1024,})|\(\s*(\x27[^\x27]{1024,}|\x22[^\x22]{1024,}))/is""; metadata:ruleset community; classtype:attempted-user; sid:2694; rev:4; ",True,False,False,False,False,INCLUDE_HIGH,E01 supported by rule text/metadata
1913,2695,4,alert,tcp,$EXTERNAL_NET,any,->,$SQL_SERVERS,$ORACLE_PORTS,,attempted-user,,ruleset community,E01,True," msg:""SERVER-ORACLE sys.dbms_aq_import_internal.aq_table_defn_update buffer overflow attempt""; flow:to_server,established; content:""sys.dbms_aq_import_internal.aq_table_defn_update"",nocase; pcre:""/((\w+)[\r\n\s]*\x3a=[\r\n\s]*(\x27[^\x27]{1024,}\x27|\x22[^\x22]{1024,}\x22)[\r\n\s]*\x3b.*qt_name[\r\n\s]*=>[\r\n\s]*\2|qt_name\s*=>\s*(\x27[^\x27]{1024,}|\x22[^\x22]{1024,})|\(\s*(\x27[^\x27]*\x27|\x22[^\x22]+\x22)\s*,\s*(\x27[^\x27]{1024,}|\x22[^\x22]{1024,}))/is""; metadata:ruleset community; classtype:attempted-user; sid:2695; rev:4; ",True,False,False,False,False,INCLUDE_HIGH,E01 supported by rule text/metadata
1914,2696,4,alert,tcp,$EXTERNAL_NET,any,->,$SQL_SERVERS,$ORACLE_PORTS,,attempted-user,,ruleset community,E01,True," msg:""SERVER-ORACLE sys.dbms_repcat_utl.is_master buffer overflow attempt""; flow:to_server,established; content:""sys.dbms_repcat_utl.is_master"",nocase; pcre:""/((\w+)[\r\n\s]*\x3a=[\r\n\s]*(\x27[^\x27]{1024,}\x27|\x22[^\x22]{1024,}\x22)[\r\n\s]*\x3b.*CANON_GNAME[\r\n\s]*=>[\r\n\s]*\2|CANON_GNAME\s*=>\s*(\x27[^\x27]{1024,}|\x22[^\x22]{1024,}))/is""; metadata:ruleset community; classtype:attempted-user; sid:2696; rev:4; ",True,False,False,False,False,INCLUDE_HIGH,E01 supported by rule text/metadata
1915,2697,4,alert,tcp,$EXTERNAL_NET,any,->,$SQL_SERVERS,$ORACLE_PORTS,,attempted-user,,ruleset community,E01,True," msg:""SERVER-ORACLE alter file buffer overflow attempt""; flow:to_server,established; content:""alter"",nocase; pcre:""/ALTER\s.*?FILE\s+((AS|MEMBER|TO)\s+)?(\x27[^\x27]{512}|\x22[^\x22]{512})/ims""; metadata:ruleset community; classtype:attempted-user; sid:2697; rev:4; ",True,False,False,False,False,INCLUDE_HIGH,E01 supported by rule text/metadata
1916,2698,4,alert,tcp,$EXTERNAL_NET,any,->,$SQL_SERVERS,$ORACLE_PORTS,,attempted-user,,ruleset community,E01,True," msg:""SERVER-ORACLE create file buffer overflow attempt""; flow:to_server,established; content:""create"",nocase; pcre:""/CREATE\s.*?FILE\s+((AS|MEMBER|TO)\s+)?(\x27[^\x27]{512}|\x22[^\x22]{512})/ims""; metadata:ruleset community; classtype:attempted-user; sid:2698; rev:4; ",True,False,False,False,False,INCLUDE_HIGH,E01 supported by rule text/metadata
1917,2699,5,alert,tcp,$EXTERNAL_NET,any,->,$SQL_SERVERS,$ORACLE_PORTS,,attempted-user,,ruleset community,E01,True," msg:""SERVER-ORACLE TO_CHAR buffer overflow attempt""; flow:to_server,established; content:""TO_CHAR"",nocase; pcre:""/TO_CHAR\s*\(\s*SYSTIMESTAMP\s*,\s*(\x27[^\x27]{256}|\x22[^\x22]{256})/ims""; metadata:ruleset community; reference:bugtraq,10871; reference:cve,2004-1364; classtype:attempted-user; sid:2699; rev:5; ",True,False,False,False,False,INCLUDE_HIGH,E01 supported by rule text/metadata
1918,2701,11,alert,tcp,$EXTERNAL_NET,any,->,$HTTP_SERVERS,$HTTP_PORTS,,web-application-attack,http,ruleset community,E01,True," msg:""SERVER-WEBAPP Oracle iSQLPlus sid overflow attempt""; flow:to_server,established; http_uri; content:""/isqlplus"",nocase; pkt_data; pcre:""/sid=[^&\x3b\r\n]{255}/is""; metadata:ruleset community; service:http; reference:bugtraq,10871; reference:cve,2004-1362; reference:cve,2004-1363; reference:cve,2004-1364; reference:cve,2004-1365; reference:cve,2004-1366; reference:cve,2004-1368; reference:cve,2004-1369; reference:cve,2004-1370; reference:cve,2004-1371; reference:url,www.nextgenss.com/advisories/ora-isqlplus.txt; classtype:web-application-attack; sid:2701; rev:11; ",True,False,False,False,False,INCLUDE_HIGH,E01 supported by rule text/metadata
1919,2702,11,alert,tcp,$EXTERNAL_NET,any,->,$HTTP_SERVERS,$HTTP_PORTS,,web-application-attack,http,ruleset community,E01,True," msg:""SERVER-WEBAPP Oracle iSQLPlus username overflow attempt""; flow:to_server,established; http_uri; content:""/isqlplus"",nocase; pkt_data; pcre:""/username=[^&\x3b\r\n]{255}/is""; metadata:ruleset community; service:http; reference:bugtraq,10871; reference:cve,2004-1362; reference:cve,2004-1363; reference:cve,2004-1364; reference:cve,2004-1365; reference:cve,2004-1366; reference:cve,2004-1368; reference:cve,2004-1369; reference:cve,2004-1370; reference:cve,2004-1371; reference:url,www.nextgenss.com/advisories/ora-isqlplus.txt; classtype:web-application-attack; sid:2702; rev:11; ",True,False,False,False,False,INCLUDE_HIGH,E01 supported by rule text/metadata
1920,2703,11,alert,tcp,$EXTERNAL_NET,any,->,$HTTP_SERVERS,$HTTP_PORTS,,web-application-attack,http,ruleset community,E01,True," msg:""SERVER-WEBAPP Oracle iSQLPlus login.uix username overflow attempt""; flow:to_server,established; http_uri; content:""/login.uix"",nocase; pkt_data; pcre:""/username=[^&\x3b\r\n]{250}/ims""; metadata:ruleset community; service:http; reference:bugtraq,10871; reference:cve,2004-1362; reference:cve,2004-1363; reference:cve,2004-1364; reference:cve,2004-1365; reference:cve,2004-1366; reference:cve,2004-1368; reference:cve,2004-1369; reference:cve,2004-1370; reference:cve,2004-1371; reference:url,www.nextgenss.com/advisories/ora-isqlplus.txt; classtype:web-application-attack; sid:2703; rev:11; ",True,False,False,False,False,INCLUDE_HIGH,E01 supported by rule text/metadata
1921,2704,12,alert,tcp,$EXTERNAL_NET,any,->,$HTTP_SERVERS,$HTTP_PORTS,,web-application-attack,http,ruleset community,E01,True," msg:""SERVER-WEBAPP Oracle 10g iSQLPlus login.unix connectID overflow attempt""; flow:to_server,established; http_uri; content:""/login.uix"",nocase; pkt_data; content:""connectID="",nocase; isdataat:255,relative; pcre:""/connectID=[^&\x3b\r\n]{255}/ims""; metadata:ruleset community; service:http; reference:bugtraq,10871; reference:cve,2004-1362; reference:cve,2004-1363; reference:cve,2004-1364; reference:cve,2004-1365; reference:cve,2004-1366; reference:cve,2004-1368; reference:cve,2004-1369; reference:cve,2004-1370; reference:cve,2004-1371; reference:url,www.nextgenss.com/advisories/ora-isqlplus.txt; classtype:web-application-attack; sid:2704; rev:12; ",True,False,False,False,False,INCLUDE_HIGH,E01 supported by rule text/metadata
1922,2705,18,alert,tcp,$EXTERNAL_NET,$HTTP_PORTS,->,$HOME_NET,any,,attempted-user,http,ruleset community,E01,True," msg:""FILE-IMAGE Microsoft Multiple Products JPEG parser heap overflow attempt""; flow:to_client,established; http_header; content:""Content-Type"",nocase; content:""image/"",nocase; pcre:""/^Content-Type\x3A\s*image\x2F/ims""; file_data; content:""|FF D8|"",within 2,fast_pattern; pcre:""/^.{0,100}\xFF[\xE1\xE2\xED\xFE]\x00[\x00\x01]/Rs""; metadata:ruleset community; service:http; reference:bugtraq,11173; reference:cve,2004-0200; reference:url,www.microsoft.com/security/bulletins/200409_jpeg.mspx; classtype:attempted-user; sid:2705; rev:18; ",True,False,False,False,False,INCLUDE_HIGH,E01 supported by rule text/metadata
1923,2707,14,alert,tcp,$EXTERNAL_NET,$FILE_DATA_PORTS,->,$HOME_NET,any,,attempted-admin,"ftp-data,http,imap,pop3",ruleset community,E01,True," msg:""FILE-IMAGE JPEG parser multipacket heap overflow attempt""; flow:to_client,established; flowbits:isset,file.jpeg; file_data; content:""|00 48 00 00 FF|"",fast_pattern,nocase; pcre:""/\x00\x48\x00\x00\xFF[\xE1\xE2\xED\xFE]\x00[\x00\x01]/""; metadata:ruleset community; service:ftp-data,http,imap,pop3; reference:bugtraq,11173; reference:cve,2004-0200; reference:cve,2017-16392; reference:url,helpx.adobe.com/security/products/acrobat/apsb17-36.html; reference:url,technet.microsoft.com/en-us/security/bulletin/MS04-028; classtype:attempted-admin; sid:2707; rev:14; ",True,False,False,False,False,INCLUDE_HIGH,E01 supported by rule text/metadata
1924,2708,4,alert,tcp,$EXTERNAL_NET,any,->,$SQL_SERVERS,$ORACLE_PORTS,,attempted-user,,ruleset community,E01,True," msg:""SERVER-ORACLE dbms_offline_og.begin_flavor_change buffer overflow attempt""; flow:to_server,established; content:""dbms_offline_og.begin_flavor_change"",nocase; pcre:""/\(\s*(\x27[^\x27]{1075,}|\x22[^\x22]{1075,})/is""; metadata:ruleset community; reference:url,www.appsecinc.com/resources/alerts/oracle/2004-0001/25.html; classtype:attempted-user; sid:2708; rev:4; ",True,False,False,False,False,INCLUDE_HIGH,E01 supported by rule text/metadata
1925,2709,4,alert,tcp,$EXTERNAL_NET,any,->,$SQL_SERVERS,$ORACLE_PORTS,,attempted-user,,ruleset community,E01,True," msg:""SERVER-ORACLE dbms_offline_og.begin_instantiation buffer overflow attempt""; flow:to_server,established; content:""dbms_offline_og.begin_instantiation"",nocase; pcre:""/((\w+)[\r\n\s]*\x3a=[\r\n\s]*(\x27[^\x27]{1075,}\x27|\x22[^\x22]{1075,}\x22)[\r\n\s]*\x3b.*gname[\r\n\s]*=>[\r\n\s]*\2|gname\s*=>\s*(\x27[^\x27]{1075,}|\x22[^\x22]{1075,})|\(\s*(\x27[^\x27]{1075,}|\x22[^\x22]{1075,}))/is""; metadata:ruleset community; reference:url,www.appsecinc.com/resources/alerts/oracle/2004-0001/25.html; classtype:attempted-user; sid:2709; rev:4; ",True,False,False,False,False,INCLUDE_HIGH,E01 supported by rule text/metadata
1926,2711,4,alert,tcp,$EXTERNAL_NET,any,->,$SQL_SERVERS,$ORACLE_PORTS,,attempted-user,,ruleset community,E01,True," msg:""SERVER-ORACLE dbms_offline_og.end_flavor_change buffer overflow attempt""; flow:to_server,established; content:""dbms_offline_og.end_flavor_change"",nocase; pcre:""/\(\s*(\x27[^\x27]{1075,}|\x22[^\x22]{1075,})/is""; metadata:ruleset community; reference:url,www.appsecinc.com/resources/alerts/oracle/2004-0001/25.html; classtype:attempted-user; sid:2711; rev:4; ",True,False,False,False,False,INCLUDE_HIGH,E01 supported by rule text/metadata
1927,2712,4,alert,tcp,$EXTERNAL_NET,any,->,$SQL_SERVERS,$ORACLE_PORTS,,attempted-user,,ruleset community,E01,True," msg:""SERVER-ORACLE dbms_offline_og.end_instantiation buffer overflow attempt""; flow:to_server,established; content:""dbms_offline_og.end_instantiation"",nocase; pcre:""/((\w+)[\r\n\s]*\x3a=[\r\n\s]*(\x27[^\x27]{1075,}\x27|\x22[^\x22]{1075,}\x22)[\r\n\s]*\x3b.*gname[\r\n\s]*=>[\r\n\s]*\2|gname\s*=>\s*(\x27[^\x27]{1075,}|\x22[^\x22]{1075,})|\(\s*(\x27[^\x27]{1075,}|\x22[^\x22]{1075,}))/is""; metadata:ruleset community; reference:url,www.appsecinc.com/resources/alerts/oracle/2004-0001/25.html; classtype:attempted-user; sid:2712; rev:4; ",True,False,False,False,False,INCLUDE_HIGH,E01 supported by rule text/metadata
1928,2713,4,alert,tcp,$EXTERNAL_NET,any,->,$SQL_SERVERS,$ORACLE_PORTS,,attempted-user,,ruleset community,E01,True," msg:""SERVER-ORACLE dbms_offline_og.end_load buffer overflow attempt""; flow:to_server,established; content:""dbms_offline_og.end_load"",nocase; pcre:""/((\w+)[\r\n\s]*\x3a=[\r\n\s]*(\x27[^\x27]{1075,}\x27|\x22[^\x22]{1075,}\x22)[\r\n\s]*\x3b.*gname[\r\n\s]*=>[\r\n\s]*\2|gname\s*=>\s*(\x27[^\x27]{1075,}|\x22[^\x22]{1075,})|\(\s*(\x27[^\x27]{1075,}|\x22[^\x22]{1075,}))/is""; metadata:ruleset community; reference:url,www.appsecinc.com/resources/alerts/oracle/2004-0001/25.html; classtype:attempted-user; sid:2713; rev:4; ",True,False,False,False,False,INCLUDE_HIGH,E01 supported by rule text/metadata
1929,2714,4,alert,tcp,$EXTERNAL_NET,any,->,$SQL_SERVERS,$ORACLE_PORTS,,attempted-user,,ruleset community,E01,True," msg:""SERVER-ORACLE dbms_offline_og.resume_subset_of_masters buffer overflow attempt""; flow:to_server,established; content:""dbms_offline_og.resume_subset_of_masters"",nocase; pcre:""/((\w+)[\r\n\s]*\x3a=[\r\n\s]*(\x27[^\x27]{1075,}\x27|\x22[^\x22]{1075,}\x22)[\r\n\s]*\x3b.*gname[\r\n\s]*=>[\r\n\s]*\2|gname\s*=>\s*(\x27[^\x27]{1075,}|\x22[^\x22]{1075,})|\(\s*(\x27[^\x27]{1075,}|\x22[^\x22]{1075,}))/is""; metadata:ruleset community; reference:url,www.appsecinc.com/resources/alerts/oracle/2004-0001/25.html; classtype:attempted-user; sid:2714; rev:4; ",True,False,False,False,False,INCLUDE_HIGH,E01 supported by rule text/metadata
1930,2715,4,alert,tcp,$EXTERNAL_NET,any,->,$SQL_SERVERS,$ORACLE_PORTS,,attempted-user,,ruleset community,E01,True," msg:""SERVER-ORACLE dbms_offline_snapshot.begin_load buffer overflow attempt""; flow:to_server,established; content:""dbms_offline_snapshot.begin_load"",nocase; pcre:""/((\w+)[\r\n\s]*\x3a=[\r\n\s]*(\x27[^\x27]{1075,}\x27|\x22[^\x22]{1075,}\x22)[\r\n\s]*\x3b.*gname[\r\n\s]*=>[\r\n\s]*\2|gname\s*=>\s*(\x27[^\x27]{1075,}|\x22[^\x22]{1075,})|\(\s*(\x27[^\x27]{1075,}|\x22[^\x22]{1075,}))/is""; metadata:ruleset community; reference:url,www.appsecinc.com/resources/alerts/oracle/2004-0001/25.html; classtype:attempted-user; sid:2715; rev:4; ",True,False,False,False,False,INCLUDE_HIGH,E01 supported by rule text/metadata
1931,2716,5,alert,tcp,$EXTERNAL_NET,any,->,$SQL_SERVERS,$ORACLE_PORTS,,attempted-user,,ruleset community,E01,True," msg:""SERVER-ORACLE dbms_offline_snapshot.end_load buffer overflow attempt""; flow:to_server,established; content:""dbms_offline_snapshot.end_load"",nocase; pcre:""/((\w+)[\r\n\s]*\x3a=[\r\n\s]*(\x27[^\x27]{1075,}\x27|\x22[^\x22]{1075,}\x22)[\r\n\s]*\x3b.*gname[\r\n\s]*=>[\r\n\s]*\2|gname\s*=>\s*(\x27[^\x27]{1075,}|\x22[^\x22]{1075,})|\(\s*(\x27[^\x27]{1075,}|\x22[^\x22]{1075,}))/is""; metadata:ruleset community; reference:url,www.appsecinc.com/Policy/PolicyCheck632.html; reference:url,www.appsecinc.com/resources/alerts/oracle/2004-0001/25.html; classtype:attempted-user; sid:2716; rev:5; ",True,False,False,False,False,INCLUDE_HIGH,E01 supported by rule text/metadata
1932,2717,5,alert,tcp,$EXTERNAL_NET,any,->,$SQL_SERVERS,$ORACLE_PORTS,,attempted-user,,ruleset community,E01,True," msg:""SERVER-ORACLE dbms_rectifier_diff.differences buffer overflow attempt""; flow:to_server,established; content:""dbms_rectifier_diff.differences"",nocase; pcre:""/((\w+)[\r\n\s]*\x3a=[\r\n\s]*(\x27[^\x27]{1075,}\x27|\x22[^\x22]{1075,}\x22)[\r\n\s]*\x3b.*(missing_rows_oname1|missing_rows_oname2)[\r\n\s]*=>[\r\n\s]*\2|(missing_rows_oname1|missing_rows_oname2)\s*=>\s*(\x27[^\x27]{1075,}|\x22[^\x22]{1075,})|\(\s*((\x27[^\x27]*\x27|\x22[^\x22]+\x22)\s*,\s*){9}(\x27[^\x27]{1075,}|\x22[^\x22]{1075,})|\(\s*((\x27[^\x27]*\x27|\x22[^\x22]+\x22)\s*,\s*){10}(\x27[^\x27]{1075,}|\x22[^\x22]{1075,}))/is""; metadata:ruleset community; reference:url,www.appsecinc.com/Policy/PolicyCheck97.html; reference:url,www.appsecinc.com/resources/alerts/oracle/2004-0001/25.html; classtype:attempted-user; sid:2717; rev:5; ",True,False,False,False,False,INCLUDE_HIGH,E01 supported by rule text/metadata
1933,2718,4,alert,tcp,$EXTERNAL_NET,any,->,$SQL_SERVERS,$ORACLE_PORTS,,attempted-user,,ruleset community,E01,True," msg:""SERVER-ORACLE dbms_rectifier_diff.rectify buffer overflow attempt""; flow:to_server,established; content:""dbms_rectifier_diff.rectify"",nocase; pcre:""/((\w+)[\r\n\s]*\x3a=[\r\n\s]*(\x27[^\x27]{1075,}\x27|\x22[^\x22]{1075,}\x22)[\r\n\s]*\x3b.*(missing_rows_oname1|missing_rows_oname2)[\r\n\s]*=>[\r\n\s]*\2|(missing_rows_oname1|missing_rows_oname2)\s*=>\s*(\x27[^\x27]{1075,}|\x22[^\x22]{1075,})|\(\s*((\x27[^\x27]*\x27|\x22[^\x22]+\x22)\s*,\s*){8}(\x27[^\x27]{1075,}|\x22[^\x22]{1075,})|\(\s*((\x27[^\x27]*\x27|\x22[^\x22]+\x22)\s*,\s*){9}(\x27[^\x27]{1075,}|\x22[^\x22]{1075,}))/is""; metadata:ruleset community; reference:url,www.appsecinc.com/resources/alerts/oracle/2004-0001/25.html; classtype:attempted-user; sid:2718; rev:4; ",True,False,False,False,False,INCLUDE_HIGH,E01 supported by rule text/metadata
1934,2719,4,alert,tcp,$EXTERNAL_NET,any,->,$SQL_SERVERS,$ORACLE_PORTS,,attempted-user,,ruleset community,E01,True," msg:""SERVER-ORACLE dbms_repcat.abort_flavor_definition buffer overflow attempt""; flow:to_server,established; content:""dbms_repcat.abort_flavor_definition"",nocase; pcre:""/((\w+)[\r\n\s]*\x3a=[\r\n\s]*(\x27[^\x27]{1075,}\x27|\x22[^\x22]{1075,}\x22)[\r\n\s]*\x3b.*gname[\r\n\s]*=>[\r\n\s]*\2|gname\s*=>\s*(\x27[^\x27]{1075,}|\x22[^\x22]{1075,})|\(\s*(\x27[^\x27]{1075,}|\x22[^\x22]{1075,}))/is""; metadata:ruleset community; reference:url,www.appsecinc.com/resources/alerts/oracle/2004-0001/25.html; classtype:attempted-user; sid:2719; rev:4; ",True,False,False,False,False,INCLUDE_HIGH,E01 supported by rule text/metadata
1935,2720,4,alert,tcp,$EXTERNAL_NET,any,->,$SQL_SERVERS,$ORACLE_PORTS,,attempted-user,,ruleset community,E01,True," msg:""SERVER-ORACLE dbms_repcat.add_column_group_to_flavor buffer overflow attempt""; flow:to_server,established; content:""dbms_repcat.add_column_group_to_flavor"",nocase; pcre:""/((\w+)[\r\n\s]*\x3a=[\r\n\s]*(\x27[^\x27]{1075,}\x27|\x22[^\x22]{1075,}\x22)[\r\n\s]*\x3b.*gname[\r\n\s]*=>[\r\n\s]*\2|gname\s*=>\s*(\x27[^\x27]{1075,}|\x22[^\x22]{1075,})|\(\s*(\x27[^\x27]{1075,}|\x22[^\x22]{1075,}))/is""; metadata:ruleset community; reference:url,www.appsecinc.com/resources/alerts/oracle/2004-0001/25.html; classtype:attempted-user; sid:2720; rev:4; ",True,False,False,False,False,INCLUDE_HIGH,E01 supported by rule text/metadata
1936,2721,4,alert,tcp,$EXTERNAL_NET,any,->,$SQL_SERVERS,$ORACLE_PORTS,,attempted-user,,ruleset community,E01,True," msg:""SERVER-ORACLE dbms_repcat.add_columns_to_flavor buffer overflow attempt""; flow:to_server,established; content:""dbms_repcat.add_columns_to_flavor"",nocase; pcre:""/((\w+)[\r\n\s]*\x3a=[\r\n\s]*(\x27[^\x27]{1075,}\x27|\x22[^\x22]{1075,}\x22)[\r\n\s]*\x3b.*gname[\r\n\s]*=>[\r\n\s]*\2|gname\s*=>\s*(\x27[^\x27]{1075,}|\x22[^\x22]{1075,})|\(\s*(\x27[^\x27]{1075,}|\x22[^\x22]{1075,}))/is""; metadata:ruleset community; reference:url,www.appsecinc.com/resources/alerts/oracle/2004-0001/25.html; classtype:attempted-user; sid:2721; rev:4; ",True,False,False,False,False,INCLUDE_HIGH,E01 supported by rule text/metadata
1937,2722,4,alert,tcp,$EXTERNAL_NET,any,->,$SQL_SERVERS,$ORACLE_PORTS,,attempted-user,,ruleset community,E01,True," msg:""SERVER-ORACLE dbms_repcat.add_object_to_flavor buffer overflow attempt""; flow:to_server,established; content:""dbms_repcat.add_object_to_flavor"",nocase; pcre:""/((\w+)[\r\n\s]*\x3a=[\r\n\s]*(\x27[^\x27]{1075,}\x27|\x22[^\x22]{1075,}\x22)[\r\n\s]*\x3b.*gname[\r\n\s]*=>[\r\n\s]*\2|gname\s*=>\s*(\x27[^\x27]{1075,}|\x22[^\x22]{1075,})|\(\s*(\x27[^\x27]{1075,}|\x22[^\x22]{1075,}))/is""; metadata:ruleset community; reference:url,www.appsecinc.com/resources/alerts/oracle/2004-0001/25.html; classtype:attempted-user; sid:2722; rev:4; ",True,False,False,False,False,INCLUDE_HIGH,E01 supported by rule text/metadata
1938,2723,4,alert,tcp,$EXTERNAL_NET,any,->,$SQL_SERVERS,$ORACLE_PORTS,,attempted-user,,ruleset community,E01,True," msg:""SERVER-ORACLE dbms_repcat.add_priority_char buffer overflow attempt""; flow:to_server,established; content:""dbms_repcat.add_priority_char"",nocase; pcre:""/((\w+)[\r\n\s]*\x3a=[\r\n\s]*(\x27[^\x27]{1075,}\x27|\x22[^\x22]{1075,}\x22)[\r\n\s]*\x3b.*gname[\r\n\s]*=>[\r\n\s]*\2|gname\s*=>\s*(\x27[^\x27]{1075,}|\x22[^\x22]{1075,})|\(\s*(\x27[^\x27]{1075,}|\x22[^\x22]{1075,}))/is""; metadata:ruleset community; reference:url,www.appsecinc.com/resources/alerts/oracle/2004-0001/25.html; classtype:attempted-user; sid:2723; rev:4; ",True,False,False,False,False,INCLUDE_HIGH,E01 supported by rule text/metadata
1939,2724,4,alert,tcp,$EXTERNAL_NET,any,->,$SQL_SERVERS,$ORACLE_PORTS,,attempted-user,,ruleset community,E01,True," msg:""SERVER-ORACLE dbms_repcat.add_priority_date buffer overflow attempt""; flow:to_server,established; content:""dbms_repcat.add_priority_date"",nocase; pcre:""/((\w+)[\r\n\s]*\x3a=[\r\n\s]*(\x27[^\x27]{1075,}\x27|\x22[^\x22]{1075,}\x22)[\r\n\s]*\x3b.*gname[\r\n\s]*=>[\r\n\s]*\2|gname\s*=>\s*(\x27[^\x27]{1075,}|\x22[^\x22]{1075,})|\(\s*(\x27[^\x27]{1075,}|\x22[^\x22]{1075,}))/is""; metadata:ruleset community; reference:url,www.appsecinc.com/resources/alerts/oracle/2004-0001/25.html; classtype:attempted-user; sid:2724; rev:4; ",True,False,False,False,False,INCLUDE_HIGH,E01 supported by rule text/metadata
1940,2725,4,alert,tcp,$EXTERNAL_NET,any,->,$SQL_SERVERS,$ORACLE_PORTS,,attempted-user,,ruleset community,E01,True," msg:""SERVER-ORACLE dbms_repcat.add_priority_nchar buffer overflow attempt""; flow:to_server,established; content:""dbms_repcat.add_priority_nchar"",nocase; pcre:""/((\w+)[\r\n\s]*\x3a=[\r\n\s]*(\x27[^\x27]{1075,}\x27|\x22[^\x22]{1075,}\x22)[\r\n\s]*\x3b.*gname[\r\n\s]*=>[\r\n\s]*\2|gname\s*=>\s*(\x27[^\x27]{1075,}|\x22[^\x22]{1075,})|\(\s*(\x27[^\x27]{1075,}|\x22[^\x22]{1075,}))/is""; metadata:ruleset community; reference:url,www.appsecinc.com/resources/alerts/oracle/2004-0001/25.html; classtype:attempted-user; sid:2725; rev:4; ",True,False,False,False,False,INCLUDE_HIGH,E01 supported by rule text/metadata
1941,2726,4,alert,tcp,$EXTERNAL_NET,any,->,$SQL_SERVERS,$ORACLE_PORTS,,attempted-user,,ruleset community,E01,True," msg:""SERVER-ORACLE dbms_repcat.add_priority_number buffer overflow attempt""; flow:to_server,established; content:""dbms_repcat.add_priority_number"",nocase; pcre:""/((\w+)[\r\n\s]*\x3a=[\r\n\s]*(\x27[^\x27]{1075,}\x27|\x22[^\x22]{1075,}\x22)[\r\n\s]*\x3b.*gname[\r\n\s]*=>[\r\n\s]*\2|gname\s*=>\s*(\x27[^\x27]{1075,}|\x22[^\x22]{1075,})|\(\s*(\x27[^\x27]{1075,}|\x22[^\x22]{1075,}))/is""; metadata:ruleset community; reference:url,www.appsecinc.com/resources/alerts/oracle/2004-0001/25.html; classtype:attempted-user; sid:2726; rev:4; ",True,False,False,False,False,INCLUDE_HIGH,E01 supported by rule text/metadata
1942,2727,4,alert,tcp,$EXTERNAL_NET,any,->,$SQL_SERVERS,$ORACLE_PORTS,,attempted-user,,ruleset community,E01,True," msg:""SERVER-ORACLE dbms_repcat.add_priority_nvarchar2 buffer overflow attempt""; flow:to_server,established; content:""dbms_repcat.add_priority_nvarchar2"",nocase; pcre:""/((\w+)[\r\n\s]*\x3a=[\r\n\s]*(\x27[^\x27]{1075,}\x27|\x22[^\x22]{1075,}\x22)[\r\n\s]*\x3b.*gname[\r\n\s]*=>[\r\n\s]*\2|gname\s*=>\s*(\x27[^\x27]{1075,}|\x22[^\x22]{1075,})|\(\s*(\x27[^\x27]{1075,}|\x22[^\x22]{1075,}))/is""; metadata:ruleset community; reference:url,www.appsecinc.com/resources/alerts/oracle/2004-0001/25.html; classtype:attempted-user; sid:2727; rev:4; ",True,False,False,False,False,INCLUDE_HIGH,E01 supported by rule text/metadata
1943,2728,4,alert,tcp,$EXTERNAL_NET,any,->,$SQL_SERVERS,$ORACLE_PORTS,,attempted-user,,ruleset community,E01,True," msg:""SERVER-ORACLE dbms_repcat.add_priority_raw buffer overflow attempt""; flow:to_server,established; content:""dbms_repcat.add_priority_raw"",nocase; pcre:""/((\w+)[\r\n\s]*\x3a=[\r\n\s]*(\x27[^\x27]{1075,}\x27|\x22[^\x22]{1075,}\x22)[\r\n\s]*\x3b.*gname[\r\n\s]*=>[\r\n\s]*\2|gname\s*=>\s*(\x27[^\x27]{1075,}|\x22[^\x22]{1075,})|\(\s*(\x27[^\x27]{1075,}|\x22[^\x22]{1075,}))/is""; metadata:ruleset community; reference:url,www.appsecinc.com/resources/alerts/oracle/2004-0001/25.html; classtype:attempted-user; sid:2728; rev:4; ",True,False,False,False,False,INCLUDE_HIGH,E01 supported by rule text/metadata
1944,2729,4,alert,tcp,$EXTERNAL_NET,any,->,$SQL_SERVERS,$ORACLE_PORTS,,attempted-user,,ruleset community,E01,True," msg:""SERVER-ORACLE dbms_repcat.add_priority_varchar2 buffer overflow attempt""; flow:to_server,established; content:""dbms_repcat.add_priority_varchar2"",nocase; pcre:""/((\w+)[\r\n\s]*\x3a=[\r\n\s]*(\x27[^\x27]{1075,}\x27|\x22[^\x22]{1075,}\x22)[\r\n\s]*\x3b.*gname[\r\n\s]*=>[\r\n\s]*\2|gname\s*=>\s*(\x27[^\x27]{1075,}|\x22[^\x22]{1075,})|\(\s*(\x27[^\x27]{1075,}|\x22[^\x22]{1075,}))/is""; metadata:ruleset community; reference:url,www.appsecinc.com/resources/alerts/oracle/2004-0001/25.html; classtype:attempted-user; sid:2729; rev:4; ",True,False,False,False,False,INCLUDE_HIGH,E01 supported by rule text/metadata
1945,2730,4,alert,tcp,$EXTERNAL_NET,any,->,$SQL_SERVERS,$ORACLE_PORTS,,attempted-user,,ruleset community,E01,True," msg:""SERVER-ORACLE dbms_repcat.add_site_priority_site buffer overflow attempt""; flow:to_server,established; content:""dbms_repcat.add_site_priority_site"",nocase; pcre:""/((\w+)[\r\n\s]*\x3a=[\r\n\s]*(\x27[^\x27]{1075,}\x27|\x22[^\x22]{1075,}\x22)[\r\n\s]*\x3b.*gname[\r\n\s]*=>[\r\n\s]*\2|gname\s*=>\s*(\x27[^\x27]{1075,}|\x22[^\x22]{1075,})|\(\s*(\x27[^\x27]{1075,}|\x22[^\x22]{1075,}))/is""; metadata:ruleset community; reference:url,www.appsecinc.com/resources/alerts/oracle/2004-0001/25.html; classtype:attempted-user; sid:2730; rev:4; ",True,False,False,False,False,INCLUDE_HIGH,E01 supported by rule text/metadata
1946,2731,4,alert,tcp,$EXTERNAL_NET,any,->,$SQL_SERVERS,$ORACLE_PORTS,,attempted-user,,ruleset community,E01,True," msg:""SERVER-ORACLE dbms_repcat.add_unique_resolution buffer overflow attempt""; flow:to_server,established; content:""dbms_repcat.add_unique_resolution"",nocase; pcre:""/((\w+)[\r\n\s]*\x3a=[\r\n\s]*(\x27[^\x27]{1075,}\x27|\x22[^\x22]{1075,}\x22)[\r\n\s]*\x3b.*(sname|oname)[\r\n\s]*=>[\r\n\s]*\2|(sname|oname)\s*=>\s*(\x27[^\x27]{1075,}|\x22[^\x22]{1075,})|\(\s*(\x27[^\x27]{1075,}|\x22[^\x22]{1075,})|\(\s*(\x27[^\x27]*\x27|\x22[^\x22]+\x22)\s*,\s*(\x27[^\x27]{1075,}|\x22[^\x22]{1075,}))/is""; metadata:ruleset community; reference:url,www.appsecinc.com/resources/alerts/oracle/2004-0001/25.html; classtype:attempted-user; sid:2731; rev:4; ",True,False,False,False,False,INCLUDE_HIGH,E01 supported by rule text/metadata
1947,2732,4,alert,tcp,$EXTERNAL_NET,any,->,$SQL_SERVERS,$ORACLE_PORTS,,attempted-user,,ruleset community,E01,True," msg:""SERVER-ORACLE dbms_repcat.add_update_resolution buffer overflow attempt""; flow:to_server,established; content:""dbms_repcat.add_update_resolution"",nocase; pcre:""/((\w+)[\r\n\s]*\x3a=[\r\n\s]*(\x27[^\x27]{1075,}\x27|\x22[^\x22]{1075,}\x22)[\r\n\s]*\x3b.*(sname|oname)[\r\n\s]*=>[\r\n\s]*\2|(sname|oname)\s*=>\s*(\x27[^\x27]{1075,}|\x22[^\x22]{1075,})|\(\s*(\x27[^\x27]{1075,}|\x22[^\x22]{1075,})|\(\s*(\x27[^\x27]*\x27|\x22[^\x22]+\x22)\s*,\s*(\x27[^\x27]{1075,}|\x22[^\x22]{1075,}))/is""; metadata:ruleset community; reference:url,www.appsecinc.com/resources/alerts/oracle/2004-0001/25.html; classtype:attempted-user; sid:2732; rev:4; ",True,False,False,False,False,INCLUDE_HIGH,E01 supported by rule text/metadata
1948,2733,4,alert,tcp,$EXTERNAL_NET,any,->,$SQL_SERVERS,$ORACLE_PORTS,,attempted-user,,ruleset community,E01,True," msg:""SERVER-ORACLE dbms_repcat.alter_master_propagation buffer overflow attempt""; flow:to_server,established; content:""dbms_repcat.alter_master_propagation"",nocase; pcre:""/((\w+)[\r\n\s]*\x3a=[\r\n\s]*(\x27[^\x27]{1075,}\x27|\x22[^\x22]{1075,}\x22)[\r\n\s]*\x3b.*gname[\r\n\s]*=>[\r\n\s]*\2|gname\s*=>\s*(\x27[^\x27]{1075,}|\x22[^\x22]{1075,})|\(\s*(\x27[^\x27]{1075,}|\x22[^\x22]{1075,}))/is""; metadata:ruleset community; reference:url,www.appsecinc.com/resources/alerts/oracle/2004-0001/25.html; classtype:attempted-user; sid:2733; rev:4; ",True,False,False,False,False,INCLUDE_HIGH,E01 supported by rule text/metadata
1949,2734,4,alert,tcp,$EXTERNAL_NET,any,->,$SQL_SERVERS,$ORACLE_PORTS,,attempted-user,,ruleset community,E01,True," msg:""SERVER-ORACLE dbms_repcat.alter_mview_propagation buffer overflow attempt""; flow:to_server,established; content:""dbms_repcat.alter_mview_propagation"",nocase; pcre:""/((\w+)[\r\n\s]*\x3a=[\r\n\s]*(\x27[^\x27]{1075,}\x27|\x22[^\x22]{1075,}\x22)[\r\n\s]*\x3b.*(gname|gowner)[\r\n\s]*=>[\r\n\s]*\2|(gname|gowner)\s*=>\s*(\x27[^\x27]{1075,}|\x22[^\x22]{1075,})|\(\s*(\x27[^\x27]{1075,}|\x22[^\x22]{1075,})|\(\s*((\x27[^\x27]*\x27|\x22[^\x22]+\x22)\s*,\s*){3}(\x27[^\x27]{1075,}|\x22[^\x22]{1075,}))/is""; metadata:ruleset community; reference:url,www.appsecinc.com/resources/alerts/oracle/2004-0001/25.html; classtype:attempted-user; sid:2734; rev:4; ",True,False,False,False,False,INCLUDE_HIGH,E01 supported by rule text/metadata
1950,2735,4,alert,tcp,$EXTERNAL_NET,any,->,$SQL_SERVERS,$ORACLE_PORTS,,attempted-user,,ruleset community,E01,True," msg:""SERVER-ORACLE dbms_repcat.alter_priority_char buffer overflow attempt""; flow:to_server,established; content:""dbms_repcat.alter_priority_char"",nocase; pcre:""/((\w+)[\r\n\s]*\x3a=[\r\n\s]*(\x27[^\x27]{1075,}\x27|\x22[^\x22]{1075,}\x22)[\r\n\s]*\x3b.*gname[\r\n\s]*=>[\r\n\s]*\2|gname\s*=>\s*(\x27[^\x27]{1075,}|\x22[^\x22]{1075,})|\(\s*(\x27[^\x27]{1075,}|\x22[^\x22]{1075,}))/is""; metadata:ruleset community; reference:url,www.appsecinc.com/resources/alerts/oracle/2004-0001/25.html; classtype:attempted-user; sid:2735; rev:4; ",True,False,False,False,False,INCLUDE_HIGH,E01 supported by rule text/metadata
1951,2736,4,alert,tcp,$EXTERNAL_NET,any,->,$SQL_SERVERS,$ORACLE_PORTS,,attempted-user,,ruleset community,E01,True," msg:""SERVER-ORACLE dbms_repcat.alter_priority_date buffer overflow attempt""; flow:to_server,established; content:""dbms_repcat.alter_priority_date"",nocase; pcre:""/((\w+)[\r\n\s]*\x3a=[\r\n\s]*(\x27[^\x27]{1075,}\x27|\x22[^\x22]{1075,}\x22)[\r\n\s]*\x3b.*gname[\r\n\s]*=>[\r\n\s]*\2|gname\s*=>\s*(\x27[^\x27]{1075,}|\x22[^\x22]{1075,})|\(\s*(\x27[^\x27]{1075,}|\x22[^\x22]{1075,}))/is""; metadata:ruleset community; reference:url,www.appsecinc.com/resources/alerts/oracle/2004-0001/25.html; classtype:attempted-user; sid:2736; rev:4; ",True,False,False,False,False,INCLUDE_HIGH,E01 supported by rule text/metadata
1952,2737,4,alert,tcp,$EXTERNAL_NET,any,->,$SQL_SERVERS,$ORACLE_PORTS,,attempted-user,,ruleset community,E01,True," msg:""SERVER-ORACLE dbms_repcat.alter_priority_nchar buffer overflow attempt""; flow:to_server,established; content:""dbms_repcat.alter_priority_nchar"",nocase; pcre:""/((\w+)[\r\n\s]*\x3a=[\r\n\s]*(\x27[^\x27]{1075,}\x27|\x22[^\x22]{1075,}\x22)[\r\n\s]*\x3b.*gname[\r\n\s]*=>[\r\n\s]*\2|gname\s*=>\s*(\x27[^\x27]{1075,}|\x22[^\x22]{1075,})|\(\s*(\x27[^\x27]{1075,}|\x22[^\x22]{1075,}))/is""; metadata:ruleset community; reference:url,www.appsecinc.com/resources/alerts/oracle/2004-0001/25.html; classtype:attempted-user; sid:2737; rev:4; ",True,False,False,False,False,INCLUDE_HIGH,E01 supported by rule text/metadata
1953,2738,4,alert,tcp,$EXTERNAL_NET,any,->,$SQL_SERVERS,$ORACLE_PORTS,,attempted-user,,ruleset community,E01,True," msg:""SERVER-ORACLE dbms_repcat.alter_priority_number buffer overflow attempt""; flow:to_server,established; content:""dbms_repcat.alter_priority_number"",nocase; pcre:""/((\w+)[\r\n\s]*\x3a=[\r\n\s]*(\x27[^\x27]{1075,}\x27|\x22[^\x22]{1075,}\x22)[\r\n\s]*\x3b.*gname[\r\n\s]*=>[\r\n\s]*\2|gname\s*=>\s*(\x27[^\x27]{1075,}|\x22[^\x22]{1075,})|\(\s*(\x27[^\x27]{1075,}|\x22[^\x22]{1075,}))/is""; metadata:ruleset community; reference:url,www.appsecinc.com/resources/alerts/oracle/2004-0001/25.html; classtype:attempted-user; sid:2738; rev:4; ",True,False,False,False,False,INCLUDE_HIGH,E01 supported by rule text/metadata
1954,2739,4,alert,tcp,$EXTERNAL_NET,any,->,$SQL_SERVERS,$ORACLE_PORTS,,attempted-user,,ruleset community,E01,True," msg:""SERVER-ORACLE dbms_repcat.alter_priority_nvarchar2 buffer overflow attempt""; flow:to_server,established; content:""dbms_repcat.alter_priority_nvarchar2"",nocase; pcre:""/((\w+)[\r\n\s]*\x3a=[\r\n\s]*(\x27[^\x27]{1075,}\x27|\x22[^\x22]{1075,}\x22)[\r\n\s]*\x3b.*gname[\r\n\s]*=>[\r\n\s]*\2|gname\s*=>\s*(\x27[^\x27]{1075,}|\x22[^\x22]{1075,})|\(\s*(\x27[^\x27]{1075,}|\x22[^\x22]{1075,}))/is""; metadata:ruleset community; reference:url,www.appsecinc.com/resources/alerts/oracle/2004-0001/25.html; classtype:attempted-user; sid:2739; rev:4; ",True,False,False,False,False,INCLUDE_HIGH,E01 supported by rule text/metadata
1955,2740,6,alert,tcp,$EXTERNAL_NET,any,->,$SQL_SERVERS,$ORACLE_PORTS,,attempted-user,,ruleset community,E01,True," msg:""SERVER-ORACLE dbms_repcat.alter_priority_raw buffer overflow attempt""; flow:to_server,established; content:""dbms_repcat.alter_priority_raw"",nocase; pcre:""/((\w+)[\r\n\s]*\x3a=[\r\n\s]*(\x27[^\x27]{1075,}\x27|\x22[^\x22]{1075,}\x22)[\r\n\s]*\x3b.*gname[\r\n\s]*=>[\r\n\s]*\2|gname\s*=>\s*(\x27[^\x27]{1075,}|\x22[^\x22]{1075,})|\(\s*(\x27[^\x27]{1075,}|\x22[^\x22]{1075,}))/is""; metadata:ruleset community; reference:url,www.appsecinc.com/resources/alerts/oracle/2004-0001/25.html; classtype:attempted-user; sid:2740; rev:6; ",True,False,False,False,False,INCLUDE_HIGH,E01 supported by rule text/metadata
1956,2741,6,alert,tcp,$EXTERNAL_NET,any,->,$SQL_SERVERS,$ORACLE_PORTS,,attempted-user,,ruleset community,E01,True," msg:""SERVER-ORACLE dbms_repcat.alter_priority buffer overflow attempt""; flow:to_server,established; content:""dbms_repcat.alter_priority"",nocase; pcre:""/((\w+)[\r\n\s]*\x3a=[\r\n\s]*(\x27[^\x27]{1075,}\x27|\x22[^\x22]{1075,}\x22)[\r\n\s]*\x3b.*gname[\r\n\s]*=>[\r\n\s]*\2|gname\s*=>\s*(\x27[^\x27]{1075,}|\x22[^\x22]{1075,})|\(\s*(\x27[^\x27]{1075,}|\x22[^\x22]{1075,}))/is""; metadata:ruleset community; reference:url,www.appsecinc.com/resources/alerts/oracle/2004-0001/25.html; classtype:attempted-user; sid:2741; rev:6; ",True,False,False,False,False,INCLUDE_HIGH,E01 supported by rule text/metadata
1957,2742,6,alert,tcp,$EXTERNAL_NET,any,->,$SQL_SERVERS,$ORACLE_PORTS,,attempted-user,,ruleset community,E01,True," msg:""SERVER-ORACLE dbms_repcat.alter_priority_varchar2 buffer overflow attempt""; flow:to_server,established; content:""dbms_repcat.alter_priority_varchar2"",nocase; pcre:""/((\w+)[\r\n\s]*\x3a=[\r\n\s]*(\x27[^\x27]{1075,}\x27|\x22[^\x22]{1075,}\x22)[\r\n\s]*\x3b.*gname[\r\n\s]*=>[\r\n\s]*\2|gname\s*=>\s*(\x27[^\x27]{1075,}|\x22[^\x22]{1075,})|\(\s*(\x27[^\x27]{1075,}|\x22[^\x22]{1075,}))/is""; metadata:ruleset community; reference:url,www.appsecinc.com/resources/alerts/oracle/2004-0001/25.html; classtype:attempted-user; sid:2742; rev:6; ",True,False,False,False,False,INCLUDE_HIGH,E01 supported by rule text/metadata
1958,2743,6,alert,tcp,$EXTERNAL_NET,any,->,$SQL_SERVERS,$ORACLE_PORTS,,attempted-user,,ruleset community,E01,True," msg:""SERVER-ORACLE dbms_repcat.alter_site_priority_site buffer overflow attempt""; flow:to_server,established; content:""dbms_repcat.alter_site_priority_site"",nocase; pcre:""/((\w+)[\r\n\s]*\x3a=[\r\n\s]*(\x27[^\x27]{1075,}\x27|\x22[^\x22]{1075,}\x22)[\r\n\s]*\x3b.*gname[\r\n\s]*=>[\r\n\s]*\2|gname\s*=>\s*(\x27[^\x27]{1075,}|\x22[^\x22]{1075,})|\(\s*(\x27[^\x27]{1075,}|\x22[^\x22]{1075,}))/is""; metadata:ruleset community; reference:url,www.appsecinc.com/resources/alerts/oracle/2004-0001/25.html; classtype:attempted-user; sid:2743; rev:6; ",True,False,False,False,False,INCLUDE_HIGH,E01 supported by rule text/metadata
1959,2744,6,alert,tcp,$EXTERNAL_NET,any,->,$SQL_SERVERS,$ORACLE_PORTS,,attempted-user,,ruleset community,E01,True," msg:""SERVER-ORACLE dbms_repcat.alter_site_priority buffer overflow attempt""; flow:to_server,established; content:""dbms_repcat.alter_site_priority"",nocase; pcre:""/((\w+)[\r\n\s]*\x3a=[\r\n\s]*(\x27[^\x27]{1075,}\x27|\x22[^\x22]{1075,}\x22)[\r\n\s]*\x3b.*gname[\r\n\s]*=>[\r\n\s]*\2|gname\s*=>\s*(\x27[^\x27]{1075,}|\x22[^\x22]{1075,})|\(\s*(\x27[^\x27]{1075,}|\x22[^\x22]{1075,}))/is""; metadata:ruleset community; reference:url,www.appsecinc.com/resources/alerts/oracle/2004-0001/25.html; classtype:attempted-user; sid:2744; rev:6; ",True,False,False,False,False,INCLUDE_HIGH,E01 supported by rule text/metadata
1960,2745,6,alert,tcp,$EXTERNAL_NET,any,->,$SQL_SERVERS,$ORACLE_PORTS,,attempted-user,,ruleset community,E01,True," msg:""SERVER-ORACLE dbms_repcat.alter_snapshot_propagation buffer overflow attempt""; flow:to_server,established; content:""dbms_repcat.alter_snapshot_propagation"",nocase; pcre:""/((\w+)[\r\n\s]*\x3a=[\r\n\s]*(\x27[^\x27]{1075,}\x27|\x22[^\x22]{1075,}\x22)[\r\n\s]*\x3b.*gname[\r\n\s]*=>[\r\n\s]*\2|gname\s*=>\s*(\x27[^\x27]{1075,}|\x22[^\x22]{1075,})|\(\s*(\x27[^\x27]{1075,}|\x22[^\x22]{1075,}))/is""; metadata:ruleset community; reference:url,www.appsecinc.com/resources/alerts/oracle/2004-0001/25.html; classtype:attempted-user; sid:2745; rev:6; ",True,False,False,False,False,INCLUDE_HIGH,E01 supported by rule text/metadata
1961,2746,6,alert,tcp,$EXTERNAL_NET,any,->,$SQL_SERVERS,$ORACLE_PORTS,,attempted-user,,ruleset community,E01,True," msg:""SERVER-ORACLE dbms_repcat_auth.revoke_surrogate_repcat buffer overflow attempt""; flow:to_server,established; content:""dbms_repcat_auth.revoke_surrogate_repcat"",nocase; pcre:""/((\w+)[\r\n\s]*\x3a=[\r\n\s]*(\x27[^\x27]{1075,}\x27|\x22[^\x22]{1075,}\x22)[\r\n\s]*\x3b.*userid[\r\n\s]*=>[\r\n\s]*\2|userid\s*=>\s*(\x27[^\x27]{1075,}|\x22[^\x22]{1075,})|\(\s*(\x27[^\x27]{1075,}|\x22[^\x22]{1075,}))/is""; metadata:ruleset community; reference:url,www.appsecinc.com/resources/alerts/oracle/2004-0001/25.html; classtype:attempted-user; sid:2746; rev:6; ",True,False,False,False,False,INCLUDE_HIGH,E01 supported by rule text/metadata
1962,2747,6,alert,tcp,$EXTERNAL_NET,any,->,$SQL_SERVERS,$ORACLE_PORTS,,attempted-user,,ruleset community,E01,True," msg:""SERVER-ORACLE dbms_repcat.begin_flavor_definition buffer overflow attempt""; flow:to_server,established; content:""dbms_repcat.begin_flavor_definition"",nocase; pcre:""/((\w+)[\r\n\s]*\x3a=[\r\n\s]*(\x27[^\x27]{1075,}\x27|\x22[^\x22]{1075,}\x22)[\r\n\s]*\x3b.*gname[\r\n\s]*=>[\r\n\s]*\2|gname\s*=>\s*(\x27[^\x27]{1075,}|\x22[^\x22]{1075,})|\(\s*(\x27[^\x27]{1075,}|\x22[^\x22]{1075,}))/is""; metadata:ruleset community; reference:url,www.appsecinc.com/resources/alerts/oracle/2004-0001/25.html; classtype:attempted-user; sid:2747; rev:6; ",True,False,False,False,False,INCLUDE_HIGH,E01 supported by rule text/metadata
1963,2748,6,alert,tcp,$EXTERNAL_NET,any,->,$SQL_SERVERS,$ORACLE_PORTS,,attempted-user,,ruleset community,E01,True," msg:""SERVER-ORACLE dbms_repcat.comment_on_column_group buffer overflow attempt""; flow:to_server,established; content:""dbms_repcat.comment_on_column_group"",nocase; pcre:""/((\w+)[\r\n\s]*\x3a=[\r\n\s]*(\x27[^\x27]{1075,}\x27|\x22[^\x22]{1075,}\x22)[\r\n\s]*\x3b.*(sname|oname)[\r\n\s]*=>[\r\n\s]*\2|(sname|oname)\s*=>\s*(\x27[^\x27]{1075,}|\x22[^\x22]{1075,})|\(\s*(\x27[^\x27]{1075,}|\x22[^\x22]{1075,})|\(\s*(\x27[^\x27]*\x27|\x22[^\x22]+\x22)\s*,\s*(\x27[^\x27]{1075,}|\x22[^\x22]{1075,}))/is""; metadata:ruleset community; reference:url,www.appsecinc.com/resources/alerts/oracle/2004-0001/25.html; classtype:attempted-user; sid:2748; rev:6; ",True,False,False,False,False,INCLUDE_HIGH,E01 supported by rule text/metadata
1964,2749,6,alert,tcp,$EXTERNAL_NET,any,->,$SQL_SERVERS,$ORACLE_PORTS,,attempted-user,,ruleset community,E01,True," msg:""SERVER-ORACLE dbms_repcat.comment_on_delete_resolution buffer overflow attempt""; flow:to_server,established; content:""dbms_repcat.comment_on_delete_resolution"",nocase; pcre:""/((\w+)[\r\n\s]*\x3a=[\r\n\s]*(\x27[^\x27]{1075,}\x27|\x22[^\x22]{1075,}\x22)[\r\n\s]*\x3b.*(sname|oname)[\r\n\s]*=>[\r\n\s]*\2|(sname|oname)\s*=>\s*(\x27[^\x27]{1075,}|\x22[^\x22]{1075,})|\(\s*(\x27[^\x27]{1075,}|\x22[^\x22]{1075,})|\(\s*(\x27[^\x27]*\x27|\x22[^\x22]+\x22)\s*,\s*(\x27[^\x27]{1075,}|\x22[^\x22]{1075,}))/is""; metadata:ruleset community; reference:url,www.appsecinc.com/resources/alerts/oracle/2004-0001/25.html; classtype:attempted-user; sid:2749; rev:6; ",True,False,False,False,False,INCLUDE_HIGH,E01 supported by rule text/metadata
1965,2750,4,alert,tcp,$EXTERNAL_NET,any,->,$SQL_SERVERS,$ORACLE_PORTS,,attempted-user,,ruleset community,E01,True," msg:""SERVER-ORACLE dbms_repcat.comment_on_mview_repsites buffer overflow attempt""; flow:to_server,established; content:""dbms_repcat.comment_on_mview_repsites"",nocase; pcre:""/((\w+)[\r\n\s]*\x3a=[\r\n\s]*(\x27[^\x27]{1075,}\x27|\x22[^\x22]{1075,}\x22)[\r\n\s]*\x3b.*(gowner|gname)[\r\n\s]*=>[\r\n\s]*\2|(gowner|gname)\s*=>\s*(\x27[^\x27]{1075,}|\x22[^\x22]{1075,})|\(\s*(\x27[^\x27]{1075,}|\x22[^\x22]{1075,})|\(\s*(\x27[^\x27]*\x27|\x22[^\x22]+\x22)\s*,\s*(\x27[^\x27]{1075,}|\x22[^\x22]{1075,}))/is""; metadata:ruleset community; reference:url,www.appsecinc.com/resources/alerts/oracle/2004-0001/25.html; classtype:attempted-user; sid:2750; rev:4; ",True,False,False,False,False,INCLUDE_HIGH,E01 supported by rule text/metadata
1966,2751,4,alert,tcp,$EXTERNAL_NET,any,->,$SQL_SERVERS,$ORACLE_PORTS,,attempted-user,,ruleset community,E01,True," msg:""SERVER-ORACLE dbms_repcat.comment_on_priority_group buffer overflow attempt""; flow:to_server,established; content:""dbms_repcat.comment_on_priority_group"",nocase; pcre:""/((\w+)[\r\n\s]*\x3a=[\r\n\s]*(\x27[^\x27]{1075,}\x27|\x22[^\x22]{1075,}\x22)[\r\n\s]*\x3b.*gname[\r\n\s]*=>[\r\n\s]*\2|gname\s*=>\s*(\x27[^\x27]{1075,}|\x22[^\x22]{1075,})|\(\s*(\x27[^\x27]{1075,}|\x22[^\x22]{1075,}))/is""; metadata:ruleset community; reference:url,www.appsecinc.com/resources/alerts/oracle/2004-0001/25.html; classtype:attempted-user; sid:2751; rev:4; ",True,False,False,False,False,INCLUDE_HIGH,E01 supported by rule text/metadata
1967,2752,4,alert,tcp,$EXTERNAL_NET,any,->,$SQL_SERVERS,$ORACLE_PORTS,,attempted-user,,ruleset community,E01,True," msg:""SERVER-ORACLE dbms_repcat.comment_on_repgroup buffer overflow attempt""; flow:to_server,established; content:""dbms_repcat.comment_on_repgroup"",nocase; pcre:""/((\w+)[\r\n\s]*\x3a=[\r\n\s]*(\x27[^\x27]{1075,}\x27|\x22[^\x22]{1075,}\x22)[\r\n\s]*\x3b.*gname[\r\n\s]*=>[\r\n\s]*\2|gname\s*=>\s*(\x27[^\x27]{1075,}|\x22[^\x22]{1075,})|\(\s*(\x27[^\x27]{1075,}|\x22[^\x22]{1075,}))/is""; metadata:ruleset community; reference:url,www.appsecinc.com/resources/alerts/oracle/2004-0001/25.html; classtype:attempted-user; sid:2752; rev:4; ",True,False,False,False,False,INCLUDE_HIGH,E01 supported by rule text/metadata
1968,2753,4,alert,tcp,$EXTERNAL_NET,any,->,$SQL_SERVERS,$ORACLE_PORTS,,attempted-user,,ruleset community,E01,True," msg:""SERVER-ORACLE dbms_repcat.comment_on_repsites buffer overflow attempt""; flow:to_server,established; content:""dbms_repcat.comment_on_repsites"",nocase; pcre:""/((\w+)[\r\n\s]*\x3a=[\r\n\s]*(\x27[^\x27]{1075,}\x27|\x22[^\x22]{1075,}\x22)[\r\n\s]*\x3b.*gname[\r\n\s]*=>[\r\n\s]*\2|gname\s*=>\s*(\x27[^\x27]{1075,}|\x22[^\x22]{1075,})|\(\s*(\x27[^\x27]{1075,}|\x22[^\x22]{1075,}))/is""; metadata:ruleset community; reference:url,www.appsecinc.com/resources/alerts/oracle/2004-0001/25.html; classtype:attempted-user; sid:2753; rev:4; ",True,False,False,False,False,INCLUDE_HIGH,E01 supported by rule text/metadata
1969,2754,4,alert,tcp,$EXTERNAL_NET,any,->,$SQL_SERVERS,$ORACLE_PORTS,,attempted-user,,ruleset community,E01,True," msg:""SERVER-ORACLE dbms_repcat.comment_on_site_priority buffer overflow attempt""; flow:to_server,established; content:""dbms_repcat.comment_on_site_priority"",nocase; pcre:""/((\w+)[\r\n\s]*\x3a=[\r\n\s]*(\x27[^\x27]{1075,}\x27|\x22[^\x22]{1075,}\x22)[\r\n\s]*\x3b.*gname[\r\n\s]*=>[\r\n\s]*\2|gname\s*=>\s*(\x27[^\x27]{1075,}|\x22[^\x22]{1075,})|\(\s*(\x27[^\x27]{1075,}|\x22[^\x22]{1075,}))/is""; metadata:ruleset community; reference:url,www.appsecinc.com/resources/alerts/oracle/2004-0001/25.html; classtype:attempted-user; sid:2754; rev:4; ",True,False,False,False,False,INCLUDE_HIGH,E01 supported by rule text/metadata
1970,2755,4,alert,tcp,$EXTERNAL_NET,any,->,$SQL_SERVERS,$ORACLE_PORTS,,attempted-user,,ruleset community,E01,True," msg:""SERVER-ORACLE dbms_repcat.comment_on_unique_resolution buffer overflow attempt""; flow:to_server,established; content:""dbms_repcat.comment_on_unique_resolution"",nocase; pcre:""/((\w+)[\r\n\s]*\x3a=[\r\n\s]*(\x27[^\x27]{1075,}\x27|\x22[^\x22]{1075,}\x22)[\r\n\s]*\x3b.*(sname|oname)[\r\n\s]*=>[\r\n\s]*\2|(sname|oname)\s*=>\s*(\x27[^\x27]{1075,}|\x22[^\x22]{1075,})|\(\s*(\x27[^\x27]{1075,}|\x22[^\x22]{1075,})|\(\s*(\x27[^\x27]*\x27|\x22[^\x22]+\x22)\s*,\s*(\x27[^\x27]{1075,}|\x22[^\x22]{1075,}))/is""; metadata:ruleset community; reference:url,www.appsecinc.com/resources/alerts/oracle/2004-0001/25.html; classtype:attempted-user; sid:2755; rev:4; ",True,False,False,False,False,INCLUDE_HIGH,E01 supported by rule text/metadata
1971,2756,4,alert,tcp,$EXTERNAL_NET,any,->,$SQL_SERVERS,$ORACLE_PORTS,,attempted-user,,ruleset community,E01,True," msg:""SERVER-ORACLE dbms_repcat.comment_on_update_resolution buffer overflow attempt""; flow:to_server,established; content:""dbms_repcat.comment_on_update_resolution"",nocase; pcre:""/((\w+)[\r\n\s]*\x3a=[\r\n\s]*(\x27[^\x27]{1075,}\x27|\x22[^\x22]{1075,}\x22)[\r\n\s]*\x3b.*(sname|oname)[\r\n\s]*=>[\r\n\s]*\2|(sname|oname)\s*=>\s*(\x27[^\x27]{1075,}|\x22[^\x22]{1075,})|\(\s*(\x27[^\x27]{1075,}|\x22[^\x22]{1075,})|\(\s*(\x27[^\x27]*\x27|\x22[^\x22]+\x22)\s*,\s*(\x27[^\x27]{1075,}|\x22[^\x22]{1075,}))/is""; metadata:ruleset community; reference:url,www.appsecinc.com/resources/alerts/oracle/2004-0001/25.html; classtype:attempted-user; sid:2756; rev:4; ",True,False,False,False,False,INCLUDE_HIGH,E01 supported by rule text/metadata
1972,2757,4,alert,tcp,$EXTERNAL_NET,any,->,$SQL_SERVERS,$ORACLE_PORTS,,attempted-user,,ruleset community,E01,True," msg:""SERVER-ORACLE dbms_repcat.create_master_repgroup buffer overflow attempt""; flow:to_server,established; content:""dbms_repcat.create_master_repgroup"",nocase; pcre:""/((\w+)[\r\n\s]*\x3a=[\r\n\s]*(\x27[^\x27]{1075,}\x27|\x22[^\x22]{1075,}\x22)[\r\n\s]*\x3b.*gname[\r\n\s]*=>[\r\n\s]*\2|gname\s*=>\s*(\x27[^\x27]{1075,}|\x22[^\x22]{1075,})|\(\s*(\x27[^\x27]{1075,}|\x22[^\x22]{1075,}))/is""; metadata:ruleset community; reference:url,www.appsecinc.com/resources/alerts/oracle/2004-0001/25.html; classtype:attempted-user; sid:2757; rev:4; ",True,False,False,False,False,INCLUDE_HIGH,E01 supported by rule text/metadata
1973,2758,4,alert,tcp,$EXTERNAL_NET,any,->,$SQL_SERVERS,$ORACLE_PORTS,,attempted-user,,ruleset community,E01,True," msg:""SERVER-ORACLE dbms_repcat.create_master_repobject buffer overflow attempt""; flow:to_server,established; content:""dbms_repcat.create_master_repobject"",nocase; pcre:""/((\w+)[\r\n\s]*\x3a=[\r\n\s]*(\x27[^\x27]{1075,}\x27|\x22[^\x22]{1075,}\x22)[\r\n\s]*\x3b.*gname[\r\n\s]*=>[\r\n\s]*\2|gname\s*=>\s*(\x27[^\x27]{1075,}|\x22[^\x22]{1075,})|\(\s*((\x27[^\x27]*\x27|\x22[^\x22]+\x22)\s*,\s*){5}(\x27[^\x27]{1075,}|\x22[^\x22]{1075,}))/is""; metadata:ruleset community; reference:url,www.appsecinc.com/resources/alerts/oracle/2004-0001/25.html; classtype:attempted-user; sid:2758; rev:4; ",True,False,False,False,False,INCLUDE_HIGH,E01 supported by rule text/metadata
1974,2759,4,alert,tcp,$EXTERNAL_NET,any,->,$SQL_SERVERS,$ORACLE_PORTS,,attempted-user,,ruleset community,E01,True," msg:""SERVER-ORACLE dbms_repcat.create_snapshot_repgroup buffer overflow attempt""; flow:to_server,established; content:""dbms_repcat.create_snapshot_repgroup"",nocase; pcre:""/((\w+)[\r\n\s]*\x3a=[\r\n\s]*(\x27[^\x27]{1075,}\x27|\x22[^\x22]{1075,}\x22)[\r\n\s]*\x3b.*(gname|fname)[\r\n\s]*=>[\r\n\s]*\2|(gname|fname)\s*=>\s*(\x27[^\x27]{1075,}|\x22[^\x22]{1075,})|\(\s*(\x27[^\x27]{1075,}|\x22[^\x22]{1075,})|\(\s*((\x27[^\x27]*\x27|\x22[^\x22]+\x22)\s*,\s*){4}(\x27[^\x27]{1075,}|\x22[^\x22]{1075,}))/is""; metadata:ruleset community; reference:url,www.appsecinc.com/resources/alerts/oracle/2004-0001/25.html; classtype:attempted-user; sid:2759; rev:4; ",True,False,False,False,False,INCLUDE_HIGH,E01 supported by rule text/metadata
1975,2760,4,alert,tcp,$EXTERNAL_NET,any,->,$SQL_SERVERS,$ORACLE_PORTS,,attempted-user,,ruleset community,E01,True," msg:""SERVER-ORACLE dbms_repcat.define_column_group buffer overflow attempt""; flow:to_server,established; content:""dbms_repcat.define_column_group"",nocase; pcre:""/((\w+)[\r\n\s]*\x3a=[\r\n\s]*(\x27[^\x27]{1075,}\x27|\x22[^\x22]{1075,}\x22)[\r\n\s]*\x3b.*(sname|oname)[\r\n\s]*=>[\r\n\s]*\2|(sname|oname)\s*=>\s*(\x27[^\x27]{1075,}|\x22[^\x22]{1075,})|\(\s*(\x27[^\x27]{1075,}|\x22[^\x22]{1075,})|\(\s*(\x27[^\x27]*\x27|\x22[^\x22]+\x22)\s*,\s*(\x27[^\x27]{1075,}|\x22[^\x22]{1075,}))/is""; metadata:ruleset community; reference:url,www.appsecinc.com/resources/alerts/oracle/2004-0001/25.html; classtype:attempted-user; sid:2760; rev:4; ",True,False,False,False,False,INCLUDE_HIGH,E01 supported by rule text/metadata
1976,2761,4,alert,tcp,$EXTERNAL_NET,any,->,$SQL_SERVERS,$ORACLE_PORTS,,attempted-user,,ruleset community,E01,True," msg:""SERVER-ORACLE dbms_repcat.define_priority_group buffer overflow attempt""; flow:to_server,established; content:""dbms_repcat.define_priority_group"",nocase; pcre:""/((\w+)[\r\n\s]*\x3a=[\r\n\s]*(\x27[^\x27]{1075,}\x27|\x22[^\x22]{1075,}\x22)[\r\n\s]*\x3b.*gname[\r\n\s]*=>[\r\n\s]*\2|gname\s*=>\s*(\x27[^\x27]{1075,}|\x22[^\x22]{1075,})|\(\s*(\x27[^\x27]{1075,}|\x22[^\x22]{1075,}))/is""; metadata:ruleset community; reference:url,www.appsecinc.com/resources/alerts/oracle/2004-0001/25.html; classtype:attempted-user; sid:2761; rev:4; ",True,False,False,False,False,INCLUDE_HIGH,E01 supported by rule text/metadata
1977,2762,4,alert,tcp,$EXTERNAL_NET,any,->,$SQL_SERVERS,$ORACLE_PORTS,,attempted-user,,ruleset community,E01,True," msg:""SERVER-ORACLE dbms_repcat.define_site_priority buffer overflow attempt""; flow:to_server,established; content:""dbms_repcat.define_site_priority"",nocase; pcre:""/((\w+)[\r\n\s]*\x3a=[\r\n\s]*(\x27[^\x27]{1075,}\x27|\x22[^\x22]{1075,}\x22)[\r\n\s]*\x3b.*gname[\r\n\s]*=>[\r\n\s]*\2|gname\s*=>\s*(\x27[^\x27]{1075,}|\x22[^\x22]{1075,})|\(\s*(\x27[^\x27]{1075,}|\x22[^\x22]{1075,}))/is""; metadata:ruleset community; reference:url,www.appsecinc.com/resources/alerts/oracle/2004-0001/25.html; classtype:attempted-user; sid:2762; rev:4; ",True,False,False,False,False,INCLUDE_HIGH,E01 supported by rule text/metadata
1978,2763,4,alert,tcp,$EXTERNAL_NET,any,->,$SQL_SERVERS,$ORACLE_PORTS,,attempted-user,,ruleset community,E01,True," msg:""SERVER-ORACLE dbms_repcat.do_deferred_repcat_admin buffer overflow attempt""; flow:to_server,established; content:""dbms_repcat.do_deferred_repcat_admin"",nocase; pcre:""/((\w+)[\r\n\s]*\x3a=[\r\n\s]*(\x27[^\x27]{1075,}\x27|\x22[^\x22]{1075,}\x22)[\r\n\s]*\x3b.*gname[\r\n\s]*=>[\r\n\s]*\2|gname\s*=>\s*(\x27[^\x27]{1075,}|\x22[^\x22]{1075,})|\(\s*(\x27[^\x27]{1075,}|\x22[^\x22]{1075,}))/is""; metadata:ruleset community; reference:url,www.appsecinc.com/resources/alerts/oracle/2004-0001/25.html; classtype:attempted-user; sid:2763; rev:4; ",True,False,False,False,False,INCLUDE_HIGH,E01 supported by rule text/metadata
1979,2764,4,alert,tcp,$EXTERNAL_NET,any,->,$SQL_SERVERS,$ORACLE_PORTS,,attempted-user,,ruleset community,E01,True," msg:""SERVER-ORACLE dbms_repcat.drop_column_group_from_flavor buffer overflow attempt""; flow:to_server,established; content:""dbms_repcat.drop_column_group_from_flavor"",nocase; pcre:""/((\w+)[\r\n\s]*\x3a=[\r\n\s]*(\x27[^\x27]{1075,}\x27|\x22[^\x22]{1075,}\x22)[\r\n\s]*\x3b.*gname[\r\n\s]*=>[\r\n\s]*\2|gname\s*=>\s*(\x27[^\x27]{1075,}|\x22[^\x22]{1075,})|\(\s*(\x27[^\x27]{1075,}|\x22[^\x22]{1075,}))/is""; metadata:ruleset community; reference:url,www.appsecinc.com/resources/alerts/oracle/2004-0001/25.html; classtype:attempted-user; sid:2764; rev:4; ",True,False,False,False,False,INCLUDE_HIGH,E01 supported by rule text/metadata
1980,2765,4,alert,tcp,$EXTERNAL_NET,any,->,$SQL_SERVERS,$ORACLE_PORTS,,attempted-user,,ruleset community,E01,True," msg:""SERVER-ORACLE dbms_repcat.drop_column_group buffer overflow attempt""; flow:to_server,established; content:""dbms_repcat.drop_column_group"",nocase; pcre:""/((\w+)[\r\n\s]*\x3a=[\r\n\s]*(\x27[^\x27]{1075,}\x27|\x22[^\x22]{1075,}\x22)[\r\n\s]*\x3b.*(sname|oname)[\r\n\s]*=>[\r\n\s]*\2|(sname|oname)\s*=>\s*(\x27[^\x27]{1075,}|\x22[^\x22]{1075,})|\(\s*(\x27[^\x27]{1075,}|\x22[^\x22]{1075,})|\(\s*(\x27[^\x27]*\x27|\x22[^\x22]+\x22)\s*,\s*(\x27[^\x27]{1075,}|\x22[^\x22]{1075,}))/is""; metadata:ruleset community; reference:url,www.appsecinc.com/resources/alerts/oracle/2004-0001/25.html; classtype:attempted-user; sid:2765; rev:4; ",True,False,False,False,False,INCLUDE_HIGH,E01 supported by rule text/metadata
1981,2766,4,alert,tcp,$EXTERNAL_NET,any,->,$SQL_SERVERS,$ORACLE_PORTS,,attempted-user,,ruleset community,E01,True," msg:""SERVER-ORACLE dbms_repcat.drop_columns_from_flavor buffer overflow attempt""; flow:to_server,established; content:""dbms_repcat.drop_columns_from_flavor"",nocase; pcre:""/((\w+)[\r\n\s]*\x3a=[\r\n\s]*(\x27[^\x27]{1075,}\x27|\x22[^\x22]{1075,}\x22)[\r\n\s]*\x3b.*gname[\r\n\s]*=>[\r\n\s]*\2|gname\s*=>\s*(\x27[^\x27]{1075,}|\x22[^\x22]{1075,})|\(\s*(\x27[^\x27]{1075,}|\x22[^\x22]{1075,}))/is""; metadata:ruleset community; reference:url,www.appsecinc.com/resources/alerts/oracle/2004-0001/25.html; classtype:attempted-user; sid:2766; rev:4; ",True,False,False,False,False,INCLUDE_HIGH,E01 supported by rule text/metadata
1982,2767,4,alert,tcp,$EXTERNAL_NET,any,->,$SQL_SERVERS,$ORACLE_PORTS,,attempted-user,,ruleset community,E01,True," msg:""SERVER-ORACLE dbms_repcat.drop_delete_resolution buffer overflow attempt""; flow:to_server,established; content:""dbms_repcat.drop_delete_resolution"",nocase; pcre:""/((\w+)[\r\n\s]*\x3a=[\r\n\s]*(\x27[^\x27]{1075,}\x27|\x22[^\x22]{1075,}\x22)[\r\n\s]*\x3b.*(sname|oname)[\r\n\s]*=>[\r\n\s]*\2|(sname|oname)\s*=>\s*(\x27[^\x27]{1075,}|\x22[^\x22]{1075,})|\(\s*(\x27[^\x27]{1075,}|\x22[^\x22]{1075,})|\(\s*(\x27[^\x27]*\x27|\x22[^\x22]+\x22)\s*,\s*(\x27[^\x27]{1075,}|\x22[^\x22]{1075,}))/is""; metadata:ruleset community; reference:url,www.appsecinc.com/resources/alerts/oracle/2004-0001/25.html; classtype:attempted-user; sid:2767; rev:4; ",True,False,False,False,False,INCLUDE_HIGH,E01 supported by rule text/metadata
1983,2768,4,alert,tcp,$EXTERNAL_NET,any,->,$SQL_SERVERS,$ORACLE_PORTS,,attempted-user,,ruleset community,E01,True," msg:""SERVER-ORACLE dbms_repcat.drop_grouped_column buffer overflow attempt""; flow:to_server,established; content:""dbms_repcat.drop_grouped_column"",nocase; pcre:""/((\w+)[\r\n\s]*\x3a=[\r\n\s]*(\x27[^\x27]{1075,}\x27|\x22[^\x22]{1075,}\x22)[\r\n\s]*\x3b.*(sname|oname)[\r\n\s]*=>[\r\n\s]*\2|(sname|oname)\s*=>\s*(\x27[^\x27]{1075,}|\x22[^\x22]{1075,})|\(\s*(\x27[^\x27]{1075,}|\x22[^\x22]{1075,})|\(\s*(\x27[^\x27]*\x27|\x22[^\x22]+\x22)\s*,\s*(\x27[^\x27]{1075,}|\x22[^\x22]{1075,}))/is""; metadata:ruleset community; reference:url,www.appsecinc.com/resources/alerts/oracle/2004-0001/25.html; classtype:attempted-user; sid:2768; rev:4; ",True,False,False,False,False,INCLUDE_HIGH,E01 supported by rule text/metadata
1984,2769,4,alert,tcp,$EXTERNAL_NET,any,->,$SQL_SERVERS,$ORACLE_PORTS,,attempted-user,,ruleset community,E01,True," msg:""SERVER-ORACLE dbms_repcat.drop_mview_repobject buffer overflow attempt""; flow:to_server,established; content:""dbms_repcat.drop_mview_repobject"",nocase; pcre:""/((\w+)[\r\n\s]*\x3a=[\r\n\s]*(\x27[^\x27]{1075,}\x27|\x22[^\x22]{1075,}\x22)[\r\n\s]*\x3b.*(sname|oname|type)[\r\n\s]*=>[\r\n\s]*\2|(sname|oname|type)\s*=>\s*(\x27[^\x27]{1075,}|\x22[^\x22]{1075,})|\(\s*((\x27[^\x27]*\x27|\x22[^\x22]+\x22)\s*,\s*){2}(\x27[^\x27]{1075,}|\x22[^\x22]{1075,})|\(\s*(\x27[^\x27]{1075,}|\x22[^\x22]{1075,})|\(\s*(\x27[^\x27]*\x27|\x22[^\x22]+\x22)\s*,\s*(\x27[^\x27]{1075,}|\x22[^\x22]{1075,}))/is""; metadata:ruleset community; reference:url,www.appsecinc.com/resources/alerts/oracle/2004-0001/25.html; classtype:attempted-user; sid:2769; rev:4; ",True,False,False,False,False,INCLUDE_HIGH,E01 supported by rule text/metadata
1985,2770,6,alert,tcp,$EXTERNAL_NET,any,->,$SQL_SERVERS,$ORACLE_PORTS,,attempted-user,,ruleset community,E01,True," msg:""SERVER-ORACLE dbms_repcat.drop_object_from_flavor buffer overflow attempt""; flow:to_server,established; content:""dbms_repcat.drop_object_from_flavor"",nocase; pcre:""/((\w+)[\r\n\s]*\x3a=[\r\n\s]*(\x27[^\x27]{1075,}\x27|\x22[^\x22]{1075,}\x22)[\r\n\s]*\x3b.*gname[\r\n\s]*=>[\r\n\s]*\2|gname\s*=>\s*(\x27[^\x27]{1075,}|\x22[^\x22]{1075,})|\(\s*(\x27[^\x27]{1075,}|\x22[^\x22]{1075,}))/is""; metadata:ruleset community; reference:url,www.appsecinc.com/resources/alerts/oracle/2004-0001/25.html; classtype:attempted-user; sid:2770; rev:6; ",True,False,False,False,False,INCLUDE_HIGH,E01 supported by rule text/metadata
1986,2771,6,alert,tcp,$EXTERNAL_NET,any,->,$SQL_SERVERS,$ORACLE_PORTS,,attempted-user,,ruleset community,E01,True," msg:""SERVER-ORACLE dbms_repcat.drop_priority_char buffer overflow attempt""; flow:to_server,established; content:""dbms_repcat.drop_priority_char"",nocase; pcre:""/((\w+)[\r\n\s]*\x3a=[\r\n\s]*(\x27[^\x27]{1075,}\x27|\x22[^\x22]{1075,}\x22)[\r\n\s]*\x3b.*gname[\r\n\s]*=>[\r\n\s]*\2|gname\s*=>\s*(\x27[^\x27]{1075,}|\x22[^\x22]{1075,})|\(\s*(\x27[^\x27]{1075,}|\x22[^\x22]{1075,}))/is""; metadata:ruleset community; reference:url,www.appsecinc.com/resources/alerts/oracle/2004-0001/25.html; classtype:attempted-user; sid:2771; rev:6; ",True,False,False,False,False,INCLUDE_HIGH,E01 supported by rule text/metadata
1987,2772,6,alert,tcp,$EXTERNAL_NET,any,->,$SQL_SERVERS,$ORACLE_PORTS,,attempted-user,,ruleset community,E01,True," msg:""SERVER-ORACLE dbms_repcat.drop_priority_date buffer overflow attempt""; flow:to_server,established; content:""dbms_repcat.drop_priority_date"",nocase; pcre:""/((\w+)[\r\n\s]*\x3a=[\r\n\s]*(\x27[^\x27]{1075,}\x27|\x22[^\x22]{1075,}\x22)[\r\n\s]*\x3b.*gname[\r\n\s]*=>[\r\n\s]*\2|gname\s*=>\s*(\x27[^\x27]{1075,}|\x22[^\x22]{1075,})|\(\s*(\x27[^\x27]{1075,}|\x22[^\x22]{1075,}))/is""; metadata:ruleset community; reference:url,www.appsecinc.com/resources/alerts/oracle/2004-0001/25.html; classtype:attempted-user; sid:2772; rev:6; ",True,False,False,False,False,INCLUDE_HIGH,E01 supported by rule text/metadata
1988,2773,6,alert,tcp,$EXTERNAL_NET,any,->,$SQL_SERVERS,$ORACLE_PORTS,,attempted-user,,ruleset community,E01,True," msg:""SERVER-ORACLE dbms_repcat.drop_priority_nchar buffer overflow attempt""; flow:to_server,established; content:""dbms_repcat.drop_priority_nchar"",nocase; pcre:""/((\w+)[\r\n\s]*\x3a=[\r\n\s]*(\x27[^\x27]{1075,}\x27|\x22[^\x22]{1075,}\x22)[\r\n\s]*\x3b.*gname[\r\n\s]*=>[\r\n\s]*\2|gname\s*=>\s*(\x27[^\x27]{1075,}|\x22[^\x22]{1075,})|\(\s*(\x27[^\x27]{1075,}|\x22[^\x22]{1075,}))/is""; metadata:ruleset community; reference:url,www.appsecinc.com/resources/alerts/oracle/2004-0001/25.html; classtype:attempted-user; sid:2773; rev:6; ",True,False,False,False,False,INCLUDE_HIGH,E01 supported by rule text/metadata
1989,2774,6,alert,tcp,$EXTERNAL_NET,any,->,$SQL_SERVERS,$ORACLE_PORTS,,attempted-user,,ruleset community,E01,True," msg:""SERVER-ORACLE dbms_repcat.drop_priority_number buffer overflow attempt""; flow:to_server,established; content:""dbms_repcat.drop_priority_number"",nocase; pcre:""/((\w+)[\r\n\s]*\x3a=[\r\n\s]*(\x27[^\x27]{1075,}\x27|\x22[^\x22]{1075,}\x22)[\r\n\s]*\x3b.*gname[\r\n\s]*=>[\r\n\s]*\2|gname\s*=>\s*(\x27[^\x27]{1075,}|\x22[^\x22]{1075,})|\(\s*(\x27[^\x27]{1075,}|\x22[^\x22]{1075,}))/is""; metadata:ruleset community; reference:url,www.appsecinc.com/resources/alerts/oracle/2004-0001/25.html; classtype:attempted-user; sid:2774; rev:6; ",True,False,False,False,False,INCLUDE_HIGH,E01 supported by rule text/metadata
1990,2775,6,alert,tcp,$EXTERNAL_NET,any,->,$SQL_SERVERS,$ORACLE_PORTS,,attempted-user,,ruleset community,E01,True," msg:""SERVER-ORACLE dbms_repcat.drop_priority_nvarchar2 buffer overflow attempt""; flow:to_server,established; content:""dbms_repcat.drop_priority_nvarchar2"",nocase; pcre:""/((\w+)[\r\n\s]*\x3a=[\r\n\s]*(\x27[^\x27]{1075,}\x27|\x22[^\x22]{1075,}\x22)[\r\n\s]*\x3b.*gname[\r\n\s]*=>[\r\n\s]*\2|gname\s*=>\s*(\x27[^\x27]{1075,}|\x22[^\x22]{1075,})|\(\s*(\x27[^\x27]{1075,}|\x22[^\x22]{1075,}))/is""; metadata:ruleset community; reference:url,www.appsecinc.com/resources/alerts/oracle/2004-0001/25.html; classtype:attempted-user; sid:2775; rev:6; ",True,False,False,False,False,INCLUDE_HIGH,E01 supported by rule text/metadata
1991,2776,6,alert,tcp,$EXTERNAL_NET,any,->,$SQL_SERVERS,$ORACLE_PORTS,,attempted-user,,ruleset community,E01,True," msg:""SERVER-ORACLE dbms_repcat.drop_priority_raw buffer overflow attempt""; flow:to_server,established; content:""dbms_repcat.drop_priority_raw"",nocase; pcre:""/((\w+)[\r\n\s]*\x3a=[\r\n\s]*(\x27[^\x27]{1075,}\x27|\x22[^\x22]{1075,}\x22)[\r\n\s]*\x3b.*gname[\r\n\s]*=>[\r\n\s]*\2|gname\s*=>\s*(\x27[^\x27]{1075,}|\x22[^\x22]{1075,})|\(\s*(\x27[^\x27]{1075,}|\x22[^\x22]{1075,}))/is""; metadata:ruleset community; reference:url,www.appsecinc.com/resources/alerts/oracle/2004-0001/25.html; classtype:attempted-user; sid:2776; rev:6; ",True,False,False,False,False,INCLUDE_HIGH,E01 supported by rule text/metadata
1992,2777,6,alert,tcp,$EXTERNAL_NET,any,->,$SQL_SERVERS,$ORACLE_PORTS,,attempted-user,,ruleset community,E01,True," msg:""SERVER-ORACLE dbms_repcat.drop_priority buffer overflow attempt""; flow:to_server,established; content:""dbms_repcat.drop_priority"",nocase; pcre:""/((\w+)[\r\n\s]*\x3a=[\r\n\s]*(\x27[^\x27]{1075,}\x27|\x22[^\x22]{1075,}\x22)[\r\n\s]*\x3b.*gname[\r\n\s]*=>[\r\n\s]*\2|gname\s*=>\s*(\x27[^\x27]{1075,}|\x22[^\x22]{1075,})|\(\s*(\x27[^\x27]{1075,}|\x22[^\x22]{1075,}))/is""; metadata:ruleset community; reference:url,www.appsecinc.com/resources/alerts/oracle/2004-0001/25.html; classtype:attempted-user; sid:2777; rev:6; ",True,False,False,False,False,INCLUDE_HIGH,E01 supported by rule text/metadata
1993,2778,6,alert,tcp,$EXTERNAL_NET,any,->,$SQL_SERVERS,$ORACLE_PORTS,,attempted-user,,ruleset community,E01,True," msg:""SERVER-ORACLE dbms_repcat.drop_priority_varchar2 buffer overflow attempt""; flow:to_server,established; content:""dbms_repcat.drop_priority_varchar2"",nocase; pcre:""/((\w+)[\r\n\s]*\x3a=[\r\n\s]*(\x27[^\x27]{1075,}\x27|\x22[^\x22]{1075,}\x22)[\r\n\s]*\x3b.*gname[\r\n\s]*=>[\r\n\s]*\2|gname\s*=>\s*(\x27[^\x27]{1075,}|\x22[^\x22]{1075,})|\(\s*(\x27[^\x27]{1075,}|\x22[^\x22]{1075,}))/is""; metadata:ruleset community; reference:url,www.appsecinc.com/resources/alerts/oracle/2004-0001/25.html; classtype:attempted-user; sid:2778; rev:6; ",True,False,False,False,False,INCLUDE_HIGH,E01 supported by rule text/metadata
1994,2779,6,alert,tcp,$EXTERNAL_NET,any,->,$SQL_SERVERS,$ORACLE_PORTS,,attempted-user,,ruleset community,E01,True," msg:""SERVER-ORACLE dbms_repcat.drop_site_priority_site buffer overflow attempt""; flow:to_server,established; content:""dbms_repcat.drop_site_priority_site"",nocase; pcre:""/((\w+)[\r\n\s]*\x3a=[\r\n\s]*(\x27[^\x27]{1075,}\x27|\x22[^\x22]{1075,}\x22)[\r\n\s]*\x3b.*gname[\r\n\s]*=>[\r\n\s]*\2|gname\s*=>\s*(\x27[^\x27]{1075,}|\x22[^\x22]{1075,})|\(\s*(\x27[^\x27]{1075,}|\x22[^\x22]{1075,}))/is""; metadata:ruleset community; reference:url,www.appsecinc.com/resources/alerts/oracle/2004-0001/25.html; classtype:attempted-user; sid:2779; rev:6; ",True,False,False,False,False,INCLUDE_HIGH,E01 supported by rule text/metadata
1995,2780,4,alert,tcp,$EXTERNAL_NET,any,->,$SQL_SERVERS,$ORACLE_PORTS,,attempted-user,,ruleset community,E01,True," msg:""SERVER-ORACLE dbms_repcat.drop_site_priority buffer overflow attempt""; flow:to_server,established; content:""dbms_repcat.drop_site_priority"",nocase; pcre:""/((\w+)[\r\n\s]*\x3a=[\r\n\s]*(\x27[^\x27]{1075,}\x27|\x22[^\x22]{1075,}\x22)[\r\n\s]*\x3b.*gname[\r\n\s]*=>[\r\n\s]*\2|gname\s*=>\s*(\x27[^\x27]{1075,}|\x22[^\x22]{1075,})|\(\s*(\x27[^\x27]{1075,}|\x22[^\x22]{1075,}))/is""; metadata:ruleset community; reference:url,www.appsecinc.com/resources/alerts/oracle/2004-0001/25.html; classtype:attempted-user; sid:2780; rev:4; ",True,False,False,False,False,INCLUDE_HIGH,E01 supported by rule text/metadata
1996,2781,4,alert,tcp,$EXTERNAL_NET,any,->,$SQL_SERVERS,$ORACLE_PORTS,,attempted-user,,ruleset community,E01,True," msg:""SERVER-ORACLE dbms_repcat.drop_snapshot_repgroup buffer overflow attempt""; flow:to_server,established; content:""dbms_repcat.drop_snapshot_repgroup"",nocase; pcre:""/((\w+)[\r\n\s]*\x3a=[\r\n\s]*(\x27[^\x27]{1075,}\x27|\x22[^\x22]{1075,}\x22)[\r\n\s]*\x3b.*gname[\r\n\s]*=>[\r\n\s]*\2|gname\s*=>\s*(\x27[^\x27]{1075,}|\x22[^\x22]{1075,})|\(\s*(\x27[^\x27]{1075,}|\x22[^\x22]{1075,}))/is""; metadata:ruleset community; reference:url,www.appsecinc.com/resources/alerts/oracle/2004-0001/25.html; classtype:attempted-user; sid:2781; rev:4; ",True,False,False,False,False,INCLUDE_HIGH,E01 supported by rule text/metadata
1997,2782,4,alert,tcp,$EXTERNAL_NET,any,->,$SQL_SERVERS,$ORACLE_PORTS,,attempted-user,,ruleset community,E01,True," msg:""SERVER-ORACLE dbms_repcat.drop_snapshot_repobject buffer overflow attempt""; flow:to_server,established; content:""dbms_repcat.drop_snapshot_repobject"",nocase; pcre:""/((\w+)[\r\n\s]*\x3a=[\r\n\s]*(\x27[^\x27]{1075,}\x27|\x22[^\x22]{1075,}\x22)[\r\n\s]*\x3b.*(sname|oname|type)[\r\n\s]*=>[\r\n\s]*\2|(sname|oname|type)\s*=>\s*(\x27[^\x27]{1075,}|\x22[^\x22]{1075,})|\(\s*((\x27[^\x27]*\x27|\x22[^\x22]+\x22)\s*,\s*){2}(\x27[^\x27]{1075,}|\x22[^\x22]{1075,})|\(\s*(\x27[^\x27]{1075,}|\x22[^\x22]{1075,})|\(\s*(\x27[^\x27]*\x27|\x22[^\x22]+\x22)\s*,\s*(\x27[^\x27]{1075,}|\x22[^\x22]{1075,}))/is""; metadata:ruleset community; reference:url,www.appsecinc.com/resources/alerts/oracle/2004-0001/25.html; classtype:attempted-user; sid:2782; rev:4; ",True,False,False,False,False,INCLUDE_HIGH,E01 supported by rule text/metadata
1998,2783,4,alert,tcp,$EXTERNAL_NET,any,->,$SQL_SERVERS,$ORACLE_PORTS,,attempted-user,,ruleset community,E01,True," msg:""SERVER-ORACLE dbms_repcat.drop_unique_resolution buffer overflow attempt""; flow:to_server,established; content:""dbms_repcat.drop_unique_resolution"",nocase; pcre:""/((\w+)[\r\n\s]*\x3a=[\r\n\s]*(\x27[^\x27]{1075,}\x27|\x22[^\x22]{1075,}\x22)[\r\n\s]*\x3b.*(sname|oname)[\r\n\s]*=>[\r\n\s]*\2|(sname|oname)\s*=>\s*(\x27[^\x27]{1075,}|\x22[^\x22]{1075,})|\(\s*(\x27[^\x27]{1075,}|\x22[^\x22]{1075,})|\(\s*(\x27[^\x27]*\x27|\x22[^\x22]+\x22)\s*,\s*(\x27[^\x27]{1075,}|\x22[^\x22]{1075,}))/is""; metadata:ruleset community; reference:url,www.appsecinc.com/resources/alerts/oracle/2004-0001/25.html; classtype:attempted-user; sid:2783; rev:4; ",True,False,False,False,False,INCLUDE_HIGH,E01 supported by rule text/metadata
1999,2784,4,alert,tcp,$EXTERNAL_NET,any,->,$SQL_SERVERS,$ORACLE_PORTS,,attempted-user,,ruleset community,E01,True," msg:""SERVER-ORACLE dbms_repcat.drop_update_resolution buffer overflow attempt""; flow:to_server,established; content:""dbms_repcat.drop_update_resolution"",nocase; pcre:""/((\w+)[\r\n\s]*\x3a=[\r\n\s]*(\x27[^\x27]{1075,}\x27|\x22[^\x22]{1075,}\x22)[\r\n\s]*\x3b.*(sname|oname)[\r\n\s]*=>[\r\n\s]*\2|(sname|oname)\s*=>\s*(\x27[^\x27]{1075,}|\x22[^\x22]{1075,})|\(\s*(\x27[^\x27]{1075,}|\x22[^\x22]{1075,})|\(\s*(\x27[^\x27]*\x27|\x22[^\x22]+\x22)\s*,\s*(\x27[^\x27]{1075,}|\x22[^\x22]{1075,}))/is""; metadata:ruleset community; reference:url,www.appsecinc.com/resources/alerts/oracle/2004-0001/25.html; classtype:attempted-user; sid:2784; rev:4; ",True,False,False,False,False,INCLUDE_HIGH,E01 supported by rule text/metadata
2000,2785,4,alert,tcp,$EXTERNAL_NET,any,->,$SQL_SERVERS,$ORACLE_PORTS,,attempted-user,,ruleset community,E01,True," msg:""SERVER-ORACLE dbms_repcat.execute_ddl buffer overflow attempt""; flow:to_server,established; content:""dbms_repcat.execute_ddl"",nocase; pcre:""/((\w+)[\r\n\s]*\x3a=[\r\n\s]*(\x27[^\x27]{1075,}\x27|\x22[^\x22]{1075,}\x22)[\r\n\s]*\x3b.*gname[\r\n\s]*=>[\r\n\s]*\2|gname\s*=>\s*(\x27[^\x27]{1075,}|\x22[^\x22]{1075,})|\(\s*(\x27[^\x27]{1075,}|\x22[^\x22]{1075,}))/is""; metadata:ruleset community; reference:url,www.appsecinc.com/resources/alerts/oracle/2004-0001/25.html; classtype:attempted-user; sid:2785; rev:4; ",True,False,False,False,False,INCLUDE_HIGH,E01 supported by rule text/metadata
2001,2786,4,alert,tcp,$EXTERNAL_NET,any,->,$SQL_SERVERS,$ORACLE_PORTS,,attempted-user,,ruleset community,E01,True," msg:""SERVER-ORACLE dbms_repcat.generate_replication_package buffer overflow attempt""; flow:to_server,established; content:""dbms_repcat.generate_replication_package"",nocase; pcre:""/((\w+)[\r\n\s]*\x3a=[\r\n\s]*(\x27[^\x27]{1075,}\x27|\x22[^\x22]{1075,}\x22)[\r\n\s]*\x3b.*(sname|oname)[\r\n\s]*=>[\r\n\s]*\2|(sname|oname)\s*=>\s*(\x27[^\x27]{1075,}|\x22[^\x22]{1075,})|\(\s*(\x27[^\x27]{1075,}|\x22[^\x22]{1075,})|\(\s*(\x27[^\x27]*\x27|\x22[^\x22]+\x22)\s*,\s*(\x27[^\x27]{1075,}|\x22[^\x22]{1075,}))/is""; metadata:ruleset community; reference:url,www.appsecinc.com/resources/alerts/oracle/2004-0001/25.html; classtype:attempted-user; sid:2786; rev:4; ",True,False,False,False,False,INCLUDE_HIGH,E01 supported by rule text/metadata
2002,2787,4,alert,tcp,$EXTERNAL_NET,any,->,$SQL_SERVERS,$ORACLE_PORTS,,attempted-user,,ruleset community,E01,True," msg:""SERVER-ORACLE dbms_repcat_instantiate.instantiate_online buffer overflow attempt""; flow:to_server,established; content:""dbms_repcat_instantiate.instantiate_online"",nocase; pcre:""/((\w+)[\r\n\s]*\x3a=[\r\n\s]*(\x27[^\x27]{1075,}\x27|\x22[^\x22]{1075,}\x22)[\r\n\s]*\x3b.*refresh_template_name[\r\n\s]*=>[\r\n\s]*\2|refresh_template_name\s*=>\s*(\x27[^\x27]{1075,}|\x22[^\x22]{1075,})|\(\s*(\x27[^\x27]{1075,}|\x22[^\x22]{1075,}))/is""; metadata:ruleset community; reference:url,www.appsecinc.com/resources/alerts/oracle/2004-0001/25.html; classtype:attempted-user; sid:2787; rev:4; ",True,False,False,False,False,INCLUDE_HIGH,E01 supported by rule text/metadata
2003,2788,4,alert,tcp,$EXTERNAL_NET,any,->,$SQL_SERVERS,$ORACLE_PORTS,,attempted-user,,ruleset community,E01,True," msg:""SERVER-ORACLE dbms_repcat.make_column_group buffer overflow attempt""; flow:to_server,established; content:""dbms_repcat.make_column_group"",nocase; pcre:""/((\w+)[\r\n\s]*\x3a=[\r\n\s]*(\x27[^\x27]{1075,}\x27|\x22[^\x22]{1075,}\x22)[\r\n\s]*\x3b.*(sname|oname)[\r\n\s]*=>[\r\n\s]*\2|(sname|oname)\s*=>\s*(\x27[^\x27]{1075,}|\x22[^\x22]{1075,})|\(\s*(\x27[^\x27]{1075,}|\x22[^\x22]{1075,})|\(\s*(\x27[^\x27]*\x27|\x22[^\x22]+\x22)\s*,\s*(\x27[^\x27]{1075,}|\x22[^\x22]{1075,}))/is""; metadata:ruleset community; reference:url,www.appsecinc.com/resources/alerts/oracle/2004-0001/25.html; classtype:attempted-user; sid:2788; rev:4; ",True,False,False,False,False,INCLUDE_HIGH,E01 supported by rule text/metadata
2004,2789,4,alert,tcp,$EXTERNAL_NET,any,->,$SQL_SERVERS,$ORACLE_PORTS,,attempted-user,,ruleset community,E01,True," msg:""SERVER-ORACLE dbms_repcat.obsolete_flavor_definition buffer overflow attempt""; flow:to_server,established; content:""dbms_repcat.obsolete_flavor_definition"",nocase; pcre:""/((\w+)[\r\n\s]*\x3a=[\r\n\s]*(\x27[^\x27]{1075,}\x27|\x22[^\x22]{1075,}\x22)[\r\n\s]*\x3b.*gname[\r\n\s]*=>[\r\n\s]*\2|gname\s*=>\s*(\x27[^\x27]{1075,}|\x22[^\x22]{1075,})|\(\s*(\x27[^\x27]{1075,}|\x22[^\x22]{1075,}))/is""; metadata:ruleset community; reference:url,www.appsecinc.com/resources/alerts/oracle/2004-0001/25.html; classtype:attempted-user; sid:2789; rev:4; ",True,False,False,False,False,INCLUDE_HIGH,E01 supported by rule text/metadata
2005,2790,4,alert,tcp,$EXTERNAL_NET,any,->,$SQL_SERVERS,$ORACLE_PORTS,,attempted-user,,ruleset community,E01,True," msg:""SERVER-ORACLE dbms_repcat.publish_flavor_definition buffer overflow attempt""; flow:to_server,established; content:""dbms_repcat.publish_flavor_definition"",nocase; pcre:""/((\w+)[\r\n\s]*\x3a=[\r\n\s]*(\x27[^\x27]{1075,}\x27|\x22[^\x22]{1075,}\x22)[\r\n\s]*\x3b.*gname[\r\n\s]*=>[\r\n\s]*\2|gname\s*=>\s*(\x27[^\x27]{1075,}|\x22[^\x22]{1075,})|\(\s*(\x27[^\x27]{1075,}|\x22[^\x22]{1075,}))/is""; metadata:ruleset community; reference:url,www.appsecinc.com/resources/alerts/oracle/2004-0001/25.html; classtype:attempted-user; sid:2790; rev:4; ",True,False,False,False,False,INCLUDE_HIGH,E01 supported by rule text/metadata
2006,2791,4,alert,tcp,$EXTERNAL_NET,any,->,$SQL_SERVERS,$ORACLE_PORTS,,attempted-user,,ruleset community,E01,True," msg:""SERVER-ORACLE dbms_repcat.purge_flavor_definition buffer overflow attempt""; flow:to_server,established; content:""dbms_repcat.purge_flavor_definition"",nocase; pcre:""/((\w+)[\r\n\s]*\x3a=[\r\n\s]*(\x27[^\x27]{1075,}\x27|\x22[^\x22]{1075,}\x22)[\r\n\s]*\x3b.*gname[\r\n\s]*=>[\r\n\s]*\2|gname\s*=>\s*(\x27[^\x27]{1075,}|\x22[^\x22]{1075,})|\(\s*(\x27[^\x27]{1075,}|\x22[^\x22]{1075,}))/is""; metadata:ruleset community; reference:url,www.appsecinc.com/resources/alerts/oracle/2004-0001/25.html; classtype:attempted-user; sid:2791; rev:4; ",True,False,False,False,False,INCLUDE_HIGH,E01 supported by rule text/metadata
2007,2792,4,alert,tcp,$EXTERNAL_NET,any,->,$SQL_SERVERS,$ORACLE_PORTS,,attempted-user,,ruleset community,E01,True," msg:""SERVER-ORACLE dbms_repcat.purge_master_log buffer overflow attempt""; flow:to_server,established; content:""dbms_repcat.purge_master_log"",nocase; pcre:""/((\w+)[\r\n\s]*\x3a=[\r\n\s]*(\x27[^\x27]{1075,}\x27|\x22[^\x22]{1075,}\x22)[\r\n\s]*\x3b.*gname[\r\n\s]*=>[\r\n\s]*\2|gname\s*=>\s*(\x27[^\x27]{1075,}|\x22[^\x22]{1075,})|\(\s*(\x27[^\x27]*\x27|\x22[^\x22]+\x22)\s*,\s*(\x27[^\x27]{1075,}|\x22[^\x22]{1075,}))/is""; metadata:ruleset community; reference:url,www.appsecinc.com/resources/alerts/oracle/2004-0001/25.html; classtype:attempted-user; sid:2792; rev:4; ",True,False,False,False,False,INCLUDE_HIGH,E01 supported by rule text/metadata
2008,2793,4,alert,tcp,$EXTERNAL_NET,any,->,$SQL_SERVERS,$ORACLE_PORTS,,attempted-user,,ruleset community,E01,True," msg:""SERVER-ORACLE dbms_repcat.purge_statistics buffer overflow attempt""; flow:to_server,established; content:""dbms_repcat.purge_statistics"",nocase; pcre:""/((\w+)[\r\n\s]*\x3a=[\r\n\s]*(\x27[^\x27]{1075,}\x27|\x22[^\x22]{1075,}\x22)[\r\n\s]*\x3b.*(sname|oname)[\r\n\s]*=>[\r\n\s]*\2|(sname|oname)\s*=>\s*(\x27[^\x27]{1075,}|\x22[^\x22]{1075,})|\(\s*(\x27[^\x27]{1075,}|\x22[^\x22]{1075,})|\(\s*(\x27[^\x27]*\x27|\x22[^\x22]+\x22)\s*,\s*(\x27[^\x27]{1075,}|\x22[^\x22]{1075,}))/is""; metadata:ruleset community; reference:url,www.appsecinc.com/resources/alerts/oracle/2004-0001/25.html; classtype:attempted-user; sid:2793; rev:4; ",True,False,False,False,False,INCLUDE_HIGH,E01 supported by rule text/metadata
2009,2794,5,alert,tcp,$EXTERNAL_NET,any,->,$SQL_SERVERS,$ORACLE_PORTS,,attempted-user,,ruleset community,E01,True," msg:""SERVER-ORACLE dbms_repcat.refresh_mview_repgroup buffer overflow attempt""; flow:to_server,established; content:""dbms_repcat.refresh_mview_repgroup"",nocase; pcre:""/((\w+)[\r\n\s]*\x3a=[\r\n\s]*(\x27[^\x27]{1075,}\x27|\x22[^\x22]{1075,}\x22)[\r\n\s]*\x3b.*(gname|gowner)[\r\n\s]*=>[\r\n\s]*\2|(gname|gowner)\s*=>\s*(\x27[^\x27]{1075,}|\x22[^\x22]{1075,})|\(\s*(\x27[^\x27]{1075,}|\x22[^\x22]{1075,})|\(\s*(\x27[^\x27]*\x27|\x22[^\x22]+\x22)\s*,\s*(\x27[^\x27]{1075,}|\x22[^\x22]{1075,}))/is""; metadata:ruleset community; reference:url,www.appsecinc.com/Policy/PolicyCheck90.html; reference:url,www.appsecinc.com/resources/alerts/oracle/2004-0001/25.html; classtype:attempted-user; sid:2794; rev:5; ",True,False,False,False,False,INCLUDE_HIGH,E01 supported by rule text/metadata
2010,2795,4,alert,tcp,$EXTERNAL_NET,any,->,$SQL_SERVERS,$ORACLE_PORTS,,attempted-user,,ruleset community,E01,True," msg:""SERVER-ORACLE dbms_repcat.refresh_snapshot_repgroup buffer overflow attempt""; flow:to_server,established; content:""dbms_repcat.refresh_snapshot_repgroup"",nocase; pcre:""/((\w+)[\r\n\s]*\x3a=[\r\n\s]*(\x27[^\x27]{1075,}\x27|\x22[^\x22]{1075,}\x22)[\r\n\s]*\x3b.*gname[\r\n\s]*=>[\r\n\s]*\2|gname\s*=>\s*(\x27[^\x27]{1075,}|\x22[^\x22]{1075,})|\(\s*(\x27[^\x27]{1075,}|\x22[^\x22]{1075,}))/is""; metadata:ruleset community; reference:url,www.appsecinc.com/resources/alerts/oracle/2004-0001/25.html; classtype:attempted-user; sid:2795; rev:4; ",True,False,False,False,False,INCLUDE_HIGH,E01 supported by rule text/metadata
2011,2796,4,alert,tcp,$EXTERNAL_NET,any,->,$SQL_SERVERS,$ORACLE_PORTS,,attempted-user,,ruleset community,E01,True," msg:""SERVER-ORACLE dbms_repcat.register_mview_repgroup buffer overflow attempt""; flow:to_server,established; content:""dbms_repcat.register_mview_repgroup"",nocase; pcre:""/((\w+)[\r\n\s]*\x3a=[\r\n\s]*(\x27[^\x27]{1075,}\x27|\x22[^\x22]{1075,}\x22)[\r\n\s]*\x3b.*(gname|gowner)[\r\n\s]*=>[\r\n\s]*\2|(gname|gowner)\s*=>\s*(\x27[^\x27]{1075,}|\x22[^\x22]{1075,})|\(\s*(\x27[^\x27]{1075,}|\x22[^\x22]{1075,})|\(\s*((\x27[^\x27]*\x27|\x22[^\x22]+\x22)\s*,\s*){4}(\x27[^\x27]{1075,}|\x22[^\x22]{1075,}))/is""; metadata:ruleset community; reference:url,www.appsecinc.com/resources/alerts/oracle/2004-0001/25.html; classtype:attempted-user; sid:2796; rev:4; ",True,False,False,False,False,INCLUDE_HIGH,E01 supported by rule text/metadata
2012,2797,4,alert,tcp,$EXTERNAL_NET,any,->,$SQL_SERVERS,$ORACLE_PORTS,,attempted-user,,ruleset community,E01,True," msg:""SERVER-ORACLE dbms_repcat.register_snapshot_repgroup buffer overflow attempt""; flow:to_server,established; content:""dbms_repcat.register_snapshot_repgroup"",nocase; pcre:""/((\w+)[\r\n\s]*\x3a=[\r\n\s]*(\x27[^\x27]{1075,}\x27|\x22[^\x22]{1075,}\x22)[\r\n\s]*\x3b.*gname[\r\n\s]*=>[\r\n\s]*\2|gname\s*=>\s*(\x27[^\x27]{1075,}|\x22[^\x22]{1075,})|\(\s*(\x27[^\x27]{1075,}|\x22[^\x22]{1075,}))/is""; metadata:ruleset community; reference:url,www.appsecinc.com/resources/alerts/oracle/2004-0001/25.html; classtype:attempted-user; sid:2797; rev:4; ",True,False,False,False,False,INCLUDE_HIGH,E01 supported by rule text/metadata
2013,2798,4,alert,tcp,$EXTERNAL_NET,any,->,$SQL_SERVERS,$ORACLE_PORTS,,attempted-user,,ruleset community,E01,True," msg:""SERVER-ORACLE dbms_repcat.register_statistics buffer overflow attempt""; flow:to_server,established; content:""dbms_repcat.register_statistics"",nocase; pcre:""/((\w+)[\r\n\s]*\x3a=[\r\n\s]*(\x27[^\x27]{1075,}\x27|\x22[^\x22]{1075,}\x22)[\r\n\s]*\x3b.*(sname|oname)[\r\n\s]*=>[\r\n\s]*\2|(sname|oname)\s*=>\s*(\x27[^\x27]{1075,}|\x22[^\x22]{1075,})|\(\s*(\x27[^\x27]{1075,}|\x22[^\x22]{1075,})|\(\s*(\x27[^\x27]*\x27|\x22[^\x22]+\x22)\s*,\s*(\x27[^\x27]{1075,}|\x22[^\x22]{1075,}))/is""; metadata:ruleset community; reference:url,www.appsecinc.com/resources/alerts/oracle/2004-0001/25.html; classtype:attempted-user; sid:2798; rev:4; ",True,False,False,False,False,INCLUDE_HIGH,E01 supported by rule text/metadata
2014,2799,4,alert,tcp,$EXTERNAL_NET,any,->,$SQL_SERVERS,$ORACLE_PORTS,,attempted-user,,ruleset community,E01,True," msg:""SERVER-ORACLE dbms_repcat.relocate_masterdef buffer overflow attempt""; flow:to_server,established; content:""dbms_repcat.relocate_masterdef"",nocase; pcre:""/((\w+)[\r\n\s]*\x3a=[\r\n\s]*(\x27[^\x27]{1075,}\x27|\x22[^\x22]{1075,}\x22)[\r\n\s]*\x3b.*gname[\r\n\s]*=>[\r\n\s]*\2|gname\s*=>\s*(\x27[^\x27]{1075,}|\x22[^\x22]{1075,})|\(\s*(\x27[^\x27]{1075,}|\x22[^\x22]{1075,}))/is""; metadata:ruleset community; reference:url,www.appsecinc.com/resources/alerts/oracle/2004-0001/25.html; classtype:attempted-user; sid:2799; rev:4; ",True,False,False,False,False,INCLUDE_HIGH,E01 supported by rule text/metadata
2015,2800,4,alert,tcp,$EXTERNAL_NET,any,->,$SQL_SERVERS,$ORACLE_PORTS,,attempted-user,,ruleset community,E01,True," msg:""SERVER-ORACLE dbms_repcat.rename_shadow_column_group buffer overflow attempt""; flow:to_server,established; content:""dbms_repcat.rename_shadow_column_group"",nocase; pcre:""/((\w+)[\r\n\s]*\x3a=[\r\n\s]*(\x27[^\x27]{1075,}\x27|\x22[^\x22]{1075,}\x22)[\r\n\s]*\x3b.*(sname|oname)[\r\n\s]*=>[\r\n\s]*\2|(sname|oname)\s*=>\s*(\x27[^\x27]{1075,}|\x22[^\x22]{1075,})|\(\s*(\x27[^\x27]{1075,}|\x22[^\x22]{1075,})|\(\s*(\x27[^\x27]*\x27|\x22[^\x22]+\x22)\s*,\s*(\x27[^\x27]{1075,}|\x22[^\x22]{1075,}))/is""; metadata:ruleset community; reference:url,www.appsecinc.com/resources/alerts/oracle/2004-0001/25.html; classtype:attempted-user; sid:2800; rev:4; ",True,False,False,False,False,INCLUDE_HIGH,E01 supported by rule text/metadata
2016,2801,4,alert,tcp,$EXTERNAL_NET,any,->,$SQL_SERVERS,$ORACLE_PORTS,,attempted-user,,ruleset community,E01,True," msg:""SERVER-ORACLE dbms_repcat.resume_master_activity buffer overflow attempt""; flow:to_server,established; content:""dbms_repcat.resume_master_activity"",nocase; pcre:""/((\w+)[\r\n\s]*\x3a=[\r\n\s]*(\x27[^\x27]{1075,}\x27|\x22[^\x22]{1075,}\x22)[\r\n\s]*\x3b.*gname[\r\n\s]*=>[\r\n\s]*\2|gname\s*=>\s*(\x27[^\x27]{1075,}|\x22[^\x22]{1075,})|\(\s*(\x27[^\x27]{1075,}|\x22[^\x22]{1075,}))/is""; metadata:ruleset community; reference:url,www.appsecinc.com/resources/alerts/oracle/2004-0001/25.html; classtype:attempted-user; sid:2801; rev:4; ",True,False,False,False,False,INCLUDE_HIGH,E01 supported by rule text/metadata
2017,2802,4,alert,tcp,$EXTERNAL_NET,any,->,$SQL_SERVERS,$ORACLE_PORTS,,attempted-user,,ruleset community,E01,True," msg:""SERVER-ORACLE dbms_repcat_rgt.check_ddl_text buffer overflow attempt""; flow:to_server,established; content:""dbms_repcat_rgt.check_ddl_text"",nocase; pcre:""/((\w+)[\r\n\s]*\x3a=[\r\n\s]*(\x27[^\x27]{1075,}\x27|\x22[^\x22]{1075,}\x22)[\r\n\s]*\x3b.*(object_type|user_name)[\r\n\s]*=>[\r\n\s]*\2|(object_type|user_name)\s*=>\s*(\x27[^\x27]{1075,}|\x22[^\x22]{1075,})|\(\s*(\x27[^\x27]{1075,}|\x22[^\x22]{1075,})|\(\s*(\x27[^\x27]*\x27|\x22[^\x22]+\x22)\s*,\s*(\x27[^\x27]{1075,}|\x22[^\x22]{1075,}))/is""; metadata:ruleset community; reference:url,www.appsecinc.com/resources/alerts/oracle/2004-0001/25.html; classtype:attempted-user; sid:2802; rev:4; ",True,False,False,False,False,INCLUDE_HIGH,E01 supported by rule text/metadata
2018,2803,4,alert,tcp,$EXTERNAL_NET,any,->,$SQL_SERVERS,$ORACLE_PORTS,,attempted-user,,ruleset community,E01,True," msg:""SERVER-ORACLE dbms_repcat_rgt.drop_site_instantiation buffer overflow attempt""; flow:to_server,established; content:""dbms_repcat_rgt.drop_site_instantiation"",nocase; pcre:""/((\w+)[\r\n\s]*\x3a=[\r\n\s]*(\x27[^\x27]{1075,}\x27|\x22[^\x22]{1075,}\x22)[\r\n\s]*\x3b.*(refresh_template_name|user_name)[\r\n\s]*=>[\r\n\s]*\2|(refresh_template_name|user_name)\s*=>\s*(\x27[^\x27]{1075,}|\x22[^\x22]{1075,})|\(\s*(\x27[^\x27]{1075,}|\x22[^\x22]{1075,})|\(\s*(\x27[^\x27]*\x27|\x22[^\x22]+\x22)\s*,\s*(\x27[^\x27]{1075,}|\x22[^\x22]{1075,}))/is""; metadata:ruleset community; reference:url,www.appsecinc.com/resources/alerts/oracle/2004-0001/25.html; classtype:attempted-user; sid:2803; rev:4; ",True,False,False,False,False,INCLUDE_HIGH,E01 supported by rule text/metadata
2019,2804,4,alert,tcp,$EXTERNAL_NET,any,->,$SQL_SERVERS,$ORACLE_PORTS,,attempted-user,,ruleset community,E01,True," msg:""SERVER-ORACLE dbms_repcat.send_and_compare_old_values buffer overflow attempt""; flow:to_server,established; content:""dbms_repcat.send_and_compare_old_values"",nocase; pcre:""/((\w+)[\r\n\s]*\x3a=[\r\n\s]*(\x27[^\x27]{1075,}\x27|\x22[^\x22]{1075,}\x22)[\r\n\s]*\x3b.*(sname|oname)[\r\n\s]*=>[\r\n\s]*\2|(sname|oname)\s*=>\s*(\x27[^\x27]{1075,}|\x22[^\x22]{1075,})|\(\s*(\x27[^\x27]{1075,}|\x22[^\x22]{1075,})|\(\s*(\x27[^\x27]*\x27|\x22[^\x22]+\x22)\s*,\s*(\x27[^\x27]{1075,}|\x22[^\x22]{1075,}))/is""; metadata:ruleset community; reference:url,www.appsecinc.com/resources/alerts/oracle/2004-0001/25.html; classtype:attempted-user; sid:2804; rev:4; ",True,False,False,False,False,INCLUDE_HIGH,E01 supported by rule text/metadata
2020,2805,4,alert,tcp,$EXTERNAL_NET,any,->,$SQL_SERVERS,$ORACLE_PORTS,,attempted-user,,ruleset community,E01,True," msg:""SERVER-ORACLE dbms_repcat.set_columns buffer overflow attempt""; flow:to_server,established; content:""dbms_repcat.set_columns"",nocase; pcre:""/((\w+)[\r\n\s]*\x3a=[\r\n\s]*(\x27[^\x27]{1075,}\x27|\x22[^\x22]{1075,}\x22)[\r\n\s]*\x3b.*(sname|oname)[\r\n\s]*=>[\r\n\s]*\2|(sname|oname)\s*=>\s*(\x27[^\x27]{1075,}|\x22[^\x22]{1075,})|\(\s*(\x27[^\x27]{1075,}|\x22[^\x22]{1075,})|\(\s*(\x27[^\x27]*\x27|\x22[^\x22]+\x22)\s*,\s*(\x27[^\x27]{1075,}|\x22[^\x22]{1075,}))/is""; metadata:ruleset community; reference:url,www.appsecinc.com/resources/alerts/oracle/2004-0001/25.html; classtype:attempted-user; sid:2805; rev:4; ",True,False,False,False,False,INCLUDE_HIGH,E01 supported by rule text/metadata
2021,2806,4,alert,tcp,$EXTERNAL_NET,any,->,$SQL_SERVERS,$ORACLE_PORTS,,attempted-user,,ruleset community,E01,True," msg:""SERVER-ORACLE dbms_repcat.set_local_flavor buffer overflow attempt""; flow:to_server,established; content:""dbms_repcat.set_local_flavor"",nocase; pcre:""/((\w+)[\r\n\s]*\x3a=[\r\n\s]*(\x27[^\x27]{1075,}\x27|\x22[^\x22]{1075,}\x22)[\r\n\s]*\x3b.*(gname|fname|gowner)[\r\n\s]*=>[\r\n\s]*\2|(gname|fname|gowner)\s*=>\s*(\x27[^\x27]{1075,}|\x22[^\x22]{1075,})|\(\s*((\x27[^\x27]*\x27|\x22[^\x22]+\x22)\s*,\s*){2}(\x27[^\x27]{1075,}|\x22[^\x22]{1075,})|\(\s*(\x27[^\x27]{1075,}|\x22[^\x22]{1075,})|\(\s*(\x27[^\x27]*\x27|\x22[^\x22]+\x22)\s*,\s*(\x27[^\x27]{1075,}|\x22[^\x22]{1075,}))/is""; metadata:ruleset community; reference:url,www.appsecinc.com/resources/alerts/oracle/2004-0001/25.html; classtype:attempted-user; sid:2806; rev:4; ",True,False,False,False,False,INCLUDE_HIGH,E01 supported by rule text/metadata
2022,2807,4,alert,tcp,$EXTERNAL_NET,any,->,$SQL_SERVERS,$ORACLE_PORTS,,attempted-user,,ruleset community,E01,True," msg:""SERVER-ORACLE dbms_repcat.specify_new_masters buffer overflow attempt""; flow:to_server,established; content:""dbms_repcat.specify_new_masters"",nocase; pcre:""/((\w+)[\r\n\s]*\x3a=[\r\n\s]*(\x27[^\x27]{1075,}\x27|\x22[^\x22]{1075,}\x22)[\r\n\s]*\x3b.*gname[\r\n\s]*=>[\r\n\s]*\2|gname\s*=>\s*(\x27[^\x27]{1075,}|\x22[^\x22]{1075,})|\(\s*(\x27[^\x27]{1075,}|\x22[^\x22]{1075,}))/is""; metadata:ruleset community; reference:url,www.appsecinc.com/resources/alerts/oracle/2004-0001/25.html; classtype:attempted-user; sid:2807; rev:4; ",True,False,False,False,False,INCLUDE_HIGH,E01 supported by rule text/metadata
2023,2808,4,alert,tcp,$EXTERNAL_NET,any,->,$SQL_SERVERS,$ORACLE_PORTS,,attempted-user,,ruleset community,E01,True," msg:""SERVER-ORACLE dbms_repcat.suspend_master_activity buffer overflow attempt""; flow:to_server,established; content:""dbms_repcat.suspend_master_activity"",nocase; pcre:""/((\w+)[\r\n\s]*\x3a=[\r\n\s]*(\x27[^\x27]{1075,}\x27|\x22[^\x22]{1075,}\x22)[\r\n\s]*\x3b.*gname[\r\n\s]*=>[\r\n\s]*\2|gname\s*=>\s*(\x27[^\x27]{1075,}|\x22[^\x22]{1075,})|\(\s*(\x27[^\x27]{1075,}|\x22[^\x22]{1075,}))/is""; metadata:ruleset community; reference:url,www.appsecinc.com/resources/alerts/oracle/2004-0001/25.html; classtype:attempted-user; sid:2808; rev:4; ",True,False,False,False,False,INCLUDE_HIGH,E01 supported by rule text/metadata
2024,2809,4,alert,tcp,$EXTERNAL_NET,any,->,$SQL_SERVERS,$ORACLE_PORTS,,attempted-user,,ruleset community,E01,True," msg:""SERVER-ORACLE dbms_repcat.unregister_mview_repgroup buffer overflow attempt""; flow:to_server,established; content:""dbms_repcat.unregister_mview_repgroup"",nocase; pcre:""/((\w+)[\r\n\s]*\x3a=[\r\n\s]*(\x27[^\x27]{1075,}\x27|\x22[^\x22]{1075,}\x22)[\r\n\s]*\x3b.*(gname|gowner)[\r\n\s]*=>[\r\n\s]*\2|(gname|gowner)\s*=>\s*(\x27[^\x27]{1075,}|\x22[^\x22]{1075,})|\(\s*(\x27[^\x27]{1075,}|\x22[^\x22]{1075,})|\(\s*((\x27[^\x27]*\x27|\x22[^\x22]+\x22)\s*,\s*){2}(\x27[^\x27]{1075,}|\x22[^\x22]{1075,}))/is""; metadata:ruleset community; reference:url,www.appsecinc.com/resources/alerts/oracle/2004-0001/25.html; classtype:attempted-user; sid:2809; rev:4; ",True,False,False,False,False,INCLUDE_HIGH,E01 supported by rule text/metadata
2025,2810,4,alert,tcp,$EXTERNAL_NET,any,->,$SQL_SERVERS,$ORACLE_PORTS,,attempted-user,,ruleset community,E01,True," msg:""SERVER-ORACLE dbms_repcat.unregister_snapshot_repgroup buffer overflow attempt""; flow:to_server,established; content:""dbms_repcat.unregister_snapshot_repgroup"",nocase; pcre:""/((\w+)[\r\n\s]*\x3a=[\r\n\s]*(\x27[^\x27]{1075,}\x27|\x22[^\x22]{1075,}\x22)[\r\n\s]*\x3b.*gname[\r\n\s]*=>[\r\n\s]*\2|gname\s*=>\s*(\x27[^\x27]{1075,}|\x22[^\x22]{1075,})|\(\s*(\x27[^\x27]{1075,}|\x22[^\x22]{1075,}))/is""; metadata:ruleset community; reference:url,www.appsecinc.com/resources/alerts/oracle/2004-0001/25.html; classtype:attempted-user; sid:2810; rev:4; ",True,False,False,False,False,INCLUDE_HIGH,E01 supported by rule text/metadata
2026,2811,4,alert,tcp,$EXTERNAL_NET,any,->,$SQL_SERVERS,$ORACLE_PORTS,,attempted-user,,ruleset community,E01,True," msg:""SERVER-ORACLE dbms_repcat.validate_flavor_definition buffer overflow attempt""; flow:to_server,established; content:""dbms_repcat.validate_flavor_definition"",nocase; pcre:""/((\w+)[\r\n\s]*\x3a=[\r\n\s]*(\x27[^\x27]{1075,}\x27|\x22[^\x22]{1075,}\x22)[\r\n\s]*\x3b.*gname[\r\n\s]*=>[\r\n\s]*\2|gname\s*=>\s*(\x27[^\x27]{1075,}|\x22[^\x22]{1075,})|\(\s*(\x27[^\x27]{1075,}|\x22[^\x22]{1075,}))/is""; metadata:ruleset community; reference:url,www.appsecinc.com/resources/alerts/oracle/2004-0001/25.html; classtype:attempted-user; sid:2811; rev:4; ",True,False,False,False,False,INCLUDE_HIGH,E01 supported by rule text/metadata
2027,2812,4,alert,tcp,$EXTERNAL_NET,any,->,$SQL_SERVERS,$ORACLE_PORTS,,attempted-user,,ruleset community,E01,True," msg:""SERVER-ORACLE dbms_repcat.validate_for_local_flavor buffer overflow attempt""; flow:to_server,established; content:""dbms_repcat.validate_for_local_flavor"",nocase; pcre:""/((\w+)[\r\n\s]*\x3a=[\r\n\s]*(\x27[^\x27]{1075,}\x27|\x22[^\x22]{1075,}\x22)[\r\n\s]*\x3b.*(gname|gowner)[\r\n\s]*=>[\r\n\s]*\2|(gname|gowner)\s*=>\s*(\x27[^\x27]{1075,}|\x22[^\x22]{1075,})|\(\s*(\x27[^\x27]{1075,}|\x22[^\x22]{1075,})|\(\s*((\x27[^\x27]*\x27|\x22[^\x22]+\x22)\s*,\s*){2}(\x27[^\x27]{1075,}|\x22[^\x22]{1075,}))/is""; metadata:ruleset community; reference:url,www.appsecinc.com/resources/alerts/oracle/2004-0001/25.html; classtype:attempted-user; sid:2812; rev:4; ",True,False,False,False,False,INCLUDE_HIGH,E01 supported by rule text/metadata
2028,2813,4,alert,tcp,$EXTERNAL_NET,any,->,$SQL_SERVERS,$ORACLE_PORTS,,attempted-user,,ruleset community,E01,True," msg:""SERVER-ORACLE sys.dbms_repcat_fla.abort_flavor_definition buffer overflow attempt""; flow:to_server,established; content:""sys.dbms_repcat_fla.abort_flavor_definition"",nocase; pcre:""/\(\s*(\x27[^\x27]{1075,}|\x22[^\x22]{1075,})/is""; metadata:ruleset community; reference:url,www.appsecinc.com/resources/alerts/oracle/2004-0001/25.html; classtype:attempted-user; sid:2813; rev:4; ",True,False,False,False,False,INCLUDE_HIGH,E01 supported by rule text/metadata
2029,2814,4,alert,tcp,$EXTERNAL_NET,any,->,$SQL_SERVERS,$ORACLE_PORTS,,attempted-user,,ruleset community,E01,True," msg:""SERVER-ORACLE sys.dbms_repcat_fla.add_object_to_flavor buffer overflow attempt""; flow:to_server,established; content:""sys.dbms_repcat_fla.add_object_to_flavor"",nocase; pcre:""/\(\s*(\x27[^\x27]{1075,}|\x22[^\x22]{1075,})/is""; metadata:ruleset community; reference:url,www.appsecinc.com/resources/alerts/oracle/2004-0001/25.html; classtype:attempted-user; sid:2814; rev:4; ",True,False,False,False,False,INCLUDE_HIGH,E01 supported by rule text/metadata
2030,2815,4,alert,tcp,$EXTERNAL_NET,any,->,$SQL_SERVERS,$ORACLE_PORTS,,attempted-user,,ruleset community,E01,True," msg:""SERVER-ORACLE sys.dbms_repcat_fla.begin_flavor_definition buffer overflow attempt""; flow:to_server,established; content:""sys.dbms_repcat_fla.begin_flavor_definition"",nocase; pcre:""/\(\s*(\x27[^\x27]{1075,}|\x22[^\x22]{1075,})/is""; metadata:ruleset community; reference:url,www.appsecinc.com/resources/alerts/oracle/2004-0001/25.html; classtype:attempted-user; sid:2815; rev:4; ",True,False,False,False,False,INCLUDE_HIGH,E01 supported by rule text/metadata
2031,2816,4,alert,tcp,$EXTERNAL_NET,any,->,$SQL_SERVERS,$ORACLE_PORTS,,attempted-user,,ruleset community,E01,True," msg:""SERVER-ORACLE sys.dbms_repcat_fla.drop_object_from_flavor buffer overflow attempt""; flow:to_server,established; content:""sys.dbms_repcat_fla.drop_object_from_flavor"",nocase; pcre:""/\(\s*(\x27[^\x27]{1075,}|\x22[^\x22]{1075,})/is""; metadata:ruleset community; reference:url,www.appsecinc.com/resources/alerts/oracle/2004-0001/25.html; classtype:attempted-user; sid:2816; rev:4; ",True,False,False,False,False,INCLUDE_HIGH,E01 supported by rule text/metadata
2032,2817,4,alert,tcp,$EXTERNAL_NET,any,->,$SQL_SERVERS,$ORACLE_PORTS,,attempted-user,,ruleset community,E01,True," msg:""SERVER-ORACLE sys.dbms_repcat_fla_mas.add_column_group_to_flavor buffer overflow attempt""; flow:to_server,established; content:""sys.dbms_repcat_fla_mas.add_column_group_to_flavor"",nocase; pcre:""/\(\s*(\x27[^\x27]{1075,}|\x22[^\x22]{1075,})/is""; metadata:ruleset community; reference:url,www.appsecinc.com/resources/alerts/oracle/2004-0001/25.html; classtype:attempted-user; sid:2817; rev:4; ",True,False,False,False,False,INCLUDE_HIGH,E01 supported by rule text/metadata
2033,2818,4,alert,tcp,$EXTERNAL_NET,any,->,$SQL_SERVERS,$ORACLE_PORTS,,attempted-user,,ruleset community,E01,True," msg:""SERVER-ORACLE sys.dbms_repcat_fla_mas.add_columns_to_flavor buffer overflow attempt""; flow:to_server,established; content:""sys.dbms_repcat_fla_mas.add_columns_to_flavor"",nocase; pcre:""/\(\s*(\x27[^\x27]{1075,}|\x22[^\x22]{1075,})/is""; metadata:ruleset community; reference:url,www.appsecinc.com/resources/alerts/oracle/2004-0001/25.html; classtype:attempted-user; sid:2818; rev:4; ",True,False,False,False,False,INCLUDE_HIGH,E01 supported by rule text/metadata
2034,2819,4,alert,tcp,$EXTERNAL_NET,any,->,$SQL_SERVERS,$ORACLE_PORTS,,attempted-user,,ruleset community,E01,True," msg:""SERVER-ORACLE sys.dbms_repcat_fla_mas.drop_column_group_from_flavor buffer overflow attempt""; flow:to_server,established; content:""sys.dbms_repcat_fla_mas.drop_column_group_from_flavor"",nocase; pcre:""/\(\s*(\x27[^\x27]{1075,}|\x22[^\x22]{1075,})/is""; metadata:ruleset community; reference:url,www.appsecinc.com/resources/alerts/oracle/2004-0001/25.html; classtype:attempted-user; sid:2819; rev:4; ",True,False,False,False,False,INCLUDE_HIGH,E01 supported by rule text/metadata
2035,2820,4,alert,tcp,$EXTERNAL_NET,any,->,$SQL_SERVERS,$ORACLE_PORTS,,attempted-user,,ruleset community,E01,True," msg:""SERVER-ORACLE sys.dbms_repcat_fla_mas.drop_columns_from_flavor buffer overflow attempt""; flow:to_server,established; content:""sys.dbms_repcat_fla_mas.drop_columns_from_flavor"",nocase; pcre:""/\(\s*(\x27[^\x27]{1075,}|\x22[^\x22]{1075,})/is""; metadata:ruleset community; reference:url,www.appsecinc.com/resources/alerts/oracle/2004-0001/25.html; classtype:attempted-user; sid:2820; rev:4; ",True,False,False,False,False,INCLUDE_HIGH,E01 supported by rule text/metadata
2036,2821,4,alert,tcp,$EXTERNAL_NET,any,->,$SQL_SERVERS,$ORACLE_PORTS,,attempted-user,,ruleset community,E01,True," msg:""SERVER-ORACLE sys.dbms_repcat_fla_mas.obsolete_flavor_definition buffer overflow attempt""; flow:to_server,established; content:""sys.dbms_repcat_fla_mas.obsolete_flavor_definition"",nocase; pcre:""/\(\s*(\x27[^\x27]{1075,}|\x22[^\x22]{1075,})/is""; metadata:ruleset community; reference:url,www.appsecinc.com/resources/alerts/oracle/2004-0001/25.html; classtype:attempted-user; sid:2821; rev:4; ",True,False,False,False,False,INCLUDE_HIGH,E01 supported by rule text/metadata
2037,2822,4,alert,tcp,$EXTERNAL_NET,any,->,$SQL_SERVERS,$ORACLE_PORTS,,attempted-user,,ruleset community,E01,True," msg:""SERVER-ORACLE sys.dbms_repcat_fla_mas.publish_flavor_definition buffer overflow attempt""; flow:to_server,established; content:""sys.dbms_repcat_fla_mas.publish_flavor_definition"",nocase; pcre:""/\(\s*(\x27[^\x27]{1075,}|\x22[^\x22]{1075,})/is""; metadata:ruleset community; reference:url,www.appsecinc.com/resources/alerts/oracle/2004-0001/25.html; classtype:attempted-user; sid:2822; rev:4; ",True,False,False,False,False,INCLUDE_HIGH,E01 supported by rule text/metadata
2038,2823,4,alert,tcp,$EXTERNAL_NET,any,->,$SQL_SERVERS,$ORACLE_PORTS,,attempted-user,,ruleset community,E01,True," msg:""SERVER-ORACLE sys.dbms_repcat_fla_mas.purge_flavor_definition buffer overflow attempt""; flow:to_server,established; content:""sys.dbms_repcat_fla_mas.purge_flavor_definition"",nocase; pcre:""/\(\s*(\x27[^\x27]{1075,}|\x22[^\x22]{1075,})/is""; metadata:ruleset community; reference:url,www.appsecinc.com/resources/alerts/oracle/2004-0001/25.html; classtype:attempted-user; sid:2823; rev:4; ",True,False,False,False,False,INCLUDE_HIGH,E01 supported by rule text/metadata
2039,2824,4,alert,tcp,$EXTERNAL_NET,any,->,$SQL_SERVERS,$ORACLE_PORTS,,attempted-user,,ruleset community,E01,True," msg:""SERVER-ORACLE sys.dbms_repcat_fla.set_local_flavor buffer overflow attempt""; flow:to_server,established; content:""sys.dbms_repcat_fla.set_local_flavor"",nocase; pcre:""/(\(\s*(\x27[^\x27]{1075,}|\x22[^\x22]{1075,})|\(\s*(\x27[^\x27]*\x27|\x22[^\x22]+\x22)\s*,\s*(\x27[^\x27]{1075,}|\x22[^\x22]{1075,})|\(\s*((\x27[^\x27]*\x27|\x22[^\x22]+\x22)\s*,\s*){2}(\x27[^\x27]{1075,}|\x22[^\x22]{1075,}))/is""; metadata:ruleset community; reference:url,www.appsecinc.com/resources/alerts/oracle/2004-0001/25.html; classtype:attempted-user; sid:2824; rev:4; ",True,False,False,False,False,INCLUDE_HIGH,E01 supported by rule text/metadata
2040,2825,4,alert,tcp,$EXTERNAL_NET,any,->,$SQL_SERVERS,$ORACLE_PORTS,,attempted-user,,ruleset community,E01,True," msg:""SERVER-ORACLE sys.dbms_repcat_fla.validate_flavor_definition buffer overflow attempt""; flow:to_server,established; content:""sys.dbms_repcat_fla.validate_flavor_definition"",nocase; pcre:""/\(\s*(\x27[^\x27]{1075,}|\x22[^\x22]{1075,})/is""; metadata:ruleset community; reference:url,www.appsecinc.com/resources/alerts/oracle/2004-0001/25.html; classtype:attempted-user; sid:2825; rev:4; ",True,False,False,False,False,INCLUDE_HIGH,E01 supported by rule text/metadata
2041,2826,4,alert,tcp,$EXTERNAL_NET,any,->,$SQL_SERVERS,$ORACLE_PORTS,,attempted-user,,ruleset community,E01,True," msg:""SERVER-ORACLE sys.dbms_repcat_fla.validate_for_local_flavor buffer overflow attempt""; flow:to_server,established; content:""sys.dbms_repcat_fla.validate_for_local_flavor"",nocase; pcre:""/(\(\s*(\x27[^\x27]*\x27|\x22[^\x22]+\x22)\s*,\s*(\x27[^\x27]{1075,}|\x22[^\x22]{1075,})|\(\s*(\x27[^\x27]{1075,}|\x22[^\x22]{1075,})|\(\s*((\x27[^\x27]*\x27|\x22[^\x22]+\x22)\s*,\s*){2}(\x27[^\x27]{1075,}|\x22[^\x22]{1075,}))/is""; metadata:ruleset community; reference:url,www.appsecinc.com/resources/alerts/oracle/2004-0001/25.html; classtype:attempted-user; sid:2826; rev:4; ",True,False,False,False,False,INCLUDE_HIGH,E01 supported by rule text/metadata
2042,2827,4,alert,tcp,$EXTERNAL_NET,any,->,$SQL_SERVERS,$ORACLE_PORTS,,attempted-user,,ruleset community,E01,True," msg:""SERVER-ORACLE sys.dbms_repcat_mas.alter_master_repobject buffer overflow attempt""; flow:to_server,established; content:""sys.dbms_repcat_mas.alter_master_repobject"",nocase; pcre:""/((\w+)[\r\n\s]*\x3a=[\r\n\s]*(\x27[^\x27]{1075,}\x27|\x22[^\x22]{1075,}\x22)[\r\n\s]*\x3b.*type[\r\n\s]*=>[\r\n\s]*\2|type\s*=>\s*(\x27[^\x27]{1075,}|\x22[^\x22]{1075,})|\(\s*((\x27[^\x27]*\x27|\x22[^\x22]+\x22)\s*,\s*){2}(\x27[^\x27]{1075,}|\x22[^\x22]{1075,}))/is""; metadata:ruleset community; reference:url,www.appsecinc.com/resources/alerts/oracle/2004-0001/25.html; classtype:attempted-user; sid:2827; rev:4; ",True,False,False,False,False,INCLUDE_HIGH,E01 supported by rule text/metadata
2043,2828,4,alert,tcp,$EXTERNAL_NET,any,->,$SQL_SERVERS,$ORACLE_PORTS,,attempted-user,,ruleset community,E01,True," msg:""SERVER-ORACLE sys.dbms_repcat_mas.comment_on_repgroup buffer overflow attempt""; flow:to_server,established; content:""sys.dbms_repcat_mas.comment_on_repgroup"",nocase; pcre:""/((\w+)[\r\n\s]*\x3a=[\r\n\s]*(\x27[^\x27]{1075,}\x27|\x22[^\x22]{1075,}\x22)[\r\n\s]*\x3b.*gname[\r\n\s]*=>[\r\n\s]*\2|gname\s*=>\s*(\x27[^\x27]{1075,}|\x22[^\x22]{1075,})|\(\s*(\x27[^\x27]{1075,}|\x22[^\x22]{1075,}))/is""; metadata:ruleset community; reference:url,www.appsecinc.com/resources/alerts/oracle/2004-0001/25.html; classtype:attempted-user; sid:2828; rev:4; ",True,False,False,False,False,INCLUDE_HIGH,E01 supported by rule text/metadata
2044,2829,4,alert,tcp,$EXTERNAL_NET,any,->,$SQL_SERVERS,$ORACLE_PORTS,,attempted-user,,ruleset community,E01,True," msg:""SERVER-ORACLE sys.dbms_repcat_mas.comment_on_repobject buffer overflow attempt""; flow:to_server,established; content:""sys.dbms_repcat_mas.comment_on_repobject"",nocase; pcre:""/((\w+)[\r\n\s]*\x3a=[\r\n\s]*(\x27[^\x27]{1075,}\x27|\x22[^\x22]{1075,}\x22)[\r\n\s]*\x3b.*type[\r\n\s]*=>[\r\n\s]*\2|type\s*=>\s*(\x27[^\x27]{1075,}|\x22[^\x22]{1075,})|\(\s*((\x27[^\x27]*\x27|\x22[^\x22]+\x22)\s*,\s*){2}(\x27[^\x27]{1075,}|\x22[^\x22]{1075,}))/is""; metadata:ruleset community; reference:url,www.appsecinc.com/resources/alerts/oracle/2004-0001/25.html; classtype:attempted-user; sid:2829; rev:4; ",True,False,False,False,False,INCLUDE_HIGH,E01 supported by rule text/metadata
2045,2830,4,alert,tcp,$EXTERNAL_NET,any,->,$SQL_SERVERS,$ORACLE_PORTS,,attempted-user,,ruleset community,E01,True," msg:""SERVER-ORACLE sys.dbms_repcat_mas.create_master_repgroup buffer overflow attempt""; flow:to_server,established; content:""sys.dbms_repcat_mas.create_master_repgroup"",nocase; pcre:""/((\w+)[\r\n\s]*\x3a=[\r\n\s]*(\x27[^\x27]{1075,}\x27|\x22[^\x22]{1075,}\x22)[\r\n\s]*\x3b.*gname[\r\n\s]*=>[\r\n\s]*\2|gname\s*=>\s*(\x27[^\x27]{1075,}|\x22[^\x22]{1075,})|\(\s*(\x27[^\x27]{1075,}|\x22[^\x22]{1075,}))/is""; metadata:ruleset community; reference:url,www.appsecinc.com/resources/alerts/oracle/2004-0001/25.html; classtype:attempted-user; sid:2830; rev:4; ",True,False,False,False,False,INCLUDE_HIGH,E01 supported by rule text/metadata
2046,2831,4,alert,tcp,$EXTERNAL_NET,any,->,$SQL_SERVERS,$ORACLE_PORTS,,attempted-user,,ruleset community,E01,True," msg:""SERVER-ORACLE sys.dbms_repcat_mas.create_master_repobject buffer overflow attempt""; flow:to_server,established; content:""sys.dbms_repcat_mas.create_master_repobject"",nocase; pcre:""/((\w+)[\r\n\s]*\x3a=[\r\n\s]*(\x27[^\x27]{1075,}\x27|\x22[^\x22]{1075,}\x22)[\r\n\s]*\x3b.*gname[\r\n\s]*=>[\r\n\s]*\2|gname\s*=>\s*(\x27[^\x27]{1075,}|\x22[^\x22]{1075,})|\(\s*((\x27[^\x27]*\x27|\x22[^\x22]+\x22)\s*,\s*){5}(\x27[^\x27]{1075,}|\x22[^\x22]{1075,}))/is""; metadata:ruleset community; reference:url,www.appsecinc.com/resources/alerts/oracle/2004-0001/25.html; classtype:attempted-user; sid:2831; rev:4; ",True,False,False,False,False,INCLUDE_HIGH,E01 supported by rule text/metadata
2047,2832,4,alert,tcp,$EXTERNAL_NET,any,->,$SQL_SERVERS,$ORACLE_PORTS,,attempted-user,,ruleset community,E01,True," msg:""SERVER-ORACLE sys.dbms_repcat_mas.do_deferred_repcat_admin buffer overflow attempt""; flow:to_server,established; content:""sys.dbms_repcat_mas.do_deferred_repcat_admin"",nocase; pcre:""/((\w+)[\r\n\s]*\x3a=[\r\n\s]*(\x27[^\x27]{1075,}\x27|\x22[^\x22]{1075,}\x22)[\r\n\s]*\x3b.*gname[\r\n\s]*=>[\r\n\s]*\2|gname\s*=>\s*(\x27[^\x27]{1075,}|\x22[^\x22]{1075,})|\(\s*(\x27[^\x27]{1075,}|\x22[^\x22]{1075,}))/is""; metadata:ruleset community; reference:url,www.appsecinc.com/resources/alerts/oracle/2004-0001/25.html; classtype:attempted-user; sid:2832; rev:4; ",True,False,False,False,False,INCLUDE_HIGH,E01 supported by rule text/metadata
2048,2833,4,alert,tcp,$EXTERNAL_NET,any,->,$SQL_SERVERS,$ORACLE_PORTS,,attempted-user,,ruleset community,E01,True," msg:""SERVER-ORACLE sys.dbms_repcat_mas.drop_master_repgroup buffer overflow attempt""; flow:to_server,established; content:""sys.dbms_repcat_mas.drop_master_repgroup"",nocase; pcre:""/((\w+)[\r\n\s]*\x3a=[\r\n\s]*(\x27[^\x27]{1075,}\x27|\x22[^\x22]{1075,}\x22)[\r\n\s]*\x3b.*gname[\r\n\s]*=>[\r\n\s]*\2|gname\s*=>\s*(\x27[^\x27]{1075,}|\x22[^\x22]{1075,})|\(\s*(\x27[^\x27]{1075,}|\x22[^\x22]{1075,}))/is""; metadata:ruleset community; reference:url,www.appsecinc.com/resources/alerts/oracle/2004-0001/25.html; classtype:attempted-user; sid:2833; rev:4; ",True,False,False,False,False,INCLUDE_HIGH,E01 supported by rule text/metadata
2049,2834,4,alert,tcp,$EXTERNAL_NET,any,->,$SQL_SERVERS,$ORACLE_PORTS,,attempted-user,,ruleset community,E01,True," msg:""SERVER-ORACLE sys.dbms_repcat_mas.generate_replication_package buffer overflow attempt""; flow:to_server,established; content:""sys.dbms_repcat_mas.generate_replication_package"",nocase; pcre:""/((\w+)[\r\n\s]*\x3a=[\r\n\s]*(\x27[^\x27]{1075,}\x27|\x22[^\x22]{1075,}\x22)[\r\n\s]*\x3b.*(sname|oname)[\r\n\s]*=>[\r\n\s]*\2|(sname|oname)\s*=>\s*(\x27[^\x27]{1075,}|\x22[^\x22]{1075,})|\(\s*(\x27[^\x27]{1075,}|\x22[^\x22]{1075,})|\(\s*(\x27[^\x27]*\x27|\x22[^\x22]+\x22)\s*,\s*(\x27[^\x27]{1075,}|\x22[^\x22]{1075,}))/is""; metadata:ruleset community; reference:url,www.appsecinc.com/resources/alerts/oracle/2004-0001/25.html; classtype:attempted-user; sid:2834; rev:4; ",True,False,False,False,False,INCLUDE_HIGH,E01 supported by rule text/metadata
2050,2835,4,alert,tcp,$EXTERNAL_NET,any,->,$SQL_SERVERS,$ORACLE_PORTS,,attempted-user,,ruleset community,E01,True," msg:""SERVER-ORACLE sys.dbms_repcat_mas.purge_master_log buffer overflow attempt""; flow:to_server,established; content:""sys.dbms_repcat_mas.purge_master_log"",nocase; pcre:""/((\w+)[\r\n\s]*\x3a=[\r\n\s]*(\x27[^\x27]{1075,}\x27|\x22[^\x22]{1075,}\x22)[\r\n\s]*\x3b.*gname[\r\n\s]*=>[\r\n\s]*\2|gname\s*=>\s*(\x27[^\x27]{1075,}|\x22[^\x22]{1075,})|\(\s*(\x27[^\x27]*\x27|\x22[^\x22]+\x22)\s*,\s*(\x27[^\x27]{1075,}|\x22[^\x22]{1075,}))/is""; metadata:ruleset community; reference:url,www.appsecinc.com/resources/alerts/oracle/2004-0001/25.html; classtype:attempted-user; sid:2835; rev:4; ",True,False,False,False,False,INCLUDE_HIGH,E01 supported by rule text/metadata
2051,2836,4,alert,tcp,$EXTERNAL_NET,any,->,$SQL_SERVERS,$ORACLE_PORTS,,attempted-user,,ruleset community,E01,True," msg:""SERVER-ORACLE sys.dbms_repcat_mas.relocate_masterdef buffer overflow attempt""; flow:to_server,established; content:""sys.dbms_repcat_mas.relocate_masterdef"",nocase; pcre:""/((\w+)[\r\n\s]*\x3a=[\r\n\s]*(\x27[^\x27]{1075,}\x27|\x22[^\x22]{1075,}\x22)[\r\n\s]*\x3b.*gname[\r\n\s]*=>[\r\n\s]*\2|gname\s*=>\s*(\x27[^\x27]{1075,}|\x22[^\x22]{1075,})|\(\s*(\x27[^\x27]{1075,}|\x22[^\x22]{1075,}))/is""; metadata:ruleset community; reference:url,www.appsecinc.com/resources/alerts/oracle/2004-0001/25.html; classtype:attempted-user; sid:2836; rev:4; ",True,False,False,False,False,INCLUDE_HIGH,E01 supported by rule text/metadata
2052,2837,4,alert,tcp,$EXTERNAL_NET,any,->,$SQL_SERVERS,$ORACLE_PORTS,,attempted-user,,ruleset community,E01,True," msg:""SERVER-ORACLE sys.dbms_repcat_mas.rename_shadow_column_group buffer overflow attempt""; flow:to_server,established; content:""sys.dbms_repcat_mas.rename_shadow_column_group"",nocase; pcre:""/((\w+)[\r\n\s]*\x3a=[\r\n\s]*(\x27[^\x27]{1075,}\x27|\x22[^\x22]{1075,}\x22)[\r\n\s]*\x3b.*(sname|oname)[\r\n\s]*=>[\r\n\s]*\2|(sname|oname)\s*=>\s*(\x27[^\x27]{1075,}|\x22[^\x22]{1075,})|\(\s*(\x27[^\x27]{1075,}|\x22[^\x22]{1075,})|\(\s*(\x27[^\x27]*\x27|\x22[^\x22]+\x22)\s*,\s*(\x27[^\x27]{1075,}|\x22[^\x22]{1075,}))/is""; metadata:ruleset community; reference:url,www.appsecinc.com/resources/alerts/oracle/2004-0001/25.html; classtype:attempted-user; sid:2837; rev:4; ",True,False,False,False,False,INCLUDE_HIGH,E01 supported by rule text/metadata
2053,2838,4,alert,tcp,$EXTERNAL_NET,any,->,$SQL_SERVERS,$ORACLE_PORTS,,attempted-user,,ruleset community,E01,True," msg:""SERVER-ORACLE sys.dbms_repcat_mas.resume_master_activity buffer overflow attempt""; flow:to_server,established; content:""sys.dbms_repcat_mas.resume_master_activity"",nocase; pcre:""/((\w+)[\r\n\s]*\x3a=[\r\n\s]*(\x27[^\x27]{1075,}\x27|\x22[^\x22]{1075,}\x22)[\r\n\s]*\x3b.*gname[\r\n\s]*=>[\r\n\s]*\2|gname\s*=>\s*(\x27[^\x27]{1075,}|\x22[^\x22]{1075,})|\(\s*(\x27[^\x27]{1075,}|\x22[^\x22]{1075,}))/is""; metadata:ruleset community; reference:url,www.appsecinc.com/resources/alerts/oracle/2004-0001/25.html; classtype:attempted-user; sid:2838; rev:4; ",True,False,False,False,False,INCLUDE_HIGH,E01 supported by rule text/metadata
2054,2839,4,alert,tcp,$EXTERNAL_NET,any,->,$SQL_SERVERS,$ORACLE_PORTS,,attempted-user,,ruleset community,E01,True," msg:""SERVER-ORACLE sys.dbms_repcat_mas.suspend_master_activity buffer overflow attempt""; flow:to_server,established; content:""sys.dbms_repcat_mas.suspend_master_activity"",nocase; pcre:""/((\w+)[\r\n\s]*\x3a=[\r\n\s]*(\x27[^\x27]{1075,}\x27|\x22[^\x22]{1075,}\x22)[\r\n\s]*\x3b.*gname[\r\n\s]*=>[\r\n\s]*\2|gname\s*=>\s*(\x27[^\x27]{1075,}|\x22[^\x22]{1075,})|\(\s*(\x27[^\x27]{1075,}|\x22[^\x22]{1075,}))/is""; metadata:ruleset community; reference:url,www.appsecinc.com/resources/alerts/oracle/2004-0001/25.html; classtype:attempted-user; sid:2839; rev:4; ",True,False,False,False,False,INCLUDE_HIGH,E01 supported by rule text/metadata
2055,2840,4,alert,tcp,$EXTERNAL_NET,any,->,$SQL_SERVERS,$ORACLE_PORTS,,attempted-user,,ruleset community,E01,True," msg:""SERVER-ORACLE sys.dbms_repcat_sna_utl.alter_snapshot_propagation buffer overflow attempt""; flow:to_server,established; content:""sys.dbms_repcat_sna_utl.alter_snapshot_propagation"",nocase; pcre:""/((\w+)[\r\n\s]*\x3a=[\r\n\s]*(\x27[^\x27]{1075,}\x27|\x22[^\x22]{1075,}\x22)[\r\n\s]*\x3b.*(gname|gowner)[\r\n\s]*=>[\r\n\s]*\2|(gname|gowner)\s*=>\s*(\x27[^\x27]{1075,}|\x22[^\x22]{1075,})|\(\s*(\x27[^\x27]{1075,}|\x22[^\x22]{1075,})|\(\s*((\x27[^\x27]*\x27|\x22[^\x22]+\x22)\s*,\s*){3}(\x27[^\x27]{1075,}|\x22[^\x22]{1075,}))/is""; metadata:ruleset community; reference:url,www.appsecinc.com/resources/alerts/oracle/2004-0001/25.html; classtype:attempted-user; sid:2840; rev:4; ",True,False,False,False,False,INCLUDE_HIGH,E01 supported by rule text/metadata
2056,2841,5,alert,tcp,$EXTERNAL_NET,any,->,$SQL_SERVERS,$ORACLE_PORTS,,attempted-user,,ruleset community,E01,True," msg:""SERVER-ORACLE sys.dbms_repcat_sna_utl.create_snapshot_repgroup buffer overflow attempt""; flow:to_server,established; content:""sys.dbms_repcat_sna_utl.create_snapshot_repgroup"",nocase; pcre:""/((\w+)[\r\n\s]*\x3a=[\r\n\s]*(\x27[^\x27]{1075,}\x27|\x22[^\x22]{1075,}\x22)[\r\n\s]*\x3b.*(gname|fname|gowner)[\r\n\s]*=>[\r\n\s]*\2|(gname|fname|gowner)\s*=>\s*(\x27[^\x27]{1075,}|\x22[^\x22]{1075,})|\(\s*((\x27[^\x27]*\x27|\x22[^\x22]+\x22)\s*,\s*){5}(\x27[^\x27]{1075,}|\x22[^\x22]{1075,})|\(\s*(\x27[^\x27]{1075,}|\x22[^\x22]{1075,})|\(\s*((\x27[^\x27]*\x27|\x22[^\x22]+\x22)\s*,\s*){4}(\x27[^\x27]{1075,}|\x22[^\x22]{1075,}))/is""; metadata:ruleset community; reference:url,www.appsecinc.com/Policy/PolicyCheck97.html; reference:url,www.appsecinc.com/resources/alerts/oracle/2004-0001/25.html; classtype:attempted-user; sid:2841; rev:5; ",True,False,False,False,False,INCLUDE_HIGH,E01 supported by rule text/metadata
2057,2842,4,alert,tcp,$EXTERNAL_NET,any,->,$SQL_SERVERS,$ORACLE_PORTS,,attempted-user,,ruleset community,E01,True," msg:""SERVER-ORACLE sys.dbms_repcat_sna_utl.drop_snapshot_repgroup buffer overflow attempt""; flow:to_server,established; content:""sys.dbms_repcat_sna_utl.drop_snapshot_repgroup"",nocase; pcre:""/((\w+)[\r\n\s]*\x3a=[\r\n\s]*(\x27[^\x27]{1075,}\x27|\x22[^\x22]{1075,}\x22)[\r\n\s]*\x3b.*(gname|gowner)[\r\n\s]*=>[\r\n\s]*\2|(gname|gowner)\s*=>\s*(\x27[^\x27]{1075,}|\x22[^\x22]{1075,})|\(\s*(\x27[^\x27]{1075,}|\x22[^\x22]{1075,})|\(\s*(\x27[^\x27]*\x27|\x22[^\x22]+\x22)\s*,\s*(\x27[^\x27]{1075,}|\x22[^\x22]{1075,}))/is""; metadata:ruleset community; reference:url,www.appsecinc.com/resources/alerts/oracle/2004-0001/25.html; classtype:attempted-user; sid:2842; rev:4; ",True,False,False,False,False,INCLUDE_HIGH,E01 supported by rule text/metadata
2058,2843,4,alert,tcp,$EXTERNAL_NET,any,->,$SQL_SERVERS,$ORACLE_PORTS,,attempted-user,,ruleset community,E01,True," msg:""SERVER-ORACLE sys.dbms_repcat_sna_utl.drop_snapshot_repobject buffer overflow attempt""; flow:to_server,established; content:""sys.dbms_repcat_sna_utl.drop_snapshot_repobject"",nocase; pcre:""/((\w+)[\r\n\s]*\x3a=[\r\n\s]*(\x27[^\x27]{1075,}\x27|\x22[^\x22]{1075,}\x22)[\r\n\s]*\x3b.*(sname|oname|type)[\r\n\s]*=>[\r\n\s]*\2|(sname|oname|type)\s*=>\s*(\x27[^\x27]{1075,}|\x22[^\x22]{1075,})|\(\s*((\x27[^\x27]*\x27|\x22[^\x22]+\x22)\s*,\s*){2}(\x27[^\x27]{1075,}|\x22[^\x22]{1075,})|\(\s*(\x27[^\x27]{1075,}|\x22[^\x22]{1075,})|\(\s*(\x27[^\x27]*\x27|\x22[^\x22]+\x22)\s*,\s*(\x27[^\x27]{1075,}|\x22[^\x22]{1075,}))/is""; metadata:ruleset community; reference:url,www.appsecinc.com/resources/alerts/oracle/2004-0001/25.html; classtype:attempted-user; sid:2843; rev:4; ",True,False,False,False,False,INCLUDE_HIGH,E01 supported by rule text/metadata
2059,2844,4,alert,tcp,$EXTERNAL_NET,any,->,$SQL_SERVERS,$ORACLE_PORTS,,attempted-user,,ruleset community,E01,True," msg:""SERVER-ORACLE sys.dbms_repcat_sna_utl.refresh_snapshot_repgroup buffer overflow attempt""; flow:to_server,established; content:""sys.dbms_repcat_sna_utl.refresh_snapshot_repgroup"",nocase; pcre:""/((\w+)[\r\n\s]*\x3a=[\r\n\s]*(\x27[^\x27]{1075,}\x27|\x22[^\x22]{1075,}\x22)[\r\n\s]*\x3b.*(gname|gowner)[\r\n\s]*=>[\r\n\s]*\2|(gname|gowner)\s*=>\s*(\x27[^\x27]{1075,}|\x22[^\x22]{1075,})|\(\s*(\x27[^\x27]{1075,}|\x22[^\x22]{1075,})|\(\s*(\x27[^\x27]*\x27|\x22[^\x22]+\x22)\s*,\s*(\x27[^\x27]{1075,}|\x22[^\x22]{1075,}))/is""; metadata:ruleset community; reference:url,www.appsecinc.com/resources/alerts/oracle/2004-0001/25.html; classtype:attempted-user; sid:2844; rev:4; ",True,False,False,False,False,INCLUDE_HIGH,E01 supported by rule text/metadata
2060,2845,4,alert,tcp,$EXTERNAL_NET,any,->,$SQL_SERVERS,$ORACLE_PORTS,,attempted-user,,ruleset community,E01,True," msg:""SERVER-ORACLE sys.dbms_repcat_sna_utl.register_snapshot_repgroup buffer overflow attempt""; flow:to_server,established; content:""sys.dbms_repcat_sna_utl.register_snapshot_repgroup"",nocase; pcre:""/((\w+)[\r\n\s]*\x3a=[\r\n\s]*(\x27[^\x27]{1075,}\x27|\x22[^\x22]{1075,}\x22)[\r\n\s]*\x3b.*(gname|gowner)[\r\n\s]*=>[\r\n\s]*\2|(gname|gowner)\s*=>\s*(\x27[^\x27]{1075,}|\x22[^\x22]{1075,})|\(\s*(\x27[^\x27]{1075,}|\x22[^\x22]{1075,})|\(\s*((\x27[^\x27]*\x27|\x22[^\x22]+\x22)\s*,\s*){4}(\x27[^\x27]{1075,}|\x22[^\x22]{1075,}))/is""; metadata:ruleset community; reference:url,www.appsecinc.com/resources/alerts/oracle/2004-0001/25.html; classtype:attempted-user; sid:2845; rev:4; ",True,False,False,False,False,INCLUDE_HIGH,E01 supported by rule text/metadata
2061,2846,4,alert,tcp,$EXTERNAL_NET,any,->,$SQL_SERVERS,$ORACLE_PORTS,,attempted-user,,ruleset community,E01,True," msg:""SERVER-ORACLE sys.dbms_repcat_sna_utl.repcat_import_check buffer overflow attempt""; flow:to_server,established; content:""sys.dbms_repcat_sna_utl.repcat_import_check"",nocase; pcre:""/((\w+)[\r\n\s]*\x3a=[\r\n\s]*(\x27[^\x27]{1075,}\x27|\x22[^\x22]{1075,}\x22)[\r\n\s]*\x3b.*(gname|gowner)[\r\n\s]*=>[\r\n\s]*\2|(gname|gowner)\s*=>\s*(\x27[^\x27]{1075,}|\x22[^\x22]{1075,})|\(\s*(\x27[^\x27]{1075,}|\x22[^\x22]{1075,})|\(\s*(\x27[^\x27]*\x27|\x22[^\x22]+\x22)\s*,\s*(\x27[^\x27]{1075,}|\x22[^\x22]{1075,}))/is""; metadata:ruleset community; reference:url,www.appsecinc.com/resources/alerts/oracle/2004-0001/25.html; classtype:attempted-user; sid:2846; rev:4; ",True,False,False,False,False,INCLUDE_HIGH,E01 supported by rule text/metadata
2062,2847,4,alert,tcp,$EXTERNAL_NET,any,->,$SQL_SERVERS,$ORACLE_PORTS,,attempted-user,,ruleset community,E01,True," msg:""SERVER-ORACLE sys.dbms_repcat_sna_utl.unregister_snapshot_repgroup buffer overflow attempt""; flow:to_server,established; content:""sys.dbms_repcat_sna_utl.unregister_snapshot_repgroup"",nocase; pcre:""/((\w+)[\r\n\s]*\x3a=[\r\n\s]*(\x27[^\x27]{1075,}\x27|\x22[^\x22]{1075,}\x22)[\r\n\s]*\x3b.*(gname|gowner)[\r\n\s]*=>[\r\n\s]*\2|(gname|gowner)\s*=>\s*(\x27[^\x27]{1075,}|\x22[^\x22]{1075,})|\(\s*(\x27[^\x27]{1075,}|\x22[^\x22]{1075,})|\(\s*((\x27[^\x27]*\x27|\x22[^\x22]+\x22)\s*,\s*){2}(\x27[^\x27]{1075,}|\x22[^\x22]{1075,}))/is""; metadata:ruleset community; reference:url,www.appsecinc.com/resources/alerts/oracle/2004-0001/25.html; classtype:attempted-user; sid:2847; rev:4; ",True,False,False,False,False,INCLUDE_HIGH,E01 supported by rule text/metadata
2063,2848,4,alert,tcp,$EXTERNAL_NET,any,->,$SQL_SERVERS,$ORACLE_PORTS,,attempted-user,,ruleset community,E01,True," msg:""SERVER-ORACLE sys.dbms_repcat_utl4.drop_master_repobject buffer overflow attempt""; flow:to_server,established; content:""sys.dbms_repcat_utl4.drop_master_repobject"",nocase; pcre:""/((\w+)[\r\n\s]*\x3a=[\r\n\s]*(\x27[^\x27]{1075,}\x27|\x22[^\x22]{1075,}\x22)[\r\n\s]*\x3b.*type[\r\n\s]*=>[\r\n\s]*\2|type\s*=>\s*(\x27[^\x27]{1075,}|\x22[^\x22]{1075,})|\(\s*((\x27[^\x27]*\x27|\x22[^\x22]+\x22)\s*,\s*){2}(\x27[^\x27]{1075,}|\x22[^\x22]{1075,}))/is""; metadata:ruleset community; reference:url,www.appsecinc.com/resources/alerts/oracle/2004-0001/25.html; classtype:attempted-user; sid:2848; rev:4; ",True,False,False,False,False,INCLUDE_HIGH,E01 supported by rule text/metadata
2064,2849,5,alert,tcp,$EXTERNAL_NET,any,->,$SQL_SERVERS,$ORACLE_PORTS,,attempted-user,,ruleset community,E01,True," msg:""SERVER-ORACLE sys.dbms_repcat_utl.drop_an_object buffer overflow attempt""; flow:to_server,established; content:""sys.dbms_repcat_utl.drop_an_object"",nocase; pcre:""/(\(\s*(\x27[^\x27]*\x27|\x22[^\x22]+\x22)\s*,\s*(\x27[^\x27]{1075,}|\x22[^\x22]{1075,})|\(\s*(\x27[^\x27]{1075,}|\x22[^\x22]{1075,})|\(\s*((\x27[^\x27]*\x27|\x22[^\x22]+\x22)\s*,\s*){2}(\x27[^\x27]{1075,}|\x22[^\x22]{1075,}))/is""; metadata:ruleset community; reference:url,www.appsecinc.com/Policy/PolicyCheck97.html; reference:url,www.appsecinc.com/resources/alerts/oracle/2004-0001/25.html; classtype:attempted-user; sid:2849; rev:5; ",True,False,False,False,False,INCLUDE_HIGH,E01 supported by rule text/metadata
2065,2850,4,alert,tcp,$EXTERNAL_NET,any,->,$SQL_SERVERS,$ORACLE_PORTS,,attempted-user,,ruleset community,E01,True," msg:""SERVER-ORACLE dbms_repcat.create_mview_repobject buffer overflow attempt""; flow:to_server,established; content:""dbms_repcat.create_mview_repobject"",nocase; pcre:""/((\w+)[\r\n\s]*\x3a=[\r\n\s]*(\x27[^\x27]{1075,}\x27|\x22[^\x22]{1075,}\x22)[\r\n\s]*\x3b.*(sname|oname|type|gname|gowner)[\r\n\s]*=>[\r\n\s]*\2|(sname|oname|type|gname|gowner)\s*=>\s*(\x27[^\x27]{1075,}|\x22[^\x22]{1075,})|\(\s*((\x27[^\x27]*\x27|\x22[^\x22]+\x22)\s*,\s*){7}(\x27[^\x27]{1075,}|\x22[^\x22]{1075,})|\(\s*((\x27[^\x27]*\x27|\x22[^\x22]+\x22)\s*,\s*){2}(\x27[^\x27]{1075,}|\x22[^\x22]{1075,})|\(\s*(\x27[^\x27]{1075,}|\x22[^\x22]{1075,})|\(\s*((\x27[^\x27]*\x27|\x22[^\x22]+\x22)\s*,\s*){5}(\x27[^\x27]{1075,}|\x22[^\x22]{1075,})|\(\s*(\x27[^\x27]*\x27|\x22[^\x22]+\x22)\s*,\s*(\x27[^\x27]{1075,}|\x22[^\x22]{1075,}))/is""; metadata:ruleset community; reference:url,www.appsecinc.com/resources/alerts/oracle/2004-0001/25.html; classtype:attempted-user; sid:2850; rev:4; ",True,False,False,False,False,INCLUDE_HIGH,E01 supported by rule text/metadata
2066,2851,4,alert,tcp,$EXTERNAL_NET,any,->,$SQL_SERVERS,$ORACLE_PORTS,,attempted-user,,ruleset community,E01,True," msg:""SERVER-ORACLE dbms_repcat.create_snapshot_repobject buffer overflow attempt""; flow:to_server,established; content:""dbms_repcat.create_snapshot_repobject"",nocase; pcre:""/((\w+)[\r\n\s]*\x3a=[\r\n\s]*(\x27[^\x27]{1075,}\x27|\x22[^\x22]{1075,}\x22)[\r\n\s]*\x3b.*(sname|oname|type|gname)[\r\n\s]*=>[\r\n\s]*\2|(sname|oname|type|gname)\s*=>\s*(\x27[^\x27]{1075,}|\x22[^\x22]{1075,})|\(\s*((\x27[^\x27]*\x27|\x22[^\x22]+\x22)\s*,\s*){2}(\x27[^\x27]{1075,}|\x22[^\x22]{1075,})|\(\s*(\x27[^\x27]{1075,}|\x22[^\x22]{1075,})|\(\s*((\x27[^\x27]*\x27|\x22[^\x22]+\x22)\s*,\s*){5}(\x27[^\x27]{1075,}|\x22[^\x22]{1075,})|\(\s*(\x27[^\x27]*\x27|\x22[^\x22]+\x22)\s*,\s*(\x27[^\x27]{1075,}|\x22[^\x22]{1075,}))/is""; metadata:ruleset community; reference:url,www.appsecinc.com/resources/alerts/oracle/2004-0001/25.html; classtype:attempted-user; sid:2851; rev:4; ",True,False,False,False,False,INCLUDE_HIGH,E01 supported by rule text/metadata
2067,2852,4,alert,tcp,$EXTERNAL_NET,any,->,$SQL_SERVERS,$ORACLE_PORTS,,attempted-user,,ruleset community,E01,True," msg:""SERVER-ORACLE dbms_repcat.generate_mview_support buffer overflow attempt""; flow:to_server,established; content:""dbms_repcat.generate_mview_support"",nocase; pcre:""/((\w+)[\r\n\s]*\x3a=[\r\n\s]*(\x27[^\x27]{1075,}\x27|\x22[^\x22]{1075,}\x22)[\r\n\s]*\x3b.*(sname|oname|type)[\r\n\s]*=>[\r\n\s]*\2|(sname|oname|type)\s*=>\s*(\x27[^\x27]{1075,}|\x22[^\x22]{1075,})|\(\s*((\x27[^\x27]*\x27|\x22[^\x22]+\x22)\s*,\s*){2}(\x27[^\x27]{1075,}|\x22[^\x22]{1075,})|\(\s*(\x27[^\x27]{1075,}|\x22[^\x22]{1075,})|\(\s*(\x27[^\x27]*\x27|\x22[^\x22]+\x22)\s*,\s*(\x27[^\x27]{1075,}|\x22[^\x22]{1075,}))/is""; metadata:ruleset community; reference:url,www.appsecinc.com/resources/alerts/oracle/2004-0001/25.html; classtype:attempted-user; sid:2852; rev:4; ",True,False,False,False,False,INCLUDE_HIGH,E01 supported by rule text/metadata
2068,2853,4,alert,tcp,$EXTERNAL_NET,any,->,$SQL_SERVERS,$ORACLE_PORTS,,attempted-user,,ruleset community,E01,True," msg:""SERVER-ORACLE dbms_repcat.generate_replication_trigger buffer overflow attempt""; flow:to_server,established; content:""dbms_repcat.generate_replication_trigger"",nocase; pcre:""/((\w+)[\r\n\s]*\x3a=[\r\n\s]*(\x27[^\x27]{1075,}\x27|\x22[^\x22]{1075,}\x22)[\r\n\s]*\x3b.*(sname|oname|gname)[\r\n\s]*=>[\r\n\s]*\2|(sname|oname|gname)\s*=>\s*(\x27[^\x27]{1075,}|\x22[^\x22]{1075,})|\(\s*(\x27[^\x27]{1075,}|\x22[^\x22]{1075,})|\(\s*(\x27[^\x27]*\x27|\x22[^\x22]+\x22)\s*,\s*(\x27[^\x27]{1075,}|\x22[^\x22]{1075,}))/is""; metadata:ruleset community; reference:url,www.appsecinc.com/resources/alerts/oracle/2004-0001/25.html; classtype:attempted-user; sid:2853; rev:4; ",True,False,False,False,False,INCLUDE_HIGH,E01 supported by rule text/metadata
2069,2854,4,alert,tcp,$EXTERNAL_NET,any,->,$SQL_SERVERS,$ORACLE_PORTS,,attempted-user,,ruleset community,E01,True," msg:""SERVER-ORACLE dbms_repcat.generate_snapshot_support buffer overflow attempt""; flow:to_server,established; content:""dbms_repcat.generate_snapshot_support"",nocase; pcre:""/((\w+)[\r\n\s]*\x3a=[\r\n\s]*(\x27[^\x27]{1075,}\x27|\x22[^\x22]{1075,}\x22)[\r\n\s]*\x3b.*(sname|oname|type)[\r\n\s]*=>[\r\n\s]*\2|(sname|oname|type)\s*=>\s*(\x27[^\x27]{1075,}|\x22[^\x22]{1075,})|\(\s*((\x27[^\x27]*\x27|\x22[^\x22]+\x22)\s*,\s*){2}(\x27[^\x27]{1075,}|\x22[^\x22]{1075,})|\(\s*(\x27[^\x27]{1075,}|\x22[^\x22]{1075,})|\(\s*(\x27[^\x27]*\x27|\x22[^\x22]+\x22)\s*,\s*(\x27[^\x27]{1075,}|\x22[^\x22]{1075,}))/is""; metadata:ruleset community; reference:url,www.appsecinc.com/resources/alerts/oracle/2004-0001/25.html; classtype:attempted-user; sid:2854; rev:4; ",True,False,False,False,False,INCLUDE_HIGH,E01 supported by rule text/metadata
2070,2855,4,alert,tcp,$EXTERNAL_NET,any,->,$SQL_SERVERS,$ORACLE_PORTS,,attempted-user,,ruleset community,E01,True," msg:""SERVER-ORACLE dbms_repcat.remove_master_databases buffer overflow attempt""; flow:to_server,established; content:""dbms_repcat.remove_master_databases"",nocase; pcre:""/((\w+)[\r\n\s]*\x3a=[\r\n\s]*(\x27[^\x27]{1075,}\x27|\x22[^\x22]{1075,}\x22)[\r\n\s]*\x3b.*gname[\r\n\s]*=>[\r\n\s]*\2|gname\s*=>\s*(\x27[^\x27]{1075,}|\x22[^\x22]{1075,})|\(\s*(\x27[^\x27]{1075,}|\x22[^\x22]{1075,}))/is""; metadata:ruleset community; reference:url,www.appsecinc.com/resources/alerts/oracle/2004-0001/25.html; classtype:attempted-user; sid:2855; rev:4; ",True,False,False,False,False,INCLUDE_HIGH,E01 supported by rule text/metadata
2071,2856,4,alert,tcp,$EXTERNAL_NET,any,->,$SQL_SERVERS,$ORACLE_PORTS,,attempted-user,,ruleset community,E01,True," msg:""SERVER-ORACLE dbms_repcat.switch_mview_master buffer overflow attempt""; flow:to_server,established; content:""dbms_repcat.switch_mview_master"",nocase; pcre:""/((\w+)[\r\n\s]*\x3a=[\r\n\s]*(\x27[^\x27]{1075,}\x27|\x22[^\x22]{1075,}\x22)[\r\n\s]*\x3b.*(gname|gowner)[\r\n\s]*=>[\r\n\s]*\2|(gname|gowner)\s*=>\s*(\x27[^\x27]{1075,}|\x22[^\x22]{1075,})|\(\s*(\x27[^\x27]{1075,}|\x22[^\x22]{1075,})|\(\s*((\x27[^\x27]*\x27|\x22[^\x22]+\x22)\s*,\s*){2}(\x27[^\x27]{1075,}|\x22[^\x22]{1075,}))/is""; metadata:ruleset community; reference:url,www.appsecinc.com/resources/alerts/oracle/2004-0001/25.html; classtype:attempted-user; sid:2856; rev:4; ",True,False,False,False,False,INCLUDE_HIGH,E01 supported by rule text/metadata
2072,2857,4,alert,tcp,$EXTERNAL_NET,any,->,$SQL_SERVERS,$ORACLE_PORTS,,attempted-user,,ruleset community,E01,True," msg:""SERVER-ORACLE dbms_repcat.switch_snapshot_master buffer overflow attempt""; flow:to_server,established; content:""dbms_repcat.switch_snapshot_master"",nocase; pcre:""/((\w+)[\r\n\s]*\x3a=[\r\n\s]*(\x27[^\x27]{1073,}\x27|\x22[^\x22]{1073,}\x22)[\r\n\s]*\x3b.*gname[\r\n\s]*=>[\r\n\s]*\2|gname\s*=>\s*(\x27[^\x27]{1073,}|\x22[^\x22]{1073,})|\(\s*(\x27[^\x27]{1073,}|\x22[^\x22]{1073,}))/is""; metadata:ruleset community; reference:url,www.appsecinc.com/resources/alerts/oracle/2004-0001/25.html; classtype:attempted-user; sid:2857; rev:4; ",True,False,False,False,False,INCLUDE_HIGH,E01 supported by rule text/metadata
2073,2858,4,alert,tcp,$EXTERNAL_NET,any,->,$SQL_SERVERS,$ORACLE_PORTS,,attempted-user,,ruleset community,E01,True," msg:""SERVER-ORACLE sys.dbms_repcat_conf.add_delete_resolution buffer overflow attempt""; flow:to_server,established; content:""sys.dbms_repcat_conf.add_delete_resolution"",nocase; pcre:""/((\w+)[\r\n\s]*\x3a=[\r\n\s]*(\x27[^\x27]{1075,}\x27|\x22[^\x22]{1075,}\x22)[\r\n\s]*\x3b.*(sname|oname)[\r\n\s]*=>[\r\n\s]*\2|(sname|oname)\s*=>\s*(\x27[^\x27]{1075,}|\x22[^\x22]{1075,})|\(\s*(\x27[^\x27]{1075,}|\x22[^\x22]{1075,})|\(\s*(\x27[^\x27]*\x27|\x22[^\x22]+\x22)\s*,\s*(\x27[^\x27]{1075,}|\x22[^\x22]{1075,}))/is""; metadata:ruleset community; reference:url,www.appsecinc.com/resources/alerts/oracle/2004-0001/25.html; classtype:attempted-user; sid:2858; rev:4; ",True,False,False,False,False,INCLUDE_HIGH,E01 supported by rule text/metadata
2074,2859,4,alert,tcp,$EXTERNAL_NET,any,->,$SQL_SERVERS,$ORACLE_PORTS,,attempted-user,,ruleset community,E01,True," msg:""SERVER-ORACLE sys.dbms_repcat_conf.add_priority_char buffer overflow attempt""; flow:to_server,established; content:""sys.dbms_repcat_conf.add_priority_char"",nocase; pcre:""/((\w+)[\r\n\s]*\x3a=[\r\n\s]*(\x27[^\x27]{1075,}\x27|\x22[^\x22]{1075,}\x22)[\r\n\s]*\x3b.*gname[\r\n\s]*=>[\r\n\s]*\2|gname\s*=>\s*(\x27[^\x27]{1075,}|\x22[^\x22]{1075,})|\(\s*(\x27[^\x27]{1075,}|\x22[^\x22]{1075,}))/is""; metadata:ruleset community; reference:url,www.appsecinc.com/resources/alerts/oracle/2004-0001/25.html; classtype:attempted-user; sid:2859; rev:4; ",True,False,False,False,False,INCLUDE_HIGH,E01 supported by rule text/metadata
2075,2860,4,alert,tcp,$EXTERNAL_NET,any,->,$SQL_SERVERS,$ORACLE_PORTS,,attempted-user,,ruleset community,E01,True," msg:""SERVER-ORACLE sys.dbms_repcat_conf.add_priority_date buffer overflow attempt""; flow:to_server,established; content:""sys.dbms_repcat_conf.add_priority_date"",nocase; pcre:""/((\w+)[\r\n\s]*\x3a=[\r\n\s]*(\x27[^\x27]{1075,}\x27|\x22[^\x22]{1075,}\x22)[\r\n\s]*\x3b.*gname[\r\n\s]*=>[\r\n\s]*\2|gname\s*=>\s*(\x27[^\x27]{1075,}|\x22[^\x22]{1075,})|\(\s*(\x27[^\x27]{1075,}|\x22[^\x22]{1075,}))/is""; metadata:ruleset community; reference:url,www.appsecinc.com/resources/alerts/oracle/2004-0001/25.html; classtype:attempted-user; sid:2860; rev:4; ",True,False,False,False,False,INCLUDE_HIGH,E01 supported by rule text/metadata
2076,2861,4,alert,tcp,$EXTERNAL_NET,any,->,$SQL_SERVERS,$ORACLE_PORTS,,attempted-user,,ruleset community,E01,True," msg:""SERVER-ORACLE sys.dbms_repcat_conf.add_priority_nchar buffer overflow attempt""; flow:to_server,established; content:""sys.dbms_repcat_conf.add_priority_nchar"",nocase; pcre:""/((\w+)[\r\n\s]*\x3a=[\r\n\s]*(\x27[^\x27]{1075,}\x27|\x22[^\x22]{1075,}\x22)[\r\n\s]*\x3b.*gname[\r\n\s]*=>[\r\n\s]*\2|gname\s*=>\s*(\x27[^\x27]{1075,}|\x22[^\x22]{1075,})|\(\s*(\x27[^\x27]{1075,}|\x22[^\x22]{1075,}))/is""; metadata:ruleset community; reference:url,www.appsecinc.com/resources/alerts/oracle/2004-0001/25.html; classtype:attempted-user; sid:2861; rev:4; ",True,False,False,False,False,INCLUDE_HIGH,E01 supported by rule text/metadata
2077,2862,4,alert,tcp,$EXTERNAL_NET,any,->,$SQL_SERVERS,$ORACLE_PORTS,,attempted-user,,ruleset community,E01,True," msg:""SERVER-ORACLE sys.dbms_repcat_conf.add_priority_number buffer overflow attempt""; flow:to_server,established; content:""sys.dbms_repcat_conf.add_priority_number"",nocase; pcre:""/((\w+)[\r\n\s]*\x3a=[\r\n\s]*(\x27[^\x27]{1075,}\x27|\x22[^\x22]{1075,}\x22)[\r\n\s]*\x3b.*gname[\r\n\s]*=>[\r\n\s]*\2|gname\s*=>\s*(\x27[^\x27]{1075,}|\x22[^\x22]{1075,})|\(\s*(\x27[^\x27]{1075,}|\x22[^\x22]{1075,}))/is""; metadata:ruleset community; reference:url,www.appsecinc.com/resources/alerts/oracle/2004-0001/25.html; classtype:attempted-user; sid:2862; rev:4; ",True,False,False,False,False,INCLUDE_HIGH,E01 supported by rule text/metadata
2078,2863,4,alert,tcp,$EXTERNAL_NET,any,->,$SQL_SERVERS,$ORACLE_PORTS,,attempted-user,,ruleset community,E01,True," msg:""SERVER-ORACLE sys.dbms_repcat_conf.add_priority_nvarchar2 buffer overflow attempt""; flow:to_server,established; content:""sys.dbms_repcat_conf.add_priority_nvarchar2"",nocase; pcre:""/((\w+)[\r\n\s]*\x3a=[\r\n\s]*(\x27[^\x27]{1075,}\x27|\x22[^\x22]{1075,}\x22)[\r\n\s]*\x3b.*gname[\r\n\s]*=>[\r\n\s]*\2|gname\s*=>\s*(\x27[^\x27]{1075,}|\x22[^\x22]{1075,})|\(\s*(\x27[^\x27]{1075,}|\x22[^\x22]{1075,}))/is""; metadata:ruleset community; reference:url,www.appsecinc.com/resources/alerts/oracle/2004-0001/25.html; classtype:attempted-user; sid:2863; rev:4; ",True,False,False,False,False,INCLUDE_HIGH,E01 supported by rule text/metadata
2079,2864,4,alert,tcp,$EXTERNAL_NET,any,->,$SQL_SERVERS,$ORACLE_PORTS,,attempted-user,,ruleset community,E01,True," msg:""SERVER-ORACLE sys.dbms_repcat_conf.add_priority_raw buffer overflow attempt""; flow:to_server,established; content:""sys.dbms_repcat_conf.add_priority_raw"",nocase; pcre:""/((\w+)[\r\n\s]*\x3a=[\r\n\s]*(\x27[^\x27]{1075,}\x27|\x22[^\x22]{1075,}\x22)[\r\n\s]*\x3b.*gname[\r\n\s]*=>[\r\n\s]*\2|gname\s*=>\s*(\x27[^\x27]{1075,}|\x22[^\x22]{1075,})|\(\s*(\x27[^\x27]{1075,}|\x22[^\x22]{1075,}))/is""; metadata:ruleset community; reference:url,www.appsecinc.com/resources/alerts/oracle/2004-0001/25.html; classtype:attempted-user; sid:2864; rev:4; ",True,False,False,False,False,INCLUDE_HIGH,E01 supported by rule text/metadata
2080,2865,4,alert,tcp,$EXTERNAL_NET,any,->,$SQL_SERVERS,$ORACLE_PORTS,,attempted-user,,ruleset community,E01,True," msg:""SERVER-ORACLE sys.dbms_repcat_conf.add_priority_varchar2 buffer overflow attempt""; flow:to_server,established; content:""sys.dbms_repcat_conf.add_priority_varchar2"",nocase; pcre:""/((\w+)[\r\n\s]*\x3a=[\r\n\s]*(\x27[^\x27]{1075,}\x27|\x22[^\x22]{1075,}\x22)[\r\n\s]*\x3b.*gname[\r\n\s]*=>[\r\n\s]*\2|gname\s*=>\s*(\x27[^\x27]{1075,}|\x22[^\x22]{1075,})|\(\s*(\x27[^\x27]{1075,}|\x22[^\x22]{1075,}))/is""; metadata:ruleset community; reference:url,www.appsecinc.com/resources/alerts/oracle/2004-0001/25.html; classtype:attempted-user; sid:2865; rev:4; ",True,False,False,False,False,INCLUDE_HIGH,E01 supported by rule text/metadata
2081,2866,4,alert,tcp,$EXTERNAL_NET,any,->,$SQL_SERVERS,$ORACLE_PORTS,,attempted-user,,ruleset community,E01,True," msg:""SERVER-ORACLE sys.dbms_repcat_conf.add_site_priority_site buffer overflow attempt""; flow:to_server,established; content:""sys.dbms_repcat_conf.add_site_priority_site"",nocase; pcre:""/((\w+)[\r\n\s]*\x3a=[\r\n\s]*(\x27[^\x27]{1075,}\x27|\x22[^\x22]{1075,}\x22)[\r\n\s]*\x3b.*gname[\r\n\s]*=>[\r\n\s]*\2|gname\s*=>\s*(\x27[^\x27]{1075,}|\x22[^\x22]{1075,})|\(\s*(\x27[^\x27]{1075,}|\x22[^\x22]{1075,}))/is""; metadata:ruleset community; reference:url,www.appsecinc.com/resources/alerts/oracle/2004-0001/25.html; classtype:attempted-user; sid:2866; rev:4; ",True,False,False,False,False,INCLUDE_HIGH,E01 supported by rule text/metadata
2082,2867,4,alert,tcp,$EXTERNAL_NET,any,->,$SQL_SERVERS,$ORACLE_PORTS,,attempted-user,,ruleset community,E01,True," msg:""SERVER-ORACLE sys.dbms_repcat_conf.add_unique_resolution buffer overflow attempt""; flow:to_server,established; content:""sys.dbms_repcat_conf.add_unique_resolution"",nocase; pcre:""/((\w+)[\r\n\s]*\x3a=[\r\n\s]*(\x27[^\x27]{1075,}\x27|\x22[^\x22]{1075,}\x22)[\r\n\s]*\x3b.*(sname|oname)[\r\n\s]*=>[\r\n\s]*\2|(sname|oname)\s*=>\s*(\x27[^\x27]{1075,}|\x22[^\x22]{1075,})|\(\s*(\x27[^\x27]{1075,}|\x22[^\x22]{1075,})|\(\s*(\x27[^\x27]*\x27|\x22[^\x22]+\x22)\s*,\s*(\x27[^\x27]{1075,}|\x22[^\x22]{1075,}))/is""; metadata:ruleset community; reference:url,www.appsecinc.com/resources/alerts/oracle/2004-0001/25.html; classtype:attempted-user; sid:2867; rev:4; ",True,False,False,False,False,INCLUDE_HIGH,E01 supported by rule text/metadata
2083,2868,4,alert,tcp,$EXTERNAL_NET,any,->,$SQL_SERVERS,$ORACLE_PORTS,,attempted-user,,ruleset community,E01,True," msg:""SERVER-ORACLE sys.dbms_repcat_conf.add_update_resolution buffer overflow attempt""; flow:to_server,established; content:""sys.dbms_repcat_conf.add_update_resolution"",nocase; pcre:""/((\w+)[\r\n\s]*\x3a=[\r\n\s]*(\x27[^\x27]{1075,}\x27|\x22[^\x22]{1075,}\x22)[\r\n\s]*\x3b.*(sname|oname)[\r\n\s]*=>[\r\n\s]*\2|(sname|oname)\s*=>\s*(\x27[^\x27]{1075,}|\x22[^\x22]{1075,})|\(\s*(\x27[^\x27]{1075,}|\x22[^\x22]{1075,})|\(\s*(\x27[^\x27]*\x27|\x22[^\x22]+\x22)\s*,\s*(\x27[^\x27]{1075,}|\x22[^\x22]{1075,}))/is""; metadata:ruleset community; reference:url,www.appsecinc.com/resources/alerts/oracle/2004-0001/25.html; classtype:attempted-user; sid:2868; rev:4; ",True,False,False,False,False,INCLUDE_HIGH,E01 supported by rule text/metadata
2084,2869,4,alert,tcp,$EXTERNAL_NET,any,->,$SQL_SERVERS,$ORACLE_PORTS,,attempted-user,,ruleset community,E01,True," msg:""SERVER-ORACLE sys.dbms_repcat_conf.alter_priority_char buffer overflow attempt""; flow:to_server,established; content:""sys.dbms_repcat_conf.alter_priority_char"",nocase; pcre:""/((\w+)[\r\n\s]*\x3a=[\r\n\s]*(\x27[^\x27]{1075,}\x27|\x22[^\x22]{1075,}\x22)[\r\n\s]*\x3b.*gname[\r\n\s]*=>[\r\n\s]*\2|gname\s*=>\s*(\x27[^\x27]{1075,}|\x22[^\x22]{1075,})|\(\s*(\x27[^\x27]{1075,}|\x22[^\x22]{1075,}))/is""; metadata:ruleset community; reference:url,www.appsecinc.com/resources/alerts/oracle/2004-0001/25.html; classtype:attempted-user; sid:2869; rev:4; ",True,False,False,False,False,INCLUDE_HIGH,E01 supported by rule text/metadata
2085,2870,4,alert,tcp,$EXTERNAL_NET,any,->,$SQL_SERVERS,$ORACLE_PORTS,,attempted-user,,ruleset community,E01,True," msg:""SERVER-ORACLE sys.dbms_repcat_conf.alter_priority_date buffer overflow attempt""; flow:to_server,established; content:""sys.dbms_repcat_conf.alter_priority_date"",nocase; pcre:""/((\w+)[\r\n\s]*\x3a=[\r\n\s]*(\x27[^\x27]{1075,}\x27|\x22[^\x22]{1075,}\x22)[\r\n\s]*\x3b.*gname[\r\n\s]*=>[\r\n\s]*\2|gname\s*=>\s*(\x27[^\x27]{1075,}|\x22[^\x22]{1075,})|\(\s*(\x27[^\x27]{1075,}|\x22[^\x22]{1075,}))/is""; metadata:ruleset community; reference:url,www.appsecinc.com/resources/alerts/oracle/2004-0001/25.html; classtype:attempted-user; sid:2870; rev:4; ",True,False,False,False,False,INCLUDE_HIGH,E01 supported by rule text/metadata
2086,2871,4,alert,tcp,$EXTERNAL_NET,any,->,$SQL_SERVERS,$ORACLE_PORTS,,attempted-user,,ruleset community,E01,True," msg:""SERVER-ORACLE sys.dbms_repcat_conf.alter_priority_nchar buffer overflow attempt""; flow:to_server,established; content:""sys.dbms_repcat_conf.alter_priority_nchar"",nocase; pcre:""/((\w+)[\r\n\s]*\x3a=[\r\n\s]*(\x27[^\x27]{1075,}\x27|\x22[^\x22]{1075,}\x22)[\r\n\s]*\x3b.*gname[\r\n\s]*=>[\r\n\s]*\2|gname\s*=>\s*(\x27[^\x27]{1075,}|\x22[^\x22]{1075,})|\(\s*(\x27[^\x27]{1075,}|\x22[^\x22]{1075,}))/is""; metadata:ruleset community; reference:url,www.appsecinc.com/resources/alerts/oracle/2004-0001/25.html; classtype:attempted-user; sid:2871; rev:4; ",True,False,False,False,False,INCLUDE_HIGH,E01 supported by rule text/metadata
2087,2872,4,alert,tcp,$EXTERNAL_NET,any,->,$SQL_SERVERS,$ORACLE_PORTS,,attempted-user,,ruleset community,E01,True," msg:""SERVER-ORACLE sys.dbms_repcat_conf.alter_priority_number buffer overflow attempt""; flow:to_server,established; content:""sys.dbms_repcat_conf.alter_priority_number"",nocase; pcre:""/((\w+)[\r\n\s]*\x3a=[\r\n\s]*(\x27[^\x27]{1075,}\x27|\x22[^\x22]{1075,}\x22)[\r\n\s]*\x3b.*gname[\r\n\s]*=>[\r\n\s]*\2|gname\s*=>\s*(\x27[^\x27]{1075,}|\x22[^\x22]{1075,})|\(\s*(\x27[^\x27]{1075,}|\x22[^\x22]{1075,}))/is""; metadata:ruleset community; reference:url,www.appsecinc.com/resources/alerts/oracle/2004-0001/25.html; classtype:attempted-user; sid:2872; rev:4; ",True,False,False,False,False,INCLUDE_HIGH,E01 supported by rule text/metadata
2088,2873,4,alert,tcp,$EXTERNAL_NET,any,->,$SQL_SERVERS,$ORACLE_PORTS,,attempted-user,,ruleset community,E01,True," msg:""SERVER-ORACLE sys.dbms_repcat_conf.alter_priority_nvarchar2 buffer overflow attempt""; flow:to_server,established; content:""sys.dbms_repcat_conf.alter_priority_nvarchar2"",nocase; pcre:""/((\w+)[\r\n\s]*\x3a=[\r\n\s]*(\x27[^\x27]{1075,}\x27|\x22[^\x22]{1075,}\x22)[\r\n\s]*\x3b.*gname[\r\n\s]*=>[\r\n\s]*\2|gname\s*=>\s*(\x27[^\x27]{1075,}|\x22[^\x22]{1075,})|\(\s*(\x27[^\x27]{1075,}|\x22[^\x22]{1075,}))/is""; metadata:ruleset community; reference:url,www.appsecinc.com/resources/alerts/oracle/2004-0001/25.html; classtype:attempted-user; sid:2873; rev:4; ",True,False,False,False,False,INCLUDE_HIGH,E01 supported by rule text/metadata
2089,2874,4,alert,tcp,$EXTERNAL_NET,any,->,$SQL_SERVERS,$ORACLE_PORTS,,attempted-user,,ruleset community,E01,True," msg:""SERVER-ORACLE sys.dbms_repcat_conf.alter_priority_raw buffer overflow attempt""; flow:to_server,established; content:""sys.dbms_repcat_conf.alter_priority_raw"",nocase; pcre:""/((\w+)[\r\n\s]*\x3a=[\r\n\s]*(\x27[^\x27]{1075,}\x27|\x22[^\x22]{1075,}\x22)[\r\n\s]*\x3b.*gname[\r\n\s]*=>[\r\n\s]*\2|gname\s*=>\s*(\x27[^\x27]{1075,}|\x22[^\x22]{1075,})|\(\s*(\x27[^\x27]{1075,}|\x22[^\x22]{1075,}))/is""; metadata:ruleset community; reference:url,www.appsecinc.com/resources/alerts/oracle/2004-0001/25.html; classtype:attempted-user; sid:2874; rev:4; ",True,False,False,False,False,INCLUDE_HIGH,E01 supported by rule text/metadata
2090,2875,4,alert,tcp,$EXTERNAL_NET,any,->,$SQL_SERVERS,$ORACLE_PORTS,,attempted-user,,ruleset community,E01,True," msg:""SERVER-ORACLE sys.dbms_repcat_conf.alter_priority buffer overflow attempt""; flow:to_server,established; content:""sys.dbms_repcat_conf.alter_priority"",nocase; pcre:""/((\w+)[\r\n\s]*\x3a=[\r\n\s]*(\x27[^\x27]{1075,}\x27|\x22[^\x22]{1075,}\x22)[\r\n\s]*\x3b.*gname[\r\n\s]*=>[\r\n\s]*\2|gname\s*=>\s*(\x27[^\x27]{1075,}|\x22[^\x22]{1075,})|\(\s*(\x27[^\x27]{1075,}|\x22[^\x22]{1075,}))/is""; metadata:ruleset community; reference:url,www.appsecinc.com/resources/alerts/oracle/2004-0001/25.html; classtype:attempted-user; sid:2875; rev:4; ",True,False,False,False,False,INCLUDE_HIGH,E01 supported by rule text/metadata
2091,2876,4,alert,tcp,$EXTERNAL_NET,any,->,$SQL_SERVERS,$ORACLE_PORTS,,attempted-user,,ruleset community,E01,True," msg:""SERVER-ORACLE sys.dbms_repcat_conf.alter_priority_varchar2 buffer overflow attempt""; flow:to_server,established; content:""sys.dbms_repcat_conf.alter_priority_varchar2"",nocase; pcre:""/((\w+)[\r\n\s]*\x3a=[\r\n\s]*(\x27[^\x27]{1075,}\x27|\x22[^\x22]{1075,}\x22)[\r\n\s]*\x3b.*gname[\r\n\s]*=>[\r\n\s]*\2|gname\s*=>\s*(\x27[^\x27]{1075,}|\x22[^\x22]{1075,})|\(\s*(\x27[^\x27]{1075,}|\x22[^\x22]{1075,}))/is""; metadata:ruleset community; reference:url,www.appsecinc.com/resources/alerts/oracle/2004-0001/25.html; classtype:attempted-user; sid:2876; rev:4; ",True,False,False,False,False,INCLUDE_HIGH,E01 supported by rule text/metadata
2092,2877,4,alert,tcp,$EXTERNAL_NET,any,->,$SQL_SERVERS,$ORACLE_PORTS,,attempted-user,,ruleset community,E01,True," msg:""SERVER-ORACLE sys.dbms_repcat_conf.alter_site_priority_site buffer overflow attempt""; flow:to_server,established; content:""sys.dbms_repcat_conf.alter_site_priority_site"",nocase; pcre:""/((\w+)[\r\n\s]*\x3a=[\r\n\s]*(\x27[^\x27]{1075,}\x27|\x22[^\x22]{1075,}\x22)[\r\n\s]*\x3b.*gname[\r\n\s]*=>[\r\n\s]*\2|gname\s*=>\s*(\x27[^\x27]{1075,}|\x22[^\x22]{1075,})|\(\s*(\x27[^\x27]{1075,}|\x22[^\x22]{1075,}))/is""; metadata:ruleset community; reference:url,www.appsecinc.com/resources/alerts/oracle/2004-0001/25.html; classtype:attempted-user; sid:2877; rev:4; ",True,False,False,False,False,INCLUDE_HIGH,E01 supported by rule text/metadata
2093,2878,4,alert,tcp,$EXTERNAL_NET,any,->,$SQL_SERVERS,$ORACLE_PORTS,,attempted-user,,ruleset community,E01,True," msg:""SERVER-ORACLE sys.dbms_repcat_conf.alter_site_priority buffer overflow attempt""; flow:to_server,established; content:""sys.dbms_repcat_conf.alter_site_priority"",nocase; pcre:""/((\w+)[\r\n\s]*\x3a=[\r\n\s]*(\x27[^\x27]{1075,}\x27|\x22[^\x22]{1075,}\x22)[\r\n\s]*\x3b.*gname[\r\n\s]*=>[\r\n\s]*\2|gname\s*=>\s*(\x27[^\x27]{1075,}|\x22[^\x22]{1075,})|\(\s*(\x27[^\x27]{1075,}|\x22[^\x22]{1075,}))/is""; metadata:ruleset community; reference:url,www.appsecinc.com/resources/alerts/oracle/2004-0001/25.html; classtype:attempted-user; sid:2878; rev:4; ",True,False,False,False,False,INCLUDE_HIGH,E01 supported by rule text/metadata
2094,2879,4,alert,tcp,$EXTERNAL_NET,any,->,$SQL_SERVERS,$ORACLE_PORTS,,attempted-user,,ruleset community,E01,True," msg:""SERVER-ORACLE sys.dbms_repcat_conf.cancel_statistics buffer overflow attempt""; flow:to_server,established; content:""sys.dbms_repcat_conf.cancel_statistics"",nocase; pcre:""/((\w+)[\r\n\s]*\x3a=[\r\n\s]*(\x27[^\x27]{1075,}\x27|\x22[^\x22]{1075,}\x22)[\r\n\s]*\x3b.*(sname|oname)[\r\n\s]*=>[\r\n\s]*\2|(sname|oname)\s*=>\s*(\x27[^\x27]{1075,}|\x22[^\x22]{1075,})|\(\s*(\x27[^\x27]{1075,}|\x22[^\x22]{1075,})|\(\s*(\x27[^\x27]*\x27|\x22[^\x22]+\x22)\s*,\s*(\x27[^\x27]{1075,}|\x22[^\x22]{1075,}))/is""; metadata:ruleset community; reference:url,www.appsecinc.com/resources/alerts/oracle/2004-0001/25.html; classtype:attempted-user; sid:2879; rev:4; ",True,False,False,False,False,INCLUDE_HIGH,E01 supported by rule text/metadata
2095,2880,4,alert,tcp,$EXTERNAL_NET,any,->,$SQL_SERVERS,$ORACLE_PORTS,,attempted-user,,ruleset community,E01,True," msg:""SERVER-ORACLE sys.dbms_repcat_conf.comment_on_delete_resolution buffer overflow attempt""; flow:to_server,established; content:""sys.dbms_repcat_conf.comment_on_delete_resolution"",nocase; pcre:""/((\w+)[\r\n\s]*\x3a=[\r\n\s]*(\x27[^\x27]{1075,}\x27|\x22[^\x22]{1075,}\x22)[\r\n\s]*\x3b.*(sname|oname)[\r\n\s]*=>[\r\n\s]*\2|(sname|oname)\s*=>\s*(\x27[^\x27]{1075,}|\x22[^\x22]{1075,})|\(\s*(\x27[^\x27]{1075,}|\x22[^\x22]{1075,})|\(\s*(\x27[^\x27]*\x27|\x22[^\x22]+\x22)\s*,\s*(\x27[^\x27]{1075,}|\x22[^\x22]{1075,}))/is""; metadata:ruleset community; reference:url,www.appsecinc.com/resources/alerts/oracle/2004-0001/25.html; classtype:attempted-user; sid:2880; rev:4; ",True,False,False,False,False,INCLUDE_HIGH,E01 supported by rule text/metadata
2096,2881,4,alert,tcp,$EXTERNAL_NET,any,->,$SQL_SERVERS,$ORACLE_PORTS,,attempted-user,,ruleset community,E01,True," msg:""SERVER-ORACLE sys.dbms_repcat_conf.comment_on_priority_group buffer overflow attempt""; flow:to_server,established; content:""sys.dbms_repcat_conf.comment_on_priority_group"",nocase; pcre:""/((\w+)[\r\n\s]*\x3a=[\r\n\s]*(\x27[^\x27]{1075,}\x27|\x22[^\x22]{1075,}\x22)[\r\n\s]*\x3b.*gname[\r\n\s]*=>[\r\n\s]*\2|gname\s*=>\s*(\x27[^\x27]{1075,}|\x22[^\x22]{1075,})|\(\s*(\x27[^\x27]{1075,}|\x22[^\x22]{1075,}))/is""; metadata:ruleset community; reference:url,www.appsecinc.com/resources/alerts/oracle/2004-0001/25.html; classtype:attempted-user; sid:2881; rev:4; ",True,False,False,False,False,INCLUDE_HIGH,E01 supported by rule text/metadata
2097,2882,4,alert,tcp,$EXTERNAL_NET,any,->,$SQL_SERVERS,$ORACLE_PORTS,,attempted-user,,ruleset community,E01,True," msg:""SERVER-ORACLE sys.dbms_repcat_conf.comment_on_site_priority buffer overflow attempt""; flow:to_server,established; content:""sys.dbms_repcat_conf.comment_on_site_priority"",nocase; pcre:""/((\w+)[\r\n\s]*\x3a=[\r\n\s]*(\x27[^\x27]{1075,}\x27|\x22[^\x22]{1075,}\x22)[\r\n\s]*\x3b.*gname[\r\n\s]*=>[\r\n\s]*\2|gname\s*=>\s*(\x27[^\x27]{1075,}|\x22[^\x22]{1075,})|\(\s*(\x27[^\x27]{1075,}|\x22[^\x22]{1075,}))/is""; metadata:ruleset community; reference:url,www.appsecinc.com/resources/alerts/oracle/2004-0001/25.html; classtype:attempted-user; sid:2882; rev:4; ",True,False,False,False,False,INCLUDE_HIGH,E01 supported by rule text/metadata
2098,2883,4,alert,tcp,$EXTERNAL_NET,any,->,$SQL_SERVERS,$ORACLE_PORTS,,attempted-user,,ruleset community,E01,True," msg:""SERVER-ORACLE sys.dbms_repcat_conf.comment_on_unique_resolution buffer overflow attempt""; flow:to_server,established; content:""sys.dbms_repcat_conf.comment_on_unique_resolution"",nocase; pcre:""/((\w+)[\r\n\s]*\x3a=[\r\n\s]*(\x27[^\x27]{1075,}\x27|\x22[^\x22]{1075,}\x22)[\r\n\s]*\x3b.*(sname|oname)[\r\n\s]*=>[\r\n\s]*\2|(sname|oname)\s*=>\s*(\x27[^\x27]{1075,}|\x22[^\x22]{1075,})|\(\s*(\x27[^\x27]{1075,}|\x22[^\x22]{1075,})|\(\s*(\x27[^\x27]*\x27|\x22[^\x22]+\x22)\s*,\s*(\x27[^\x27]{1075,}|\x22[^\x22]{1075,}))/is""; metadata:ruleset community; reference:url,www.appsecinc.com/resources/alerts/oracle/2004-0001/25.html; classtype:attempted-user; sid:2883; rev:4; ",True,False,False,False,False,INCLUDE_HIGH,E01 supported by rule text/metadata
2099,2884,4,alert,tcp,$EXTERNAL_NET,any,->,$SQL_SERVERS,$ORACLE_PORTS,,attempted-user,,ruleset community,E01,True," msg:""SERVER-ORACLE sys.dbms_repcat_conf.comment_on_update_resolution buffer overflow attempt""; flow:to_server,established; content:""sys.dbms_repcat_conf.comment_on_update_resolution"",nocase; pcre:""/((\w+)[\r\n\s]*\x3a=[\r\n\s]*(\x27[^\x27]{1075,}\x27|\x22[^\x22]{1075,}\x22)[\r\n\s]*\x3b.*(sname|oname)[\r\n\s]*=>[\r\n\s]*\2|(sname|oname)\s*=>\s*(\x27[^\x27]{1075,}|\x22[^\x22]{1075,})|\(\s*(\x27[^\x27]{1075,}|\x22[^\x22]{1075,})|\(\s*(\x27[^\x27]*\x27|\x22[^\x22]+\x22)\s*,\s*(\x27[^\x27]{1075,}|\x22[^\x22]{1075,}))/is""; metadata:ruleset community; reference:url,www.appsecinc.com/resources/alerts/oracle/2004-0001/25.html; classtype:attempted-user; sid:2884; rev:4; ",True,False,False,False,False,INCLUDE_HIGH,E01 supported by rule text/metadata
2100,2885,4,alert,tcp,$EXTERNAL_NET,any,->,$SQL_SERVERS,$ORACLE_PORTS,,attempted-user,,ruleset community,E01,True," msg:""SERVER-ORACLE sys.dbms_repcat_conf.define_priority_group buffer overflow attempt""; flow:to_server,established; content:""sys.dbms_repcat_conf.define_priority_group"",nocase; pcre:""/((\w+)[\r\n\s]*\x3a=[\r\n\s]*(\x27[^\x27]{1075,}\x27|\x22[^\x22]{1075,}\x22)[\r\n\s]*\x3b.*gname[\r\n\s]*=>[\r\n\s]*\2|gname\s*=>\s*(\x27[^\x27]{1075,}|\x22[^\x22]{1075,})|\(\s*(\x27[^\x27]{1075,}|\x22[^\x22]{1075,}))/is""; metadata:ruleset community; reference:url,www.appsecinc.com/resources/alerts/oracle/2004-0001/25.html; classtype:attempted-user; sid:2885; rev:4; ",True,False,False,False,False,INCLUDE_HIGH,E01 supported by rule text/metadata
2101,2886,4,alert,tcp,$EXTERNAL_NET,any,->,$SQL_SERVERS,$ORACLE_PORTS,,attempted-user,,ruleset community,E01,True," msg:""SERVER-ORACLE sys.dbms_repcat_conf.define_site_priority buffer overflow attempt""; flow:to_server,established; content:""sys.dbms_repcat_conf.define_site_priority"",nocase; pcre:""/((\w+)[\r\n\s]*\x3a=[\r\n\s]*(\x27[^\x27]{1075,}\x27|\x22[^\x22]{1075,}\x22)[\r\n\s]*\x3b.*gname[\r\n\s]*=>[\r\n\s]*\2|gname\s*=>\s*(\x27[^\x27]{1075,}|\x22[^\x22]{1075,})|\(\s*(\x27[^\x27]{1075,}|\x22[^\x22]{1075,}))/is""; metadata:ruleset community; reference:url,www.appsecinc.com/resources/alerts/oracle/2004-0001/25.html; classtype:attempted-user; sid:2886; rev:4; ",True,False,False,False,False,INCLUDE_HIGH,E01 supported by rule text/metadata
2102,2887,4,alert,tcp,$EXTERNAL_NET,any,->,$SQL_SERVERS,$ORACLE_PORTS,,attempted-user,,ruleset community,E01,True," msg:""SERVER-ORACLE sys.dbms_repcat_conf.drop_delete_resolution buffer overflow attempt""; flow:to_server,established; content:""sys.dbms_repcat_conf.drop_delete_resolution"",nocase; pcre:""/((\w+)[\r\n\s]*\x3a=[\r\n\s]*(\x27[^\x27]{1075,}\x27|\x22[^\x22]{1075,}\x22)[\r\n\s]*\x3b.*(sname|oname)[\r\n\s]*=>[\r\n\s]*\2|(sname|oname)\s*=>\s*(\x27[^\x27]{1075,}|\x22[^\x22]{1075,})|\(\s*(\x27[^\x27]{1075,}|\x22[^\x22]{1075,})|\(\s*(\x27[^\x27]*\x27|\x22[^\x22]+\x22)\s*,\s*(\x27[^\x27]{1075,}|\x22[^\x22]{1075,}))/is""; metadata:ruleset community; reference:url,www.appsecinc.com/resources/alerts/oracle/2004-0001/25.html; classtype:attempted-user; sid:2887; rev:4; ",True,False,False,False,False,INCLUDE_HIGH,E01 supported by rule text/metadata
2103,2888,4,alert,tcp,$EXTERNAL_NET,any,->,$SQL_SERVERS,$ORACLE_PORTS,,attempted-user,,ruleset community,E01,True," msg:""SERVER-ORACLE sys.dbms_repcat_conf.drop_priority_char buffer overflow attempt""; flow:to_server,established; content:""sys.dbms_repcat_conf.drop_priority_char"",nocase; pcre:""/((\w+)[\r\n\s]*\x3a=[\r\n\s]*(\x27[^\x27]{1075,}\x27|\x22[^\x22]{1075,}\x22)[\r\n\s]*\x3b.*gname[\r\n\s]*=>[\r\n\s]*\2|gname\s*=>\s*(\x27[^\x27]{1075,}|\x22[^\x22]{1075,})|\(\s*(\x27[^\x27]{1075,}|\x22[^\x22]{1075,}))/is""; metadata:ruleset community; reference:url,www.appsecinc.com/resources/alerts/oracle/2004-0001/25.html; classtype:attempted-user; sid:2888; rev:4; ",True,False,False,False,False,INCLUDE_HIGH,E01 supported by rule text/metadata
2104,2889,4,alert,tcp,$EXTERNAL_NET,any,->,$SQL_SERVERS,$ORACLE_PORTS,,attempted-user,,ruleset community,E01,True," msg:""SERVER-ORACLE sys.dbms_repcat_conf.drop_priority_date buffer overflow attempt""; flow:to_server,established; content:""sys.dbms_repcat_conf.drop_priority_date"",nocase; pcre:""/((\w+)[\r\n\s]*\x3a=[\r\n\s]*(\x27[^\x27]{1075,}\x27|\x22[^\x22]{1075,}\x22)[\r\n\s]*\x3b.*gname[\r\n\s]*=>[\r\n\s]*\2|gname\s*=>\s*(\x27[^\x27]{1075,}|\x22[^\x22]{1075,})|\(\s*(\x27[^\x27]{1075,}|\x22[^\x22]{1075,}))/is""; metadata:ruleset community; reference:url,www.appsecinc.com/resources/alerts/oracle/2004-0001/25.html; classtype:attempted-user; sid:2889; rev:4; ",True,False,False,False,False,INCLUDE_HIGH,E01 supported by rule text/metadata
2105,2890,4,alert,tcp,$EXTERNAL_NET,any,->,$SQL_SERVERS,$ORACLE_PORTS,,attempted-user,,ruleset community,E01,True," msg:""SERVER-ORACLE sys.dbms_repcat_conf.drop_priority_nchar buffer overflow attempt""; flow:to_server,established; content:""sys.dbms_repcat_conf.drop_priority_nchar"",nocase; pcre:""/((\w+)[\r\n\s]*\x3a=[\r\n\s]*(\x27[^\x27]{1075,}\x27|\x22[^\x22]{1075,}\x22)[\r\n\s]*\x3b.*gname[\r\n\s]*=>[\r\n\s]*\2|gname\s*=>\s*(\x27[^\x27]{1075,}|\x22[^\x22]{1075,})|\(\s*(\x27[^\x27]{1075,}|\x22[^\x22]{1075,}))/is""; metadata:ruleset community; reference:url,www.appsecinc.com/resources/alerts/oracle/2004-0001/25.html; classtype:attempted-user; sid:2890; rev:4; ",True,False,False,False,False,INCLUDE_HIGH,E01 supported by rule text/metadata
2106,2891,4,alert,tcp,$EXTERNAL_NET,any,->,$SQL_SERVERS,$ORACLE_PORTS,,attempted-user,,ruleset community,E01,True," msg:""SERVER-ORACLE sys.dbms_repcat_conf.drop_priority_number buffer overflow attempt""; flow:to_server,established; content:""sys.dbms_repcat_conf.drop_priority_number"",nocase; pcre:""/((\w+)[\r\n\s]*\x3a=[\r\n\s]*(\x27[^\x27]{1075,}\x27|\x22[^\x22]{1075,}\x22)[\r\n\s]*\x3b.*gname[\r\n\s]*=>[\r\n\s]*\2|gname\s*=>\s*(\x27[^\x27]{1075,}|\x22[^\x22]{1075,})|\(\s*(\x27[^\x27]{1075,}|\x22[^\x22]{1075,}))/is""; metadata:ruleset community; reference:url,www.appsecinc.com/resources/alerts/oracle/2004-0001/25.html; classtype:attempted-user; sid:2891; rev:4; ",True,False,False,False,False,INCLUDE_HIGH,E01 supported by rule text/metadata
2107,2892,4,alert,tcp,$EXTERNAL_NET,any,->,$SQL_SERVERS,$ORACLE_PORTS,,attempted-user,,ruleset community,E01,True," msg:""SERVER-ORACLE sys.dbms_repcat_conf.drop_priority_nvarchar2 buffer overflow attempt""; flow:to_server,established; content:""sys.dbms_repcat_conf.drop_priority_nvarchar2"",nocase; pcre:""/((\w+)[\r\n\s]*\x3a=[\r\n\s]*(\x27[^\x27]{1075,}\x27|\x22[^\x22]{1075,}\x22)[\r\n\s]*\x3b.*gname[\r\n\s]*=>[\r\n\s]*\2|gname\s*=>\s*(\x27[^\x27]{1075,}|\x22[^\x22]{1075,})|\(\s*(\x27[^\x27]{1075,}|\x22[^\x22]{1075,}))/is""; metadata:ruleset community; reference:url,www.appsecinc.com/resources/alerts/oracle/2004-0001/25.html; classtype:attempted-user; sid:2892; rev:4; ",True,False,False,False,False,INCLUDE_HIGH,E01 supported by rule text/metadata
2108,2893,4,alert,tcp,$EXTERNAL_NET,any,->,$SQL_SERVERS,$ORACLE_PORTS,,attempted-user,,ruleset community,E01,True," msg:""SERVER-ORACLE sys.dbms_repcat_conf.drop_priority_raw buffer overflow attempt""; flow:to_server,established; content:""sys.dbms_repcat_conf.drop_priority_raw"",nocase; pcre:""/((\w+)[\r\n\s]*\x3a=[\r\n\s]*(\x27[^\x27]{1075,}\x27|\x22[^\x22]{1075,}\x22)[\r\n\s]*\x3b.*gname[\r\n\s]*=>[\r\n\s]*\2|gname\s*=>\s*(\x27[^\x27]{1075,}|\x22[^\x22]{1075,})|\(\s*(\x27[^\x27]{1075,}|\x22[^\x22]{1075,}))/is""; metadata:ruleset community; reference:url,www.appsecinc.com/resources/alerts/oracle/2004-0001/25.html; classtype:attempted-user; sid:2893; rev:4; ",True,False,False,False,False,INCLUDE_HIGH,E01 supported by rule text/metadata
2109,2894,4,alert,tcp,$EXTERNAL_NET,any,->,$SQL_SERVERS,$ORACLE_PORTS,,attempted-user,,ruleset community,E01,True," msg:""SERVER-ORACLE sys.dbms_repcat_conf.drop_priority buffer overflow attempt""; flow:to_server,established; content:""sys.dbms_repcat_conf.drop_priority"",nocase; pcre:""/((\w+)[\r\n\s]*\x3a=[\r\n\s]*(\x27[^\x27]{1075,}\x27|\x22[^\x22]{1075,}\x22)[\r\n\s]*\x3b.*gname[\r\n\s]*=>[\r\n\s]*\2|gname\s*=>\s*(\x27[^\x27]{1075,}|\x22[^\x22]{1075,})|\(\s*(\x27[^\x27]{1075,}|\x22[^\x22]{1075,}))/is""; metadata:ruleset community; reference:url,www.appsecinc.com/resources/alerts/oracle/2004-0001/25.html; classtype:attempted-user; sid:2894; rev:4; ",True,False,False,False,False,INCLUDE_HIGH,E01 supported by rule text/metadata
2110,2895,4,alert,tcp,$EXTERNAL_NET,any,->,$SQL_SERVERS,$ORACLE_PORTS,,attempted-user,,ruleset community,E01,True," msg:""SERVER-ORACLE sys.dbms_repcat_conf.drop_priority_varchar2 buffer overflow attempt""; flow:to_server,established; content:""sys.dbms_repcat_conf.drop_priority_varchar2"",nocase; pcre:""/((\w+)[\r\n\s]*\x3a=[\r\n\s]*(\x27[^\x27]{1075,}\x27|\x22[^\x22]{1075,}\x22)[\r\n\s]*\x3b.*gname[\r\n\s]*=>[\r\n\s]*\2|gname\s*=>\s*(\x27[^\x27]{1075,}|\x22[^\x22]{1075,})|\(\s*(\x27[^\x27]{1075,}|\x22[^\x22]{1075,}))/is""; metadata:ruleset community; reference:url,www.appsecinc.com/resources/alerts/oracle/2004-0001/25.html; classtype:attempted-user; sid:2895; rev:4; ",True,False,False,False,False,INCLUDE_HIGH,E01 supported by rule text/metadata
2111,2896,4,alert,tcp,$EXTERNAL_NET,any,->,$SQL_SERVERS,$ORACLE_PORTS,,attempted-user,,ruleset community,E01,True," msg:""SERVER-ORACLE sys.dbms_repcat_conf.drop_site_priority_site buffer overflow attempt""; flow:to_server,established; content:""sys.dbms_repcat_conf.drop_site_priority_site"",nocase; pcre:""/((\w+)[\r\n\s]*\x3a=[\r\n\s]*(\x27[^\x27]{1075,}\x27|\x22[^\x22]{1075,}\x22)[\r\n\s]*\x3b.*gname[\r\n\s]*=>[\r\n\s]*\2|gname\s*=>\s*(\x27[^\x27]{1075,}|\x22[^\x22]{1075,})|\(\s*(\x27[^\x27]{1075,}|\x22[^\x22]{1075,}))/is""; metadata:ruleset community; reference:url,www.appsecinc.com/resources/alerts/oracle/2004-0001/25.html; classtype:attempted-user; sid:2896; rev:4; ",True,False,False,False,False,INCLUDE_HIGH,E01 supported by rule text/metadata
2112,2897,4,alert,tcp,$EXTERNAL_NET,any,->,$SQL_SERVERS,$ORACLE_PORTS,,attempted-user,,ruleset community,E01,True," msg:""SERVER-ORACLE sys.dbms_repcat_conf.drop_site_priority buffer overflow attempt""; flow:to_server,established; content:""sys.dbms_repcat_conf.drop_site_priority"",nocase; pcre:""/((\w+)[\r\n\s]*\x3a=[\r\n\s]*(\x27[^\x27]{1075,}\x27|\x22[^\x22]{1075,}\x22)[\r\n\s]*\x3b.*gname[\r\n\s]*=>[\r\n\s]*\2|gname\s*=>\s*(\x27[^\x27]{1075,}|\x22[^\x22]{1075,})|\(\s*(\x27[^\x27]{1075,}|\x22[^\x22]{1075,}))/is""; metadata:ruleset community; reference:url,www.appsecinc.com/resources/alerts/oracle/2004-0001/25.html; classtype:attempted-user; sid:2897; rev:4; ",True,False,False,False,False,INCLUDE_HIGH,E01 supported by rule text/metadata
2113,2898,4,alert,tcp,$EXTERNAL_NET,any,->,$SQL_SERVERS,$ORACLE_PORTS,,attempted-user,,ruleset community,E01,True," msg:""SERVER-ORACLE sys.dbms_repcat_conf.drop_unique_resolution buffer overflow attempt""; flow:to_server,established; content:""sys.dbms_repcat_conf.drop_unique_resolution"",nocase; pcre:""/((\w+)[\r\n\s]*\x3a=[\r\n\s]*(\x27[^\x27]{1075,}\x27|\x22[^\x22]{1075,}\x22)[\r\n\s]*\x3b.*(sname|oname)[\r\n\s]*=>[\r\n\s]*\2|(sname|oname)\s*=>\s*(\x27[^\x27]{1075,}|\x22[^\x22]{1075,})|\(\s*(\x27[^\x27]{1075,}|\x22[^\x22]{1075,})|\(\s*(\x27[^\x27]*\x27|\x22[^\x22]+\x22)\s*,\s*(\x27[^\x27]{1075,}|\x22[^\x22]{1075,}))/is""; metadata:ruleset community; reference:url,www.appsecinc.com/resources/alerts/oracle/2004-0001/25.html; classtype:attempted-user; sid:2898; rev:4; ",True,False,False,False,False,INCLUDE_HIGH,E01 supported by rule text/metadata
2114,2899,4,alert,tcp,$EXTERNAL_NET,any,->,$SQL_SERVERS,$ORACLE_PORTS,,attempted-user,,ruleset community,E01,True," msg:""SERVER-ORACLE sys.dbms_repcat_conf.drop_update_resolution buffer overflow attempt""; flow:to_server,established; content:""sys.dbms_repcat_conf.drop_update_resolution"",nocase; pcre:""/((\w+)[\r\n\s]*\x3a=[\r\n\s]*(\x27[^\x27]{1075,}\x27|\x22[^\x22]{1075,}\x22)[\r\n\s]*\x3b.*(sname|oname)[\r\n\s]*=>[\r\n\s]*\2|(sname|oname)\s*=>\s*(\x27[^\x27]{1075,}|\x22[^\x22]{1075,})|\(\s*(\x27[^\x27]{1075,}|\x22[^\x22]{1075,})|\(\s*(\x27[^\x27]*\x27|\x22[^\x22]+\x22)\s*,\s*(\x27[^\x27]{1075,}|\x22[^\x22]{1075,}))/is""; metadata:ruleset community; reference:url,www.appsecinc.com/resources/alerts/oracle/2004-0001/25.html; classtype:attempted-user; sid:2899; rev:4; ",True,False,False,False,False,INCLUDE_HIGH,E01 supported by rule text/metadata
2115,2900,4,alert,tcp,$EXTERNAL_NET,any,->,$SQL_SERVERS,$ORACLE_PORTS,,attempted-user,,ruleset community,E01,True," msg:""SERVER-ORACLE sys.dbms_repcat_conf.purge_statistics buffer overflow attempt""; flow:to_server,established; content:""sys.dbms_repcat_conf.purge_statistics"",nocase; pcre:""/((\w+)[\r\n\s]*\x3a=[\r\n\s]*(\x27[^\x27]{1075,}\x27|\x22[^\x22]{1075,}\x22)[\r\n\s]*\x3b.*(sname|oname)[\r\n\s]*=>[\r\n\s]*\2|(sname|oname)\s*=>\s*(\x27[^\x27]{1075,}|\x22[^\x22]{1075,})|\(\s*(\x27[^\x27]{1075,}|\x22[^\x22]{1075,})|\(\s*(\x27[^\x27]*\x27|\x22[^\x22]+\x22)\s*,\s*(\x27[^\x27]{1075,}|\x22[^\x22]{1075,}))/is""; metadata:ruleset community; reference:url,www.appsecinc.com/resources/alerts/oracle/2004-0001/25.html; classtype:attempted-user; sid:2900; rev:4; ",True,False,False,False,False,INCLUDE_HIGH,E01 supported by rule text/metadata
2116,2901,4,alert,tcp,$EXTERNAL_NET,any,->,$SQL_SERVERS,$ORACLE_PORTS,,attempted-user,,ruleset community,E01,True," msg:""SERVER-ORACLE sys.dbms_repcat_conf.register_statistics buffer overflow attempt""; flow:to_server,established; content:""sys.dbms_repcat_conf.register_statistics"",nocase; pcre:""/((\w+)[\r\n\s]*\x3a=[\r\n\s]*(\x27[^\x27]{1075,}\x27|\x22[^\x22]{1075,}\x22)[\r\n\s]*\x3b.*(sname|oname)[\r\n\s]*=>[\r\n\s]*\2|(sname|oname)\s*=>\s*(\x27[^\x27]{1075,}|\x22[^\x22]{1075,})|\(\s*(\x27[^\x27]{1075,}|\x22[^\x22]{1075,})|\(\s*(\x27[^\x27]*\x27|\x22[^\x22]+\x22)\s*,\s*(\x27[^\x27]{1075,}|\x22[^\x22]{1075,}))/is""; metadata:ruleset community; reference:url,www.appsecinc.com/resources/alerts/oracle/2004-0001/25.html; classtype:attempted-user; sid:2901; rev:4; ",True,False,False,False,False,INCLUDE_HIGH,E01 supported by rule text/metadata
2117,2902,4,alert,tcp,$EXTERNAL_NET,any,->,$SQL_SERVERS,$ORACLE_PORTS,,attempted-user,,ruleset community,E01,True," msg:""SERVER-ORACLE sys.dbms_repcat_sna.alter_snapshot_propagation buffer overflow attempt""; flow:to_server,established; content:""sys.dbms_repcat_sna.alter_snapshot_propagation"",nocase; pcre:""/((\w+)[\r\n\s]*\x3a=[\r\n\s]*(\x27[^\x27]{1075,}\x27|\x22[^\x22]{1075,}\x22)[\r\n\s]*\x3b.*(gname|gowner)[\r\n\s]*=>[\r\n\s]*\2|(gname|gowner)\s*=>\s*(\x27[^\x27]{1075,}|\x22[^\x22]{1075,})|\(\s*(\x27[^\x27]{1075,}|\x22[^\x22]{1075,})|\(\s*((\x27[^\x27]*\x27|\x22[^\x22]+\x22)\s*,\s*){3}(\x27[^\x27]{1075,}|\x22[^\x22]{1075,}))/is""; metadata:ruleset community; reference:url,www.appsecinc.com/resources/alerts/oracle/2004-0001/25.html; classtype:attempted-user; sid:2902; rev:4; ",True,False,False,False,False,INCLUDE_HIGH,E01 supported by rule text/metadata
2118,2903,4,alert,tcp,$EXTERNAL_NET,any,->,$SQL_SERVERS,$ORACLE_PORTS,,attempted-user,,ruleset community,E01,True," msg:""SERVER-ORACLE sys.dbms_repcat_sna.create_snapshot_repgroup buffer overflow attempt""; flow:to_server,established; content:""sys.dbms_repcat_sna.create_snapshot_repgroup"",nocase; pcre:""/((\w+)[\r\n\s]*\x3a=[\r\n\s]*(\x27[^\x27]{1075,}\x27|\x22[^\x22]{1075,}\x22)[\r\n\s]*\x3b.*(gname|fname|gowner)[\r\n\s]*=>[\r\n\s]*\2|(gname|fname|gowner)\s*=>\s*(\x27[^\x27]{1075,}|\x22[^\x22]{1075,})|\(\s*((\x27[^\x27]*\x27|\x22[^\x22]+\x22)\s*,\s*){5}(\x27[^\x27]{1075,}|\x22[^\x22]{1075,})|\(\s*(\x27[^\x27]{1075,}|\x22[^\x22]{1075,})|\(\s*((\x27[^\x27]*\x27|\x22[^\x22]+\x22)\s*,\s*){4}(\x27[^\x27]{1075,}|\x22[^\x22]{1075,}))/is""; metadata:ruleset community; reference:url,www.appsecinc.com/resources/alerts/oracle/2004-0001/25.html; classtype:attempted-user; sid:2903; rev:4; ",True,False,False,False,False,INCLUDE_HIGH,E01 supported by rule text/metadata
2119,2904,4,alert,tcp,$EXTERNAL_NET,any,->,$SQL_SERVERS,$ORACLE_PORTS,,attempted-user,,ruleset community,E01,True," msg:""SERVER-ORACLE sys.dbms_repcat_sna.create_snapshot_repobject buffer overflow attempt""; flow:to_server,established; content:""sys.dbms_repcat_sna.create_snapshot_repobject"",nocase; pcre:""/((\w+)[\r\n\s]*\x3a=[\r\n\s]*(\x27[^\x27]{1075,}\x27|\x22[^\x22]{1075,}\x22)[\r\n\s]*\x3b.*(sname|oname|type|gname|gowner)[\r\n\s]*=>[\r\n\s]*\2|(sname|oname|type|gname|gowner)\s*=>\s*(\x27[^\x27]{1075,}|\x22[^\x22]{1075,})|\(\s*((\x27[^\x27]*\x27|\x22[^\x22]+\x22)\s*,\s*){7}(\x27[^\x27]{1075,}|\x22[^\x22]{1075,})|\(\s*((\x27[^\x27]*\x27|\x22[^\x22]+\x22)\s*,\s*){2}(\x27[^\x27]{1075,}|\x22[^\x22]{1075,})|\(\s*(\x27[^\x27]{1075,}|\x22[^\x22]{1075,})|\(\s*((\x27[^\x27]*\x27|\x22[^\x22]+\x22)\s*,\s*){5}(\x27[^\x27]{1075,}|\x22[^\x22]{1075,})|\(\s*(\x27[^\x27]*\x27|\x22[^\x22]+\x22)\s*,\s*(\x27[^\x27]{1075,}|\x22[^\x22]{1075,}))/is""; metadata:ruleset community; reference:url,www.appsecinc.com/resources/alerts/oracle/2004-0001/25.html; classtype:attempted-user; sid:2904; rev:4; ",True,False,False,False,False,INCLUDE_HIGH,E01 supported by rule text/metadata
2120,2905,4,alert,tcp,$EXTERNAL_NET,any,->,$SQL_SERVERS,$ORACLE_PORTS,,attempted-user,,ruleset community,E01,True," msg:""SERVER-ORACLE sys.dbms_repcat_sna.create_snapshot_repschema buffer overflow attempt""; flow:to_server,established; content:""sys.dbms_repcat_sna.create_snapshot_repschema"",nocase; pcre:""/((\w+)[\r\n\s]*\x3a=[\r\n\s]*(\x27[^\x27]{1075,}\x27|\x22[^\x22]{1075,}\x22)[\r\n\s]*\x3b.*sname[\r\n\s]*=>[\r\n\s]*\2|sname\s*=>\s*(\x27[^\x27]{1075,}|\x22[^\x22]{1075,})|\(\s*(\x27[^\x27]{1075,}|\x22[^\x22]{1075,}))/is""; metadata:ruleset community; reference:url,www.appsecinc.com/resources/alerts/oracle/2004-0001/25.html; classtype:attempted-user; sid:2905; rev:4; ",True,False,False,False,False,INCLUDE_HIGH,E01 supported by rule text/metadata
2121,2906,4,alert,tcp,$EXTERNAL_NET,any,->,$SQL_SERVERS,$ORACLE_PORTS,,attempted-user,,ruleset community,E01,True," msg:""SERVER-ORACLE sys.dbms_repcat_sna.drop_snapshot_repgroup buffer overflow attempt""; flow:to_server,established; content:""sys.dbms_repcat_sna.drop_snapshot_repgroup"",nocase; pcre:""/((\w+)[\r\n\s]*\x3a=[\r\n\s]*(\x27[^\x27]{1075,}\x27|\x22[^\x22]{1075,}\x22)[\r\n\s]*\x3b.*(gname|gowner)[\r\n\s]*=>[\r\n\s]*\2|(gname|gowner)\s*=>\s*(\x27[^\x27]{1075,}|\x22[^\x22]{1075,})|\(\s*(\x27[^\x27]{1075,}|\x22[^\x22]{1075,})|\(\s*(\x27[^\x27]*\x27|\x22[^\x22]+\x22)\s*,\s*(\x27[^\x27]{1075,}|\x22[^\x22]{1075,}))/is""; metadata:ruleset community; reference:url,www.appsecinc.com/resources/alerts/oracle/2004-0001/25.html; classtype:attempted-user; sid:2906; rev:4; ",True,False,False,False,False,INCLUDE_HIGH,E01 supported by rule text/metadata
2122,2907,4,alert,tcp,$EXTERNAL_NET,any,->,$SQL_SERVERS,$ORACLE_PORTS,,attempted-user,,ruleset community,E01,True," msg:""SERVER-ORACLE sys.dbms_repcat_sna.drop_snapshot_repobject buffer overflow attempt""; flow:to_server,established; content:""sys.dbms_repcat_sna.drop_snapshot_repobject"",nocase; pcre:""/((\w+)[\r\n\s]*\x3a=[\r\n\s]*(\x27[^\x27]{1075,}\x27|\x22[^\x22]{1075,}\x22)[\r\n\s]*\x3b.*(sname|oname|type)[\r\n\s]*=>[\r\n\s]*\2|(sname|oname|type)\s*=>\s*(\x27[^\x27]{1075,}|\x22[^\x22]{1075,})|\(\s*((\x27[^\x27]*\x27|\x22[^\x22]+\x22)\s*,\s*){2}(\x27[^\x27]{1075,}|\x22[^\x22]{1075,})|\(\s*(\x27[^\x27]{1075,}|\x22[^\x22]{1075,})|\(\s*(\x27[^\x27]*\x27|\x22[^\x22]+\x22)\s*,\s*(\x27[^\x27]{1075,}|\x22[^\x22]{1075,}))/is""; metadata:ruleset community; reference:url,www.appsecinc.com/resources/alerts/oracle/2004-0001/25.html; classtype:attempted-user; sid:2907; rev:4; ",True,False,False,False,False,INCLUDE_HIGH,E01 supported by rule text/metadata
2123,2908,4,alert,tcp,$EXTERNAL_NET,any,->,$SQL_SERVERS,$ORACLE_PORTS,,attempted-user,,ruleset community,E01,True," msg:""SERVER-ORACLE sys.dbms_repcat_sna.drop_snapshot_repschema buffer overflow attempt""; flow:to_server,established; content:""sys.dbms_repcat_sna.drop_snapshot_repschema"",nocase; pcre:""/((\w+)[\r\n\s]*\x3a=[\r\n\s]*(\x27[^\x27]{1075,}\x27|\x22[^\x22]{1075,}\x22)[\r\n\s]*\x3b.*sname[\r\n\s]*=>[\r\n\s]*\2|sname\s*=>\s*(\x27[^\x27]{1075,}|\x22[^\x22]{1075,})|\(\s*(\x27[^\x27]{1075,}|\x22[^\x22]{1075,}))/is""; metadata:ruleset community; reference:url,www.appsecinc.com/resources/alerts/oracle/2004-0001/25.html; classtype:attempted-user; sid:2908; rev:4; ",True,False,False,False,False,INCLUDE_HIGH,E01 supported by rule text/metadata
2124,2909,4,alert,tcp,$EXTERNAL_NET,any,->,$SQL_SERVERS,$ORACLE_PORTS,,attempted-user,,ruleset community,E01,True," msg:""SERVER-ORACLE sys.dbms_repcat_sna.generate_snapshot_support buffer overflow attempt""; flow:to_server,established; content:""sys.dbms_repcat_sna.generate_snapshot_support"",nocase; pcre:""/((\w+)[\r\n\s]*\x3a=[\r\n\s]*(\x27[^\x27]{1075,}\x27|\x22[^\x22]{1075,}\x22)[\r\n\s]*\x3b.*(sname|oname|type)[\r\n\s]*=>[\r\n\s]*\2|(sname|oname|type)\s*=>\s*(\x27[^\x27]{1075,}|\x22[^\x22]{1075,})|\(\s*((\x27[^\x27]*\x27|\x22[^\x22]+\x22)\s*,\s*){2}(\x27[^\x27]{1075,}|\x22[^\x22]{1075,})|\(\s*(\x27[^\x27]{1075,}|\x22[^\x22]{1075,})|\(\s*(\x27[^\x27]*\x27|\x22[^\x22]+\x22)\s*,\s*(\x27[^\x27]{1075,}|\x22[^\x22]{1075,}))/is""; metadata:ruleset community; reference:url,www.appsecinc.com/resources/alerts/oracle/2004-0001/25.html; classtype:attempted-user; sid:2909; rev:4; ",True,False,False,False,False,INCLUDE_HIGH,E01 supported by rule text/metadata
2125,2910,4,alert,tcp,$EXTERNAL_NET,any,->,$SQL_SERVERS,$ORACLE_PORTS,,attempted-user,,ruleset community,E01,True," msg:""SERVER-ORACLE sys.dbms_repcat_sna.refresh_snapshot_repgroup buffer overflow attempt""; flow:to_server,established; content:""sys.dbms_repcat_sna.refresh_snapshot_repgroup"",nocase; pcre:""/((\w+)[\r\n\s]*\x3a=[\r\n\s]*(\x27[^\x27]{1075,}\x27|\x22[^\x22]{1075,}\x22)[\r\n\s]*\x3b.*(gname|gowner)[\r\n\s]*=>[\r\n\s]*\2|(gname|gowner)\s*=>\s*(\x27[^\x27]{1075,}|\x22[^\x22]{1075,})|\(\s*(\x27[^\x27]{1075,}|\x22[^\x22]{1075,})|\(\s*(\x27[^\x27]*\x27|\x22[^\x22]+\x22)\s*,\s*(\x27[^\x27]{1075,}|\x22[^\x22]{1075,}))/is""; metadata:ruleset community; reference:url,www.appsecinc.com/resources/alerts/oracle/2004-0001/25.html; classtype:attempted-user; sid:2910; rev:4; ",True,False,False,False,False,INCLUDE_HIGH,E01 supported by rule text/metadata
2126,2911,4,alert,tcp,$EXTERNAL_NET,any,->,$SQL_SERVERS,$ORACLE_PORTS,,attempted-user,,ruleset community,E01,True," msg:""SERVER-ORACLE sys.dbms_repcat_sna.refresh_snapshot_repschema buffer overflow attempt""; flow:to_server,established; content:""sys.dbms_repcat_sna.refresh_snapshot_repschema"",nocase; pcre:""/((\w+)[\r\n\s]*\x3a=[\r\n\s]*(\x27[^\x27]{1075,}\x27|\x22[^\x22]{1075,}\x22)[\r\n\s]*\x3b.*sname[\r\n\s]*=>[\r\n\s]*\2|sname\s*=>\s*(\x27[^\x27]{1075,}|\x22[^\x22]{1075,})|\(\s*(\x27[^\x27]{1075,}|\x22[^\x22]{1075,}))/is""; metadata:ruleset community; reference:url,www.appsecinc.com/resources/alerts/oracle/2004-0001/25.html; classtype:attempted-user; sid:2911; rev:4; ",True,False,False,False,False,INCLUDE_HIGH,E01 supported by rule text/metadata
2127,2912,4,alert,tcp,$EXTERNAL_NET,any,->,$SQL_SERVERS,$ORACLE_PORTS,,attempted-user,,ruleset community,E01,True," msg:""SERVER-ORACLE sys.dbms_repcat_sna.register_snapshot_repgroup buffer overflow attempt""; flow:to_server,established; content:""sys.dbms_repcat_sna.register_snapshot_repgroup"",nocase; pcre:""/((\w+)[\r\n\s]*\x3a=[\r\n\s]*(\x27[^\x27]{1075,}\x27|\x22[^\x22]{1075,}\x22)[\r\n\s]*\x3b.*(gname|gowner)[\r\n\s]*=>[\r\n\s]*\2|(gname|gowner)\s*=>\s*(\x27[^\x27]{1075,}|\x22[^\x22]{1075,})|\(\s*(\x27[^\x27]{1075,}|\x22[^\x22]{1075,})|\(\s*((\x27[^\x27]*\x27|\x22[^\x22]+\x22)\s*,\s*){4}(\x27[^\x27]{1075,}|\x22[^\x22]{1075,}))/is""; metadata:ruleset community; reference:url,www.appsecinc.com/resources/alerts/oracle/2004-0001/25.html; classtype:attempted-user; sid:2912; rev:4; ",True,False,False,False,False,INCLUDE_HIGH,E01 supported by rule text/metadata
2128,2913,4,alert,tcp,$EXTERNAL_NET,any,->,$SQL_SERVERS,$ORACLE_PORTS,,attempted-user,,ruleset community,E01,True," msg:""SERVER-ORACLE sys.dbms_repcat_sna.repcat_import_check buffer overflow attempt""; flow:to_server,established; content:""sys.dbms_repcat_sna.repcat_import_check"",nocase; pcre:""/((\w+)[\r\n\s]*\x3a=[\r\n\s]*(\x27[^\x27]{1075,}\x27|\x22[^\x22]{1075,}\x22)[\r\n\s]*\x3b.*(gname|gowner)[\r\n\s]*=>[\r\n\s]*\2|(gname|gowner)\s*=>\s*(\x27[^\x27]{1075,}|\x22[^\x22]{1075,})|\(\s*(\x27[^\x27]{1075,}|\x22[^\x22]{1075,})|\(\s*((\x27[^\x27]*\x27|\x22[^\x22]+\x22)\s*,\s*){2}(\x27[^\x27]{1075,}|\x22[^\x22]{1075,}))/is""; metadata:ruleset community; reference:url,www.appsecinc.com/resources/alerts/oracle/2004-0001/25.html; classtype:attempted-user; sid:2913; rev:4; ",True,False,False,False,False,INCLUDE_HIGH,E01 supported by rule text/metadata
2129,2914,4,alert,tcp,$EXTERNAL_NET,any,->,$SQL_SERVERS,$ORACLE_PORTS,,attempted-user,,ruleset community,E01,True," msg:""SERVER-ORACLE sys.dbms_repcat_sna.set_local_flavor buffer overflow attempt""; flow:to_server,established; content:""sys.dbms_repcat_sna.set_local_flavor"",nocase; pcre:""/((\w+)[\r\n\s]*\x3a=[\r\n\s]*(\x27[^\x27]{1075,}\x27|\x22[^\x22]{1075,}\x22)[\r\n\s]*\x3b.*(gname|fname|gowner)[\r\n\s]*=>[\r\n\s]*\2|(gname|fname|gowner)\s*=>\s*(\x27[^\x27]{1075,}|\x22[^\x22]{1075,})|\(\s*((\x27[^\x27]*\x27|\x22[^\x22]+\x22)\s*,\s*){2}(\x27[^\x27]{1075,}|\x22[^\x22]{1075,})|\(\s*(\x27[^\x27]{1075,}|\x22[^\x22]{1075,})|\(\s*(\x27[^\x27]*\x27|\x22[^\x22]+\x22)\s*,\s*(\x27[^\x27]{1075,}|\x22[^\x22]{1075,}))/is""; metadata:ruleset community; reference:url,www.appsecinc.com/resources/alerts/oracle/2004-0001/25.html; classtype:attempted-user; sid:2914; rev:4; ",True,False,False,False,False,INCLUDE_HIGH,E01 supported by rule text/metadata
2130,2915,4,alert,tcp,$EXTERNAL_NET,any,->,$SQL_SERVERS,$ORACLE_PORTS,,attempted-user,,ruleset community,E01,True," msg:""SERVER-ORACLE sys.dbms_repcat_sna.switch_snapshot_master buffer overflow attempt""; flow:to_server,established; content:""sys.dbms_repcat_sna.switch_snapshot_master"",nocase; pcre:""/((\w+)[\r\n\s]*\x3a=[\r\n\s]*(\x27[^\x27]{1075,}\x27|\x22[^\x22]{1075,}\x22)[\r\n\s]*\x3b.*(gname|gowner)[\r\n\s]*=>[\r\n\s]*\2|(gname|gowner)\s*=>\s*(\x27[^\x27]{1075,}|\x22[^\x22]{1075,})|\(\s*(\x27[^\x27]{1075,}|\x22[^\x22]{1075,})|\(\s*((\x27[^\x27]*\x27|\x22[^\x22]+\x22)\s*,\s*){2}(\x27[^\x27]{1075,}|\x22[^\x22]{1075,}))/is""; metadata:ruleset community; reference:url,www.appsecinc.com/resources/alerts/oracle/2004-0001/25.html; classtype:attempted-user; sid:2915; rev:4; ",True,False,False,False,False,INCLUDE_HIGH,E01 supported by rule text/metadata
2131,2916,4,alert,tcp,$EXTERNAL_NET,any,->,$SQL_SERVERS,$ORACLE_PORTS,,attempted-user,,ruleset community,E01,True," msg:""SERVER-ORACLE sys.dbms_repcat_sna.unregister_snapshot_repgroup buffer overflow attempt""; flow:to_server,established; content:""sys.dbms_repcat_sna.unregister_snapshot_repgroup"",nocase; pcre:""/((\w+)[\r\n\s]*\x3a=[\r\n\s]*(\x27[^\x27]{1075,}\x27|\x22[^\x22]{1075,}\x22)[\r\n\s]*\x3b.*(gname|gowner)[\r\n\s]*=>[\r\n\s]*\2|(gname|gowner)\s*=>\s*(\x27[^\x27]{1075,}|\x22[^\x22]{1075,})|\(\s*(\x27[^\x27]{1075,}|\x22[^\x22]{1075,})|\(\s*((\x27[^\x27]*\x27|\x22[^\x22]+\x22)\s*,\s*){2}(\x27[^\x27]{1075,}|\x22[^\x22]{1075,}))/is""; metadata:ruleset community; reference:url,www.appsecinc.com/resources/alerts/oracle/2004-0001/25.html; classtype:attempted-user; sid:2916; rev:4; ",True,False,False,False,False,INCLUDE_HIGH,E01 supported by rule text/metadata
2132,2917,4,alert,tcp,$EXTERNAL_NET,any,->,$SQL_SERVERS,$ORACLE_PORTS,,attempted-user,,ruleset community,E01,True," msg:""SERVER-ORACLE sys.dbms_repcat_sna_utl.switch_snapshot_master buffer overflow attempt""; flow:to_server,established; content:""sys.dbms_repcat_sna_utl.switch_snapshot_master"",nocase; pcre:""/((\w+)[\r\n\s]*\x3a=[\r\n\s]*(\x27[^\x27]{1075,}\x27|\x22[^\x22]{1075,}\x22)[\r\n\s]*\x3b.*(gname|gowner)[\r\n\s]*=>[\r\n\s]*\2|(gname|gowner)\s*=>\s*(\x27[^\x27]{1075,}|\x22[^\x22]{1075,})|\(\s*(\x27[^\x27]{1075,}|\x22[^\x22]{1075,})|\(\s*((\x27[^\x27]*\x27|\x22[^\x22]+\x22)\s*,\s*){2}(\x27[^\x27]{1075,}|\x22[^\x22]{1075,}))/is""; metadata:ruleset community; reference:url,www.appsecinc.com/resources/alerts/oracle/2004-0001/25.html; classtype:attempted-user; sid:2917; rev:4; ",True,False,False,False,False,INCLUDE_HIGH,E01 supported by rule text/metadata
2133,2918,4,alert,tcp,$EXTERNAL_NET,any,->,$SQL_SERVERS,$ORACLE_PORTS,,attempted-user,,ruleset community,E01,True," msg:""SERVER-ORACLE sys.dbms_repcat_sna.validate_for_local_flavor buffer overflow attempt""; flow:to_server,established; content:""sys.dbms_repcat_sna.validate_for_local_flavor"",nocase; pcre:""/((\w+)[\r\n\s]*\x3a=[\r\n\s]*(\x27[^\x27]{1075,}\x27|\x22[^\x22]{1075,}\x22)[\r\n\s]*\x3b.*(gname|gowner)[\r\n\s]*=>[\r\n\s]*\2|(gname|gowner)\s*=>\s*(\x27[^\x27]{1075,}|\x22[^\x22]{1075,})|\(\s*(\x27[^\x27]{1075,}|\x22[^\x22]{1075,})|\(\s*((\x27[^\x27]*\x27|\x22[^\x22]+\x22)\s*,\s*){2}(\x27[^\x27]{1075,}|\x22[^\x22]{1075,}))/is""; metadata:ruleset community; reference:url,www.appsecinc.com/resources/alerts/oracle/2004-0001/25.html; classtype:attempted-user; sid:2918; rev:4; ",True,False,False,False,False,INCLUDE_HIGH,E01 supported by rule text/metadata
2134,2919,4,alert,tcp,$EXTERNAL_NET,any,->,$SQL_SERVERS,$ORACLE_PORTS,,attempted-user,,ruleset community,E01,True," msg:""SERVER-ORACLE sys.dbms_repcat_untrusted.register_snapshot_repgroup buffer overflow attempt""; flow:to_server,established; content:""sys.dbms_repcat_untrusted.register_snapshot_repgroup"",nocase; pcre:""/((\w+)[\r\n\s]*\x3a=[\r\n\s]*(\x27[^\x27]{1075,}\x27|\x22[^\x22]{1075,}\x22)[\r\n\s]*\x3b.*gname[\r\n\s]*=>[\r\n\s]*\2|gname\s*=>\s*(\x27[^\x27]{1075,}|\x22[^\x22]{1075,})|\(\s*(\x27[^\x27]{1075,}|\x22[^\x22]{1075,}))/is""; metadata:ruleset community; reference:url,www.appsecinc.com/resources/alerts/oracle/2004-0001/25.html; classtype:attempted-user; sid:2919; rev:4; ",True,False,False,False,False,INCLUDE_HIGH,E01 supported by rule text/metadata
2137,2923,14,alert,tcp,$HOME_NET,139,->,$EXTERNAL_NET,any,,unsuccessful-user,,ruleset community,E04,True," msg:""NETBIOS SMB repeated logon failure""; flow:to_client,established,no_stream; content:""|FF|SMBs"",depth 5,offset 4; content:""m|00 00 C0|"",within 4; detection_filter:track by_dst,count 10,seconds 60; metadata:ruleset community; classtype:unsuccessful-user; sid:2923; rev:14; ",False,False,False,True,False,INCLUDE_HIGH,E04 supported by rule text/metadata
2138,2924,9,alert,tcp,$HOME_NET,445,->,$EXTERNAL_NET,any,,unsuccessful-user,netbios-ssn,ruleset community,E04,True," msg:""NETBIOS SMB-DS repeated logon failure""; flow:to_client,established,no_stream; content:""|FF|SMBs"",depth 5,offset 4; content:""m|00 00 C0|"",within 4; detection_filter:track by_dst,count 10,seconds 60; metadata:ruleset community; service:netbios-ssn; classtype:unsuccessful-user; sid:2924; rev:9; ",False,False,False,True,False,INCLUDE_HIGH,E04 supported by rule text/metadata
2140,2927,13,alert,tcp,$EXTERNAL_NET,any,->,$HOME_NET,119,,attempted-admin,,"policy max-detect-ips drop,policy security-ips drop,ruleset community",E01,True," msg:""OS-WINDOWS Microsoft Windows XPAT pattern overflow attempt""; flow:to_server,established; content:""PAT|20|"",depth 5,nocase; isdataat:160,relative; pcre:""/^X?PAT\s+[^\n]{160}/i""; metadata:policy max-detect-ips drop,policy security-ips drop,ruleset community; reference:cve,2004-0574; reference:url,technet.microsoft.com/en-us/security/bulletin/MS04-036; classtype:attempted-admin; sid:2927; rev:13; ",True,False,False,False,False,INCLUDE_HIGH,E01 supported by rule text/metadata
2141,2936,18,alert,tcp,$EXTERNAL_NET,any,->,$HOME_NET,"[139,445]",,attempted-admin,netbios-ssn,ruleset community,E01,True," msg:""OS-WINDOWS DCERPC NCACN-IP-TCP nddeapi NDdeSetTrustedShareW overflow attempt""; flow:to_server,established; dce_iface:uuid 2f5f3220-c126-1076-b549-074d078619da; dce_opnum:""12""; dce_stub_data; isdataat:256; content:!""|00|"",depth 256,offset 12; metadata:ruleset community; service:netbios-ssn; reference:bugtraq,11372; reference:cve,2004-0206; reference:url,technet.microsoft.com/en-us/security/bulletin/ms04-031; classtype:attempted-admin; sid:2936; rev:18; ",True,False,False,True,False,INCLUDE_HIGH,E01 supported by rule text/metadata
2143,3006,7,alert,udp,$EXTERNAL_NET,7808,->,$HOME_NET,any,,misc-attack,,"policy max-detect-ips drop,ruleset community",E01,True," msg:""SERVER-OTHER Volition Freespace 2 buffer overflow attempt""; flow:to_client; content:""|00 E1|..|B4 00 00 00|"",depth 8; isdataat:160,relative; metadata:policy max-detect-ips drop,ruleset community; reference:bugtraq,9785; classtype:misc-attack; sid:3006; rev:7; ",True,False,False,False,False,INCLUDE_HIGH,E01 supported by rule text/metadata
2144,3007,22,alert,tcp,$EXTERNAL_NET,any,->,$HOME_NET,143,,misc-attack,imap,"policy max-detect-ips drop,policy security-ips drop,ruleset community",E01,True," msg:""PROTOCOL-IMAP command overflow attempt""; flow:to_server,established; content:""LOGIN""; isdataat:100,relative; pcre:""/\s(APPEND|CHECK|CLOSE|CREATE|DELETE|EXAMINE|EXPUNGE|FETCH|LIST|RENAME|SEARCH|SELECT|STATUS|SUBSCRIBE|UNSUBSCRIBE)\s[^\n]{100}/ims""; metadata:policy max-detect-ips drop,policy security-ips drop,ruleset community; service:imap; reference:bugtraq,11675; reference:bugtraq,11775; reference:bugtraq,15006; reference:bugtraq,15753; reference:cve,2004-1211; reference:cve,2005-0707; reference:cve,2005-1520; reference:cve,2005-2923; reference:cve,2005-3155; reference:nessus,15771; classtype:misc-attack; sid:3007; rev:22; ",True,False,False,False,False,INCLUDE_HIGH,E01 supported by rule text/metadata
2145,3008,13,alert,tcp,$EXTERNAL_NET,any,->,$HOME_NET,143,,misc-attack,imap,ruleset community,E01,True," msg:""PROTOCOL-IMAP delete literal overflow attempt""; flow:to_server,established; content:""DELETE"",fast_pattern,nocase; pcre:""/\sDELETE\s[^\n]*?\{/ims""; byte_test:5,>,100,0,relative,string,dec; metadata:ruleset community; service:imap; reference:bugtraq,11675; reference:cve,2005-1520; reference:nessus,15771; classtype:misc-attack; sid:3008; rev:13; ",True,False,False,False,False,INCLUDE_HIGH,E01 supported by rule text/metadata
2154,3017,17,alert,tcp,$EXTERNAL_NET,any,->,$HOME_NET,42,,misc-attack,wins,"policy max-detect-ips drop,ruleset community",E01,True," msg:""OS-WINDOWS Microsoft Windows WINS overflow attempt""; flow:to_server,established; byte_test:1,&,64,6; byte_test:1,&,32,6; byte_test:1,&,16,6; byte_test:1,&,8,6; pcre:!""/^.{8}(\x05\x37(\x1E[\x90-\xFF]|[\x1F-\x2F].|\x30[\x00-\x70])|\x00\x00\x00[\x00-\x65]|\x02\x68\x05\xC0)/s""; metadata:policy max-detect-ips drop,ruleset community; service:wins; reference:bugtraq,11763; reference:cve,2004-0567; reference:cve,2004-1080; reference:url,technet.microsoft.com/en-us/security/bulletin/MS04-045; reference:url,www.immunitysec.com/downloads/instantanea.pdf; classtype:misc-attack; sid:3017; rev:17; ",True,False,False,False,False,INCLUDE_HIGH,E01 supported by rule text/metadata
2155,3018,6,alert,tcp,$EXTERNAL_NET,any,->,$HOME_NET,139,,protocol-command-decode,,ruleset community,E04,True," msg:""NETBIOS SMB NT Trans NT CREATE oversized Security Descriptor attempt""; flow:to_server,established; content:""|00|"",depth 1; content:""|FF|SMB|A0|"",within 5,distance 3; byte_test:1,!&,128,6,relative; pcre:""/^.{27}/R""; content:""|01 00|"",within 2,distance 37; byte_jump:4,-15,relative,from_beginning,little; pcre:""/^.{4}/R""; byte_test:4,>,1024,36,relative,little; metadata:ruleset community; reference:cve,2004-1154; classtype:protocol-command-decode; sid:3018; rev:6; ",False,False,False,True,False,INCLUDE_HIGH,E04 supported by rule text/metadata
2156,3019,8,alert,tcp,$EXTERNAL_NET,any,->,$HOME_NET,139,,protocol-command-decode,,ruleset community,E04,True," msg:""NETBIOS SMB NT Trans NT CREATE andx oversized Security Descriptor attempt""; flow:to_server,established; content:""|00|"",depth 1; content:""|FF|SMB"",within 4,distance 3; pcre:""/^(\x75|\x2d|\x2f|\x73|\xa2|\x2e|\x24|\x74)/Rs""; byte_test:1,!&,128,6,relative; content:""|A0|"",depth 1,offset 39; byte_jump:2,0,relative,little; content:""|01 00|"",within 2,distance 37; byte_jump:4,-15,relative,from_beginning,little; pcre:""/^.{4}/R""; byte_test:4,>,1024,36,relative,little; metadata:ruleset community; reference:cve,2004-1154; classtype:protocol-command-decode; sid:3019; rev:8; ",False,False,False,True,False,INCLUDE_HIGH,E04 supported by rule text/metadata
2157,3020,6,alert,tcp,$EXTERNAL_NET,any,->,$HOME_NET,139,,protocol-command-decode,,ruleset community,E04,True," msg:""NETBIOS SMB NT Trans NT CREATE unicode oversized Security Descriptor attempt""; flow:to_server,established; content:""|00|"",depth 1; content:""|FF|SMB|A0|"",within 5,distance 3; byte_test:1,&,128,6,relative; pcre:""/^.{27}/R""; content:""|01 00|"",within 2,distance 37; byte_jump:4,-15,relative,from_beginning,little; pcre:""/^.{4}/R""; byte_test:4,>,1024,36,relative,little; metadata:ruleset community; reference:cve,2004-1154; classtype:protocol-command-decode; sid:3020; rev:6; ",False,False,False,True,False,INCLUDE_HIGH,E04 supported by rule text/metadata
2158,3021,8,alert,tcp,$EXTERNAL_NET,any,->,$HOME_NET,139,,protocol-command-decode,,ruleset community,E04,True," msg:""NETBIOS SMB NT Trans NT CREATE unicode andx oversized Security Descriptor attempt""; flow:to_server,established; content:""|00|"",depth 1; content:""|FF|SMB"",within 4,distance 3; pcre:""/^(\x75|\x2d|\x2f|\x73|\xa2|\x2e|\x24|\x74)/Rs""; byte_test:1,&,128,6,relative; content:""|A0|"",depth 1,offset 39; byte_jump:2,0,relative,little; content:""|01 00|"",within 2,distance 37; byte_jump:4,-15,relative,from_beginning,little; pcre:""/^.{4}/R""; byte_test:4,>,1024,36,relative,little; metadata:ruleset community; reference:cve,2004-1154; classtype:protocol-command-decode; sid:3021; rev:8; ",False,False,False,True,False,INCLUDE_HIGH,E04 supported by rule text/metadata
2159,3022,7,alert,tcp,$EXTERNAL_NET,any,->,$HOME_NET,445,,protocol-command-decode,netbios-ssn,ruleset community,E04,True," msg:""NETBIOS SMB-DS NT Trans NT CREATE oversized Security Descriptor attempt""; flow:to_server,established; content:""|00|"",depth 1; content:""|FF|SMB|A0|"",within 5,distance 3; byte_test:1,!&,128,6,relative; pcre:""/^.{27}/R""; content:""|01 00|"",within 2,distance 37; byte_jump:4,-15,relative,from_beginning,little; pcre:""/^.{4}/R""; byte_test:4,>,1024,36,relative,little; metadata:ruleset community; service:netbios-ssn; reference:cve,2004-1154; classtype:protocol-command-decode; sid:3022; rev:7; ",False,False,False,True,False,INCLUDE_HIGH,E04 supported by rule text/metadata
2160,3023,9,alert,tcp,$EXTERNAL_NET,any,->,$HOME_NET,445,,protocol-command-decode,netbios-ssn,ruleset community,E04,True," msg:""NETBIOS SMB-DS NT Trans NT CREATE andx oversized Security Descriptor attempt""; flow:to_server,established; content:""|00|"",depth 1; content:""|FF|SMB"",within 4,distance 3; pcre:""/^(\x75|\x2d|\x2f|\x73|\xa2|\x2e|\x24|\x74)/Rs""; byte_test:1,!&,128,6,relative; content:""|A0|"",depth 1,offset 39; byte_jump:2,0,relative,little; content:""|01 00|"",within 2,distance 37; byte_jump:4,-15,relative,from_beginning,little; pcre:""/^.{4}/R""; byte_test:4,>,1024,36,relative,little; metadata:ruleset community; service:netbios-ssn; reference:cve,2004-1154; classtype:protocol-command-decode; sid:3023; rev:9; ",False,False,False,True,False,INCLUDE_HIGH,E04 supported by rule text/metadata
2161,3024,7,alert,tcp,$EXTERNAL_NET,any,->,$HOME_NET,445,,protocol-command-decode,netbios-ssn,ruleset community,E04,True," msg:""NETBIOS SMB-DS NT Trans NT CREATE unicode oversized Security Descriptor attempt""; flow:to_server,established; content:""|00|"",depth 1; content:""|FF|SMB|A0|"",within 5,distance 3; byte_test:1,&,128,6,relative; pcre:""/^.{27}/R""; content:""|01 00|"",within 2,distance 37; byte_jump:4,-15,relative,from_beginning,little; pcre:""/^.{4}/R""; byte_test:4,>,1024,36,relative,little; metadata:ruleset community; service:netbios-ssn; reference:cve,2004-1154; classtype:protocol-command-decode; sid:3024; rev:7; ",False,False,False,True,False,INCLUDE_HIGH,E04 supported by rule text/metadata
2162,3025,9,alert,tcp,$EXTERNAL_NET,any,->,$HOME_NET,445,,protocol-command-decode,netbios-ssn,ruleset community,E04,True," msg:""NETBIOS SMB-DS NT Trans NT CREATE unicode andx oversized Security Descriptor attempt""; flow:to_server,established; content:""|00|"",depth 1; content:""|FF|SMB"",within 4,distance 3; pcre:""/^(\x75|\x2d|\x2f|\x73|\xa2|\x2e|\x24|\x74)/Rs""; byte_test:1,&,128,6,relative; content:""|A0|"",depth 1,offset 39; byte_jump:2,0,relative,little; content:""|01 00|"",within 2,distance 37; byte_jump:4,-15,relative,from_beginning,little; pcre:""/^.{4}/R""; byte_test:4,>,1024,36,relative,little; metadata:ruleset community; service:netbios-ssn; reference:cve,2004-1154; classtype:protocol-command-decode; sid:3025; rev:9; ",False,False,False,True,False,INCLUDE_HIGH,E04 supported by rule text/metadata
2163,3026,6,alert,tcp,$EXTERNAL_NET,any,->,$HOME_NET,139,,protocol-command-decode,,ruleset community,E01;E04,True," msg:""NETBIOS SMB NT Trans NT CREATE SACL overflow attempt""; flow:to_server,established; content:""|00|"",depth 1; content:""|FF|SMB|A0|"",within 5,distance 3; byte_test:1,!&,128,6,relative; pcre:""/^.{27}/R""; content:""|01 00|"",within 2,distance 37; byte_jump:4,-7,relative,from_beginning,little; pcre:""/^.{4}/R""; content:!""|00 00 00 00|"",within 4,distance 12; byte_jump:4,12,relative,little; byte_test:4,>,32,-16,relative,little; metadata:ruleset community; reference:cve,2004-1154; classtype:protocol-command-decode; sid:3026; rev:6; ",True,False,False,True,False,INCLUDE_HIGH,E01;E04 supported by rule text/metadata
2164,3027,8,alert,tcp,$EXTERNAL_NET,any,->,$HOME_NET,139,,protocol-command-decode,,ruleset community,E01;E04,True," msg:""NETBIOS SMB NT Trans NT CREATE andx SACL overflow attempt""; flow:to_server,established; content:""|00|"",depth 1; content:""|FF|SMB"",within 4,distance 3; pcre:""/^(\x75|\x2d|\x2f|\x73|\xa2|\x2e|\x24|\x74)/Rs""; byte_test:1,!&,128,6,relative; content:""|A0|"",depth 1,offset 39; byte_jump:2,0,relative,little; content:""|01 00|"",within 2,distance 37; byte_jump:4,-7,relative,from_beginning,little; pcre:""/^.{4}/R""; content:!""|00 00 00 00|"",within 4,distance 12; byte_jump:4,12,relative,little; byte_test:4,>,32,-16,relative,little; metadata:ruleset community; reference:cve,2004-1154; classtype:protocol-command-decode; sid:3027; rev:8; ",True,False,False,True,False,INCLUDE_HIGH,E01;E04 supported by rule text/metadata
2165,3028,6,alert,tcp,$EXTERNAL_NET,any,->,$HOME_NET,139,,protocol-command-decode,,ruleset community,E01;E04,True," msg:""NETBIOS SMB NT Trans NT CREATE unicode SACL overflow attempt""; flow:to_server,established; content:""|00|"",depth 1; content:""|FF|SMB|A0|"",within 5,distance 3; byte_test:1,&,128,6,relative; pcre:""/^.{27}/R""; content:""|01 00|"",within 2,distance 37; byte_jump:4,-7,relative,from_beginning,little; pcre:""/^.{4}/R""; content:!""|00 00 00 00|"",within 4,distance 12; byte_jump:4,12,relative,little; byte_test:4,>,32,-16,relative,little; metadata:ruleset community; reference:cve,2004-1154; classtype:protocol-command-decode; sid:3028; rev:6; ",True,False,False,True,False,INCLUDE_HIGH,E01;E04 supported by rule text/metadata
2166,3029,8,alert,tcp,$EXTERNAL_NET,any,->,$HOME_NET,139,,protocol-command-decode,,ruleset community,E01;E04,True," msg:""NETBIOS SMB NT Trans NT CREATE unicode andx SACL overflow attempt""; flow:to_server,established; content:""|00|"",depth 1; content:""|FF|SMB"",within 4,distance 3; pcre:""/^(\x75|\x2d|\x2f|\x73|\xa2|\x2e|\x24|\x74)/Rs""; byte_test:1,&,128,6,relative; content:""|A0|"",depth 1,offset 39; byte_jump:2,0,relative,little; content:""|01 00|"",within 2,distance 37; byte_jump:4,-7,relative,from_beginning,little; pcre:""/^.{4}/R""; content:!""|00 00 00 00|"",within 4,distance 12; byte_jump:4,12,relative,little; byte_test:4,>,32,-16,relative,little; metadata:ruleset community; reference:cve,2004-1154; classtype:protocol-command-decode; sid:3029; rev:8; ",True,False,False,True,False,INCLUDE_HIGH,E01;E04 supported by rule text/metadata
2167,3030,7,alert,tcp,$EXTERNAL_NET,any,->,$HOME_NET,445,,protocol-command-decode,netbios-ssn,ruleset community,E01;E04,True," msg:""NETBIOS SMB-DS NT Trans NT CREATE SACL overflow attempt""; flow:to_server,established; content:""|00|"",depth 1; content:""|FF|SMB|A0|"",within 5,distance 3; byte_test:1,!&,128,6,relative; pcre:""/^.{27}/R""; content:""|01 00|"",within 2,distance 37; byte_jump:4,-7,relative,from_beginning,little; pcre:""/^.{4}/R""; content:!""|00 00 00 00|"",within 4,distance 12; byte_jump:4,12,relative,little; byte_test:4,>,32,-16,relative,little; metadata:ruleset community; service:netbios-ssn; reference:cve,2004-1154; classtype:protocol-command-decode; sid:3030; rev:7; ",True,False,False,True,False,INCLUDE_HIGH,E01;E04 supported by rule text/metadata
2168,3031,9,alert,tcp,$EXTERNAL_NET,any,->,$HOME_NET,445,,protocol-command-decode,netbios-ssn,ruleset community,E01;E04,True," msg:""NETBIOS SMB-DS NT Trans NT CREATE andx SACL overflow attempt""; flow:to_server,established; content:""|00|"",depth 1; content:""|FF|SMB"",within 4,distance 3; pcre:""/^(\x75|\x2d|\x2f|\x73|\xa2|\x2e|\x24|\x74)/Rs""; byte_test:1,!&,128,6,relative; content:""|A0|"",depth 1,offset 39; byte_jump:2,0,relative,little; content:""|01 00|"",within 2,distance 37; byte_jump:4,-7,relative,from_beginning,little; pcre:""/^.{4}/R""; content:!""|00 00 00 00|"",within 4,distance 12; byte_jump:4,12,relative,little; byte_test:4,>,32,-16,relative,little; metadata:ruleset community; service:netbios-ssn; reference:cve,2004-1154; classtype:protocol-command-decode; sid:3031; rev:9; ",True,False,False,True,False,INCLUDE_HIGH,E01;E04 supported by rule text/metadata
2169,3032,7,alert,tcp,$EXTERNAL_NET,any,->,$HOME_NET,445,,protocol-command-decode,netbios-ssn,ruleset community,E01;E04,True," msg:""NETBIOS SMB-DS NT Trans NT CREATE unicode SACL overflow attempt""; flow:to_server,established; content:""|00|"",depth 1; content:""|FF|SMB|A0|"",within 5,distance 3; byte_test:1,&,128,6,relative; pcre:""/^.{27}/R""; content:""|01 00|"",within 2,distance 37; byte_jump:4,-7,relative,from_beginning,little; pcre:""/^.{4}/R""; content:!""|00 00 00 00|"",within 4,distance 12; byte_jump:4,12,relative,little; byte_test:4,>,32,-16,relative,little; metadata:ruleset community; service:netbios-ssn; reference:cve,2004-1154; classtype:protocol-command-decode; sid:3032; rev:7; ",True,False,False,True,False,INCLUDE_HIGH,E01;E04 supported by rule text/metadata
2170,3033,9,alert,tcp,$EXTERNAL_NET,any,->,$HOME_NET,445,,protocol-command-decode,netbios-ssn,ruleset community,E01;E04,True," msg:""NETBIOS SMB-DS NT Trans NT CREATE unicode andx SACL overflow attempt""; flow:to_server,established; content:""|00|"",depth 1; content:""|FF|SMB"",within 4,distance 3; pcre:""/^(\x75|\x2d|\x2f|\x73|\xa2|\x2e|\x24|\x74)/Rs""; byte_test:1,&,128,6,relative; content:""|A0|"",depth 1,offset 39; byte_jump:2,0,relative,little; content:""|01 00|"",within 2,distance 37; byte_jump:4,-7,relative,from_beginning,little; pcre:""/^.{4}/R""; content:!""|00 00 00 00|"",within 4,distance 12; byte_jump:4,12,relative,little; byte_test:4,>,32,-16,relative,little; metadata:ruleset community; service:netbios-ssn; reference:cve,2004-1154; classtype:protocol-command-decode; sid:3033; rev:9; ",True,False,False,True,False,INCLUDE_HIGH,E01;E04 supported by rule text/metadata
2171,3034,6,alert,tcp,$EXTERNAL_NET,any,->,$HOME_NET,139,,protocol-command-decode,,ruleset community,E01;E04,True," msg:""NETBIOS SMB NT Trans NT CREATE DACL overflow attempt""; flow:to_server,established; content:""|00|"",depth 1; content:""|FF|SMB|A0|"",within 5,distance 3; byte_test:1,!&,128,6,relative; pcre:""/^.{27}/R""; content:""|01 00|"",within 2,distance 37; byte_jump:4,-7,relative,from_beginning,little; pcre:""/^.{4}/R""; content:!""|00 00 00 00|"",within 4,distance 16; byte_jump:4,16,relative,little; byte_test:4,>,32,-16,relative,little; metadata:ruleset community; reference:cve,2004-1154; classtype:protocol-command-decode; sid:3034; rev:6; ",True,False,False,True,False,INCLUDE_HIGH,E01;E04 supported by rule text/metadata
2172,3035,8,alert,tcp,$EXTERNAL_NET,any,->,$HOME_NET,139,,protocol-command-decode,,ruleset community,E01;E04,True," msg:""NETBIOS SMB NT Trans NT CREATE andx DACL overflow attempt""; flow:to_server,established; content:""|00|"",depth 1; content:""|FF|SMB"",within 4,distance 3; pcre:""/^(\x75|\x2d|\x2f|\x73|\xa2|\x2e|\x24|\x74)/Rs""; byte_test:1,!&,128,6,relative; content:""|A0|"",depth 1,offset 39; byte_jump:2,0,relative,little; content:""|01 00|"",within 2,distance 37; byte_jump:4,-7,relative,from_beginning,little; pcre:""/^.{4}/R""; content:!""|00 00 00 00|"",within 4,distance 16; byte_jump:4,16,relative,little; byte_test:4,>,32,-16,relative,little; metadata:ruleset community; reference:cve,2004-1154; classtype:protocol-command-decode; sid:3035; rev:8; ",True,False,False,True,False,INCLUDE_HIGH,E01;E04 supported by rule text/metadata
2173,3036,6,alert,tcp,$EXTERNAL_NET,any,->,$HOME_NET,139,,protocol-command-decode,,ruleset community,E01;E04,True," msg:""NETBIOS SMB NT Trans NT CREATE unicode DACL overflow attempt""; flow:to_server,established; content:""|00|"",depth 1; content:""|FF|SMB|A0|"",within 5,distance 3; byte_test:1,&,128,6,relative; pcre:""/^.{27}/R""; content:""|01 00|"",within 2,distance 37; byte_jump:4,-7,relative,from_beginning,little; pcre:""/^.{4}/R""; content:!""|00 00 00 00|"",within 4,distance 16; byte_jump:4,16,relative,little; byte_test:4,>,32,-16,relative,little; metadata:ruleset community; reference:cve,2004-1154; classtype:protocol-command-decode; sid:3036; rev:6; ",True,False,False,True,False,INCLUDE_HIGH,E01;E04 supported by rule text/metadata
2174,3037,8,alert,tcp,$EXTERNAL_NET,any,->,$HOME_NET,139,,protocol-command-decode,,ruleset community,E01;E04,True," msg:""NETBIOS SMB NT Trans NT CREATE unicode andx DACL overflow attempt""; flow:to_server,established; content:""|00|"",depth 1; content:""|FF|SMB"",within 4,distance 3; pcre:""/^(\x75|\x2d|\x2f|\x73|\xa2|\x2e|\x24|\x74)/Rs""; byte_test:1,&,128,6,relative; content:""|A0|"",depth 1,offset 39; byte_jump:2,0,relative,little; content:""|01 00|"",within 2,distance 37; byte_jump:4,-7,relative,from_beginning,little; pcre:""/^.{4}/R""; content:!""|00 00 00 00|"",within 4,distance 16; byte_jump:4,16,relative,little; byte_test:4,>,32,-16,relative,little; metadata:ruleset community; reference:cve,2004-1154; classtype:protocol-command-decode; sid:3037; rev:8; ",True,False,False,True,False,INCLUDE_HIGH,E01;E04 supported by rule text/metadata
2175,3038,7,alert,tcp,$EXTERNAL_NET,any,->,$HOME_NET,445,,protocol-command-decode,netbios-ssn,ruleset community,E01;E04,True," msg:""NETBIOS SMB-DS NT Trans NT CREATE DACL overflow attempt""; flow:to_server,established; content:""|00|"",depth 1; content:""|FF|SMB|A0|"",within 5,distance 3; byte_test:1,!&,128,6,relative; pcre:""/^.{27}/R""; content:""|01 00|"",within 2,distance 37; byte_jump:4,-7,relative,from_beginning,little; pcre:""/^.{4}/R""; content:!""|00 00 00 00|"",within 4,distance 16; byte_jump:4,16,relative,little; byte_test:4,>,32,-16,relative,little; metadata:ruleset community; service:netbios-ssn; reference:cve,2004-1154; classtype:protocol-command-decode; sid:3038; rev:7; ",True,False,False,True,False,INCLUDE_HIGH,E01;E04 supported by rule text/metadata
2176,3039,9,alert,tcp,$EXTERNAL_NET,any,->,$HOME_NET,445,,protocol-command-decode,netbios-ssn,ruleset community,E01;E04,True," msg:""NETBIOS SMB-DS NT Trans NT CREATE andx DACL overflow attempt""; flow:to_server,established; content:""|00|"",depth 1; content:""|FF|SMB"",within 4,distance 3; pcre:""/^(\x75|\x2d|\x2f|\x73|\xa2|\x2e|\x24|\x74)/Rs""; byte_test:1,!&,128,6,relative; content:""|A0|"",depth 1,offset 39; byte_jump:2,0,relative,little; content:""|01 00|"",within 2,distance 37; byte_jump:4,-7,relative,from_beginning,little; pcre:""/^.{4}/R""; content:!""|00 00 00 00|"",within 4,distance 16; byte_jump:4,16,relative,little; byte_test:4,>,32,-16,relative,little; metadata:ruleset community; service:netbios-ssn; reference:cve,2004-1154; classtype:protocol-command-decode; sid:3039; rev:9; ",True,False,False,True,False,INCLUDE_HIGH,E01;E04 supported by rule text/metadata
2177,3040,5,alert,tcp,$EXTERNAL_NET,any,->,$HOME_NET,445,,protocol-command-decode,netbios-ssn,ruleset community,E01;E04,True," msg:""NETBIOS SMB-DS NT Trans NT CREATE unicode DACL overflow attempt""; flow:to_server,established; content:""|00|"",depth 1; content:""|FF|SMB|A0|"",within 5,distance 3; byte_test:1,&,128,6,relative; pcre:""/^.{27}/R""; content:""|01 00|"",within 2,distance 37; byte_jump:4,-7,relative,from_beginning,little; pcre:""/^.{4}/R""; content:!""|00 00 00 00|"",within 4,distance 16; byte_jump:4,16,relative,little; byte_test:4,>,32,-16,relative,little; metadata:ruleset community; service:netbios-ssn; reference:cve,2004-1154; classtype:protocol-command-decode; sid:3040; rev:5; ",True,False,False,True,False,INCLUDE_HIGH,E01;E04 supported by rule text/metadata
2178,3041,5,alert,tcp,$EXTERNAL_NET,any,->,$HOME_NET,445,,protocol-command-decode,netbios-ssn,ruleset community,E01;E04,True," msg:""NETBIOS SMB-DS NT Trans NT CREATE unicode andx DACL overflow attempt""; flow:to_server,established; content:""|00|"",depth 1; content:""|FF|SMB"",within 4,distance 3; pcre:""/^(\x75|\x2d|\x2f|\x73|\xa2|\x2e|\x24|\x74)/Rs""; byte_test:1,&,128,6,relative; content:""|A0|"",depth 1,offset 39; byte_jump:2,0,relative,little; content:""|01 00|"",within 2,distance 37; byte_jump:4,-7,relative,from_beginning,little; pcre:""/^.{4}/R""; content:!""|00 00 00 00|"",within 4,distance 16; byte_jump:4,16,relative,little; byte_test:4,>,32,-16,relative,little; metadata:ruleset community; service:netbios-ssn; reference:cve,2004-1154; classtype:protocol-command-decode; sid:3041; rev:5; ",True,False,False,True,False,INCLUDE_HIGH,E01;E04 supported by rule text/metadata
2179,3042,4,alert,tcp,$EXTERNAL_NET,any,->,$HOME_NET,139,,protocol-command-decode,,ruleset community,E04,True," msg:""NETBIOS SMB NT Trans NT CREATE invalid SACL ace size dos attempt""; flow:stateless; content:""|00|"",depth 1; content:""|FF|SMB|A0|"",within 5,distance 3; byte_test:1,!&,128,6,relative; pcre:""/^.{27}/R""; content:""|01 00|"",within 2,distance 37; byte_jump:4,-7,relative,from_beginning,little; pcre:""/^.{4}/R""; content:!""|00 00 00 00|"",within 4,distance 12; byte_jump:4,12,relative,little; content:""|00 00|"",within 2,distance -10; metadata:ruleset community; classtype:protocol-command-decode; sid:3042; rev:4; ",False,False,False,True,False,INCLUDE_HIGH,E04 supported by rule text/metadata
2180,3043,4,alert,tcp,$EXTERNAL_NET,any,->,$HOME_NET,139,,protocol-command-decode,,ruleset community,E04,True," msg:""NETBIOS SMB NT Trans NT CREATE andx invalid SACL ace size dos attempt""; flow:stateless; content:""|00|"",depth 1; content:""|FF|SMB"",within 4,distance 3; pcre:""/^(\x75|\x2d|\x2f|\x73|\xa2|\x2e|\x24|\x74)/Rs""; byte_test:1,!&,128,6,relative; content:""|A0|"",depth 1,offset 39; byte_jump:2,0,relative,little; content:""|01 00|"",within 2,distance 37; byte_jump:4,-7,relative,from_beginning,little; pcre:""/^.{4}/R""; content:!""|00 00 00 00|"",within 4,distance 12; byte_jump:4,12,relative,little; content:""|00 00|"",within 2,distance -10; metadata:ruleset community; classtype:protocol-command-decode; sid:3043; rev:4; ",False,False,False,True,False,INCLUDE_HIGH,E04 supported by rule text/metadata
2181,3044,4,alert,tcp,$EXTERNAL_NET,any,->,$HOME_NET,139,,protocol-command-decode,,ruleset community,E04,True," msg:""NETBIOS SMB NT Trans NT CREATE unicode invalid SACL ace size dos attempt""; flow:stateless; content:""|00|"",depth 1; content:""|FF|SMB|A0|"",within 5,distance 3; byte_test:1,&,128,6,relative; pcre:""/^.{27}/R""; content:""|01 00|"",within 2,distance 37; byte_jump:4,-7,relative,from_beginning,little; pcre:""/^.{4}/R""; content:!""|00 00 00 00|"",within 4,distance 12; byte_jump:4,12,relative,little; content:""|00 00|"",within 2,distance -10; metadata:ruleset community; classtype:protocol-command-decode; sid:3044; rev:4; ",False,False,False,True,False,INCLUDE_HIGH,E04 supported by rule text/metadata
2182,3045,4,alert,tcp,$EXTERNAL_NET,any,->,$HOME_NET,139,,protocol-command-decode,,ruleset community,E04,True," msg:""NETBIOS SMB NT Trans NT CREATE unicode andx invalid SACL ace size dos attempt""; flow:stateless; content:""|00|"",depth 1; content:""|FF|SMB"",within 4,distance 3; pcre:""/^(\x75|\x2d|\x2f|\x73|\xa2|\x2e|\x24|\x74)/Rs""; byte_test:1,&,128,6,relative; content:""|A0|"",depth 1,offset 39; byte_jump:2,0,relative,little; content:""|01 00|"",within 2,distance 37; byte_jump:4,-7,relative,from_beginning,little; pcre:""/^.{4}/R""; content:!""|00 00 00 00|"",within 4,distance 12; byte_jump:4,12,relative,little; content:""|00 00|"",within 2,distance -10; metadata:ruleset community; classtype:protocol-command-decode; sid:3045; rev:4; ",False,False,False,True,False,INCLUDE_HIGH,E04 supported by rule text/metadata
2183,3046,5,alert,tcp,$EXTERNAL_NET,any,->,$HOME_NET,445,,protocol-command-decode,netbios-ssn,ruleset community,E04,True," msg:""NETBIOS SMB-DS NT Trans NT CREATE invalid SACL ace size dos attempt""; flow:stateless; content:""|00|"",depth 1; content:""|FF|SMB|A0|"",within 5,distance 3; byte_test:1,!&,128,6,relative; pcre:""/^.{27}/R""; content:""|01 00|"",within 2,distance 37; byte_jump:4,-7,relative,from_beginning,little; pcre:""/^.{4}/R""; content:!""|00 00 00 00|"",within 4,distance 12; byte_jump:4,12,relative,little; content:""|00 00|"",within 2,distance -10; metadata:ruleset community; service:netbios-ssn; classtype:protocol-command-decode; sid:3046; rev:5; ",False,False,False,True,False,INCLUDE_HIGH,E04 supported by rule text/metadata
2184,3047,5,alert,tcp,$EXTERNAL_NET,any,->,$HOME_NET,445,,protocol-command-decode,netbios-ssn,ruleset community,E04,True," msg:""NETBIOS SMB-DS NT Trans NT CREATE andx invalid SACL ace size dos attempt""; flow:stateless; content:""|00|"",depth 1; content:""|FF|SMB"",within 4,distance 3; pcre:""/^(\x75|\x2d|\x2f|\x73|\xa2|\x2e|\x24|\x74)/Rs""; byte_test:1,!&,128,6,relative; content:""|A0|"",depth 1,offset 39; byte_jump:2,0,relative,little; content:""|01 00|"",within 2,distance 37; byte_jump:4,-7,relative,from_beginning,little; pcre:""/^.{4}/R""; content:!""|00 00 00 00|"",within 4,distance 12; byte_jump:4,12,relative,little; content:""|00 00|"",within 2,distance -10; metadata:ruleset community; service:netbios-ssn; classtype:protocol-command-decode; sid:3047; rev:5; ",False,False,False,True,False,INCLUDE_HIGH,E04 supported by rule text/metadata
2185,3048,5,alert,tcp,$EXTERNAL_NET,any,->,$HOME_NET,445,,protocol-command-decode,netbios-ssn,ruleset community,E04,True," msg:""NETBIOS SMB-DS NT Trans NT CREATE unicode invalid SACL ace size dos attempt""; flow:stateless; content:""|00|"",depth 1; content:""|FF|SMB|A0|"",within 5,distance 3; byte_test:1,&,128,6,relative; pcre:""/^.{27}/R""; content:""|01 00|"",within 2,distance 37; byte_jump:4,-7,relative,from_beginning,little; pcre:""/^.{4}/R""; content:!""|00 00 00 00|"",within 4,distance 12; byte_jump:4,12,relative,little; content:""|00 00|"",within 2,distance -10; metadata:ruleset community; service:netbios-ssn; classtype:protocol-command-decode; sid:3048; rev:5; ",False,False,False,True,False,INCLUDE_HIGH,E04 supported by rule text/metadata
2186,3049,5,alert,tcp,$EXTERNAL_NET,any,->,$HOME_NET,445,,protocol-command-decode,netbios-ssn,ruleset community,E04,True," msg:""NETBIOS SMB-DS NT Trans NT CREATE unicode andx invalid SACL ace size dos attempt""; flow:stateless; content:""|00|"",depth 1; content:""|FF|SMB"",within 4,distance 3; pcre:""/^(\x75|\x2d|\x2f|\x73|\xa2|\x2e|\x24|\x74)/Rs""; byte_test:1,&,128,6,relative; content:""|A0|"",depth 1,offset 39; byte_jump:2,0,relative,little; content:""|01 00|"",within 2,distance 37; byte_jump:4,-7,relative,from_beginning,little; pcre:""/^.{4}/R""; content:!""|00 00 00 00|"",within 4,distance 12; byte_jump:4,12,relative,little; content:""|00 00|"",within 2,distance -10; metadata:ruleset community; service:netbios-ssn; classtype:protocol-command-decode; sid:3049; rev:5; ",False,False,False,True,False,INCLUDE_HIGH,E04 supported by rule text/metadata
2187,3050,4,alert,tcp,$EXTERNAL_NET,any,->,$HOME_NET,139,,protocol-command-decode,,ruleset community,E04,True," msg:""NETBIOS SMB NT Trans NT CREATE invalid SACL ace size dos attempt""; flow:stateless; content:""|00|"",depth 1; content:""|FF|SMB|A0|"",within 5,distance 3; byte_test:1,!&,128,6,relative; pcre:""/^.{27}/R""; content:""|01 00|"",within 2,distance 37; byte_jump:4,-7,relative,from_beginning,little; pcre:""/^.{4}/R""; content:!""|00 00 00 00|"",within 4,distance 16; byte_jump:4,16,relative,little; content:""|00 00|"",within 2,distance -10; metadata:ruleset community; classtype:protocol-command-decode; sid:3050; rev:4; ",False,False,False,True,False,INCLUDE_HIGH,E04 supported by rule text/metadata
2188,3051,4,alert,tcp,$EXTERNAL_NET,any,->,$HOME_NET,139,,protocol-command-decode,,ruleset community,E04,True," msg:""NETBIOS SMB NT Trans NT CREATE andx invalid SACL ace size dos attempt""; flow:stateless; content:""|00|"",depth 1; content:""|FF|SMB"",within 4,distance 3; pcre:""/^(\x75|\x2d|\x2f|\x73|\xa2|\x2e|\x24|\x74)/Rs""; byte_test:1,!&,128,6,relative; content:""|A0|"",depth 1,offset 39; byte_jump:2,0,relative,little; content:""|01 00|"",within 2,distance 37; byte_jump:4,-7,relative,from_beginning,little; pcre:""/^.{4}/R""; content:!""|00 00 00 00|"",within 4,distance 16; byte_jump:4,16,relative,little; content:""|00 00|"",within 2,distance -10; metadata:ruleset community; classtype:protocol-command-decode; sid:3051; rev:4; ",False,False,False,True,False,INCLUDE_HIGH,E04 supported by rule text/metadata
2189,3052,4,alert,tcp,$EXTERNAL_NET,any,->,$HOME_NET,139,,protocol-command-decode,,ruleset community,E04,True," msg:""NETBIOS SMB NT Trans NT CREATE unicode invalid SACL ace size dos attempt""; flow:stateless; content:""|00|"",depth 1; content:""|FF|SMB|A0|"",within 5,distance 3; byte_test:1,&,128,6,relative; pcre:""/^.{27}/R""; content:""|01 00|"",within 2,distance 37; byte_jump:4,-7,relative,from_beginning,little; pcre:""/^.{4}/R""; content:!""|00 00 00 00|"",within 4,distance 16; byte_jump:4,16,relative,little; content:""|00 00|"",within 2,distance -10; metadata:ruleset community; classtype:protocol-command-decode; sid:3052; rev:4; ",False,False,False,True,False,INCLUDE_HIGH,E04 supported by rule text/metadata
2190,3053,4,alert,tcp,$EXTERNAL_NET,any,->,$HOME_NET,139,,protocol-command-decode,,ruleset community,E04,True," msg:""NETBIOS SMB NT Trans NT CREATE unicode andx invalid SACL ace size dos attempt""; flow:stateless; content:""|00|"",depth 1; content:""|FF|SMB"",within 4,distance 3; pcre:""/^(\x75|\x2d|\x2f|\x73|\xa2|\x2e|\x24|\x74)/Rs""; byte_test:1,&,128,6,relative; content:""|A0|"",depth 1,offset 39; byte_jump:2,0,relative,little; content:""|01 00|"",within 2,distance 37; byte_jump:4,-7,relative,from_beginning,little; pcre:""/^.{4}/R""; content:!""|00 00 00 00|"",within 4,distance 16; byte_jump:4,16,relative,little; content:""|00 00|"",within 2,distance -10; metadata:ruleset community; classtype:protocol-command-decode; sid:3053; rev:4; ",False,False,False,True,False,INCLUDE_HIGH,E04 supported by rule text/metadata
2191,3054,5,alert,tcp,$EXTERNAL_NET,any,->,$HOME_NET,445,,protocol-command-decode,netbios-ssn,ruleset community,E04,True," msg:""NETBIOS SMB-DS NT Trans NT CREATE invalid SACL ace size dos attempt""; flow:stateless; content:""|00|"",depth 1; content:""|FF|SMB|A0|"",within 5,distance 3; byte_test:1,!&,128,6,relative; pcre:""/^.{27}/R""; content:""|01 00|"",within 2,distance 37; byte_jump:4,-7,relative,from_beginning,little; pcre:""/^.{4}/R""; content:!""|00 00 00 00|"",within 4,distance 16; byte_jump:4,16,relative,little; content:""|00 00|"",within 2,distance -10; metadata:ruleset community; service:netbios-ssn; classtype:protocol-command-decode; sid:3054; rev:5; ",False,False,False,True,False,INCLUDE_HIGH,E04 supported by rule text/metadata
2192,3055,5,alert,tcp,$EXTERNAL_NET,any,->,$HOME_NET,445,,protocol-command-decode,netbios-ssn,ruleset community,E04,True," msg:""NETBIOS SMB-DS NT Trans NT CREATE andx invalid SACL ace size dos attempt""; flow:stateless; content:""|00|"",depth 1; content:""|FF|SMB"",within 4,distance 3; pcre:""/^(\x75|\x2d|\x2f|\x73|\xa2|\x2e|\x24|\x74)/Rs""; byte_test:1,!&,128,6,relative; content:""|A0|"",depth 1,offset 39; byte_jump:2,0,relative,little; content:""|01 00|"",within 2,distance 37; byte_jump:4,-7,relative,from_beginning,little; pcre:""/^.{4}/R""; content:!""|00 00 00 00|"",within 4,distance 16; byte_jump:4,16,relative,little; content:""|00 00|"",within 2,distance -10; metadata:ruleset community; service:netbios-ssn; classtype:protocol-command-decode; sid:3055; rev:5; ",False,False,False,True,False,INCLUDE_HIGH,E04 supported by rule text/metadata
2193,3056,5,alert,tcp,$EXTERNAL_NET,any,->,$HOME_NET,445,,protocol-command-decode,netbios-ssn,ruleset community,E04,True," msg:""NETBIOS SMB-DS NT Trans NT CREATE unicode invalid SACL ace size dos attempt""; flow:stateless; content:""|00|"",depth 1; content:""|FF|SMB|A0|"",within 5,distance 3; byte_test:1,&,128,6,relative; pcre:""/^.{27}/R""; content:""|01 00|"",within 2,distance 37; byte_jump:4,-7,relative,from_beginning,little; pcre:""/^.{4}/R""; content:!""|00 00 00 00|"",within 4,distance 16; byte_jump:4,16,relative,little; content:""|00 00|"",within 2,distance -10; metadata:ruleset community; service:netbios-ssn; classtype:protocol-command-decode; sid:3056; rev:5; ",False,False,False,True,False,INCLUDE_HIGH,E04 supported by rule text/metadata
2194,3057,5,alert,tcp,$EXTERNAL_NET,any,->,$HOME_NET,445,,protocol-command-decode,netbios-ssn,ruleset community,E04,True," msg:""NETBIOS SMB-DS NT Trans NT CREATE unicode andx invalid SACL ace size dos attempt""; flow:stateless; content:""|00|"",depth 1; content:""|FF|SMB"",within 4,distance 3; pcre:""/^(\x75|\x2d|\x2f|\x73|\xa2|\x2e|\x24|\x74)/Rs""; byte_test:1,&,128,6,relative; content:""|A0|"",depth 1,offset 39; byte_jump:2,0,relative,little; content:""|01 00|"",within 2,distance 37; byte_jump:4,-7,relative,from_beginning,little; pcre:""/^.{4}/R""; content:!""|00 00 00 00|"",within 4,distance 16; byte_jump:4,16,relative,little; content:""|00 00|"",within 2,distance -10; metadata:ruleset community; service:netbios-ssn; classtype:protocol-command-decode; sid:3057; rev:5; ",False,False,False,True,False,INCLUDE_HIGH,E04 supported by rule text/metadata
2195,3058,13,alert,tcp,$EXTERNAL_NET,any,->,$HOME_NET,143,,misc-attack,imap,ruleset community,E01,True," msg:""PROTOCOL-IMAP copy literal overflow attempt""; flow:to_server,established; content:""COPY"",fast_pattern,nocase; pcre:""/\sCOPY\s[^\n]*?\{/ims""; byte_test:5,>,1024,0,relative,string,dec; metadata:ruleset community; service:imap; reference:bugtraq,1110; reference:cve,2000-0284; reference:nessus,10374; classtype:misc-attack; sid:3058; rev:13; ",True,False,False,False,False,INCLUDE_HIGH,E01 supported by rule text/metadata
2196,3061,5,alert,tcp,$EXTERNAL_NET,any,->,$HOME_NET,3632,,policy-violation,,ruleset community,E02,True," msg:""APP-DETECT distccd remote command execution attempt""; flow:to_server,established; content:""DIST00000001"",depth 12,nocase; metadata:ruleset community; reference:url,distcc.samba.org/security.html; classtype:policy-violation; sid:3061; rev:5; ",False,True,False,False,False,INCLUDE_HIGH,E02 supported by rule text/metadata
2200,3065,12,alert,tcp,$EXTERNAL_NET,any,->,$HOME_NET,143,,misc-attack,imap,"policy max-detect-ips drop,policy security-ips drop,ruleset community",E01,True," msg:""PROTOCOL-IMAP append literal overflow attempt""; flow:to_server,established; content:""APPEND"",fast_pattern,nocase; pcre:""/\sAPPEND\s[^\n]*?\s\{/ims""; byte_test:5,>,256,0,relative,string,dec; metadata:policy max-detect-ips drop,policy security-ips drop,ruleset community; service:imap; reference:bugtraq,11775; reference:cve,2004-1211; reference:nessus,15867; classtype:misc-attack; sid:3065; rev:12; ",True,False,False,False,False,INCLUDE_HIGH,E01 supported by rule text/metadata
2201,3066,17,alert,tcp,$EXTERNAL_NET,any,->,$HOME_NET,143,,misc-attack,imap,"policy max-detect-ips drop,policy security-ips drop,ruleset community",E01,True," msg:""PROTOCOL-IMAP APPEND overflow attempt""; flow:to_server,established; content:""APPEND"",nocase; isdataat:256,relative; content:!""|0D 0A|"",within 256; metadata:policy max-detect-ips drop,policy security-ips drop,ruleset community; service:imap; reference:bugtraq,11775; reference:bugtraq,21729; reference:cve,2004-1211; reference:cve,2006-6425; reference:nessus,15867; classtype:misc-attack; sid:3066; rev:17; ",True,False,False,False,False,INCLUDE_HIGH,E01 supported by rule text/metadata
2202,3067,12,alert,tcp,$EXTERNAL_NET,any,->,$HOME_NET,143,,misc-attack,imap,"policy max-detect-ips drop,policy security-ips drop,ruleset community",E01,True," msg:""PROTOCOL-IMAP examine literal overflow attempt""; flow:to_server,established; content:""EXAMINE"",fast_pattern,nocase; pcre:""/\sEXAMINE\s[^\n]*?\s\{/ims""; byte_test:5,>,256,0,relative,string,dec; metadata:policy max-detect-ips drop,policy security-ips drop,ruleset community; service:imap; reference:bugtraq,11775; reference:cve,2004-1211; reference:nessus,15867; classtype:misc-attack; sid:3067; rev:12; ",True,False,False,False,False,INCLUDE_HIGH,E01 supported by rule text/metadata
2203,3069,12,alert,tcp,$EXTERNAL_NET,any,->,$HOME_NET,143,,misc-attack,imap,"policy max-detect-ips drop,policy security-ips drop,ruleset community",E01,True," msg:""PROTOCOL-IMAP fetch literal overflow attempt""; flow:to_server,established; content:""FETCH"",fast_pattern,nocase; pcre:""/\sFETCH\s[^\n]*?\s\{/ims""; byte_test:5,>,256,0,relative,string,dec; metadata:policy max-detect-ips drop,policy security-ips drop,ruleset community; service:imap; reference:bugtraq,11775; reference:cve,2004-1211; reference:nessus,15867; classtype:misc-attack; sid:3069; rev:12; ",True,False,False,False,False,INCLUDE_HIGH,E01 supported by rule text/metadata
2204,3070,13,alert,tcp,$EXTERNAL_NET,any,->,$HOME_NET,143,,misc-attack,imap,"policy max-detect-ips drop,policy security-ips drop,ruleset community",E01,True," msg:""PROTOCOL-IMAP fetch overflow attempt""; flow:to_server,established; content:""FETCH"",nocase; isdataat:256,relative; pcre:""/\sFETCH\s[^\n]{256}/ims""; metadata:policy max-detect-ips drop,policy security-ips drop,ruleset community; service:imap; reference:bugtraq,11775; reference:cve,2004-1211; reference:nessus,15867; classtype:misc-attack; sid:3070; rev:13; ",True,False,False,False,False,INCLUDE_HIGH,E01 supported by rule text/metadata
2205,3071,14,alert,tcp,$EXTERNAL_NET,any,->,$HOME_NET,143,,misc-attack,imap,"policy max-detect-ips drop,policy security-ips drop,ruleset community",E01,True," msg:""PROTOCOL-IMAP status literal overflow attempt""; flow:to_server,established; content:""STATUS"",fast_pattern,nocase; pcre:""/\sSTATUS[^\n]*?\{/ims""; byte_test:5,>,256,0,relative,string,dec; metadata:policy max-detect-ips drop,policy security-ips drop,ruleset community; service:imap; reference:bugtraq,11775; reference:bugtraq,15491; reference:cve,2004-1211; reference:nessus,15867; classtype:misc-attack; sid:3071; rev:14; ",True,False,False,False,False,INCLUDE_HIGH,E01 supported by rule text/metadata
2206,3072,20,alert,tcp,$EXTERNAL_NET,any,->,$HOME_NET,143,,misc-attack,imap,"policy max-detect-ips drop,policy security-ips drop,ruleset community",E01,True," msg:""PROTOCOL-IMAP STATUS overflow attempt""; flow:to_server,established; content:""STATUS"",nocase; isdataat:100,relative; content:!""|0D 0A|"",within 100; metadata:policy max-detect-ips drop,policy security-ips drop,ruleset community; service:imap; reference:bugtraq,11775; reference:bugtraq,13727; reference:bugtraq,14243; reference:bugtraq,15491; reference:cve,2004-1211; reference:cve,2005-1256; reference:cve,2005-2278; reference:cve,2005-3314; reference:cve,2017-1274; reference:nessus,15867; classtype:misc-attack; sid:3072; rev:20; ",True,False,False,False,False,INCLUDE_HIGH,E01 supported by rule text/metadata
2207,3073,18,alert,tcp,$EXTERNAL_NET,any,->,$HOME_NET,143,,attempted-admin,imap,"policy max-detect-ips drop,policy security-ips drop,ruleset community",E01,True," msg:""PROTOCOL-IMAP SUBSCRIBE literal overflow attempt""; flow:to_server,established; content:""SUBSCRIBE"",fast_pattern,nocase; pcre:""/^\w+\s+SUBSCRIBE\s[^\n]*?\{/ims""; byte_test:5,>,256,0,relative,string; metadata:policy max-detect-ips drop,policy security-ips drop,ruleset community; service:imap; reference:bugtraq,11775; reference:bugtraq,15488; reference:bugtraq,23050; reference:bugtraq,26219; reference:cve,2004-1211; reference:cve,2005-3189; reference:cve,2007-3510; reference:nessus,15867; classtype:attempted-admin; sid:3073; rev:18; ",True,False,False,False,False,INCLUDE_HIGH,E01 supported by rule text/metadata
2208,3074,20,alert,tcp,$EXTERNAL_NET,any,->,$HOME_NET,143,,attempted-admin,imap,"policy max-detect-ips drop,policy security-ips drop,ruleset community",E01,True," msg:""PROTOCOL-IMAP SUBSCRIBE overflow attempt""; flow:to_server,established; content:""SUBSCRIBE"",nocase; isdataat:100; pcre:""/^\w+\s+SUBSCRIBE\s[^\n]{100}/ims""; metadata:policy max-detect-ips drop,policy security-ips drop,ruleset community; service:imap; reference:bugtraq,11775; reference:bugtraq,15488; reference:bugtraq,23050; reference:bugtraq,26219; reference:cve,2004-1211; reference:cve,2005-3189; reference:cve,2007-1579; reference:cve,2007-3510; reference:nessus,15867; classtype:attempted-admin; sid:3074; rev:20; ",True,False,False,False,False,INCLUDE_HIGH,E01 supported by rule text/metadata
2209,3075,13,alert,tcp,$EXTERNAL_NET,any,->,$HOME_NET,143,,misc-attack,imap,"policy max-detect-ips drop,policy security-ips drop,ruleset community",E01,True," msg:""PROTOCOL-IMAP unsubscribe literal overflow attempt""; flow:to_server,established; content:""UNSUBSCRIBE"",fast_pattern,nocase; pcre:""/\sUNSUBSCRIBE\s[^\n]*?\s\{/ims""; byte_test:5,>,256,0,relative,string,dec; metadata:policy max-detect-ips drop,policy security-ips drop,ruleset community; service:imap; reference:bugtraq,11775; reference:cve,2004-1211; reference:nessus,15867; classtype:misc-attack; sid:3075; rev:13; ",True,False,False,False,False,INCLUDE_HIGH,E01 supported by rule text/metadata
2210,3076,14,alert,tcp,$EXTERNAL_NET,any,->,$HOME_NET,143,,attempted-admin,imap,"policy max-detect-ips drop,policy security-ips drop,ruleset community",E01,True," msg:""PROTOCOL-IMAP UNSUBSCRIBE overflow attempt""; flow:to_server,established; content:""UNSUBSCRIBE"",nocase; isdataat:100; pcre:""/^\w+\s+UNSUBSCRIBE\s[^\n]{100}/ims""; metadata:policy max-detect-ips drop,policy security-ips drop,ruleset community; service:imap; reference:bugtraq,11775; reference:bugtraq,15488; reference:cve,2004-1211; reference:cve,2005-3189; reference:nessus,15867; classtype:attempted-admin; sid:3076; rev:14; ",True,False,False,False,False,INCLUDE_HIGH,E01 supported by rule text/metadata
2211,3077,9,alert,tcp,$EXTERNAL_NET,any,->,$HOME_NET,21,,attempted-admin,ftp,ruleset community,E01,True," msg:""PROTOCOL-FTP RNFR overflow attempt""; flow:to_server,established; content:""RNFR"",nocase; isdataat:200,relative; pcre:""/^RNFR\s[^\n]{200}/ims""; metadata:ruleset community; service:ftp; reference:bugtraq,14339; classtype:attempted-admin; sid:3077; rev:9; ",True,False,False,False,False,INCLUDE_HIGH,E01 supported by rule text/metadata
2212,3078,13,alert,tcp,$EXTERNAL_NET,any,->,$HOME_NET,119,,attempted-admin,,"policy max-detect-ips drop,policy security-ips drop,ruleset community",E01,True," msg:""PROTOCOL-NNTP Microsoft Windows SEARCH pattern overflow attempt""; flow:to_server,established; content:""SEARCH|20|"",depth 7,nocase; isdataat:160,relative; pcre:""/^SEARCH\s+[^\n]{160}/i""; metadata:policy max-detect-ips drop,policy security-ips drop,ruleset community; reference:cve,2004-0574; reference:url,technet.microsoft.com/en-us/security/bulletin/MS04-036; classtype:attempted-admin; sid:3078; rev:13; ",True,False,False,False,False,INCLUDE_HIGH,E01 supported by rule text/metadata
2213,3079,25,alert,tcp,$EXTERNAL_NET,$FILE_DATA_PORTS,->,$HOME_NET,any,,attempted-user,"ftp-data,http,imap,pop3","policy max-detect-ips drop,ruleset community",E01,True," msg:""BROWSER-IE Microsoft Internet Explorer ANI file parsing buffer overflow attempt""; flow:to_client,established; flowbits:isset,file.ani; file_data; content:""RIFF"",depth 4; content:""ACON"",within 4,distance 4; content:""anih"",distance 0,nocase; byte_test:4,>,36,0,relative,little; metadata:policy max-detect-ips drop,ruleset community; service:ftp-data,http,imap,pop3; reference:cve,2004-1049; reference:cve,2007-0038; reference:cve,2007-1765; reference:url,technet.microsoft.com/en-us/security/bulletin/MS05-002; reference:url,technet.microsoft.com/en-us/security/bulletin/MS07-017; classtype:attempted-user; sid:3079; rev:25; ",True,False,False,False,False,INCLUDE_HIGH,E01 supported by rule text/metadata
2214,3080,9,alert,udp,$EXTERNAL_NET,any,->,$HOME_NET,7787,,misc-attack,,"policy max-detect-ips drop,ruleset community",E01,True," msg:""SERVER-OTHER Unreal Tournament secure overflow attempt""; flow:to_server; content:""|5C|secure|5C|"",fast_pattern,nocase; pcre:""/\x5csecure\x5c[^\x00]{50}/ims""; metadata:policy max-detect-ips drop,ruleset community; reference:bugtraq,10570; reference:cve,2004-0608; classtype:misc-attack; sid:3080; rev:9; ",True,False,False,False,False,INCLUDE_HIGH,E01 supported by rule text/metadata
2218,3084,16,alert,tcp,$EXTERNAL_NET,any,->,$HOME_NET,6101,,attempted-admin,,"policy max-detect-ips drop,policy security-ips drop,ruleset community",E01,True," msg:""SERVER-OTHER Veritas backup overflow attempt""; flow:to_server,established; content:""|02 00|"",depth 2; content:""|00|"",within 1,distance 1; isdataat:72; content:!""|00|"",depth 66,offset 6; metadata:policy max-detect-ips drop,policy security-ips drop,ruleset community; reference:bugtraq,11974; reference:cve,2004-1172; classtype:attempted-admin; sid:3084; rev:16; ",True,False,False,False,False,INCLUDE_HIGH,E01 supported by rule text/metadata
2219,3085,14,alert,tcp,$EXTERNAL_NET,$HTTP_PORTS,->,$HOME_NET,any,,misc-attack,http,"policy max-detect-ips drop,policy security-ips drop,ruleset community",E01,True," msg:""SERVER-OTHER AOL Instant Messenger goaway message buffer overflow attempt""; flow:to_client,established; file_data; content:""aim|3A|goaway?message="",nocase; isdataat:500,relative; pcre:""/\x22aim\x3Agoaway\x3Fmessage\x3D[^\x22]{500}|\x27aim\x3Agoaway\x3Fmessage\x3D[^\x27]{500}|aim\x3Agoaway\x3Fmessage\x3D[^\s]{500}/i""; metadata:policy max-detect-ips drop,policy security-ips drop,ruleset community; service:http; reference:bugtraq,10889; reference:cve,2004-0636; classtype:misc-attack; sid:3085; rev:14; ",True,False,False,False,False,INCLUDE_HIGH,E01 supported by rule text/metadata
2221,3087,21,alert,tcp,$EXTERNAL_NET,any,->,$HOME_NET,$HTTP_PORTS,,attempted-admin,http,"policy max-detect-ips drop,ruleset community",E01,True," msg:""SERVER-IIS w3who.dll buffer overflow attempt""; flow:to_server,established; http_uri; content:""/w3who.dll?"",fast_pattern,nocase; bufferlen:>=519,relative; metadata:policy max-detect-ips drop,ruleset community; service:http; reference:bugtraq,11820; reference:cve,2004-1134; classtype:attempted-admin; gid:1; sid:3087; rev:21; ",True,False,False,False,False,INCLUDE_HIGH,E01 supported by rule text/metadata
2222,3088,11,alert,tcp,$EXTERNAL_NET,$HTTP_PORTS,->,$HOME_NET,any,,attempted-user,http,"policy max-detect-ips drop,policy security-ips drop,ruleset community",E01,True," msg:""FILE-MULTIMEDIA Nullsoft Winamp cda file name overflow attempt""; flow:to_client,established; file_data; content:"".cda"",nocase; pcre:""/(\x5c[^\x5c]{16,}|\x2f[^\x2f]{16,})\.cda$/ims""; metadata:policy max-detect-ips drop,policy security-ips drop,ruleset community; service:http; reference:bugtraq,11730; reference:cve,2004-1119; reference:nessus,15817; classtype:attempted-user; sid:3088; rev:11; ",True,False,False,False,False,INCLUDE_HIGH,E01 supported by rule text/metadata
2223,3089,10,alert,udp,$EXTERNAL_NET,any,->,$HOME_NET,2048,,attempted-user,,"policy max-detect-ips drop,ruleset community",E01,True," msg:""SERVER-OTHER squid WCCP I_SEE_YOU message overflow attempt""; flow:to_server; content:""|00 00 00 08|"",depth 4; byte_test:4,>,32,16; metadata:policy max-detect-ips drop,ruleset community; reference:bugtraq,12275; reference:cve,2005-0095; classtype:attempted-user; sid:3089; rev:10; ",True,False,False,False,False,INCLUDE_HIGH,E01 supported by rule text/metadata
2224,3114,20,alert,tcp,$EXTERNAL_NET,any,->,$HOME_NET,"[139,445]",,attempted-admin,netbios-ssn,"policy max-detect-ips drop,policy security-ips drop,ruleset community",E01,True," msg:""OS-WINDOWS DCERPC NCACN-IP-TCP llsrpc LlsrConnect overflow attempt""; flow:to_server,established; dce_iface:uuid 342cfd40-3c6c-11ce-a893-08002b2e9c6d; dce_opnum:""0""; dce_stub_data; byte_test:4,>,52,0,dce; metadata:policy max-detect-ips drop,policy security-ips drop,ruleset community; service:netbios-ssn; reference:bugtraq,12481; reference:cve,2005-0050; reference:url,technet.microsoft.com/en-us/security/bulletin/ms05-010; classtype:attempted-admin; sid:3114; rev:20; ",True,False,False,True,False,INCLUDE_HIGH,E01 supported by rule text/metadata
2225,3130,8,alert,tcp,$EXTERNAL_NET,1863,->,$HOME_NET,any,,attempted-user,,ruleset community,E01,True," msg:""PUA-OTHER Microsoft MSN Messenger png overflow""; flow:to_client,established; content:""application/x-msnmsgrp2p"",nocase; content:""|89|PNG|0D 0A 1A 0A|"",distance 0; content:""IHDR"",within 4,distance 4; content:""|03|"",within 1,distance 9; content:""tRNS"",distance 0; byte_test:4,>,256,-8,relative,big; metadata:ruleset community; reference:bugtraq,10872; reference:cve,2004-0957; reference:url,technet.microsoft.com/en-us/security/bulletin/MS05-009; classtype:attempted-user; sid:3130; rev:8; ",True,False,False,False,False,INCLUDE_HIGH,E01 supported by rule text/metadata
2226,3131,10,alert,tcp,$EXTERNAL_NET,any,->,$HTTP_SERVERS,$HTTP_PORTS,,web-application-attack,http,ruleset community,E01,True," msg:""SERVER-WEBAPP mailman directory traversal attempt""; flow:to_server,established; http_uri; content:""/mailman/""; http_raw_uri; content:"".../""; metadata:ruleset community; service:http; reference:cve,2005-0202; classtype:web-application-attack; sid:3131; rev:10; ",False,False,False,False,False,REVIEW,candidate from broad triage; direct rule evidence not strong enough for automatic inclusion
2227,3132,15,alert,tcp,$EXTERNAL_NET,$FILE_DATA_PORTS,->,$HOME_NET,any,,attempted-user,"ftp-data,http,imap,pop3",ruleset community,E01,True," msg:""FILE-IMAGE Microsoft and libpng multiple products PNG large image width overflow attempt""; flow:to_client,established; flowbits:isset,file.png; file_data; content:""|89|PNG|0D 0A 1A 0A|""; content:""IHDR"",within 8; byte_test:4,>,32767,0,relative; metadata:ruleset community; service:ftp-data,http,imap,pop3; reference:bugtraq,11523; reference:cve,2004-0990; reference:cve,2004-1244; reference:cve,2007-5503; reference:url,sourceforge.net/p/png-mng/mailman/message/33173462/; reference:url,technet.microsoft.com/en-us/security/bulletin/MS05-009; classtype:attempted-user; sid:3132; rev:15; ",True,False,False,False,False,INCLUDE_HIGH,E01 supported by rule text/metadata
2230,3135,11,alert,tcp,$EXTERNAL_NET,any,->,$HOME_NET,139,,protocol-command-decode,netbios-ssn,"policy max-detect-ips alert,ruleset community",E04,True," msg:""NETBIOS SMB Trans2 QUERY_FILE_INFO attempt""; flow:to_server,established; content:""|00|"",depth 1; content:""|FF|SMB2"",within 5,distance 3; pcre:""/^.{27}/R""; content:""|07 00|"",within 2,distance 29; flowbits:set,smb.trans2; flowbits:noalert; metadata:policy max-detect-ips alert,ruleset community; service:netbios-ssn; classtype:protocol-command-decode; sid:3135; rev:11; ",False,False,False,True,False,INCLUDE_HIGH,E04 supported by rule text/metadata
2231,3136,11,alert,tcp,$EXTERNAL_NET,any,->,$HOME_NET,139,,protocol-command-decode,netbios-ssn,"policy max-detect-ips alert,ruleset community",E04,True," msg:""NETBIOS SMB Trans2 QUERY_FILE_INFO andx attempt""; flow:to_server,established; content:""|00|"",depth 1; content:""|FF|SMB"",within 4,distance 3; pcre:""/^(\x75|\x2d|\x2f|\x73|\xa2|\x2e|\x24|\x74)/Rs""; content:""2"",depth 1,offset 39; byte_jump:2,0,relative,little; content:""|07 00|"",within 2,distance 29; flowbits:set,smb.trans2; flowbits:noalert; metadata:policy max-detect-ips alert,ruleset community; service:netbios-ssn; classtype:protocol-command-decode; sid:3136; rev:11; ",False,False,False,True,False,INCLUDE_HIGH,E04 supported by rule text/metadata
2232,3137,11,alert,tcp,$EXTERNAL_NET,any,->,$HOME_NET,445,,protocol-command-decode,netbios-ssn,"policy max-detect-ips alert,ruleset community",E04,True," msg:""NETBIOS SMB-DS Trans2 QUERY_FILE_INFO attempt""; flow:to_server,established; content:""|00|"",depth 1; content:""|FF|SMB2"",within 5,distance 3; pcre:""/^.{27}/R""; content:""|07 00|"",within 2,distance 29; flowbits:set,smb.trans2; flowbits:noalert; metadata:policy max-detect-ips alert,ruleset community; service:netbios-ssn; classtype:protocol-command-decode; sid:3137; rev:11; ",False,False,False,True,False,INCLUDE_HIGH,E04 supported by rule text/metadata
2233,3138,11,alert,tcp,$EXTERNAL_NET,any,->,$HOME_NET,445,,protocol-command-decode,netbios-ssn,"policy max-detect-ips alert,ruleset community",E04,True," msg:""NETBIOS SMB-DS Trans2 QUERY_FILE_INFO andx attempt""; flow:to_server,established; content:""|00|"",depth 1; content:""|FF|SMB"",within 4,distance 3; pcre:""/^(\x75|\x2d|\x2f|\x73|\xa2|\x2e|\x24|\x74)/Rs""; content:""2"",depth 1,offset 39; byte_jump:2,0,relative,little; content:""|07 00|"",within 2,distance 29; flowbits:set,smb.trans2; flowbits:noalert; metadata:policy max-detect-ips alert,ruleset community; service:netbios-ssn; classtype:protocol-command-decode; sid:3138; rev:11; ",False,False,False,True,False,INCLUDE_HIGH,E04 supported by rule text/metadata
2234,3139,11,alert,tcp,$EXTERNAL_NET,any,->,$HOME_NET,139,,protocol-command-decode,netbios-ssn,"policy max-detect-ips alert,ruleset community",E04,True," msg:""NETBIOS SMB Trans2 FIND_FIRST2 attempt""; flow:to_server,established; content:""|00|"",depth 1; content:""|FF|SMB2"",within 5,distance 3; pcre:""/^.{27}/R""; content:""|01 00|"",within 2,distance 29; flowbits:set,smb.trans2; flowbits:noalert; metadata:policy max-detect-ips alert,ruleset community; service:netbios-ssn; classtype:protocol-command-decode; sid:3139; rev:11; ",False,False,False,True,False,INCLUDE_HIGH,E04 supported by rule text/metadata
2235,3140,11,alert,tcp,$EXTERNAL_NET,any,->,$HOME_NET,139,,protocol-command-decode,netbios-ssn,"policy max-detect-ips alert,ruleset community",E04,True," msg:""NETBIOS SMB Trans2 FIND_FIRST2 andx attempt""; flow:to_server,established; content:""|00|"",depth 1; content:""|FF|SMB"",within 4,distance 3; pcre:""/^(\x75|\x2d|\x2f|\x73|\xa2|\x2e|\x24|\x74)/Rs""; content:""2"",depth 1,offset 39; byte_jump:2,0,relative,little; content:""|01 00|"",within 2,distance 29; flowbits:set,smb.trans2; flowbits:noalert; metadata:policy max-detect-ips alert,ruleset community; service:netbios-ssn; classtype:protocol-command-decode; sid:3140; rev:11; ",False,False,False,True,False,INCLUDE_HIGH,E04 supported by rule text/metadata
2236,3141,11,alert,tcp,$EXTERNAL_NET,any,->,$HOME_NET,445,,protocol-command-decode,netbios-ssn,"policy max-detect-ips alert,ruleset community",E04,True," msg:""NETBIOS SMB-DS Trans2 FIND_FIRST2 attempt""; flow:to_server,established; content:""|00|"",depth 1; content:""|FF|SMB2"",within 5,distance 3; pcre:""/^.{27}/R""; content:""|01 00|"",within 2,distance 29; flowbits:set,smb.trans2; flowbits:noalert; metadata:policy max-detect-ips alert,ruleset community; service:netbios-ssn; classtype:protocol-command-decode; sid:3141; rev:11; ",False,False,False,True,False,INCLUDE_HIGH,E04 supported by rule text/metadata
2237,3142,11,alert,tcp,$EXTERNAL_NET,any,->,$HOME_NET,445,,protocol-command-decode,netbios-ssn,"policy max-detect-ips alert,ruleset community",E04,True," msg:""NETBIOS SMB-DS Trans2 FIND_FIRST2 andx attempt""; flow:to_server,established; content:""|00|"",depth 1; content:""|FF|SMB"",within 4,distance 3; pcre:""/^(\x75|\x2d|\x2f|\x73|\xa2|\x2e|\x24|\x74)/Rs""; content:""2"",depth 1,offset 39; byte_jump:2,0,relative,little; content:""|01 00|"",within 2,distance 29; flowbits:set,smb.trans2; flowbits:noalert; metadata:policy max-detect-ips alert,ruleset community; service:netbios-ssn; classtype:protocol-command-decode; sid:3142; rev:11; ",False,False,False,True,False,INCLUDE_HIGH,E04 supported by rule text/metadata
2238,3143,17,alert,tcp,$HOME_NET,139,->,$EXTERNAL_NET,any,,protocol-command-decode,,"policy max-detect-ips drop,ruleset community",E01;E04,True," msg:""OS-WINDOWS Microsoft Windows SMB Trans2 FIND_FIRST2 command response overflow attempt""; flow:to_client,established; flowbits:isset,smb.trans2; content:""|00|"",depth 1; content:""|FF|SMB2"",within 5,distance 3; pcre:""/^.{27}/R""; flowbits:unset,smb.trans2; byte_test:2,>,15,7,relative,little; metadata:policy max-detect-ips drop,ruleset community; reference:bugtraq,12484; reference:cve,2005-0045; reference:url,technet.microsoft.com/en-us/security/bulletin/MS05-011; classtype:protocol-command-decode; sid:3143; rev:17; ",True,False,False,True,False,INCLUDE_HIGH,E01;E04 supported by rule text/metadata
2239,3144,17,alert,tcp,$HOME_NET,139,->,$EXTERNAL_NET,any,,protocol-command-decode,,"policy max-detect-ips drop,ruleset community",E01;E04,True," msg:""OS-WINDOWS Microsoft Windows SMB Trans2 FIND_FIRST2 response andx overflow attempt""; flow:to_client,established; flowbits:isset,smb.trans2; content:""|00|"",depth 1; content:""|FF|SMB"",within 4,distance 3; pcre:""/^(\x75|\x2d|\x2f|\x73|\xa2|\x2e|\x24|\x74)/Rs""; content:""2"",depth 1,offset 39; byte_jump:2,0,relative,little; flowbits:unset,smb.trans2; byte_test:2,>,15,7,relative,little; metadata:policy max-detect-ips drop,ruleset community; reference:bugtraq,12484; reference:cve,2005-0045; reference:url,technet.microsoft.com/en-us/security/bulletin/MS05-011; classtype:protocol-command-decode; sid:3144; rev:17; ",True,False,False,True,False,INCLUDE_HIGH,E01;E04 supported by rule text/metadata
2240,3145,16,alert,tcp,$HOME_NET,445,->,$EXTERNAL_NET,any,,protocol-command-decode,netbios-ssn,"policy max-detect-ips drop,ruleset community",E01;E04,True," msg:""OS-WINDOWS Microsoft Windows SMB-DS Trans2 FIND_FIRST2 response overflow attempt""; flow:to_client,established; flowbits:isset,smb.trans2; content:""|00|"",depth 1; content:""|FF|SMB2"",within 5,distance 3; pcre:""/^.{27}/R""; flowbits:unset,smb.trans2; byte_test:2,>,15,7,relative,little; metadata:policy max-detect-ips drop,ruleset community; service:netbios-ssn; reference:bugtraq,12484; reference:cve,2005-0045; reference:url,technet.microsoft.com/en-us/security/bulletin/MS05-011; classtype:protocol-command-decode; sid:3145; rev:16; ",True,False,False,True,False,INCLUDE_HIGH,E01;E04 supported by rule text/metadata
2241,3146,18,alert,tcp,$HOME_NET,445,->,$EXTERNAL_NET,any,,protocol-command-decode,netbios-ssn,"policy max-detect-ips drop,ruleset community",E01;E04,True," msg:""OS-WINDOWS Microsoft Windows SMB-DS Trans2 FIND_FIRST2 response andx overflow attempt""; flow:to_client,established; flowbits:isset,smb.trans2; content:""|00|"",depth 1; content:""|FF|SMB"",within 4,distance 3; pcre:""/^(\x75|\x2d|\x2f|\x73|\xa2|\x2e|\x24|\x74)/Rs""; content:""2"",depth 1,offset 39; byte_jump:2,0,relative,little; flowbits:unset,smb.trans2; byte_test:2,>,15,7,relative,little; metadata:policy max-detect-ips drop,ruleset community; service:netbios-ssn; reference:bugtraq,12484; reference:cve,2005-0045; reference:url,technet.microsoft.com/en-us/security/bulletin/MS05-011; classtype:protocol-command-decode; sid:3146; rev:18; ",True,False,False,True,False,INCLUDE_HIGH,E01;E04 supported by rule text/metadata
2242,3147,15,alert,tcp,$EXTERNAL_NET,any,->,$TELNET_SERVERS,23,,attempted-admin,telnet,"policy max-detect-ips drop,ruleset community",E01,True," msg:""PROTOCOL-TELNET login buffer overflow attempt""; flow:to_server,established; raw_data; content:""|FF FA|'|00 00|TTYPROMPT|01|"",fast_pattern,nocase; flowbits:set,ttyprompt; metadata:policy max-detect-ips drop,ruleset community; service:telnet; reference:bugtraq,3681; reference:cve,2001-0797; reference:nessus,10827; classtype:attempted-admin; sid:3147; rev:15; ",True,False,False,False,False,INCLUDE_HIGH,E01 supported by rule text/metadata
2244,3149,13,alert,tcp,$EXTERNAL_NET,$FILE_DATA_PORTS,->,$HOME_NET,any,,attempted-user,"ftp-data,http,imap,pop3","policy max-detect-ips drop,ruleset community",E01,True," msg:""BROWSER-IE Microsoft Internet Explorer malformed object type overflow attempt""; flow:to_client,established; file_data; content:""object"",nocase; content:""type"",within 200,nocase; content:""////////////////////////////////"",fast_pattern,nocase; pcre:""/object\s[^>]*type\s*=\s*[\x22\x27][^\x22\x27]*\x2f{32}/ims""; metadata:policy max-detect-ips drop,ruleset community; service:ftp-data,http,imap,pop3; reference:cve,2003-0344; reference:url,technet.microsoft.com/en-us/security/bulletin/MS03-020; classtype:attempted-user; sid:3149; rev:13; ",True,False,False,False,False,INCLUDE_HIGH,E01 supported by rule text/metadata
2245,3150,14,alert,tcp,$EXTERNAL_NET,any,->,$HOME_NET,$HTTP_PORTS,,attempted-admin,http,ruleset community,E01,True," msg:""SERVER-IIS SQLXML content type overflow""; flow:to_server,established; http_uri; pcre:""/\.x[sm]l/i""; content:""contenttype=""; pcre:""/contenttype=[^\r\n\x3b\x38]{100}/ims""; metadata:ruleset community; service:http; reference:bugtraq,5004; reference:cve,2002-0186; reference:nessus,11304; reference:url,technet.microsoft.com/en-us/security/bulletin/MS02-030; reference:url,www.westpoint.ltd.uk/advisories/wp-02-0007.txt; classtype:attempted-admin; sid:3150; rev:14; ",True,False,False,False,False,INCLUDE_HIGH,E01 supported by rule text/metadata
2248,3153,9,alert,tcp,$EXTERNAL_NET,any,->,$HOME_NET,53,,attempted-admin,dns,ruleset community,E01,True," msg:""PROTOCOL-DNS TCP inverse query overflow""; flow:to_server,established; byte_test:1,<,16,4; byte_test:1,&,8,4; isdataat:400; metadata:ruleset community; service:dns; reference:bugtraq,134; reference:cve,1999-0009; classtype:attempted-admin; sid:3153; rev:9; ",True,False,False,False,False,INCLUDE_HIGH,E01 supported by rule text/metadata
2249,3154,12,alert,udp,$EXTERNAL_NET,any,->,$HOME_NET,53,,attempted-admin,dns,"policy max-detect-ips drop,ruleset community",E01,True," msg:""PROTOCOL-DNS UDP inverse query overflow""; flow:to_server; isdataat:400; byte_test:1,<,16,2; byte_test:1,&,8,2; metadata:policy max-detect-ips drop,ruleset community; service:dns; reference:bugtraq,134; reference:cve,1999-0009; classtype:attempted-admin; sid:3154; rev:12; ",True,False,False,False,False,INCLUDE_HIGH,E01 supported by rule text/metadata
2253,3171,16,alert,udp,$EXTERNAL_NET,any,->,$HOME_NET,"[135,1024:]",,attempted-admin,dcerpc,"policy max-detect-ips drop,policy security-ips drop,ruleset community",E01,True," msg:""OS-WINDOWS DCERPC NCADG-IP-UDP msqueue function 4 overflow attempt""; dce_iface:uuid 975201b0-59ca-11d0-a8d5-00a0c90d8051; dce_opnum:""4""; dce_stub_data; byte_test:4,>,128,8,dce; metadata:policy max-detect-ips drop,policy security-ips drop,ruleset community; service:dcerpc; reference:cve,2005-0059; reference:url,technet.microsoft.com/en-us/security/bulletin/MS05-017; classtype:attempted-admin; sid:3171; rev:16; ",True,False,False,False,False,INCLUDE_HIGH,E01 supported by rule text/metadata
2254,3192,19,alert,tcp,$EXTERNAL_NET,$HTTP_PORTS,->,$HOME_NET,any,,attempted-user,http,ruleset community,E01,True," msg:""OS-WINDOWS Microsoft Windows Media Player directory traversal via Content-Disposition attempt""; flow:to_client,established; http_header; content:"".wmz"",fast_pattern,nocase; content:""Content-Disposition|3A|"",nocase; content:""filename="",nocase; pcre:""/filename=[^\x3b\x3a\r\n]*(\x25\x2e\x25\x2e\x25\x5c|\x25\x32\x65\x25\x35\x63|\x2e\x2e\x5c)[^\x3b\x3a\r\n]*\x2ewmz/ims""; metadata:ruleset community; service:http; reference:bugtraq,7517; reference:cve,2003-0228; reference:nessus,11595; reference:url,technet.microsoft.com/en-us/security/bulletin/MS03-017; classtype:attempted-user; sid:3192; rev:19; ",False,False,False,False,False,REVIEW,candidate from broad triage; direct rule evidence not strong enough for automatic inclusion
2257,3195,11,alert,tcp,$EXTERNAL_NET,any,->,$HOME_NET,137,,attempted-admin,netbios-ns,"policy max-detect-ips drop,ruleset community",E01,True," msg:""OS-WINDOWS name query overflow attempt TCP""; flow:to_server,established; byte_test:1,&,64,2; content:"" "",offset 12; isdataat:56,relative; metadata:policy max-detect-ips drop,ruleset community; service:netbios-ns; reference:bugtraq,9624; reference:cve,2003-0825; reference:nessus,15912; reference:url,technet.microsoft.com/en-us/security/bulletin/ms04-006; classtype:attempted-admin; sid:3195; rev:11; ",True,False,False,True,False,INCLUDE_HIGH,E01 supported by rule text/metadata
2258,3196,9,alert,udp,$EXTERNAL_NET,any,->,$HOME_NET,137,,attempted-admin,netbios-ns,"policy max-detect-ips drop,ruleset community",E01,True," msg:""OS-WINDOWS name query overflow attempt UDP""; byte_test:1,&,64,2; content:"" "",offset 12; isdataat:56,relative; metadata:policy max-detect-ips drop,ruleset community; service:netbios-ns; reference:bugtraq,9624; reference:cve,2003-0825; reference:nessus,15912; reference:url,technet.microsoft.com/en-us/security/bulletin/ms04-006; classtype:attempted-admin; sid:3196; rev:9; ",True,False,False,True,False,INCLUDE_HIGH,E01 supported by rule text/metadata
2259,3199,12,alert,tcp,$EXTERNAL_NET,any,->,$HOME_NET,42,,attempted-admin,,"policy max-detect-ips drop,ruleset community",E01,True," msg:""OS-WINDOWS Microsoft Windows WINS name query overflow attempt TCP""; flow:established; byte_test:1,&,64,2; content:"" "",offset 12; isdataat:56,relative; metadata:policy max-detect-ips drop,ruleset community; reference:bugtraq,9624; reference:cve,2003-0825; reference:nessus,15912; reference:url,technet.microsoft.com/en-us/security/bulletin/MS04-006; classtype:attempted-admin; sid:3199; rev:12; ",True,False,False,False,False,INCLUDE_HIGH,E01 supported by rule text/metadata
2260,3200,13,alert,udp,$EXTERNAL_NET,any,->,$HOME_NET,42,,attempted-admin,,"policy max-detect-ips drop,ruleset community",E01,True," msg:""OS-WINDOWS Microsoft Windows WINS name query overflow attempt UDP""; flow:to_server; byte_test:1,&,64,2; content:"" "",offset 12; isdataat:56,relative; metadata:policy max-detect-ips drop,ruleset community; reference:bugtraq,9624; reference:cve,2003-0825; reference:nessus,15912; reference:url,technet.microsoft.com/en-us/security/bulletin/MS04-006; classtype:attempted-admin; sid:3200; rev:13; ",True,False,False,False,False,INCLUDE_HIGH,E01 supported by rule text/metadata
2262,3218,23,alert,tcp,$EXTERNAL_NET,any,->,$HOME_NET,"[139,445]",,attempted-admin,netbios-ssn,ruleset community,E01,True," msg:""OS-WINDOWS DCERPC NCACN-IP-TCP winreg OpenKey overflow attempt""; flow:to_server,established; dce_iface:uuid 338cd001-2244-31f1-aaaa-900038001003; dce_opnum:""15""; dce_stub_data; byte_test:2,>,1024,20,dce; metadata:ruleset community; service:netbios-ssn; reference:bugtraq,1331; reference:cve,2000-0377; reference:url,technet.microsoft.com/en-us/security/bulletin/ms00-040; classtype:attempted-admin; sid:3218; rev:23; ",True,False,False,True,False,INCLUDE_HIGH,E01 supported by rule text/metadata
2263,3234,6,alert,udp,$EXTERNAL_NET,any,->,$HOME_NET,135,,attempted-admin,,"policy max-detect-ips drop,ruleset community",E01,True," msg:""OS-WINDOWS Messenger message little endian overflow attempt""; content:""|04 00|"",depth 2; byte_test:1,&,16,2,relative; content:""|F8 91|{Z|00 FF D0 11 A9 B2 00 C0|O|B6 E6 FC|"",within 16,distance 22; content:""|00 00|"",within 2,distance 28; byte_jump:4,18,relative,little,align; byte_jump:4,8,relative,little,align; byte_test:4,>,1024,8,relative,little; metadata:policy max-detect-ips drop,ruleset community; reference:bugtraq,8826; reference:cve,2003-0717; classtype:attempted-admin; sid:3234; rev:6; ",True,False,False,False,False,INCLUDE_HIGH,E01 supported by rule text/metadata
2264,3235,6,alert,udp,$EXTERNAL_NET,any,->,$HOME_NET,135,,attempted-admin,,"policy max-detect-ips drop,ruleset community",E01,True," msg:""OS-WINDOWS Messenger message overflow attempt""; content:""|04 00|"",depth 2; byte_test:1,!&,16,2,relative; content:""|F8 91|{Z|00 FF D0 11 A9 B2 00 C0|O|B6 E6 FC|"",within 16,distance 22; content:""|00 00|"",within 2,distance 28; byte_jump:4,18,relative,align; byte_jump:4,8,relative,align; byte_test:4,>,1024,8,relative; metadata:policy max-detect-ips drop,ruleset community; reference:bugtraq,8826; reference:cve,2003-0717; classtype:attempted-admin; sid:3235; rev:6; ",True,False,False,False,False,INCLUDE_HIGH,E01 supported by rule text/metadata
2265,3238,15,alert,tcp,$EXTERNAL_NET,any,->,$HOME_NET,"[135,593,1024:]",,attempted-admin,,ruleset community,E01,True," msg:""OS-WINDOWS DCERPC NCACN-IP-TCP irot IrotIsRunning/Revoke overflow attempt""; flow:to_server,established; dce_iface:uuid b9e79e60-3d52-11ce-aaa1-00006901293f; dce_opnum:""1-2""; dce_stub_data; pcre:""/^(\x00\x00\x00\x00|.{12})/s""; byte_jump:4,-4,relative,dce,align; byte_test:4,>,1024,0,relative,dce; metadata:ruleset community; reference:bugtraq,6005; reference:cve,2002-1561; reference:url,technet.microsoft.com/en-us/security/bulletin/ms03-010; classtype:attempted-admin; sid:3238; rev:15; ",True,False,False,False,False,INCLUDE_HIGH,E01 supported by rule text/metadata
2266,3239,15,alert,udp,$EXTERNAL_NET,any,->,$HOME_NET,"[135,1024:]",,attempted-admin,,"policy max-detect-ips drop,ruleset community",E01,True," msg:""OS-WINDOWS DCERPC NCADG-IP-UDP irot IrotIsRunning/Revoke overflow attempt""; dce_iface:uuid b9e79e60-3d52-11ce-aaa1-00006901293f; dce_opnum:""1-2""; dce_stub_data; pcre:""/^(\x00\x00\x00\x00|.{12})/s""; byte_jump:4,-4,relative,dce,align; byte_test:4,>,1024,0,relative,dce; metadata:policy max-detect-ips drop,ruleset community; reference:bugtraq,6005; reference:cve,2002-1561; reference:url,technet.microsoft.com/en-us/security/bulletin/ms03-010; classtype:attempted-admin; sid:3239; rev:15; ",True,False,False,False,False,INCLUDE_HIGH,E01 supported by rule text/metadata
2268,3274,15,alert,tcp,$EXTERNAL_NET,any,->,$TELNET_SERVERS,23,,attempted-admin,telnet,"policy max-detect-ips drop,ruleset community",E01,True," msg:""PROTOCOL-TELNET login buffer non-evasive overflow attempt ""; flow:to_server,established; raw_data; content:""|FF FA|'|00 00|""; pcre:""/T.*?T.*?Y.*?P.*?R.*?O.*?M.*?P.*?T/Ri""; flowbits:set,ttyprompt; metadata:policy max-detect-ips drop,ruleset community; service:telnet; reference:bugtraq,3681; reference:cve,2001-0797; reference:nessus,10827; classtype:attempted-admin; sid:3274; rev:15; ",True,False,False,False,False,INCLUDE_HIGH,E01 supported by rule text/metadata
2271,3409,18,alert,tcp,$EXTERNAL_NET,any,->,$HOME_NET,"[135,139,445,593,1024:]",,attempted-admin,"dcerpc,netbios-ssn","policy max-detect-ips drop,ruleset community",E01,True," msg:""OS-WINDOWS DCERPC NCACN-IP-TCP IActivation remoteactivation overflow attempt""; flow:to_server,established; dce_iface:uuid 4d9f4ab8-7d1c-11cf-861e-0020af6e7c57; dce_opnum:""0""; dce_stub_data; byte_test:4,>,256,52,dce; metadata:policy max-detect-ips drop,ruleset community; service:dcerpc,netbios-ssn; reference:bugtraq,8205; reference:cve,2003-0352; reference:cve,2003-0528; reference:cve,2003-0715; reference:url,technet.microsoft.com/en-us/security/bulletin/MS03-026; reference:url,technet.microsoft.com/en-us/security/bulletin/MS03-039; classtype:attempted-admin; sid:3409; rev:18; ",True,False,False,True,False,INCLUDE_HIGH,E01 supported by rule text/metadata
2273,3442,11,alert,tcp,$EXTERNAL_NET,any,->,$HOME_NET,515,,attempted-dos,,ruleset community,E01,True," msg:""OS-WINDOWS Microsoft Windows TCP print service overflow attempt""; flow:to_server,established; pcre:""/^(\x03|\x04|\x05)/s""; content:""|00|"",within 497; content:""|0A|"",within 497; metadata:ruleset community; reference:bugtraq,1082; reference:cve,2000-0232; reference:url,technet.microsoft.com/en-us/security/bulletin/MS00-021; classtype:attempted-dos; sid:3442; rev:11; ",True,False,False,False,False,INCLUDE_HIGH,E01 supported by rule text/metadata
2276,3455,7,alert,tcp,$EXTERNAL_NET,any,->,$HOME_NET,5001,,attempted-user,,ruleset community,E01,True," msg:""SERVER-OTHER Bontago Game Server Nickname buffer overflow""; flow:to_server,established; content:""|FF 01 00 00 00 00 01|""; isdataat:512,relative; metadata:ruleset community; reference:bugtraq,12603; reference:cve,2005-0501; reference:url,aluigi.altervista.org/adv/bontagobof-adv.txt; classtype:attempted-user; sid:3455; rev:7; ",True,False,False,False,False,INCLUDE_HIGH,E01 supported by rule text/metadata
2278,3457,14,alert,tcp,$EXTERNAL_NET,any,->,$HOME_NET,617,,attempted-user,,"policy max-detect-ips drop,policy security-ips drop,ruleset community",E01,True," msg:""SERVER-OTHER Arkeia backup client type 77 overflow attempt""; flow:to_server,established; content:""|00|M"",depth 2; byte_test:2,>,23,6; metadata:policy max-detect-ips drop,policy security-ips drop,ruleset community; reference:bugtraq,12594; reference:cve,2005-0491; reference:nessus,17158; classtype:attempted-user; sid:3457; rev:14; ",True,False,False,False,False,INCLUDE_HIGH,E01 supported by rule text/metadata
2279,3458,9,alert,tcp,$EXTERNAL_NET,any,->,$HOME_NET,617,,attempted-user,,"policy max-detect-ips drop,policy security-ips drop,ruleset community",E01,True," msg:""SERVER-OTHER Arkeia backup client type 84 overflow attempt""; flow:to_server,established; content:""|00|T"",depth 2; byte_test:2,>,255,6; isdataat:263; content:!""|00|"",depth 255,offset 8; metadata:policy max-detect-ips drop,policy security-ips drop,ruleset community; reference:bugtraq,12594; reference:cve,2005-0491; classtype:attempted-user; sid:3458; rev:9; ",True,False,False,False,False,INCLUDE_HIGH,E01 supported by rule text/metadata
2282,3461,18,alert,tcp,$EXTERNAL_NET,any,->,$SMTP_SERVERS,25,,attempted-admin,smtp,"policy max-detect-ips drop,ruleset community",E01,True," msg:""SERVER-MAIL Content-Type overflow attempt""; flow:to_server,established; content:""Content-Type"",nocase; content:""|3A|"",distance 0; pcre:""/^\s*Content-Type\s*\x3A\s*[^\r\n]{300}/im""; metadata:policy max-detect-ips drop,ruleset community; service:smtp; reference:bugtraq,44732; reference:bugtraq,7419; reference:cve,2003-0113; reference:url,technet.microsoft.com/en-us/security/bulletin/MS03-015; classtype:attempted-admin; sid:3461; rev:18; ",True,False,False,False,False,INCLUDE_HIGH,E01 supported by rule text/metadata
2283,3462,14,alert,tcp,$EXTERNAL_NET,any,->,$SMTP_SERVERS,25,,attempted-admin,smtp,ruleset community,E01,True," msg:""BROWSER-IE Microsoft Internet Explorer Content-Encoding overflow attempt""; flow:to_server,established; content:""Content-Encoding"",nocase; content:""|3A|"",distance 0; pcre:""/^\s*Content-Encoding\s*\x3A\s*[^\r\n]{300}/im""; metadata:ruleset community; service:smtp; reference:bugtraq,7419; reference:cve,2003-0113; reference:url,technet.microsoft.com/en-us/security/bulletin/MS03-015; classtype:attempted-admin; sid:3462; rev:14; ",True,False,False,False,False,INCLUDE_HIGH,E01 supported by rule text/metadata
2285,3464,12,alert,tcp,$EXTERNAL_NET,any,->,$HTTP_SERVERS,$HTTP_PORTS,,web-application-attack,http,ruleset community,E02,True," msg:""SERVER-WEBAPP awstats.pl command execution attempt""; flow:to_server,established; http_uri; content:""/awstats.pl?"",fast_pattern,nocase; content:""update=""; pcre:""/update=[^\r\n\x26]+/i""; content:""logfile="",nocase; pcre:""/awstats.pl?[^\r\n]*logfile=\x7C/i""; metadata:ruleset community; service:http; reference:bugtraq,12572; reference:nessus,16456; classtype:web-application-attack; sid:3464; rev:12; ",False,True,False,False,False,INCLUDE_HIGH,E02 supported by rule text/metadata
2302,17745,10,alert,tcp,$HOME_NET,any,->,$EXTERNAL_NET,445,,protocol-command-decode,netbios-ssn,"policy max-detect-ips alert,ruleset community",E04,True," msg:""NETBIOS SMB TRANS2 Find_First2 request attempt""; flow:to_server,established; content:""|FF|SMB2|00 00 00 00|"",depth 9,offset 4; content:""|00 00|"",within 2,distance 13; content:""|00|"",within 1,distance 18; content:""|00 00|"",within 2,distance 6; content:""|01 00|"",within 2,distance 10; flowbits:set,smb.trans2.findfirst2; flowbits:noalert; metadata:policy max-detect-ips alert,ruleset community; service:netbios-ssn; classtype:protocol-command-decode; sid:17745; rev:10; ",False,False,False,True,False,INCLUDE_HIGH,E04 supported by rule text/metadata
2303,19190,9,alert,tcp,$HOME_NET,any,->,$EXTERNAL_NET,445,,protocol-command-decode,netbios-ssn,"policy max-detect-ips alert,ruleset community",E04,True," msg:""NETBIOS SMB-DS Trans2 Distributed File System GET_DFS_REFERRAL request""; flow:to_server,established; content:""|00|"",offset 1; content:""|FF|SMB2"",depth 5,offset 4; content:""|00 00 00 00|"",within 4; content:""|10 00|"",depth 2,offset 65; flowbits:set,smb.trans2.get_dfs_referral; flowbits:noalert; metadata:policy max-detect-ips alert,ruleset community; service:netbios-ssn; classtype:protocol-command-decode; sid:19190; rev:9; ",False,False,False,True,False,INCLUDE_HIGH,E04 supported by rule text/metadata
2333,21246,6,alert,tcp,$EXTERNAL_NET,any,->,$HOME_NET,$HTTP_PORTS,,network-scan,http,ruleset community,E03,True," msg:""MALWARE-CNC User-Agent known malicious user-agent string DataCha0s""; flow:to_server,established; http_header; content:""User-Agent|3A 20|DataCha0s"",fast_pattern,nocase; metadata:ruleset community; service:http; reference:url,www.internetofficer.com/web-robot/datacha0s/; classtype:network-scan; sid:21246; rev:6; ",False,False,True,False,False,INCLUDE_HIGH,E03 supported by rule text/metadata
2336,21257,5,alert,tcp,$EXTERNAL_NET,any,->,$HOME_NET,$HTTP_PORTS,,network-scan,http,ruleset community,E03,True," msg:""MALWARE-CNC URI - known scanner tool muieblackcat""; flow:to_server,established; http_uri; content:""/muieblackcat"",nocase; pcre:""/\/muieblackcat$/i""; metadata:ruleset community; service:http; reference:url,serverfault.com/questions/309309/what-is-muieblackcat; classtype:network-scan; sid:21257; rev:5; ",False,False,True,False,False,INCLUDE_HIGH,E03 supported by rule text/metadata
2337,21266,5,alert,tcp,$EXTERNAL_NET,any,->,$HOME_NET,$HTTP_PORTS,,network-scan,http,ruleset community,E03,True," msg:""MALWARE-CNC User-Agent known malicious user-agent string Morfeus Scanner""; flow:to_server,established; http_header; content:""User|2D|Agent|3A 20|Morfeus|20|Fucking|20|Scanner"",fast_pattern,nocase; metadata:ruleset community; service:http; classtype:network-scan; sid:21266; rev:5; ",False,False,True,False,False,INCLUDE_HIGH,E03 supported by rule text/metadata
2346,21327,8,alert,tcp,$EXTERNAL_NET,any,->,$HOME_NET,$HTTP_PORTS,,network-scan,http,ruleset community,E03,True," msg:""MALWARE-CNC User-Agent ASafaWeb Scan""; flow:to_server,established; http_header; content:""User-Agent|3A| asafaweb.com"",fast_pattern,nocase; metadata:ruleset community; service:http; reference:url,asafaweb.com; classtype:network-scan; sid:21327; rev:8; ",False,False,True,False,False,INCLUDE_HIGH,E03 supported by rule text/metadata
2347,21375,8,alert,tcp,$EXTERNAL_NET,any,->,$HOME_NET,$HTTP_PORTS,,web-application-attack,http,"policy max-detect-ips drop,ruleset community",E01,True," msg:""SERVER-WEBAPP Remote Execution Backdoor Attempt Against Horde""; flow:to_server,established; http_uri; content:""/services/javascript.php"",fast_pattern,nocase; http_cookie; content:""href=""; http_client_body; content:""file=open_calendar.js""; metadata:policy max-detect-ips drop,ruleset community; service:http; reference:cve,2012-0209; reference:url,dev.horde.org/h/jonah/stories/view.php?channel_id=1&id=155; reference:url,eromang.zataz.com/2012/02/15/cve-2012-0209-horde-backdoor-analysis/; reference:url,pastebin.com/U3ADiWrP; classtype:web-application-attack; sid:21375; rev:8; ",True,True,False,False,False,INCLUDE_HIGH,E01 supported by rule text/metadata
2351,21417,10,alert,tcp,$EXTERNAL_NET,$FILE_DATA_PORTS,->,$HOME_NET,any,,trojan-activity,"ftp-data,http,imap,pop3","policy max-detect-ips drop,ruleset community",E01,True," msg:""FILE-PDF hostile PDF associated with Laik exploit kit""; flow:to_client,established; flowbits:isset,file.pdf; file_data; content:""%PDF-1.""; content:"") /CreationDate (D:20110405234628)>>"",fast_pattern,nocase; metadata:policy max-detect-ips drop,ruleset community; service:ftp-data,http,imap,pop3; classtype:trojan-activity; sid:21417; rev:10; ",True,False,False,False,False,INCLUDE_HIGH,E01 supported by rule text/metadata
2352,21438,8,alert,tcp,$EXTERNAL_NET,$HTTP_PORTS,->,$HOME_NET,any,,trojan-activity,http,"impact_flag red,policy max-detect-ips drop,policy security-ips drop,ruleset community",E01,True," msg:""EXPLOIT-KIT Blackhole exploit kit JavaScript carat string splitting with hostile applet""; flow:to_client,established; content:""<html><body><applet|20|code="",nocase; content:""|20|archive="",distance 0,nocase; content:""display|3A|none|3B|"",distance 0,nocase; pcre:""/([@\x2da-z0-9]+?\x5e){10}/ims""; metadata:impact_flag red,policy max-detect-ips drop,policy security-ips drop,ruleset community; service:http; reference:cve,2006-0003; reference:cve,2007-5659; reference:cve,2008-0655; reference:cve,2008-2992; reference:cve,2009-0927; reference:cve,2010-1885; reference:cve,2011-0559; reference:cve,2011-2110; reference:cve,2011-3544; reference:cve,2012-0188; reference:cve,2012-0507; reference:cve,2012-1723; reference:cve,2012-1889; reference:cve,2012-4681; reference:url,community.websense.com/blogs/securitylabs/pages/black-hole-exploit-kit.aspx; classtype:trojan-activity; sid:21438; rev:8; ",True,False,False,False,False,INCLUDE_HIGH,E01 supported by rule text/metadata
2385,21818,5,alert,tcp,$EXTERNAL_NET,any,->,$HOME_NET,$HTTP_PORTS,,attempted-recon,http,"policy max-detect-ips drop,ruleset community",E01,True," msg:""SERVER-WEBAPP System variable directory traversal attempt - %ALLUSERSPROFILE%""; flow:to_server,established; http_uri; content:""%ALLUSERSPROFILE%"",fast_pattern,nocase; metadata:policy max-detect-ips drop,ruleset community; service:http; classtype:attempted-recon; sid:21818; rev:5; ",False,False,True,False,False,REVIEW,candidate from broad triage; direct rule evidence not strong enough for automatic inclusion
2386,21819,5,alert,tcp,$EXTERNAL_NET,any,->,$HOME_NET,$HTTP_PORTS,,attempted-recon,http,"policy max-detect-ips drop,ruleset community",E01,True," msg:""SERVER-WEBAPP System variable directory traversal attempt - %PROGRAMDATA%""; flow:to_server,established; http_uri; content:""%PROGRAMDATA%"",fast_pattern,nocase; metadata:policy max-detect-ips drop,ruleset community; service:http; classtype:attempted-recon; sid:21819; rev:5; ",False,False,True,False,False,REVIEW,candidate from broad triage; direct rule evidence not strong enough for automatic inclusion
2387,21820,5,alert,tcp,$EXTERNAL_NET,any,->,$HOME_NET,$HTTP_PORTS,,attempted-recon,http,"policy max-detect-ips drop,ruleset community",E01,True," msg:""SERVER-WEBAPP System variable directory traversal attempt - %APPDATA%""; flow:to_server,established; http_uri; content:""%APPDATA%"",fast_pattern,nocase; metadata:policy max-detect-ips drop,ruleset community; service:http; classtype:attempted-recon; sid:21820; rev:5; ",False,False,True,False,False,REVIEW,candidate from broad triage; direct rule evidence not strong enough for automatic inclusion
2388,21821,5,alert,tcp,$EXTERNAL_NET,any,->,$HOME_NET,$HTTP_PORTS,,attempted-recon,http,"policy max-detect-ips drop,ruleset community",E01,True," msg:""SERVER-WEBAPP System variable directory traversal attempt - %COMMONPROGRAMFILES%""; flow:to_server,established; http_uri; content:""%COMMONPROGRAMFILES%"",fast_pattern,nocase; metadata:policy max-detect-ips drop,ruleset community; service:http; classtype:attempted-recon; sid:21821; rev:5; ",False,False,True,False,False,REVIEW,candidate from broad triage; direct rule evidence not strong enough for automatic inclusion
2389,21822,5,alert,tcp,$EXTERNAL_NET,any,->,$HOME_NET,$HTTP_PORTS,,attempted-recon,http,"policy max-detect-ips drop,ruleset community",E01,True," msg:""SERVER-WEBAPP System variable directory traversal attempt - %COMMONPROGRAMFILES - x86%""; flow:to_server,established; http_uri; content:""%COMMONPROGRAMFILES|40|x86|41|%"",fast_pattern,nocase; metadata:policy max-detect-ips drop,ruleset community; service:http; classtype:attempted-recon; sid:21822; rev:5; ",False,False,True,False,False,REVIEW,candidate from broad triage; direct rule evidence not strong enough for automatic inclusion
2390,21823,5,alert,tcp,$EXTERNAL_NET,any,->,$HOME_NET,$HTTP_PORTS,,attempted-recon,http,"policy max-detect-ips drop,ruleset community",E01,True," msg:""SERVER-WEBAPP System variable directory traversal attempt - %COMSPEC%""; flow:to_server,established; http_uri; content:""%COMSPEC%"",fast_pattern,nocase; metadata:policy max-detect-ips drop,ruleset community; service:http; classtype:attempted-recon; sid:21823; rev:5; ",False,False,True,False,False,REVIEW,candidate from broad triage; direct rule evidence not strong enough for automatic inclusion
2391,21824,5,alert,tcp,$EXTERNAL_NET,any,->,$HOME_NET,$HTTP_PORTS,,attempted-recon,http,"policy max-detect-ips drop,ruleset community",E01,True," msg:""SERVER-WEBAPP System variable directory traversal attempt - %HOMEDRIVE%""; flow:to_server,established; http_uri; content:""%HOMEDRIVE%"",fast_pattern,nocase; metadata:policy max-detect-ips drop,ruleset community; service:http; classtype:attempted-recon; sid:21824; rev:5; ",False,False,True,False,False,REVIEW,candidate from broad triage; direct rule evidence not strong enough for automatic inclusion
2392,21825,5,alert,tcp,$EXTERNAL_NET,any,->,$HOME_NET,$HTTP_PORTS,,attempted-recon,http,"policy max-detect-ips drop,ruleset community",E01,True," msg:""SERVER-WEBAPP System variable directory traversal attempt - %HOMEPATH%""; flow:to_server,established; http_uri; content:""%HOMEPATH%"",fast_pattern,nocase; metadata:policy max-detect-ips drop,ruleset community; service:http; classtype:attempted-recon; sid:21825; rev:5; ",False,False,True,False,False,REVIEW,candidate from broad triage; direct rule evidence not strong enough for automatic inclusion
2393,21826,5,alert,tcp,$EXTERNAL_NET,any,->,$HOME_NET,$HTTP_PORTS,,attempted-recon,http,"policy max-detect-ips drop,ruleset community",E01,True," msg:""SERVER-WEBAPP System variable directory traversal attempt - %LOCALAPPDATA%""; flow:to_server,established; http_uri; content:""%LOCALAPPDATA%"",fast_pattern,nocase; metadata:policy max-detect-ips drop,ruleset community; service:http; classtype:attempted-recon; sid:21826; rev:5; ",False,False,True,False,False,REVIEW,candidate from broad triage; direct rule evidence not strong enough for automatic inclusion
2394,21827,5,alert,tcp,$EXTERNAL_NET,any,->,$HOME_NET,$HTTP_PORTS,,attempted-recon,http,"policy max-detect-ips drop,ruleset community",E01,True," msg:""SERVER-WEBAPP System variable directory traversal attempt - %PROGRAMFILES%""; flow:to_server,established; http_uri; content:""%PROGRAMFILES%"",fast_pattern,nocase; metadata:policy max-detect-ips drop,ruleset community; service:http; classtype:attempted-recon; sid:21827; rev:5; ",False,False,True,False,False,REVIEW,candidate from broad triage; direct rule evidence not strong enough for automatic inclusion
2395,21828,5,alert,tcp,$EXTERNAL_NET,any,->,$HOME_NET,$HTTP_PORTS,,attempted-recon,http,"policy max-detect-ips drop,ruleset community",E01,True," msg:""SERVER-WEBAPP System variable directory traversal attempt - %PROGRAMFILES - X86%""; flow:to_server,established; http_uri; content:""%PROGRAMFILES|40|X86|41|%"",fast_pattern,nocase; metadata:policy max-detect-ips drop,ruleset community; service:http; classtype:attempted-recon; sid:21828; rev:5; ",False,False,True,False,False,REVIEW,candidate from broad triage; direct rule evidence not strong enough for automatic inclusion
2396,21829,5,alert,tcp,$EXTERNAL_NET,any,->,$HOME_NET,$HTTP_PORTS,,attempted-recon,http,"policy max-detect-ips drop,ruleset community",E01,True," msg:""SERVER-WEBAPP System variable directory traversal attempt - %SystemDrive%""; flow:to_server,established; http_uri; content:""%SystemDrive%"",fast_pattern,nocase; metadata:policy max-detect-ips drop,ruleset community; service:http; classtype:attempted-recon; sid:21829; rev:5; ",False,False,True,False,False,REVIEW,candidate from broad triage; direct rule evidence not strong enough for automatic inclusion
2397,21830,5,alert,tcp,$EXTERNAL_NET,any,->,$HOME_NET,$HTTP_PORTS,,attempted-recon,http,"policy max-detect-ips drop,ruleset community",E01,True," msg:""SERVER-WEBAPP System variable directory traversal attempt - %SystemRoot%""; flow:to_server,established; http_uri; content:""%SystemRoot%"",fast_pattern,nocase; metadata:policy max-detect-ips drop,ruleset community; service:http; classtype:attempted-recon; sid:21830; rev:5; ",False,False,True,False,False,REVIEW,candidate from broad triage; direct rule evidence not strong enough for automatic inclusion
2398,21831,5,alert,tcp,$EXTERNAL_NET,any,->,$HOME_NET,$HTTP_PORTS,,attempted-recon,http,"policy max-detect-ips drop,ruleset community",E01,True," msg:""SERVER-WEBAPP System variable directory traversal attempt - %TEMP%""; flow:to_server,established; http_uri; content:""%TEMP%"",fast_pattern,nocase; metadata:policy max-detect-ips drop,ruleset community; service:http; classtype:attempted-recon; sid:21831; rev:5; ",False,False,True,False,False,REVIEW,candidate from broad triage; direct rule evidence not strong enough for automatic inclusion
2399,21832,5,alert,tcp,$EXTERNAL_NET,any,->,$HOME_NET,$HTTP_PORTS,,attempted-recon,http,"policy max-detect-ips drop,ruleset community",E01,True," msg:""SERVER-WEBAPP System variable directory traversal attempt - %TMP%""; flow:to_server,established; http_uri; content:""%TMP%"",fast_pattern,nocase; metadata:policy max-detect-ips drop,ruleset community; service:http; classtype:attempted-recon; sid:21832; rev:5; ",False,False,True,False,False,REVIEW,candidate from broad triage; direct rule evidence not strong enough for automatic inclusion
2400,21833,5,alert,tcp,$EXTERNAL_NET,any,->,$HOME_NET,$HTTP_PORTS,,attempted-recon,http,"policy max-detect-ips drop,ruleset community",E01,True," msg:""SERVER-WEBAPP System variable directory traversal attempt - %USERDATA%""; flow:to_server,established; http_uri; content:""%USERDATA%"",fast_pattern,nocase; metadata:policy max-detect-ips drop,ruleset community; service:http; classtype:attempted-recon; sid:21833; rev:5; ",False,False,True,False,False,REVIEW,candidate from broad triage; direct rule evidence not strong enough for automatic inclusion
2401,21834,5,alert,tcp,$EXTERNAL_NET,any,->,$HOME_NET,$HTTP_PORTS,,attempted-recon,http,"policy max-detect-ips drop,ruleset community",E01,True," msg:""SERVER-WEBAPP System variable directory traversal attempt - %USERNAME%""; flow:to_server,established; http_uri; content:""%USERNAME%"",fast_pattern,nocase; metadata:policy max-detect-ips drop,ruleset community; service:http; classtype:attempted-recon; sid:21834; rev:5; ",False,False,True,False,False,REVIEW,candidate from broad triage; direct rule evidence not strong enough for automatic inclusion
2402,21835,5,alert,tcp,$EXTERNAL_NET,any,->,$HOME_NET,$HTTP_PORTS,,attempted-recon,http,"policy max-detect-ips drop,ruleset community",E01,True," msg:""SERVER-WEBAPP System variable directory traversal attempt - %USERPROFILE%""; flow:to_server,established; http_uri; content:""%USERPROFILE%"",fast_pattern,nocase; metadata:policy max-detect-ips drop,ruleset community; service:http; classtype:attempted-recon; sid:21835; rev:5; ",False,False,True,False,False,REVIEW,candidate from broad triage; direct rule evidence not strong enough for automatic inclusion
2403,21836,5,alert,tcp,$EXTERNAL_NET,any,->,$HOME_NET,$HTTP_PORTS,,attempted-recon,http,"policy max-detect-ips drop,ruleset community",E01,True," msg:""SERVER-WEBAPP System variable directory traversal attempt - %WINDIR%""; flow:to_server,established; http_uri; content:""%WINDIR%"",fast_pattern,nocase; metadata:policy max-detect-ips drop,ruleset community; service:http; classtype:attempted-recon; sid:21836; rev:5; ",False,False,True,False,False,REVIEW,candidate from broad triage; direct rule evidence not strong enough for automatic inclusion
2404,21837,5,alert,tcp,$EXTERNAL_NET,any,->,$HOME_NET,$HTTP_PORTS,,attempted-recon,http,"policy max-detect-ips drop,ruleset community",E01,True," msg:""SERVER-WEBAPP System variable directory traversal attempt - %PUBLIC%""; flow:to_server,established; http_uri; content:""%PUBLIC%"",fast_pattern,nocase; metadata:policy max-detect-ips drop,ruleset community; service:http; classtype:attempted-recon; sid:21837; rev:5; ",False,False,True,False,False,REVIEW,candidate from broad triage; direct rule evidence not strong enough for automatic inclusion
2405,21838,5,alert,tcp,$EXTERNAL_NET,any,->,$HOME_NET,$HTTP_PORTS,,attempted-recon,http,"policy max-detect-ips drop,ruleset community",E01,True," msg:""SERVER-WEBAPP System variable directory traversal attempt - %PSModulePath%""; flow:to_server,established; http_uri; content:""%PSModulePath%"",fast_pattern,nocase; metadata:policy max-detect-ips drop,ruleset community; service:http; classtype:attempted-recon; sid:21838; rev:5; ",False,False,True,False,False,REVIEW,candidate from broad triage; direct rule evidence not strong enough for automatic inclusion
2429,23055,10,alert,tcp,$EXTERNAL_NET,any,->,$HOME_NET,21,,attempted-admin,ftp,"policy max-detect-ips drop,ruleset community",E01,True," msg:""PROTOCOL-FTP Multiple Products FTP MKD buffer overflow attempt""; flow:to_server,established; content:""MKD "",depth 4; isdataat:75,relative; content:!""|0A|"",within 75; metadata:policy max-detect-ips drop,ruleset community; service:ftp; reference:bugtraq,11772; reference:bugtraq,15457; reference:bugtraq,23885; reference:bugtraq,39041; reference:bugtraq,612; reference:bugtraq,7278; reference:bugtraq,9872; reference:cve,1999-0911; reference:cve,2004-1135; reference:cve,2005-3683; reference:cve,2007-2586; reference:cve,2009-3023; reference:cve,2010-0625; reference:nessus,12108; reference:url,technet.microsoft.com/en-us/security/bulletin/MS09-053; reference:url,www.exploit-db.com/exploits/14399/; reference:url,www.kb.cert.org/vuls/id/276653; classtype:attempted-admin; sid:23055; rev:10; ",True,False,False,False,False,INCLUDE_HIGH,E01 supported by rule text/metadata
2430,23179,5,alert,tcp,$EXTERNAL_NET,$HTTP_PORTS,->,$HOME_NET,any,,web-application-attack,http,"policy max-detect-ips drop,ruleset community",E02,True," msg:""INDICATOR-COMPROMISE script before DOCTYPE possible malicious redirect attempt""; flow:to_client,established; file_data; content:""</script><!DOCTYPE"",fast_pattern,nocase; metadata:policy max-detect-ips drop,ruleset community; service:http; classtype:web-application-attack; sid:23179; rev:5; ",False,False,False,False,False,REVIEW,candidate from broad triage; direct rule evidence not strong enough for automatic inclusion
2457,24225,3,alert,tcp,$HOME_NET,any,->,$EXTERNAL_NET,$HTTP_PORTS,,bad-unknown,http,"impact_flag red,policy balanced-ips drop,policy max-detect-ips drop,policy security-ips drop,ruleset community",E01,True," msg:""MALWARE-OTHER malicious redirection attempt""; flow:to_server,established; http_uri; content:""a=YWZmaWQ9MDUyODg"",fast_pattern,nocase; metadata:impact_flag red,policy balanced-ips drop,policy max-detect-ips drop,policy security-ips drop,ruleset community; service:http; reference:url,blog.sucuri.net/2012/09/compromised-websites-hosting-calls-to-java-exploit.html; classtype:bad-unknown; sid:24225; rev:3; ",True,False,False,False,False,INCLUDE_HIGH,E01 supported by rule text/metadata
2462,24359,9,alert,tcp,$EXTERNAL_NET,any,->,$HOME_NET,"[139,445]",,attempted-recon,netbios-ssn,"policy max-detect-ips alert,policy security-ips alert,ruleset community",E04,True," msg:""OS-WINDOWS Microsoft Windows SMB NTLM NULL session attempt""; flow:to_server,established; content:""|FF|SMB|73 00 00 00 00|"",depth 9,offset 4; content:""|00 00|"",within 2,distance 13; content:""|FF|"",within 1,distance 9; content:""NTLMSSP|00 03 00 00 00|"",within 100; content:""|00 00 00 00 48 00 00 00|"",within 8,distance 24,fast_pattern; flowbits:set,smb.null_session; flowbits:noalert; metadata:policy max-detect-ips alert,policy security-ips alert,ruleset community; service:netbios-ssn; reference:bugtraq,1163; reference:cve,2000-0347; classtype:attempted-recon; sid:24359; rev:9; ",False,False,True,True,False,INCLUDE_HIGH,E04 supported by rule text/metadata
2470,24972,6,alert,tcp,$HOME_NET,any,->,$EXTERNAL_NET,"[139,445]",,protocol-command-decode,netbios-ssn,"policy max-detect-ips alert,ruleset community",E04,True," msg:""NETBIOS SMB Trans2 FIND_FIRST2 find file and directory info request""; flow:to_server,established; content:""|FF|SMB2|00 00 00 00|"",depth 9,offset 4; byte_test:1,!&,0x80,0,relative; content:""|01 00|"",within 2,distance 52; byte_jump:2,-10,relative,from_beginning,little,post_offset 10; content:""|04 01|"",within 2; flowbits:set,smb.trans2.fileinfo; flowbits:noalert; metadata:policy max-detect-ips alert,ruleset community; service:netbios-ssn; classtype:protocol-command-decode; sid:24972; rev:6; ",False,False,False,True,False,INCLUDE_HIGH,E04 supported by rule text/metadata
2475,25256,4,alert,tcp,$HOME_NET,any,->,$EXTERNAL_NET,$HTTP_PORTS,,trojan-activity,http,"impact_flag red,ruleset community",E04,True," msg:""MALWARE-CNC Win.Worm.Gamarue variant outbound connection""; flow:to_server,established; http_method; content:""POST""; http_raw_uri; bufferlen:12; http_uri; content:""/a/image.php"",fast_pattern,nocase; http_header; content:""User-Agent|3A 20|Mozilla/4.0|0D 0A|""; metadata:impact_flag red,ruleset community; service:http; classtype:trojan-activity; sid:25256; rev:4; ",False,False,False,True,False,INCLUDE_HIGH,E04 supported by rule text/metadata
2482,25358,6,alert,tcp,$EXTERNAL_NET,any,->,$HOME_NET,$HTTP_PORTS,,web-application-attack,http,ruleset community,E01;E03,True," msg:""APP-DETECT Acunetix web vulnerability scan attempt""; flow:to_server,established; flowbits:set,acunetix-scan; http_header; content:""Acunetix-"",fast_pattern,nocase; metadata:ruleset community; service:http; reference:url,www.acunetix.com; classtype:web-application-attack; gid:1; sid:25358; rev:6; ",False,False,True,False,False,INCLUDE_HIGH,E03 supported by rule text/metadata
2483,25359,4,alert,tcp,$EXTERNAL_NET,any,->,$HOME_NET,$HTTP_PORTS,,web-application-attack,http,ruleset community,E01,True," msg:""APP-DETECT Acunetix web vulnerability scanner probe attempt""; flow:to_server,established; http_uri; content:""/acunetix-wvs-test-for-some-inexistent-file"",fast_pattern,nocase; metadata:ruleset community; service:http; reference:url,www.acunetix.com; classtype:web-application-attack; gid:1; sid:25359; rev:4; ",False,False,False,False,False,REVIEW,candidate from broad triage; direct rule evidence not strong enough for automatic inclusion
2484,25360,4,alert,tcp,$EXTERNAL_NET,any,->,$HOME_NET,$HTTP_PORTS,,web-application-attack,http,ruleset community,E01,True," msg:""APP-DETECT Acunetix web vulnerability scanner authentication attempt""; flow:to_server,established; http_uri; content:""password=g00dPa$$w0rD"",fast_pattern,nocase; metadata:ruleset community; service:http; reference:url,www.acunetix.com; classtype:web-application-attack; gid:1; sid:25360; rev:4; ",False,False,False,False,False,REVIEW,candidate from broad triage; direct rule evidence not strong enough for automatic inclusion
2485,25361,4,alert,tcp,$EXTERNAL_NET,any,->,$HOME_NET,$HTTP_PORTS,,web-application-attack,http,ruleset community,E01,True," msg:""APP-DETECT Acunetix web vulnerability scanner RFI attempt""; flow:to_server,established; http_uri; content:""src=/testasp.vulnweb.com/"",fast_pattern,nocase; metadata:ruleset community; service:http; reference:url,www.acunetix.com; classtype:web-application-attack; gid:1; sid:25361; rev:4; ",False,False,False,False,False,REVIEW,candidate from broad triage; direct rule evidence not strong enough for automatic inclusion
2486,25362,4,alert,tcp,$EXTERNAL_NET,any,->,$HOME_NET,$HTTP_PORTS,,web-application-attack,http,ruleset community,E01,True," msg:""APP-DETECT Acunetix web vulnerability scanner base64 XSS attempt""; flow:to_server,established; http_uri; content:""PHNjcmlwdD"",fast_pattern,nocase; metadata:ruleset community; service:http; reference:url,www.acunetix.com; classtype:web-application-attack; gid:1; sid:25362; rev:4; ",False,False,False,False,False,REVIEW,candidate from broad triage; direct rule evidence not strong enough for automatic inclusion
2487,25363,5,alert,tcp,$EXTERNAL_NET,any,->,$HOME_NET,$HTTP_PORTS,,web-application-attack,http,ruleset community,E01,True," msg:""APP-DETECT Acunetix web vulnerability scanner URI injection attempt""; flow:to_server,established; http_uri; content:""http:/www.acunetix.com"",fast_pattern,nocase; http_header; content:""Acunetix-"",nocase; metadata:ruleset community; service:http; reference:url,www.acunetix.com; classtype:web-application-attack; gid:1; sid:25363; rev:5; ",False,False,False,False,False,REVIEW,candidate from broad triage; direct rule evidence not strong enough for automatic inclusion
2488,25364,4,alert,tcp,$EXTERNAL_NET,any,->,$HOME_NET,$HTTP_PORTS,,web-application-attack,http,ruleset community,E01;E02,True," msg:""APP-DETECT Acunetix web vulnerability scanner prompt XSS attempt""; flow:to_server,established; http_uri; content:""<ScRiPt>prompt("",fast_pattern,nocase; metadata:ruleset community; service:http; reference:url,www.acunetix.com; classtype:web-application-attack; gid:1; sid:25364; rev:4; ",False,False,False,False,False,REVIEW,candidate from broad triage; direct rule evidence not strong enough for automatic inclusion
2489,25365,4,alert,tcp,$EXTERNAL_NET,any,->,$HOME_NET,$HTTP_PORTS,,web-application-attack,http,ruleset community,E01,True," msg:""APP-DETECT Acunetix web vulnerability scanner XSS attempt""; flow:to_server,established; http_uri; content:"">=|5C|xa2"",fast_pattern,nocase; metadata:ruleset community; service:http; reference:url,www.acunetix.com; classtype:web-application-attack; gid:1; sid:25365; rev:4; ",False,False,False,False,False,REVIEW,candidate from broad triage; direct rule evidence not strong enough for automatic inclusion
2505,25577,4,alert,tcp,$HOME_NET,any,->,$EXTERNAL_NET,$HTTP_PORTS,,trojan-activity,http,ruleset community,E05,True," msg:""MALWARE-CNC Win.Rootkit.Necurs possible URI with encrypted POST""; flow:to_server,established; http_method; content:""POST""; http_raw_uri; bufferlen:15; http_uri; content:""/admin/host.php"",fast_pattern,nocase; http_client_body; pcre:""/[^\x0d\x0a\x09\x20-\x7e]{4}/""; metadata:ruleset community; service:http; reference:url,attack.mitre.org/techniques/T1014; reference:url,www.virustotal.com/file/98fb9778208cb74c11a71afd065ae64e562ded1ae477ad42e392fe3711170319/analysis/; classtype:trojan-activity; sid:25577; rev:4; ",False,False,False,False,True,INCLUDE_HIGH,E05 supported by rule text/metadata
2509,25589,6,alert,udp,$EXTERNAL_NET,any,->,$HOME_NET,1900,,attempted-admin,ssdp,"policy max-detect-ips drop,policy security-ips drop,ruleset community",E01,True," msg:""SERVER-OTHER libupnp command buffer overflow attempt""; flow:to_server; content:""M-SEARCH "",depth 9; content:""|3A|device|3A|""; isdataat:180,relative; content:!""|3A|"",within 180; metadata:policy max-detect-ips drop,policy security-ips drop,ruleset community; service:ssdp; reference:cve,2012-5958; reference:cve,2012-5962; classtype:attempted-admin; sid:25589; rev:6; ",True,False,False,False,False,INCLUDE_HIGH,E01 supported by rule text/metadata
2520,25948,4,alert,tcp,$EXTERNAL_NET,$HTTP_PORTS,->,$HOME_NET,any,,trojan-activity,http,"policy balanced-ips drop,policy max-detect-ips drop,policy security-ips drop,ruleset community",E01,True," msg:""EXPLOIT-KIT redirection to driveby download""; flow:to_client,established; file_data; content:""/Home/index.php|22| width=1 height=1 scrolling=no></iframe>"",fast_pattern,nocase; metadata:policy balanced-ips drop,policy max-detect-ips drop,policy security-ips drop,ruleset community; service:http; classtype:trojan-activity; sid:25948; rev:4; ",True,False,False,False,False,INCLUDE_HIGH,E01 supported by rule text/metadata
2522,26020,4,alert,tcp,$HOME_NET,any,->,$EXTERNAL_NET,$HTTP_PORTS,,trojan-activity,http,"impact_flag red,policy balanced-ips drop,policy max-detect-ips drop,policy security-ips drop,ruleset community",E01,True," msg:""EXPLOIT-KIT Sibhost exploit kit""; flow:to_server,established; http_uri; content:""yoO4TAbn2tpl5DltCfASJIZ2spEJPLSn"",fast_pattern,nocase; metadata:impact_flag red,policy balanced-ips drop,policy max-detect-ips drop,policy security-ips drop,ruleset community; service:http; reference:url,www.malwaresigs.com/2013/02/26/sport-cd-am-sibhost; classtype:trojan-activity; sid:26020; rev:4; ",True,False,False,False,False,INCLUDE_HIGH,E01 supported by rule text/metadata
2529,26203,4,alert,tcp,$HOME_NET,any,->,$EXTERNAL_NET,$HTTP_PORTS,,trojan-activity,http,"impact_flag red,ruleset community",E03,True," msg:""MALWARE-CNC Win.Trojan.Gupd variant outbound connection""; flow:to_server,established; http_client_body; content:""cstype="",depth 7; content:""&authname="",within 48,distance 1; content:""&authpass="",within 48,distance 1; content:""&hostname="",within 48,distance 1; content:""&ostype="",within 256,distance 1; content:""&macaddr="",within 64,distance 16; content:""&owner="",within 48,distance 17; metadata:impact_flag red,ruleset community; service:http; reference:url,www.virustotal.com/en/file/0DD9018A9AF609382FABDA8E4EC86033DA83E42FEC25499C329DBDCBB00F2AF0/analysis/; classtype:trojan-activity; sid:26203; rev:4; ",False,False,False,False,False,REVIEW,candidate from broad triage; direct rule evidence not strong enough for automatic inclusion
2535,26275,5,alert,tcp,$EXTERNAL_NET,any,->,$HOME_NET,$HTTP_PORTS,,attempted-admin,http,"policy balanced-ips drop,policy max-detect-ips drop,policy security-ips drop,ruleset community",E02,True," msg:""SERVER-WEBAPP DD-WRT httpd cgi-bin remote command execution attempt""; flow:to_server,established; http_uri; content:""/cgi-bin/"",depth 10,nocase; content:""${IFS}"",fast_pattern,nocase; metadata:policy balanced-ips drop,policy max-detect-ips drop,policy security-ips drop,ruleset community; service:http; reference:bugtraq,35742; reference:bugtraq,94819; reference:cve,2009-2765; reference:cve,2016-6277; classtype:attempted-admin; sid:26275; rev:5; ",False,True,False,False,False,INCLUDE_HIGH,E02 supported by rule text/metadata
2542,26288,3,alert,tcp,$HOME_NET,any,->,$EXTERNAL_NET,$HTTP_PORTS,,trojan-activity,http,"impact_flag red,ruleset community",E04,True," msg:""MALWARE-CNC Brontok Worm variant outbound connection""; flow:to_server,established; http_header; content:""User-Agent|3A| Brontok.A8 Browser|0D 0A|"",fast_pattern,nocase; metadata:impact_flag red,ruleset community; service:http; reference:url,www.securelist.com/en/descriptions/10286064/Email-Worm.Win32.Brontok.rf?print_mode=1; classtype:trojan-activity; sid:26288; rev:3; ",False,False,False,True,False,INCLUDE_HIGH,E04 supported by rule text/metadata
2547,26335,3,alert,tcp,$HOME_NET,any,->,$EXTERNAL_NET,$HTTP_PORTS,,trojan-activity,http,"impact_flag red,ruleset community",E05,True," msg:""MALWARE-CNC FBI Ransom Trojan variant outbound connection""; flow:to_server,established; http_uri; content:""/nosignal.jpg?"",fast_pattern,nocase; pcre:""/^\x2fnosignal\.jpg\?\d\.\d+$/""; metadata:impact_flag red,ruleset community; service:http; classtype:trojan-activity; sid:26335; rev:3; ",False,False,False,False,True,INCLUDE_HIGH,E05 supported by rule text/metadata
2557,26411,3,alert,tcp,any,any,->,$HOME_NET,445,,trojan-activity,netbios-ssn,"policy max-detect-ips drop,ruleset community",E04,True," msg:""MALWARE-OTHER Win.Worm.Dorkbot folder snkb0ptz creation attempt SMB""; flow:to_server,established; content:""|73 00 6E 00 6B 00 62 00 30 00 70 00 74 00 7A 00|"",fast_pattern,nocase; metadata:policy max-detect-ips drop,ruleset community; service:netbios-ssn; classtype:trojan-activity; sid:26411; rev:3; ",False,False,False,True,False,INCLUDE_HIGH,E04 supported by rule text/metadata
2558,26412,3,alert,tcp,any,any,->,$HOME_NET,445,,trojan-activity,netbios-ssn,"policy max-detect-ips drop,ruleset community",E04,True," msg:""MALWARE-OTHER Win.Worm.Dorkbot executable snkb0ptz.exe creation attempt SMB""; flow:to_server,established; content:""|73 00 6E 00 6B 00 62 00 30 00 70 00 74 00 7A 00|"",fast_pattern,nocase; content:"".exe""; metadata:policy max-detect-ips drop,ruleset community; service:netbios-ssn; classtype:trojan-activity; sid:26412; rev:3; ",False,False,False,True,False,INCLUDE_HIGH,E04 supported by rule text/metadata
2559,26413,3,alert,tcp,any,any,->,$HOME_NET,445,,trojan-activity,netbios-ssn,"policy max-detect-ips drop,ruleset community",E04,True," msg:""MALWARE-OTHER Win.Worm.Dorkbot Desktop.ini snkb0ptz.exe creation attempt SMB""; flow:to_server,established; content:""|73 00 6E 00 6B 00 62 00 30 00 70 00 74 00 7A 00|""; content:""|5C|"",within 1; content:""|00 44 00 65 00 73 00 6B 00 74 00 6F 00 70 00 2E 00 69 00 6E 00 69 00|"",distance 0; metadata:policy max-detect-ips drop,ruleset community; service:netbios-ssn; classtype:trojan-activity; sid:26413; rev:3; ",False,False,False,True,False,INCLUDE_HIGH,E04 supported by rule text/metadata
2565,26482,2,alert,tcp,$HOME_NET,any,->,$EXTERNAL_NET,$HTTP_PORTS,,trojan-activity,http,"impact_flag red,ruleset community",E05,True," msg:""MALWARE-CNC Unknown Thinner Encrypted POST botnet C&C""; flow:to_server,established; http_uri; content:""/thinner/thumb?img="",fast_pattern,nocase; http_client_body; pcre:""/[^\x20-\x7e\x0d\x0a]{4}/""; metadata:impact_flag red,ruleset community; service:http; reference:url,support.clean-mx.de/clean-mx/viruses.php?sort=firstseen%20desc&review=95.57.120.111; classtype:trojan-activity; sid:26482; rev:2; ",False,False,False,False,True,INCLUDE_HIGH,E05 supported by rule text/metadata
2566,26483,3,alert,tcp,$EXTERNAL_NET,any,->,$HOME_NET,$HTTP_PORTS,,web-application-attack,http,"policy max-detect-ips drop,ruleset community",E02,True," msg:""SERVER-WEBAPP JavaScript tag in User-Agent field possible XSS attempt""; flow:to_server,established; http_header; content:""User-Agent|3A| <SCRIPT>"",fast_pattern,nocase; metadata:policy max-detect-ips drop,ruleset community; service:http; reference:url,blog.spiderlabs.com/2012/11/honeypot-alert-referer-field-xss-attacks.html; classtype:web-application-attack; sid:26483; rev:3; ",False,False,False,False,False,REVIEW,candidate from broad triage; direct rule evidence not strong enough for automatic inclusion
2568,26526,6,alert,tcp,$EXTERNAL_NET,$FILE_DATA_PORTS,->,$HOME_NET,any,,trojan-activity,"ftp-data,http,imap,pop3","policy balanced-ips drop,policy max-detect-ips drop,policy security-ips drop,ruleset community",E01,True," msg:""EXPLOIT-KIT Portable Executable downloaded with bad DOS stub""; flow:to_client,established; file_data; content:""MZ"",depth 2; content:""|2F 2A 14 20|"",distance 0; metadata:policy balanced-ips drop,policy max-detect-ips drop,policy security-ips drop,ruleset community; service:ftp-data,http,imap,pop3; reference:cve,2013-2423; reference:url,www.invincea.com/2013/04/k-i-a-java-cve-2013-2423-via-new-and-improved-cool-ek/; classtype:trojan-activity; sid:26526; rev:6; ",True,False,False,False,False,INCLUDE_HIGH,E01 supported by rule text/metadata
2571,26534,7,alert,tcp,$HOME_NET,any,->,$EXTERNAL_NET,$HTTP_PORTS,,trojan-activity,http,ruleset community,E01,True," msg:""EXPLOIT-KIT Stamp exploit kit portable executable download""; flow:to_server,established; http_uri; content:""/elections.php?"",fast_pattern,nocase; http_header; content:"" Java/1.""; http_uri; pcre:""/\/elections\.php\?([a-z0-9]+\x3d\d{1,3}\&){9}[a-z0-9]+\x3d\d{1,3}$/""; flowbits:set,file.exploit_kit.pe; metadata:ruleset community; service:http; reference:cve,2013-0431; classtype:trojan-activity; sid:26534; rev:7; ",True,False,False,False,False,INCLUDE_HIGH,E01 supported by rule text/metadata
2576,26562,3,alert,tcp,$HOME_NET,any,->,$EXTERNAL_NET,$HTTP_PORTS,,trojan-activity,http,"impact_flag red,policy max-detect-ips drop,ruleset community",E01,True," msg:""EXPLOIT-KIT Nuclear exploit kit Spoofed Host Header .com- requests""; flow:to_server,established; http_header; content:"".com-""; pcre:""/\r\nHost\x3a\x20[a-z0-9\x2d\x2e]+\.com\x2d[a-z0-9\x2d\x2e]+(\x3a\d{1,5})?\r\n/i""; content:""|0D 0A|Accept|3A 20|text/html, image/gif, image/jpeg, *|3B| q=.2, */*|3B| q=.2|0D 0A|"",fast_pattern,nocase; metadata:impact_flag red,policy max-detect-ips drop,ruleset community; service:http; classtype:trojan-activity; sid:26562; rev:3; ",True,False,False,False,False,INCLUDE_HIGH,E01 supported by rule text/metadata
2582,26585,3,alert,tcp,$EXTERNAL_NET,$HTTP_PORTS,->,$HOME_NET,any,,trojan-activity,http,"policy max-detect-ips drop,ruleset community",E01,True," msg:""INDICATOR-COMPROMISE config.inc.php in iframe""; flow:to_client,established; file_data; content:""<iframe""; content:""config.inc.php"",within 100; content:""</iframe>"",distance 0; metadata:policy max-detect-ips drop,ruleset community; service:http; reference:url,blog.sucuri.net/2013/05/auto-generated-iframes-to-blackhole-exploit-kit-following-the-cookie-trail.html; classtype:trojan-activity; sid:26585; rev:3; ",True,False,False,False,False,INCLUDE_HIGH,E01 supported by rule text/metadata
2585,26656,2,alert,tcp,$HOME_NET,any,->,$EXTERNAL_NET,$HTTP_PORTS,,trojan-activity,http,ruleset community,E03,True," msg:""MALWARE-CNC Win.Trojan.Travnet Botnet data upload""; flow:to_server,established; http_uri; content:""hostid=""; content:""|26|hostname=""; content:""|26|hostip=""; metadata:ruleset community; service:http; reference:url,www.virustotal.com/en/file/F7E9A1A4FC4766ABD799B517AD70CD5FA234C8ACC10D96CA51ECF9CF227B94E8/analysis/; classtype:trojan-activity; sid:26656; rev:2; ",False,False,False,False,False,REVIEW,candidate from broad triage; direct rule evidence not strong enough for automatic inclusion
2591,26696,4,alert,tcp,$HOME_NET,any,->,$EXTERNAL_NET,$HTTP_PORTS,,trojan-activity,http,"impact_flag red,ruleset community",E05,True," msg:""MALWARE-CNC Cbeplay Ransomware variant outbound connection - Abnormal HTTP Headers""; flow:to_server,established; content:""POST /index.php HTTP/1.1|0D 0A|Content-Type: multipart/form-data|3B| boundary="",depth 70; http_header; content:""|0D 0A|Connection: close|0D 0A|Cache-Control: no-cache|0D 0A|Content-Length: ""; http_client_body; content:""|3B| name=|22|data|22 3B| filename=|22|"",fast_pattern,nocase; metadata:impact_flag red,ruleset community; service:http; reference:url,malware.dontneedcoffee.com/2013/02/cbeplayp-now-target-australia-and-moved.html; classtype:trojan-activity; sid:26696; rev:4; ",False,False,False,False,True,INCLUDE_HIGH,E05 supported by rule text/metadata
2592,26697,4,alert,tcp,$HOME_NET,any,->,$EXTERNAL_NET,$HTTP_PORTS,,trojan-activity,http,"impact_flag red,ruleset community",E05,True," msg:""MALWARE-CNC Cbeplay Ransomware variant outbound connection - POST Body""; flow:to_server,established; http_uri; content:""index.php""; http_client_body; content:""|3B| name=|22|data|22 3B| filename=|22|"",fast_pattern,nocase; content:""--"",depth 2; pcre:""/filename=\x22\d+\x22\r\n/""; metadata:impact_flag red,ruleset community; service:http; reference:url,malware.dontneedcoffee.com/2013/02/cbeplayp-now-target-australia-and-moved.html; classtype:trojan-activity; sid:26697; rev:4; ",False,False,False,False,True,INCLUDE_HIGH,E05 supported by rule text/metadata
2593,26698,2,alert,tcp,$EXTERNAL_NET,$HTTP_PORTS,->,$HOME_NET,any,,trojan-activity,http,"policy balanced-ips drop,policy max-detect-ips drop,policy security-ips drop,ruleset community",E01,True," msg:""MALWARE-OTHER Compromised Website response - leads to Exploit Kit""; flow:to_client,established; file_data; content:""<!--ded509-->""; content:""<!--/ded509-->"",distance 0; metadata:policy balanced-ips drop,policy max-detect-ips drop,policy security-ips drop,ruleset community; service:http; reference:url,www.jsunpack.jeek.org/?report=c94ca7cda909cf93ae95db22a27bb5d711c2ae8f; classtype:trojan-activity; sid:26698; rev:2; ",True,False,False,False,False,INCLUDE_HIGH,E01 supported by rule text/metadata
2600,26722,2,alert,tcp,$HOME_NET,any,->,$EXTERNAL_NET,$HTTP_PORTS,,trojan-activity,http,"impact_flag red,ruleset community",E05,True," msg:""MALWARE-CNC Bancos fake JPG encrypted config file download""; flow:to_server,established; content:"".com.br|0D 0A 0D 0A|"",fast_pattern,nocase; http_uri; content:""/imagens/"",depth 9; content:"".jpg"",distance 0; pkt_data; pcre:""/\.jpg\x20HTTP\/1\.[01]\r\nUser\x2dAgent\x3a\x20[a-z]+\r\nHost\x3a\x20[a-z0-9\x2d\x2e]+\.com\.br\r\n\r\n$/""; metadata:impact_flag red,ruleset community; service:http; classtype:trojan-activity; sid:26722; rev:2; ",False,False,False,False,True,INCLUDE_HIGH,E05 supported by rule text/metadata
2628,26774,4,alert,tcp,$HOME_NET,any,->,$EXTERNAL_NET,$HTTP_PORTS,,trojan-activity,http,"impact_flag red,ruleset community",E04,True," msg:""MALWARE-CNC Win.Worm.Luder variant outbound connection""; flow:to_server,established; http_uri; content:""/loader.cpl"",fast_pattern,nocase; pcre:""/\/loader\.cpl$/""; http_header; content:""|3B 20|MSIE|20|""; content:!""|0D 0A|Accept-Language:""; metadata:impact_flag red,ruleset community; service:http; reference:url,attack.mitre.org/techniques/T1196; reference:url,www.virustotal.com/en/file/6077fd6cbb44c78a16d66fedb10492c7776127dc76ee071b051970971212bae8/analysis/; classtype:trojan-activity; sid:26774; rev:4; ",False,False,False,True,False,INCLUDE_HIGH,E04 supported by rule text/metadata
2631,26779,4,alert,tcp,$HOME_NET,any,->,$EXTERNAL_NET,$HTTP_PORTS,,trojan-activity,http,"impact_flag red,ruleset community",E05,True," msg:""MALWARE-CNC Win.Trojan.Cridex encrypted POST check-in""; flow:to_server,established; http_uri; content:""/cos3q/in"",fast_pattern,nocase; http_client_body; content:"".exe"",nocase; pcre:""/\x5f\w{24}\.exe/i""; metadata:impact_flag red,ruleset community; service:http; reference:url,www.virustotal.com/en/file/843ffd922b9bd902d736ddb664b578cde6e3033fa5a14b862b09045c36aa7524/analysis/1369942427/; classtype:trojan-activity; sid:26779; rev:4; ",False,False,False,False,True,INCLUDE_HIGH,E05 supported by rule text/metadata
2632,26780,2,alert,tcp,$EXTERNAL_NET,$HTTP_PORTS,->,$HOME_NET,any,,trojan-activity,http,"impact_flag red,ruleset community",E02,True," msg:""MALWARE-CNC cridex HTTP Response - default0.js""; flow:to_client,established; file_data; content:""|00|<script type=|22|text/javascript|22| src=|22|/scripts/default0.js|22|></script>|00|"",fast_pattern,nocase; metadata:impact_flag red,ruleset community; service:http; reference:url,www.virustotal.com/en/file/843ffd922b9bd902d736ddb664b578cde6e3033fa5a14b862b09045c36aa7524/analysis/1369942427/; classtype:trojan-activity; sid:26780; rev:2; ",False,False,False,False,False,REVIEW,candidate from broad triage; direct rule evidence not strong enough for automatic inclusion
2635,26814,3,alert,tcp,$HOME_NET,any,->,$EXTERNAL_NET,$HTTP_PORTS,,trojan-activity,http,"policy max-detect-ips drop,ruleset community",E01,True," msg:""EXPLOIT-KIT Blackholev2 exploit kit Initial Gate from Linked-In Mailing Campaign""; flow:to_server,established; http_uri; bufferlen:17; content:""/linkendorse.html"",fast_pattern,nocase; metadata:policy max-detect-ips drop,ruleset community; service:http; classtype:trojan-activity; sid:26814; rev:3; ",True,False,False,False,False,INCLUDE_HIGH,E01 supported by rule text/metadata
2636,26834,5,alert,tcp,$HOME_NET,any,->,$EXTERNAL_NET,$HTTP_PORTS,,trojan-activity,http,"impact_flag red,policy balanced-ips drop,policy max-detect-ips drop,policy security-ips drop,ruleset community",E01,True," msg:""EXPLOIT-KIT Sweet Orange exploit kit landing page in.php base64 uri""; flow:to_server,established; http_raw_uri; bufferlen:<75; http_uri; content:""/in.php""; content:""&q="",distance 0; content:""=="",distance 0; metadata:impact_flag red,policy balanced-ips drop,policy max-detect-ips drop,policy security-ips drop,ruleset community; service:http; reference:cve,2010-0188; reference:cve,2012-0422; reference:cve,2012-0431; reference:cve,2012-0607; reference:cve,2012-1723; reference:cve,2012-4681; reference:cve,2012-5076; reference:cve,2013-2423; classtype:trojan-activity; sid:26834; rev:5; ",True,False,False,False,False,INCLUDE_HIGH,E01 supported by rule text/metadata
2640,26838,3,alert,tcp,$HOME_NET,any,->,$EXTERNAL_NET,$HTTP_PORTS,,trojan-activity,http,"policy max-detect-ips drop,ruleset community",E01,True," msg:""EXPLOIT-KIT Blackholev2 exploit kit Initial Gate from NatPay Mailing Campaign""; flow:to_server,established; http_uri; content:""/natpay.html?"",fast_pattern,nocase; metadata:policy max-detect-ips drop,ruleset community; service:http; classtype:trojan-activity; sid:26838; rev:3; ",True,False,False,False,False,INCLUDE_HIGH,E01 supported by rule text/metadata
2642,26910,3,alert,tcp,$HOME_NET,any,->,$EXTERNAL_NET,$HTTP_PORTS,,trojan-activity,http,ruleset community,E05,True," msg:""MALWARE-CNC ZeroAccess Encrypted 128-byte POST No Accept Headers""; flow:to_server,established; http_method; content:""POST""; http_header; content:""Content-Length: 128|0D 0A|"",fast_pattern,nocase; pkt_data; content:"" HTTP/1.""; content:""|0D 0A|User-Agent: "",within 14,distance 1; http_header; content:!""|0D 0A|Accept""; http_client_body; pcre:""/[^ -~\x0d\x0a]{4}/""; metadata:ruleset community; service:http; classtype:trojan-activity; sid:26910; rev:3; ",False,False,False,False,True,INCLUDE_HIGH,E05 supported by rule text/metadata
2648,26947,5,alert,tcp,$EXTERNAL_NET,$HTTP_PORTS,->,$HOME_NET,any,,trojan-activity,http,"policy max-detect-ips drop,ruleset community",E01,True," msg:""EXPLOIT-KIT DotkaChef/Rmayana/DotCache exploit kit inbound java exploit download""; flow:to_client,established; http_header; content:""filename=atom.jar"",fast_pattern,nocase; metadata:policy max-detect-ips drop,ruleset community; service:http; reference:cve,2013-2423; reference:url,www.basemont.com/new_exploit_kit_june_2013; classtype:trojan-activity; sid:26947; rev:5; ",True,False,False,False,False,INCLUDE_HIGH,E01 supported by rule text/metadata
2649,26948,5,alert,tcp,$EXTERNAL_NET,$HTTP_PORTS,->,$HOME_NET,any,,trojan-activity,http,"policy max-detect-ips drop,ruleset community",E01,True," msg:""EXPLOIT-KIT DotkaChef/Rmayana/DotCache exploit kit inbound java exploit download""; flow:to_client,established; http_header; content:""filename=site.jar"",fast_pattern,nocase; metadata:policy max-detect-ips drop,ruleset community; service:http; reference:cve,2013-1493; reference:url,www.basemont.com/new_exploit_kit_june_2013; classtype:trojan-activity; sid:26948; rev:5; ",True,False,False,False,False,INCLUDE_HIGH,E01 supported by rule text/metadata
2650,26949,4,alert,tcp,$EXTERNAL_NET,$HTTP_PORTS,->,$HOME_NET,any,,trojan-activity,http,"policy balanced-ips drop,policy max-detect-ips drop,policy security-ips drop,ruleset community",E01,True," msg:""EXPLOIT-KIT DotkaChef/Rmayana/DotCache exploit kit landing page""; flow:to_client,established; file_data; content:""<applet width=""; content:""0"",within 1,distance 1; content:"" height="",within 8,distance 1; content:""0"",within 1,distance 1; content:"" code="",within 6,distance 1; content:""site.avi"",within 8,distance 1,nocase; content:"" archive="",within 9,distance 1; metadata:policy balanced-ips drop,policy max-detect-ips drop,policy security-ips drop,ruleset community; service:http; reference:url,www.basemont.com/new_exploit_kit_june_2013; classtype:trojan-activity; sid:26949; rev:4; ",True,False,False,False,False,INCLUDE_HIGH,E01 supported by rule text/metadata
2651,26951,5,alert,tcp,$HOME_NET,any,->,$EXTERNAL_NET,$HTTP_PORTS,,trojan-activity,http,"policy balanced-ips drop,policy max-detect-ips drop,policy security-ips drop,ruleset community",E01,True," msg:""EXPLOIT-KIT DotkaChef/Rmayana/DotCache exploit kit Malvertising Campaign URI request""; flow:to_server,established; http_uri; content:""/.cache/?f="",fast_pattern; content:"".jar""; pcre:""/[^&]+&[a-z]=[a-f0-9]{16}&[a-z]=[a-f0-9]{16}$/""; metadata:policy balanced-ips drop,policy max-detect-ips drop,policy security-ips drop,ruleset community; service:http; reference:url,research.zscaler.com/2013/06/openxadvertisingcom-mass-malvertising.html; classtype:trojan-activity; sid:26951; rev:5; ",True,False,False,False,False,INCLUDE_HIGH,E01 supported by rule text/metadata
2653,26966,5,alert,tcp,$HOME_NET,any,->,$EXTERNAL_NET,$HTTP_PORTS,,trojan-activity,http,"impact_flag red,ruleset community",E04,True," msg:""MALWARE-CNC Win32/Autorun.JN variant outbound connection""; flow:to_server,established; isdataat:141; isdataat:!142; http_raw_uri; bufferlen:8; http_uri; content:""/u5.htm"",fast_pattern,nocase; http_raw_uri; content:""//u5.htm""; metadata:impact_flag red,ruleset community; service:http; reference:url,www.microsoft.com/security/portal/threat/encyclopedia/Entry.aspx?Name=Worm%3AWin32%2FAutorun.JN; reference:url,www.virustotal.com/en/file/36144738373c665d262bc007fceaeb9613e59ec29ea3d7424dd9f400af2c0f06/analysis/; classtype:trojan-activity; sid:26966; rev:5; ",False,False,False,True,False,INCLUDE_HIGH,E04 supported by rule text/metadata
2658,26985,3,alert,tcp,$HOME_NET,any,->,$EXTERNAL_NET,$HTTP_PORTS,,trojan-activity,http,"policy balanced-ips drop,policy max-detect-ips drop,policy security-ips drop,ruleset community",E01,True," msg:""EXPLOIT-KIT Rawin exploit kit outbound java retrieval""; flow:to_server,established; http_uri; content:""rawin.php?b=""; content:""&v=1."",distance 0; pcre:""/\.php\?b=[A-F0-9]+&v=1\./""; metadata:policy balanced-ips drop,policy max-detect-ips drop,policy security-ips drop,ruleset community; service:http; classtype:trojan-activity; sid:26985; rev:3; ",True,False,False,False,False,INCLUDE_HIGH,E01 supported by rule text/metadata
2661,27040,4,alert,tcp,$HOME_NET,any,->,$EXTERNAL_NET,$HTTP_PORTS,,trojan-activity,http,"policy balanced-ips drop,policy max-detect-ips drop,policy security-ips drop,ruleset community",E01,True," msg:""EXPLOIT-KIT Styx exploit kit plugin detection connection jorg""; flow:to_server,established; http_uri; content:""/jorg.html"",fast_pattern,nocase; pcre:""/\/jorg\.html$/""; metadata:policy balanced-ips drop,policy max-detect-ips drop,policy security-ips drop,ruleset community; service:http; reference:cve,2007-5659; reference:cve,2008-0655; reference:cve,2011-3544; reference:cve,2012-0507; reference:cve,2012-1723; reference:cve,2012-4681; reference:cve,2012-4969; reference:cve,2013-0422; reference:cve,2013-2423; classtype:trojan-activity; sid:27040; rev:4; ",True,False,False,False,False,INCLUDE_HIGH,E01 supported by rule text/metadata
2662,27041,4,alert,tcp,$HOME_NET,any,->,$EXTERNAL_NET,$HTTP_PORTS,,trojan-activity,http,"policy balanced-ips drop,policy max-detect-ips drop,policy security-ips drop,ruleset community",E01,True," msg:""EXPLOIT-KIT Styx exploit kit plugin detection connection jlnp""; flow:to_server,established; http_uri; content:""/jlnp.html"",fast_pattern,nocase; pcre:""/\/jlnp\.html$/""; metadata:policy balanced-ips drop,policy max-detect-ips drop,policy security-ips drop,ruleset community; service:http; reference:cve,2007-5659; reference:cve,2008-0655; reference:cve,2011-3544; reference:cve,2012-0507; reference:cve,2012-1723; reference:cve,2012-4681; reference:cve,2012-4969; reference:cve,2013-0422; reference:cve,2013-2423; classtype:trojan-activity; sid:27041; rev:4; ",True,False,False,False,False,INCLUDE_HIGH,E01 supported by rule text/metadata
2663,27042,5,alert,tcp,$HOME_NET,any,->,$EXTERNAL_NET,$HTTP_PORTS,,trojan-activity,http,"policy balanced-ips drop,policy max-detect-ips drop,policy security-ips drop,ruleset community",E01,True," msg:""EXPLOIT-KIT Styx exploit kit plugin detection connection jovf""; flow:to_server,established; http_uri; content:""/jovf.html"",fast_pattern,nocase; pcre:""/\/jovf\.html$/""; metadata:policy balanced-ips drop,policy max-detect-ips drop,policy security-ips drop,ruleset community; service:http; reference:cve,2007-5659; reference:cve,2008-0655; reference:cve,2011-3544; reference:cve,2012-0507; reference:cve,2012-1723; reference:cve,2012-4681; reference:cve,2012-4969; reference:cve,2013-0422; reference:cve,2013-2423; classtype:trojan-activity; sid:27042; rev:5; ",True,False,False,False,False,INCLUDE_HIGH,E01 supported by rule text/metadata
2667,27085,3,alert,tcp,$EXTERNAL_NET,$HTTP_PORTS,->,$HOME_NET,any,,trojan-activity,http,"policy balanced-ips drop,policy max-detect-ips drop,policy security-ips drop,ruleset community",E01,True," msg:""EXPLOIT-KIT Unknown Malvertising exploit kit Hostile Jar pipe.class""; flow:to_client,established; flowbits:isset,file.jar; file_data; content:""PK""; content:""|00|pipe.class"",distance 0; content:""|00|inc.class"",distance 0; content:""|00|fdp.class"",distance 0,fast_pattern; metadata:policy balanced-ips drop,policy max-detect-ips drop,policy security-ips drop,ruleset community; service:http; classtype:trojan-activity; sid:27085; rev:3; ",True,False,False,False,False,INCLUDE_HIGH,E01 supported by rule text/metadata
2668,27086,3,alert,tcp,$EXTERNAL_NET,$HTTP_PORTS,->,$HOME_NET,any,,trojan-activity,http,"policy balanced-ips drop,policy max-detect-ips drop,policy security-ips drop,ruleset community",E01;E02,True," msg:""EXPLOIT-KIT Unknown Malvertising exploit kit stage-1 redirect""; flow:to_client,established; content:""<html><body><script>|0A|var "",fast_pattern; content:""document.createElement("",within 80; content:"".setAttribute(|22|archive|22|, "",within 65; content:"".setAttribute(|22|codebase|22|, "",within 65; content:"".setAttribute(|22|id|22|, "",within 65; content:"".setAttribute(|22|code|22|, "",within 65; content:""|22|)|3B 0A|document.body.appendChild("",within 65; content:""</script>|0A|</body>|0A|</html>|0A 0A|""; metadata:policy balanced-ips drop,policy max-detect-ips drop,policy security-ips drop,ruleset community; service:http; classtype:trojan-activity; sid:27086; rev:3; ",True,False,False,False,False,INCLUDE_HIGH,E01 supported by rule text/metadata
2669,27110,7,alert,tcp,$HOME_NET,any,->,$EXTERNAL_NET,$HTTP_PORTS,,trojan-activity,http,"policy balanced-ips alert,policy max-detect-ips alert,policy security-ips alert,ruleset community",E01,True," msg:""EXPLOIT-KIT Blackholev2/Cool exploit kit outbound portable executable request""; flow:to_server,established; http_uri; content:""php?sf=""; content:""&Ze="",distance 0; content:""&m="",distance 0; pcre:""/php\?sf=\d+\&Ze=\d+\&m=\d+/""; flowbits:set,file.exploit_kit.pe; metadata:policy balanced-ips alert,policy max-detect-ips alert,policy security-ips alert,ruleset community; service:http; classtype:trojan-activity; sid:27110; rev:7; ",True,False,False,False,False,INCLUDE_HIGH,E01 supported by rule text/metadata
2670,27113,5,alert,tcp,$HOME_NET,any,->,$EXTERNAL_NET,$HTTP_PORTS,,trojan-activity,http,"policy balanced-ips drop,policy max-detect-ips drop,policy security-ips drop,ruleset community",E01,True," msg:""EXPLOIT-KIT DotkaChef/Rmayana/DotCache exploit kit Zeroaccess download attempt""; flow:to_server,established; http_uri; content:""/?f=a""; content:""&k="",distance 0; pcre:""/\&k=\d+($|\&h=)/""; flowbits:set,file.exploit_kit.jar; metadata:policy balanced-ips drop,policy max-detect-ips drop,policy security-ips drop,ruleset community; service:http; reference:cve,2013-1493; reference:cve,2013-2423; reference:url,www.basemont.com/new_exploit_kit_june_2013; reference:url,www.malwaresigs.com/2013/06/14/dotcachef/; classtype:trojan-activity; sid:27113; rev:5; ",True,False,False,False,False,INCLUDE_HIGH,E01 supported by rule text/metadata
2671,27144,3,alert,tcp,$HOME_NET,any,->,$EXTERNAL_NET,$HTTP_PORTS,,trojan-activity,http,"policy balanced-ips alert,policy max-detect-ips drop,policy security-ips drop,ruleset community",E01,True," msg:""EXPLOIT-KIT Private exploit kit outbound traffic""; flow:to_server,established; http_uri; content:"".php?""; http_header; content:""content-type: application/""; content:"" Java/1""; http_uri; pcre:""/\x2ephp\x3f[a-z]+=[a-fA-Z0-9]+&[a-z]+=[0-9]+$/i""; metadata:policy balanced-ips alert,policy max-detect-ips drop,policy security-ips drop,ruleset community; service:http; reference:cve,2006-0003; reference:cve,2010-0188; reference:cve,2011-3544; reference:cve,2013-1347; reference:cve,2013-1493; reference:cve,2013-2423; reference:url,malwageddon.blogspot.com/2013/07/unknown-ek-well-hey-hey-i-wanna-be.html; reference:url,malware.dontneedcoffee.com/2013/07/pep-new-bep.html; reference:url,www.malwaresigs.com/2013/07/03/another-unknown-ek; classtype:trojan-activity; sid:27144; rev:3; ",True,False,False,False,False,INCLUDE_HIGH,E01 supported by rule text/metadata
2677,27246,2,alert,tcp,$EXTERNAL_NET,$HTTP_PORTS,->,$HOME_NET,any,,trojan-activity,http,"impact_flag red,policy balanced-ips drop,policy max-detect-ips drop,policy security-ips drop,ruleset community",E05,True," msg:""MALWARE-OTHER Mac OSX FBI ransomware""; flow:to_client,established; file_data; content:""<iframe src=|22|YOUR|25|20BROWSER|25|20HAS|25|20BEEN|25|20LOCKED"",fast_pattern,nocase; metadata:impact_flag red,policy balanced-ips drop,policy max-detect-ips drop,policy security-ips drop,ruleset community; service:http; reference:url,blog.malwarebytes.org/intelligence/2013/07/fbi-ransomware-now-targeting-apples-mac-os-x-users/; classtype:trojan-activity; sid:27246; rev:2; ",False,False,False,False,True,INCLUDE_HIGH,E05 supported by rule text/metadata
2680,27253,2,alert,tcp,$HOME_NET,any,->,$EXTERNAL_NET,$HTTP_PORTS,,trojan-activity,http,"impact_flag red,ruleset community",E05,True," msg:""MALWARE-CNC Win.Trojan.Cridex Encrypted POST w/ URL Pattern""; flow:to_server,established; http_raw_uri; bufferlen:<34; http_method; content:""POST""; http_header; content:""U|3B| MSIE ""; content:""|0D 0A|Connection|3A| Keep-Alive|0D 0A|Cache-Control|3A| no-cache"",fast_pattern,nocase; content:!""Accept-Language:""; http_uri; pcre:""/\x2f[A-Za-z0-9\x2b\x2f\x3d]{1,10}\x2f[A-Za-z0-9\x2b\x2f\x3d]{1,10}\x2f[A-Za-z0-9\x2b\x2f\x3d]{1,10}\x2f([A-Za-z0-9\x2b\x2f\x3d]{1,10})?(\x2f[A-Za-z0-9\x2b\x2f\x3d]{1,10})?/""; http_client_body; pcre:""/[^ -~\x0d\x0a]{4}/""; metadata:impact_flag red,ruleset community; service:http; reference:url,www.virustotal.com/en/file/cd0cdc216e456b34dc2e4c6db6bacbbba20122489e6751621f921ca53cc7e421/analysis/; classtype:trojan-activity; sid:27253; rev:2; ",False,False,False,False,True,INCLUDE_HIGH,E05 supported by rule text/metadata
2694,27633,4,alert,tcp,$HOME_NET,any,->,$EXTERNAL_NET,$HTTP_PORTS,,trojan-activity,http,"impact_flag red,ruleset community",E04,True," msg:""MALWARE-CNC Worm.Silly variant outbound connection""; flow:to_server,established; http_raw_uri; bufferlen:7; http_uri; content:""/ul.htm"",fast_pattern,nocase; http_header; content:""|3B| MSIE 6.0|3B 20|""; content:!""Accept-Language: ""; metadata:impact_flag red,ruleset community; service:http; reference:url,www.virustotal.com/en/file/0ddd3488b618b17437413a9d579aa111f0a2ba302262d0a9b0d2832718a93524/analysis/; classtype:trojan-activity; sid:27633; rev:4; ",False,False,False,True,False,INCLUDE_HIGH,E04 supported by rule text/metadata
2698,27708,8,alert,tcp,$HOME_NET,any,->,$EXTERNAL_NET,$HTTP_PORTS,,trojan-activity,http,"impact_flag red,ruleset community",E05,True," msg:""MALWARE-CNC Win.Ransomware.Urausy outbound connection""; flow:to_server,established; http_uri; bufferlen:>145; content:"".html""; pkt_data; content:""|0D 0A|User-Agent|3A| Mozilla/5.0 |28|compatible|3B| MSIE 9.0|3B| Windows NT 6.1|3B| Trident/5.0"",fast_pattern,nocase; http_header; content:!""Cookie:""; content:!""X-BlueCoat-Via:""; content:!""Referer""; http_uri; pcre:""/\x2f[a-z-_]{80,}\x2ehtml$/""; metadata:impact_flag red,ruleset community; service:http; reference:url,www.virustotal.com/en/file/f53a483befed8d1494827a3f2444cfe638d3f7e595d72b722eab92d1aca9ede3/analysis/1376847283/; classtype:trojan-activity; sid:27708; rev:8; ",False,False,False,False,True,INCLUDE_HIGH,E05 supported by rule text/metadata
2708,27865,7,alert,tcp,$HOME_NET,any,->,$EXTERNAL_NET,$HTTP_PORTS,,trojan-activity,http,"impact_flag red,policy balanced-ips drop,policy max-detect-ips drop,policy security-ips drop,ruleset community",E01,True," msg:""EXPLOIT-KIT Blackholev2/Darkleech exploit kit landing page request""; flow:to_server,established; http_raw_uri; bufferlen:>32; http_uri; content:"".php"",fast_pattern,nocase; http_method; content:""GET""; http_uri; pcre:""/^\/[a-f0-9]{32}\/[a-z]{1,15}-[a-z]{1,15}\.php/""; http_header; content:!""PacketShaper""; content:!""siteadvisor.com""; metadata:impact_flag red,policy balanced-ips drop,policy max-detect-ips drop,policy security-ips drop,ruleset community; service:http; reference:cve,2012-1889; reference:cve,2012-4681; classtype:trojan-activity; sid:27865; rev:7; ",True,False,False,False,False,INCLUDE_HIGH,E01 supported by rule text/metadata
2709,27866,2,alert,tcp,$EXTERNAL_NET,$HTTP_PORTS,->,$HOME_NET,any,,trojan-activity,http,"policy balanced-ips drop,policy max-detect-ips drop,policy security-ips drop,ruleset community",E01,True," msg:""EXPLOIT-KIT Blackholev2/Darkleech exploit kit landing page""; flow:to_client,established; file_data; content:""<body><b></b><style>div{overflow|3A|hidden|3B|width|3A|1px|3B|height|3A|1px}</style><div>"",fast_pattern,nocase; flowbits:set,file.exploit_kit.jar; metadata:policy balanced-ips drop,policy max-detect-ips drop,policy security-ips drop,ruleset community; service:http; classtype:trojan-activity; sid:27866; rev:2; ",True,False,False,False,False,INCLUDE_HIGH,E01 supported by rule text/metadata
2716,27907,8,alert,tcp,$HOME_NET,any,->,$EXTERNAL_NET,$HTTP_PORTS,,trojan-activity,http,"policy max-detect-ips drop,ruleset community",E01;E02,True," msg:""EXPLOIT-KIT Blackholev2/Cool exploit kit payload download attempt""; flow:to_server,established; http_raw_uri; bufferlen:50<=>150; http_method; content:""GET""; http_header; content:"" Java/1."",fast_pattern,nocase; http_uri; content:"".php?""; pcre:""/\/(?:[^\/]+?\/[a-z]{2,24}[_-][a-z]{2,16}([_-][a-z]{2,16})*?|closest\/[a-z0-9]{15,25})\.php\?[\(\)\!\*\w-]+=[\(\)\!\*\w-]+&[\(\)\*\!\w-]+=[\(\)\!\*\w-]+$/""; metadata:policy max-detect-ips drop,ruleset community; service:http; classtype:trojan-activity; sid:27907; rev:8; ",True,True,False,False,False,INCLUDE_HIGH,E01;E02 supported by rule text/metadata
2723,27919,5,alert,tcp,$HOME_NET,any,->,$EXTERNAL_NET,$HTTP_PORTS,,trojan-activity,http,"impact_flag red,ruleset community",E05,True," msg:""MALWARE-CNC Win.Trojan.Zeus encrypted POST Data exfiltration""; flow:to_server,established; http_header; content:""Accept-Encoding|3A| identity, *|3B|q=0|0D 0A|"",fast_pattern,nocase; content:""|3B| MSIE ""; http_client_body; pcre:""/[^ -~\r\n]{4}/""; metadata:impact_flag red,ruleset community; service:http; reference:url,attack.mitre.org/techniques/T1020; reference:url,www.virustotal.com/en/file/8825abfca1a6d843ce5670858886cb63bb1317ddbb92f91ffd46cfdcaba9ac00/analysis/; classtype:trojan-activity; sid:27919; rev:5; ",False,False,False,False,True,INCLUDE_HIGH,E05 supported by rule text/metadata
2731,28007,2,alert,tcp,$HOME_NET,any,->,$EXTERNAL_NET,$HTTP_PORTS,,trojan-activity,http,ruleset community,E01,True," msg:""MALWARE-CNC BLYPT installer startupkey outbound traffic""; flow:to_server,established; http_uri; content:""/index.aspx?info=startupkey_"",fast_pattern,nocase; metadata:ruleset community; service:http; reference:url,blog.trendmicro.com/trendlabs-security-intelligence/blypt-a-new-backdoor-family-installed-via-java-exploit; classtype:trojan-activity; sid:28007; rev:2; ",True,True,False,False,False,INCLUDE_HIGH,E01 supported by rule text/metadata
2732,28008,2,alert,tcp,$HOME_NET,any,->,$EXTERNAL_NET,$HTTP_PORTS,,trojan-activity,http,ruleset community,E01,True," msg:""MALWARE-CNC BLYPT installer reuse outbound traffic""; flow:to_server,established; http_uri; content:""/index.aspx?info=reuse"",fast_pattern,nocase; metadata:ruleset community; service:http; reference:url,blog.trendmicro.com/trendlabs-security-intelligence/blypt-a-new-backdoor-family-installed-via-java-exploit; classtype:trojan-activity; sid:28008; rev:2; ",True,True,False,False,False,INCLUDE_HIGH,E01 supported by rule text/metadata
2733,28009,2,alert,tcp,$HOME_NET,any,->,$EXTERNAL_NET,$HTTP_PORTS,,trojan-activity,http,ruleset community,E01,True," msg:""MALWARE-CNC BLYPT installer configkey outbound traffic""; flow:to_server,established; http_uri; content:""/index.aspx?info=configkey"",fast_pattern,nocase; metadata:ruleset community; service:http; reference:url,blog.trendmicro.com/trendlabs-security-intelligence/blypt-a-new-backdoor-family-installed-via-java-exploit; classtype:trojan-activity; sid:28009; rev:2; ",True,True,False,False,False,INCLUDE_HIGH,E01 supported by rule text/metadata
2734,28010,2,alert,tcp,$HOME_NET,any,->,$EXTERNAL_NET,$HTTP_PORTS,,trojan-activity,http,ruleset community,E01,True," msg:""MALWARE-CNC BLYPT installer tserror outbound traffic""; flow:to_server,established; http_uri; content:""/index.aspx?info=tserror_"",fast_pattern,nocase; metadata:ruleset community; service:http; reference:url,blog.trendmicro.com/trendlabs-security-intelligence/blypt-a-new-backdoor-family-installed-via-java-exploit; classtype:trojan-activity; sid:28010; rev:2; ",True,True,False,False,False,INCLUDE_HIGH,E01 supported by rule text/metadata
2735,28011,2,alert,tcp,$HOME_NET,any,->,$EXTERNAL_NET,$HTTP_PORTS,,trojan-activity,http,ruleset community,E01,True," msg:""MALWARE-CNC BLYPT installer createproc outbound traffic""; flow:to_server,established; http_uri; content:""/index.aspx?info=createproc_"",fast_pattern,nocase; metadata:ruleset community; service:http; reference:url,blog.trendmicro.com/trendlabs-security-intelligence/blypt-a-new-backdoor-family-installed-via-java-exploit; classtype:trojan-activity; sid:28011; rev:2; ",True,True,False,False,False,INCLUDE_HIGH,E01 supported by rule text/metadata
2737,28026,3,alert,tcp,$EXTERNAL_NET,$HTTP_PORTS,->,$HOME_NET,any,,trojan-activity,http,"policy max-detect-ips drop,ruleset community",E01,True," msg:""EXPLOIT-KIT Blackholev2 exploit kit landing page""; flow:to_client,established; file_data; content:""</div><i></i><style>div{overflow|3A|hidden|3B|width|3A|1px|3B|"",fast_pattern,nocase; metadata:policy max-detect-ips drop,ruleset community; service:http; classtype:trojan-activity; sid:28026; rev:3; ",True,False,False,False,False,INCLUDE_HIGH,E01 supported by rule text/metadata
2738,28028,6,alert,tcp,$HOME_NET,any,->,$EXTERNAL_NET,$HTTP_PORTS,,trojan-activity,http,"policy max-detect-ips drop,ruleset community",E01,True," msg:""EXPLOIT-KIT Blackholev2/Cool exploit kit exploit download attempt""; flow:to_server,established; http_raw_uri; bufferlen:50<=>250; http_method; content:""GET""; http_header; content:"" Java/1."",fast_pattern,nocase; http_uri; content:"".php?""; pcre:""/\/(?:[^\/]+?\/[a-z]{2,24}[_-][a-z]{2,16}([_-][a-z]{2,16})*?|closest\/[a-z0-9]{15,25})\.php\?[\(\)\!\*\w-]+=[\(\)\!\*\w-]+&[\(\)\*\!\w-]+=[\(\)\!\*\w-]+&[\(\)\!\*\w-]+=[\(\)\!\*\w-]+&[\(\)\!\*\w-]+=[\(\)\!\*\w-]+&[\(\)\!\*\w-]+=[\(\)\!\*\w-]+$/""; metadata:policy max-detect-ips drop,ruleset community; service:http; classtype:trojan-activity; sid:28028; rev:6; ",True,False,False,False,False,INCLUDE_HIGH,E01 supported by rule text/metadata
2739,28033,3,alert,tcp,$HOME_NET,any,->,$EXTERNAL_NET,$HTTP_PORTS,,trojan-activity,http,"impact_flag red,ruleset community",E05,True," msg:""MALWARE-CNC Win.Ransomware.Urausy variant outbound connection""; flow:to_server,established; http_uri; bufferlen:>95; pkt_data; content:""User-Agent|3A| Opera/10.80 |28|Windows NT 5.1|3B| U|3B| Edition Yx|3B| en|29| Presto/2.9.168 Version/11.52|0D 0A|"",fast_pattern,nocase; http_uri; pcre:""/\x2f[a-z-_]{90,}\x2e(html|php)$/""; metadata:impact_flag red,ruleset community; service:http; reference:url,www.virustotal.com/en/file/e74e0b2f3efbe8edadeaeef501fe268e2ff7c8a8bc8550de7924f77f2a612941/analysis/1378636986/; classtype:trojan-activity; sid:28033; rev:3; ",False,False,False,False,True,INCLUDE_HIGH,E05 supported by rule text/metadata
2747,28114,2,alert,tcp,$HOME_NET,any,->,$EXTERNAL_NET,$HTTP_PORTS,,trojan-activity,http,ruleset community,E02;E05,True," msg:""MALWARE-CNC Win.Trojan.Fareit variant outbound connection - /default.htm GET Encrypted Payload""; flow:to_server,established; http_raw_uri; bufferlen:12; http_method; content:""GET""; http_uri; content:""/default.htm"",fast_pattern,nocase; http_header; content:!""Referer""; content:!""Accept""; http_client_body; pcre:""/[^\r -~\n]{4}/""; metadata:ruleset community; service:http; reference:url,www.virustotal.com/en/file/0682508f3d7c85e086055ce943aeaa634484d8e0cb22be776bac6930b00fae49/analysis/; classtype:trojan-activity; sid:28114; rev:2; ",False,True,False,False,True,INCLUDE_HIGH,E02;E05 supported by rule text/metadata
2748,28115,2,alert,tcp,$HOME_NET,any,->,$EXTERNAL_NET,$HTTP_PORTS,,trojan-activity,http,ruleset community,E02;E05,True," msg:""MALWARE-CNC Win.Trojan.Fareit variant outbound connection - /file.htm GET Encrypted Payload""; flow:to_server,established; http_raw_uri; bufferlen:9; http_method; content:""GET""; http_uri; content:""/file.htm"",fast_pattern,nocase; http_header; content:!""Referer""; content:!""Accept""; http_client_body; pcre:""/[^\r -~\n]{4}/""; metadata:ruleset community; service:http; reference:url,www.virustotal.com/en/file/0682508f3d7c85e086055ce943aeaa634484d8e0cb22be776bac6930b00fae49/analysis/; classtype:trojan-activity; sid:28115; rev:2; ",False,True,False,False,True,INCLUDE_HIGH,E02;E05 supported by rule text/metadata
2749,28116,2,alert,tcp,$HOME_NET,any,->,$EXTERNAL_NET,$HTTP_PORTS,,trojan-activity,http,ruleset community,E02;E05,True," msg:""MALWARE-CNC Win.Trojan.Fareit variant outbound connection - /home.htm GET Encrypted Payload""; flow:to_server,established; http_raw_uri; bufferlen:9; http_method; content:""GET""; http_uri; content:""/home.htm"",fast_pattern,nocase; http_header; content:!""Referer""; content:!""Accept""; http_client_body; pcre:""/[^\r -~\n]{4}/""; metadata:ruleset community; service:http; reference:url,www.virustotal.com/en/file/0682508f3d7c85e086055ce943aeaa634484d8e0cb22be776bac6930b00fae49/analysis/; classtype:trojan-activity; sid:28116; rev:2; ",False,True,False,False,True,INCLUDE_HIGH,E02;E05 supported by rule text/metadata
2750,28117,2,alert,tcp,$HOME_NET,any,->,$EXTERNAL_NET,$HTTP_PORTS,,trojan-activity,http,ruleset community,E02;E05,True," msg:""MALWARE-CNC Win.Trojan.Fareit variant outbound connection - /install.htm GET Encrypted Payload""; flow:to_server,established; http_raw_uri; bufferlen:12; http_method; content:""GET""; http_uri; content:""/install.htm"",fast_pattern,nocase; http_header; content:!""Referer""; content:!""Accept""; http_client_body; pcre:""/[^\r -~\n]{4}/""; metadata:ruleset community; service:http; reference:url,www.virustotal.com/en/file/0682508f3d7c85e086055ce943aeaa634484d8e0cb22be776bac6930b00fae49/analysis/; classtype:trojan-activity; sid:28117; rev:2; ",False,True,False,False,True,INCLUDE_HIGH,E02;E05 supported by rule text/metadata
2751,28118,2,alert,tcp,$HOME_NET,any,->,$EXTERNAL_NET,$HTTP_PORTS,,trojan-activity,http,ruleset community,E02;E05,True," msg:""MALWARE-CNC Win.Trojan.Fareit variant outbound connection - /login.htm GET Encrypted Payload""; flow:to_server,established; http_raw_uri; bufferlen:10; http_method; content:""GET""; http_uri; content:""/login.htm"",fast_pattern,nocase; http_header; content:!""Referer""; content:!""Accept""; http_client_body; pcre:""/[^\r -~\n]{4}/""; metadata:ruleset community; service:http; reference:url,www.virustotal.com/en/file/0682508f3d7c85e086055ce943aeaa634484d8e0cb22be776bac6930b00fae49/analysis/; classtype:trojan-activity; sid:28118; rev:2; ",False,True,False,False,True,INCLUDE_HIGH,E02;E05 supported by rule text/metadata
2752,28119,2,alert,tcp,$HOME_NET,any,->,$EXTERNAL_NET,$HTTP_PORTS,,trojan-activity,http,ruleset community,E02;E05,True," msg:""MALWARE-CNC Win.Trojan.Fareit variant outbound connection - /search.htm GET Encrypted Payload""; flow:to_server,established; http_raw_uri; bufferlen:11; http_method; content:""GET""; http_uri; content:""/search.htm"",fast_pattern,nocase; http_header; content:!""Referer""; content:!""Accept""; http_client_body; pcre:""/[^\r -~\n]{4}/""; metadata:ruleset community; service:http; reference:url,www.virustotal.com/en/file/0682508f3d7c85e086055ce943aeaa634484d8e0cb22be776bac6930b00fae49/analysis/; classtype:trojan-activity; sid:28119; rev:2; ",False,True,False,False,True,INCLUDE_HIGH,E02;E05 supported by rule text/metadata
2753,28120,2,alert,tcp,$HOME_NET,any,->,$EXTERNAL_NET,$HTTP_PORTS,,trojan-activity,http,ruleset community,E02;E05,True," msg:""MALWARE-CNC Win.Trojan.Fareit variant outbound connection - /start.htm GET Encrypted Payload""; flow:to_server,established; http_raw_uri; bufferlen:10; http_method; content:""GET""; http_uri; content:""/start.htm"",fast_pattern,nocase; http_header; content:!""Referer""; content:!""Accept""; http_client_body; pcre:""/[^\r -~\n]{4}/""; metadata:ruleset community; service:http; reference:url,www.virustotal.com/en/file/0682508f3d7c85e086055ce943aeaa634484d8e0cb22be776bac6930b00fae49/analysis/; classtype:trojan-activity; sid:28120; rev:2; ",False,True,False,False,True,INCLUDE_HIGH,E02;E05 supported by rule text/metadata
2754,28121,2,alert,tcp,$HOME_NET,any,->,$EXTERNAL_NET,$HTTP_PORTS,,trojan-activity,http,ruleset community,E02;E05,True," msg:""MALWARE-CNC Win.Trojan.Fareit variant outbound connection - /welcome.htm GET Encrypted Payload""; flow:to_server,established; http_raw_uri; bufferlen:12; http_method; content:""GET""; http_uri; content:""/welcome.htm"",fast_pattern,nocase; http_header; content:!""Referer""; content:!""Accept""; http_client_body; pcre:""/[^\r -~\n]{4}/""; metadata:ruleset community; service:http; reference:url,www.virustotal.com/en/file/0682508f3d7c85e086055ce943aeaa634484d8e0cb22be776bac6930b00fae49/analysis/; classtype:trojan-activity; sid:28121; rev:2; ",False,True,False,False,True,INCLUDE_HIGH,E02;E05 supported by rule text/metadata
2755,28122,2,alert,tcp,$HOME_NET,any,->,$EXTERNAL_NET,$HTTP_PORTS,,trojan-activity,http,ruleset community,E02;E05,True," msg:""MALWARE-CNC Win.Trojan.Fareit variant outbound connection - /index.htm GET Encrypted Payload""; flow:to_server,established; http_raw_uri; bufferlen:10; http_method; content:""GET""; http_uri; content:""/index.htm"",fast_pattern,nocase; http_header; content:!""Referer""; content:!""Accept""; http_client_body; pcre:""/[^\r -~\n]{4}/""; metadata:ruleset community; service:http; reference:url,www.virustotal.com/en/file/0682508f3d7c85e086055ce943aeaa634484d8e0cb22be776bac6930b00fae49/analysis/; classtype:trojan-activity; sid:28122; rev:2; ",False,True,False,False,True,INCLUDE_HIGH,E02;E05 supported by rule text/metadata
2756,28123,2,alert,tcp,$HOME_NET,any,->,$EXTERNAL_NET,$HTTP_PORTS,,trojan-activity,http,ruleset community,E02;E05,True," msg:""MALWARE-CNC Win.Trojan.Fareit variant outbound connection - /setup.htm GET Encrypted Payload""; flow:to_server,established; http_raw_uri; bufferlen:10; http_method; content:""GET""; http_uri; content:""/setup.htm"",fast_pattern,nocase; http_header; content:!""Referer""; content:!""Accept""; http_client_body; pcre:""/[^\r -~\n]{4}/""; metadata:ruleset community; service:http; reference:url,www.virustotal.com/en/file/0682508f3d7c85e086055ce943aeaa634484d8e0cb22be776bac6930b00fae49/analysis/; classtype:trojan-activity; sid:28123; rev:2; ",False,True,False,False,True,INCLUDE_HIGH,E02;E05 supported by rule text/metadata
2764,28215,3,alert,tcp,$EXTERNAL_NET,any,->,$HOME_NET,$HTTP_PORTS,,attempted-admin,http,"policy max-detect-ips drop,ruleset community",E01,True," msg:""SERVER-WEBAPP vBulletin upgrade.php exploit attempt""; flow:to_server,established; http_uri; content:""install/upgrade.php"",fast_pattern,nocase; http_client_body; content:""firstrun=false""; content:""&customerid=""; content:""username%5d=""; content:""password%5d=""; metadata:policy max-detect-ips drop,ruleset community; service:http; reference:url,www.net-security.org/secworld.php?id=15743; classtype:attempted-admin; sid:28215; rev:3; ",True,False,False,False,False,INCLUDE_HIGH,E01 supported by rule text/metadata
2765,28233,3,alert,tcp,$HOME_NET,any,->,$EXTERNAL_NET,$HTTP_PORTS,,trojan-activity,http,"policy max-detect-ips drop,ruleset community",E01;E02,True," msg:""EXPLOIT-KIT Blackholev2/Cool exploit kit payload download attempt""; flow:to_server,established; http_raw_uri; bufferlen:50<=>150; http_header; content:"" Java/1."",fast_pattern,nocase; http_uri; content:"".php?""; pcre:""/\/(?:[^\/]+?\/[a-z]{2,24}|closest\/[a-z0-9]{15,25})\.php\?[ab10]+=[ab10]+&[ab10]+=[ab10]+$/""; metadata:policy max-detect-ips drop,ruleset community; service:http; classtype:trojan-activity; sid:28233; rev:3; ",True,True,False,False,False,INCLUDE_HIGH,E01;E02 supported by rule text/metadata
2769,28291,3,alert,tcp,$HOME_NET,any,->,$EXTERNAL_NET,$HTTP_PORTS,,trojan-activity,http,"policy max-detect-ips drop,ruleset community",E01,True," msg:""EXPLOIT-KIT Blackholev2/Cool exploit kit exploit download attempt""; flow:to_server,established; http_raw_uri; bufferlen:50<=>150; http_header; content:"" Java/1."",fast_pattern,nocase; http_uri; content:"".php?""; pcre:""/\/(?:[^\/]+?\/[a-z]{2,24}|closest\/[a-z0-9]{15,25})\.php\?[ab10]+=[ab10]+&[ab10]+=[ab10]+&[ab10]+=[ab10]+&[ab10]+=[ab10]+&[ab10]+=[ab10]+$/""; metadata:policy max-detect-ips drop,ruleset community; service:http; classtype:trojan-activity; sid:28291; rev:3; ",True,False,False,False,False,INCLUDE_HIGH,E01 supported by rule text/metadata
2780,28428,3,alert,tcp,$EXTERNAL_NET,$HTTP_PORTS,->,$HOME_NET,any,,trojan-activity,http,"policy balanced-ips drop,policy max-detect-ips drop,policy security-ips drop,ruleset community",E01;E02,True," msg:""EXPLOIT-KIT Glazunov exploit kit landing page""; flow:to_client,established; file_data; content:""= |22|applet|22 3B 20|""; content:""= |22|object|22 3B 20|"",within 50; content:""=|27|param|27 3B 20|"",within 50; content:"".zip|27 3B| </script>"",distance 0; pcre:""/\/\d+\/\d\.zip\x27\x3b/""; metadata:policy balanced-ips drop,policy max-detect-ips drop,policy security-ips drop,ruleset community; service:http; reference:cve,2013-2471; reference:url,nakedsecurity.sophos.com/2013/07/02/the-four-seasons-of-glazunov-digging-further-into-sibhost-and-flimkit/; classtype:trojan-activity; sid:28428; rev:3; ",True,False,False,False,False,INCLUDE_HIGH,E01 supported by rule text/metadata
2781,28429,3,alert,tcp,$HOME_NET,any,->,$EXTERNAL_NET,$HTTP_PORTS,,trojan-activity,http,"policy balanced-ips drop,policy max-detect-ips drop,policy security-ips drop,ruleset community",E01,True," msg:""EXPLOIT-KIT Glazunov exploit kit outbound jnlp download attempt""; flow:to_server,established; http_raw_uri; bufferlen:15; http_uri; content:"".jnlp"",fast_pattern; http_header; content:"" Java/1.""; http_uri; pcre:""/\/[a-z0-9]{9}\.jnlp$/""; metadata:policy balanced-ips drop,policy max-detect-ips drop,policy security-ips drop,ruleset community; service:http; reference:cve,2013-2471; reference:url,nakedsecurity.sophos.com/2013/07/02/the-four-seasons-of-glazunov-digging-further-into-sibhost-and-flimkit/; classtype:trojan-activity; sid:28429; rev:3; ",True,False,False,False,False,INCLUDE_HIGH,E01 supported by rule text/metadata
2782,28430,4,alert,tcp,$HOME_NET,any,->,$EXTERNAL_NET,$HTTP_PORTS,,trojan-activity,http,"policy balanced-ips drop,policy max-detect-ips drop,policy security-ips drop,ruleset community",E01,True," msg:""EXPLOIT-KIT Glazunov exploit kit zip file download""; flow:to_server,established; http_uri; content:"".zip"",fast_pattern; http_header; content:"" Java/1.""; http_uri; pcre:""/^\/\d+\/\d\.zip$/""; metadata:policy balanced-ips drop,policy max-detect-ips drop,policy security-ips drop,ruleset community; service:http; reference:cve,2013-2471; reference:url,nakedsecurity.sophos.com/2013/07/02/the-four-seasons-of-glazunov-digging-further-into-sibhost-and-flimkit/; classtype:trojan-activity; sid:28430; rev:4; ",True,False,False,False,False,INCLUDE_HIGH,E01 supported by rule text/metadata
2784,28450,2,alert,tcp,$HOME_NET,any,->,$EXTERNAL_NET,$HTTP_PORTS,,trojan-activity,http,"policy balanced-ips drop,policy max-detect-ips drop,policy security-ips drop,ruleset community",E01;E02,True," msg:""EXPLOIT-KIT Sakura exploit kit exploit payload retrieve attempt""; flow:to_server,established; http_raw_uri; bufferlen:<25; http_uri; content:"".ld"",fast_pattern,nocase; http_header; content:"" Java/1.""; http_uri; pcre:""/^\/\d+\.ld$/""; metadata:policy balanced-ips drop,policy max-detect-ips drop,policy security-ips drop,ruleset community; service:http; classtype:trojan-activity; sid:28450; rev:2; ",True,True,False,False,False,INCLUDE_HIGH,E01;E02 supported by rule text/metadata
2786,28538,5,alert,tcp,$HOME_NET,any,->,$EXTERNAL_NET,"[$HTTP_PORTS,443]",,trojan-activity,http,"impact_flag red,ruleset community",E05,True," msg:""MALWARE-CNC Win.Trojan.Asprox/Kuluoz variant connection""; flow:to_server,established; content:""User-Agent: Mozilla/5.0 (Windows NT 6.1|3B| WOW64|3B| rv:23.0) Gecko/20100101 Firefox/23.0""; content:""Content-Disposition: form-data|3B| name=|22|key|22 3B| filename=|22|key.bin|22|"",fast_pattern,nocase; content:""Content-Disposition: form-data|3B| name=|22|data|22 3B| filename=|22|data.bin|22|""; content:""Content-Type: multipart/form-data|3B| boundary=""; pcre:""/POST\s\/[A-F0-9]{42}\s/""; metadata:impact_flag red,ruleset community; service:http; reference:url,stopmalvertising.com/malware-reports/analysis-of-asprox-and-its-new-encryption-scheme.html; reference:url,www.virustotal.com/en/file/929b62b673db55f443a36fa2de184a2be03788bbe714fc586b82a19444727a54/analysis/; classtype:trojan-activity; sid:28538; rev:5; ",False,False,False,False,False,REVIEW,candidate from broad triage; direct rule evidence not strong enough for automatic inclusion
2788,28542,3,alert,tcp,$HOME_NET,any,->,$EXTERNAL_NET,80,,trojan-activity,http,"impact_flag red,ruleset community",E04,True," msg:""MALWARE-CNC Win.Trojan.Conficker variant outbound connection""; flow:to_server,established; isdataat:145; isdataat:!146; http_raw_uri; bufferlen:1; pkt_data; content:""GET / HTTP/1.1|0D 0A|User-Agent: Mozilla/4.0 (compatible|3B| MSIE 7.0|3B| Windows NT 5.1|3B| Trident/4.0)|0D 0A|Host: checkip.dyndns.org|0D 0A|Cache-Control: no-cache|0D 0A 0D 0A|"",fast_pattern,nocase; metadata:impact_flag red,ruleset community; service:http; reference:url,www.sans.org/security-resources/malwarefaq/conficker-worm.php; classtype:trojan-activity; sid:28542; rev:3; ",False,False,False,True,False,INCLUDE_HIGH,E04 supported by rule text/metadata
2789,28543,3,alert,tcp,$HOME_NET,any,->,$EXTERNAL_NET,80,,trojan-activity,http,"impact_flag red,ruleset community",E04,True," msg:""MALWARE-CNC Win.Trojan.Conficker variant outbound connection""; flow:to_server,established; isdataat:138; isdataat:!139; http_raw_uri; bufferlen:1; pkt_data; content:""GET / HTTP/1.1|0D 0A|User-Agent: Mozilla/4.0 (compatible|3B| MSIE 7.0|3B| Windows NT 5.1|3B| Trident/4.0)|0D 0A|Host: www.ask.com|0D 0A|Cache-Control: no-cache|0D 0A 0D 0A|"",fast_pattern,nocase; metadata:impact_flag red,ruleset community; service:http; reference:url,www.sans.org/security-resources/malwarefaq/conficker-worm.php; classtype:trojan-activity; sid:28543; rev:3; ",False,False,False,True,False,INCLUDE_HIGH,E04 supported by rule text/metadata
2790,28552,3,alert,udp,$EXTERNAL_NET,2425,->,$HOME_NET,2425,,misc-activity,,"policy max-detect-ips drop,ruleset community",E03,True," msg:""INDICATOR-SCAN inbound probing for IPTUX messenger port ""; flow:to_server; content:""iptux"",depth 5,offset 2; content:""lws|3A|lws"",within 7,distance 9; metadata:policy max-detect-ips drop,ruleset community; reference:url,attack.mitre.org/techniques/T1018; reference:url,attack.mitre.org/techniques/T1040; reference:url,attack.mitre.org/techniques/T1046; reference:url,github.com/iptux-src/iptux; classtype:misc-activity; sid:28552; rev:3; ",False,False,True,False,False,INCLUDE_HIGH,E03 supported by rule text/metadata
2791,28553,2,alert,tcp,$HOME_NET,any,->,$EXTERNAL_NET,$HTTP_PORTS,,trojan-activity,http,"impact_flag red,ruleset community",E02;E05,True," msg:""MALWARE-CNC Win.Trojan.Fareit variant outbound connection - /main.htm GET Encrypted Payload""; flow:to_server,established; http_raw_uri; bufferlen:9; http_method; content:""GET""; http_uri; content:""/main.htm"",fast_pattern,nocase; http_header; content:!""Referer""; content:!""Accept""; http_client_body; pcre:""/[^\r -~\n]{4}/""; metadata:impact_flag red,ruleset community; service:http; reference:url,www.virustotal.com/en/file/0682508f3d7c85e086055ce943aeaa634484d8e0cb22be776bac6930b00fae49/analysis/; classtype:trojan-activity; sid:28553; rev:2; ",False,True,False,False,True,INCLUDE_HIGH,E02;E05 supported by rule text/metadata
2792,28554,2,alert,tcp,$HOME_NET,any,->,$EXTERNAL_NET,$HTTP_PORTS,,trojan-activity,http,"impact_flag red,ruleset community",E02;E05,True," msg:""MALWARE-CNC Win.Trojan.Fareit variant outbound connection - /online.htm GET Encrypted Payload""; flow:to_server,established; http_raw_uri; bufferlen:11; http_method; content:""GET""; http_uri; content:""/online.htm"",fast_pattern,nocase; http_header; content:!""Referer""; content:!""Accept""; http_client_body; pcre:""/[^\r -~\n]{4}/""; metadata:impact_flag red,ruleset community; service:http; reference:url,www.virustotal.com/en/file/0682508f3d7c85e086055ce943aeaa634484d8e0cb22be776bac6930b00fae49/analysis/; classtype:trojan-activity; sid:28554; rev:2; ",False,True,False,False,True,INCLUDE_HIGH,E02;E05 supported by rule text/metadata
2793,28555,2,alert,udp,$EXTERNAL_NET,any,->,$HOME_NET,1434,,trojan-activity,,"impact_flag red,policy max-detect-ips drop,ruleset community",E04,True," msg:""MALWARE-OTHER SQL Slammer worm propagation attempt inbound""; flow:to_server; content:""|04|"",depth 1; content:""Qh.dll"",fast_pattern,nocase; content:""sock""; content:""send""; metadata:impact_flag red,policy max-detect-ips drop,ruleset community; reference:bugtraq,5310; reference:bugtraq,5311; reference:cve,2002-0649; classtype:trojan-activity; sid:28555; rev:2; ",False,False,False,True,False,INCLUDE_HIGH,E04 supported by rule text/metadata
2796,28596,4,alert,tcp,$HOME_NET,any,->,$EXTERNAL_NET,$HTTP_PORTS,,trojan-activity,http,ruleset community,E01;E02,True," msg:""EXPLOIT-KIT Nuclear exploit kit payload request""; flow:to_server,established; http_uri; bufferlen:24<=>26; content:""/f/"",fast_pattern,nocase; pcre:""/^\/f\/1\d{9}\/\d{9,10}(\/\d)+$/""; flowbits:set,file.exploit_kit.pe; metadata:ruleset community; service:http; classtype:trojan-activity; sid:28596; rev:4; ",True,True,False,False,False,INCLUDE_HIGH,E01;E02 supported by rule text/metadata
2797,28795,7,alert,tcp,$HOME_NET,any,->,$EXTERNAL_NET,$HTTP_PORTS,,trojan-activity,http,"policy max-detect-ips alert,ruleset community",E01;E02,True," msg:""EXPLOIT-KIT Goon/Infinity exploit kit payload download attempt""; flow:to_server,established; http_raw_uri; bufferlen:<30; http_uri; content:"".mp3"",fast_pattern,nocase; http_header; content:"" Java/1.""; http_uri; pcre:""/\/\d+\.mp3$/""; flowbits:set,file.exploit_kit.pe; metadata:policy max-detect-ips alert,ruleset community; service:http; reference:cve,2012-0507; reference:url,blog.talosintel.com/2013/11/im-calling-this-goon-exploit-kit-for-now.html; classtype:trojan-activity; sid:28795; rev:7; ",True,True,False,False,False,INCLUDE_HIGH,E01;E02 supported by rule text/metadata
2819,28969,4,alert,tcp,$HOME_NET,any,->,$EXTERNAL_NET,$HTTP_PORTS,,trojan-activity,http,ruleset community,E01;E02,True," msg:""EXPLOIT-KIT HiMan exploit kit outbound payload retreival - specific string""; flow:to_server,established; http_uri; content:""/tx.exe"",fast_pattern,nocase; flowbits:set,file.exploit_kit.pe; metadata:ruleset community; service:http; classtype:trojan-activity; sid:28969; rev:4; ",True,True,False,False,False,INCLUDE_HIGH,E01;E02 supported by rule text/metadata
2822,28982,2,alert,tcp,$EXTERNAL_NET,any,->,$HOME_NET,any,,trojan-activity,irc,"impact_flag red,ruleset community",E04,True," msg:""MALWARE-CNC Win.Worm.Steckt IRCbot requesting URL through IRC""; flow:to_client,established; content:""JOIN |3A|#""; content:""!dl http://"",fast_pattern,nocase; metadata:impact_flag red,ruleset community; service:irc; reference:url,www.virustotal.com/en/file/411e93206a7750c8df25730349bf9756ddba52c1bc780eaac4bba2b3872bc037/analysis/; classtype:trojan-activity; sid:28982; rev:2; ",False,False,False,True,False,INCLUDE_HIGH,E04 supported by rule text/metadata
2824,28984,5,alert,tcp,$HOME_NET,any,->,$EXTERNAL_NET,$HTTP_PORTS,,trojan-activity,http,"impact_flag red,ruleset community",E04,True," msg:""MALWARE-CNC Win.Worm.Steckt IRCbot executable download""; flow:to_server,established; http_header; content:""User-Agent|3A| Mozilla/4.0 |28|compatible|29 0D 0A|"",fast_pattern,nocase; http_uri; content:""/direct.php""; content:""?f=""; content:""&s=""; pcre:""/\x2Fdirect\.php\x3Ff=[0-9]{8}\x26s=[a-z0-9]{3}\.[a-z]{1,4}/""; metadata:impact_flag red,ruleset community; service:http; reference:url,www.virustotal.com/en/file/411e93206a7750c8df25730349bf9756ddba52c1bc780eaac4bba2b3872bc037/analysis/; classtype:trojan-activity; sid:28984; rev:5; ",False,False,False,True,False,INCLUDE_HIGH,E04 supported by rule text/metadata
2825,28985,4,alert,tcp,$HOME_NET,any,->,$EXTERNAL_NET,$HTTP_PORTS,,trojan-activity,http,"impact_flag red,ruleset community",E04,True," msg:""MALWARE-CNC Win.Worm.Steckt IRCbot executable download""; flow:to_server,established; http_uri; content:""/site2/""; http_header; content:!""Referer|3A| ""; http_cookie; content:""60gp=""; content:""60gpBAK=""; metadata:impact_flag red,ruleset community; service:http; reference:url,www.virustotal.com/en/file/411e93206a7750c8df25730349bf9756ddba52c1bc780eaac4bba2b3872bc037/analysis/; classtype:trojan-activity; sid:28985; rev:4; ",False,False,False,True,False,INCLUDE_HIGH,E04 supported by rule text/metadata
2826,28986,3,alert,tcp,$HOME_NET,any,->,$EXTERNAL_NET,any,,trojan-activity,irc,"impact_flag red,ruleset community",E04,True," msg:""MALWARE-CNC Win.Worm.Neeris IRCbot variant outbound connection""; flow:to_server,established; content:""JOIN #biz abc|0D 0A|"",depth 15; metadata:impact_flag red,ruleset community; service:irc; reference:url,www.virustotal.com/en/file/0a8f320fc7535f164bbd9d0e462fd459c55ff448cf5e84dc2115f2f4aa800e6b/analysis/1387176826/; classtype:trojan-activity; sid:28986; rev:3; ",False,False,False,True,False,INCLUDE_HIGH,E04 supported by rule text/metadata
2827,28987,3,alert,tcp,$HOME_NET,any,->,$EXTERNAL_NET,any,,trojan-activity,irc,"impact_flag red,ruleset community",E04,True," msg:""MALWARE-CNC Win.Worm.Steckt IRCbot variant outbound connection""; flow:to_server,established; content:""JOIN #n jobs|0D 0A|"",depth 14; metadata:impact_flag red,ruleset community; service:irc; reference:url,www.virustotal.com/en/file/480eb4aa76a55ad7b0db128138113615ca834f9e6c62f798f54c8ac0759657fe/analysis/1387177714/; reference:url,www.virustotal.com/en/file/5b1d04b7504a3ac1befe4408fd4f9cd877b92661db47a75f197924cb660551d3/analysis/1387178129/; classtype:trojan-activity; sid:28987; rev:3; ",False,False,False,True,False,INCLUDE_HIGH,E04 supported by rule text/metadata
2828,28988,3,alert,tcp,$HOME_NET,any,->,$EXTERNAL_NET,any,,trojan-activity,irc,"impact_flag red,ruleset community",E04,True," msg:""MALWARE-CNC Win.Worm.Steckt IRCbot variant outbound connection""; flow:to_server,established; content:""JOIN #test1|20 7C 0D 0A|JOIN #test2|20 7C 0D 0A|JOIN #test3 (null)|0D 0A|"",depth 50; metadata:impact_flag red,ruleset community; service:irc; reference:url,www.virustotal.com/en/file/480eb4aa76a55ad7b0db128138113615ca834f9e6c62f798f54c8ac0759657fe/analysis/1387177714/; reference:url,www.virustotal.com/en/file/5b1d04b7504a3ac1befe4408fd4f9cd877b92661db47a75f197924cb660551d3/analysis/1387178129/; classtype:trojan-activity; sid:28988; rev:3; ",False,False,False,True,False,INCLUDE_HIGH,E04 supported by rule text/metadata
2831,29166,6,alert,tcp,$HOME_NET,any,->,$EXTERNAL_NET,$HTTP_PORTS,,trojan-activity,http,ruleset community,E01;E02,True," msg:""EXPLOIT-KIT CritX exploit kit payload download attempt""; flow:to_server,established; http_uri; content:""/loadmsie.php?id="",fast_pattern,nocase; flowbits:set,file.exploit_kit.pe; metadata:ruleset community; service:http; classtype:trojan-activity; sid:29166; rev:6; ",True,True,False,False,False,INCLUDE_HIGH,E01;E02 supported by rule text/metadata
2832,29167,6,alert,tcp,$EXTERNAL_NET,$HTTP_PORTS,->,$HOME_NET,any,,trojan-activity,http,ruleset community,E01;E02,True," msg:""EXPLOIT-KIT CritX exploit kit payload download attempt""; flow:to_client,established; http_header; content:"".exe|0D 0A|"",fast_pattern,nocase; content:""filename=""; content:"".exe|0D 0A|"",within 6,distance 24; pcre:""/filename=(?![a-f]{24}|\d{24})[a-f\d]{24}\.exe\r\n/""; flowbits:set,file.exploit_kit.pe; metadata:ruleset community; service:http; classtype:trojan-activity; sid:29167; rev:6; ",True,True,False,False,False,INCLUDE_HIGH,E01;E02 supported by rule text/metadata
2834,29189,5,alert,tcp,$HOME_NET,any,->,$EXTERNAL_NET,$HTTP_PORTS,,trojan-activity,http,ruleset community,E01;E02,True," msg:""EXPLOIT-KIT Magnitude exploit kit Microsoft Internet Explorer Payload request""; flow:to_server,established; http_raw_uri; bufferlen:34; http_uri; content:""/?"",depth 2,fast_pattern; pcre:""/^\/\?[a-f0-9]{32}$/""; http_header; content:"" MSIE ""; content:!""Referer|3A|""; flowbits:set,file.exploit_kit.pe; metadata:ruleset community; service:http; classtype:trojan-activity; sid:29189; rev:5; ",True,True,False,False,False,INCLUDE_HIGH,E01;E02 supported by rule text/metadata
2842,29378,2,alert,tcp,$EXTERNAL_NET,"[777,778]",->,$HOME_NET,any,,trojan-activity,,ruleset community,E05,True," msg:""MALWARE-CNC Win.Trojan.Dropper inbound encrypted traffic""; flow:to_client,established; isdataat:9; isdataat:!20; content:""|05 29 00 00 00 05 29 00 00 00|"",fast_pattern,nocase; metadata:ruleset community; reference:url,www.virustotal.com/en/file/20b49af8b750a1899117827476402ccaf7095fb5b7aad2e96c8109290da453cb/analysis/; reference:url,www.virustotal.com/en/file/559e8dbe388c8c103996b208eb5532e295da717f84b4a7ddf5c9885de8115606/analysis/; classtype:trojan-activity; sid:29378; rev:2; ",False,False,False,False,True,INCLUDE_HIGH,E05 supported by rule text/metadata
2843,29379,3,alert,tcp,$HOME_NET,any,->,$EXTERNAL_NET,"[777,778]",,trojan-activity,,ruleset community,E05,True," msg:""MALWARE-CNC Win.Trojan.Dropper outbound encrypted traffic - potential exfiltration""; flow:to_server,established; isdataat:1440; content:""|03 2B 82 86 02 A0 05|"",fast_pattern,nocase; metadata:ruleset community; reference:url,attack.mitre.org/techniques/T1020; reference:url,www.virustotal.com/en/file/20b49af8b750a1899117827476402ccaf7095fb5b7aad2e96c8109290da453cb/analysis/; reference:url,www.virustotal.com/en/file/559e8dbe388c8c103996b208eb5532e295da717f84b4a7ddf5c9885de8115606/analysis/; classtype:trojan-activity; sid:29379; rev:3; ",False,False,False,False,True,INCLUDE_HIGH,E05 supported by rule text/metadata
2844,29380,2,alert,tcp,$HOME_NET,any,->,$EXTERNAL_NET,"[777,778]",,trojan-activity,,ruleset community,E05,True," msg:""MALWARE-CNC Win.Trojan.Dropper outbound encrypted traffic""; flow:to_server,established; isdataat:4; isdataat:!5; content:""|05 29 00 00 00|"",fast_pattern,nocase; metadata:ruleset community; reference:url,www.virustotal.com/en/file/20b49af8b750a1899117827476402ccaf7095fb5b7aad2e96c8109290da453cb/analysis/; reference:url,www.virustotal.com/en/file/559e8dbe388c8c103996b208eb5532e295da717f84b4a7ddf5c9885de8115606/analysis/; classtype:trojan-activity; sid:29380; rev:2; ",False,False,False,False,True,INCLUDE_HIGH,E05 supported by rule text/metadata
2861,29666,4,alert,tcp,$HOME_NET,any,->,$EXTERNAL_NET,$HTTP_PORTS,,trojan-activity,http,"impact_flag red,ruleset community",E05,True," msg:""MALWARE-CNC Win.Trojan.Linkup outbound connection""; flow:to_server,established; http_raw_uri; bufferlen:20; http_method; content:""POST""; http_uri; content:""/uplink.php?logo.jpg"",fast_pattern,nocase; http_header; content:""User-Agent: Mozilla/5.0""; http_client_body; content:""token="",depth 6; metadata:impact_flag red,ruleset community; service:http; reference:url,blog.emsisoft.com/2014/02/03/malware-analysis-ransomware-linkup-blocks-dns-and-mines-bitcoins/; classtype:trojan-activity; sid:29666; rev:4; ",False,False,False,False,True,INCLUDE_HIGH,E05 supported by rule text/metadata
2871,29829,2,alert,tcp,$EXTERNAL_NET,any,->,$HOME_NET,$HTTP_PORTS,,attempted-admin,http,"policy balanced-ips drop,policy max-detect-ips drop,policy security-ips drop,ruleset community",E01;E04,True," msg:""SERVER-WEBAPP HNAP remote code execution attempt""; flow:to_server,established; http_raw_uri; bufferlen:6; http_uri; content:""/HNAP1"",fast_pattern,nocase; http_header; content:""Authorization: Basic YWRtaW46""; metadata:policy balanced-ips drop,policy max-detect-ips drop,policy security-ips drop,ruleset community; service:http; reference:url,isc.sans.edu/diary/Linksys+Worm+%22TheMoon%22+Summary%3A+What+we+know+so+far/17633; classtype:attempted-admin; sid:29829; rev:2; ",True,True,False,True,False,INCLUDE_HIGH,E01;E04 supported by rule text/metadata
2872,29830,4,alert,tcp,$EXTERNAL_NET,any,->,$HOME_NET,$HTTP_PORTS,,attempted-admin,http,"policy max-detect-ips drop,policy security-ips drop,ruleset community",E01;E04,True," msg:""SERVER-WEBAPP Linksys E-series HNAP TheMoon remote code execution attempt""; flow:to_server,established; http_uri; content:""/tmUnblock.cgi"",fast_pattern,nocase; http_client_body; content:""%74%74%63%70%5f%69%70""; pcre:""/%74%74%63%70%5f%69%70%3d.*?([\x60\x3b\x7c]|[\x3c\x3e\x24]\x28|%60|%3b|%7c|%26|%3c%28|%3e%28|%24%28)/im""; metadata:policy max-detect-ips drop,policy security-ips drop,ruleset community; service:http; reference:url,isc.sans.edu/diary/Linksys+Worm+%28%22TheMoon%22%29+Captured/17630; classtype:attempted-admin; sid:29830; rev:4; ",True,True,False,True,False,INCLUDE_HIGH,E01;E04 supported by rule text/metadata
2873,29831,3,alert,tcp,$EXTERNAL_NET,any,->,$HOME_NET,$HTTP_PORTS,,attempted-admin,http,"policy balanced-ips drop,policy max-detect-ips drop,policy security-ips drop,ruleset community",E01;E04,True," msg:""SERVER-WEBAPP Linksys E-series HNAP TheMoon remote code execution attempt""; flow:to_server,established; http_uri; content:""/tmUnblock.cgi"",fast_pattern,nocase; http_client_body; content:""ttcp_ip""; pcre:""/ttcp_ip=.*?([\x60\x3b\x7c]|[\x3c\x3e\x24]\x28|%60|%3b|%7c|%26|%3c%28|%3e%28|%24%28)/im""; metadata:policy balanced-ips drop,policy max-detect-ips drop,policy security-ips drop,ruleset community; service:http; reference:url,isc.sans.edu/diary/Linksys+Worm+%28%22TheMoon%22%29+Captured/17630; classtype:attempted-admin; sid:29831; rev:3; ",True,True,False,True,False,INCLUDE_HIGH,E01;E04 supported by rule text/metadata
2876,29864,2,alert,tcp,$HOME_NET,any,->,$EXTERNAL_NET,$HTTP_PORTS,,trojan-activity,http,"policy balanced-ips drop,policy max-detect-ips drop,policy security-ips drop,ruleset community",E01;E02,True," msg:""EXPLOIT-KIT Redkit exploit kit payload request""; flow:to_server,established; http_uri; content:""/download.asp?p="",nocase; http_header; content:"" Java/1."",fast_pattern,nocase; http_uri; pcre:""/\/download\.asp\?p\=\d$/i""; metadata:policy balanced-ips drop,policy max-detect-ips drop,policy security-ips drop,ruleset community; service:http; reference:url,www.invincea.com/2014/02/ekia-citadel-a-k-a-the-malware-the-popped-fazio-mechanical/; classtype:trojan-activity; sid:29864; rev:2; ",True,True,False,False,False,INCLUDE_HIGH,E01;E02 supported by rule text/metadata
2887,30003,6,alert,tcp,$HOME_NET,any,->,$EXTERNAL_NET,$HTTP_PORTS,,trojan-activity,http,"policy balanced-ips drop,policy max-detect-ips drop,policy security-ips drop,ruleset community",E01;E02,True," msg:""EXPLOIT-KIT Hello/LightsOut exploit kit payload download attempt""; flow:to_server,established; http_uri; content:"".php?a=dw"",fast_pattern,nocase; pcre:""/\?a=dw[a-z]$/""; http_header; content:"" Java/1.""; flowbits:set,file.exploit_kit.pe; metadata:policy balanced-ips drop,policy max-detect-ips drop,policy security-ips drop,ruleset community; service:http; reference:cve,2011-1255; reference:cve,2012-1723; reference:cve,2013-1489; reference:url,attack.mitre.org/techniques/T1189; reference:url,blogs.cisco.com/security/watering-hole-attacks-target-energy-sector/; reference:url,jsunpack.jeek.org/?report=2a298ffa14fd2772bd646bd559f610b0c3b51862; reference:url,jsunpack.jeek.org/?report=977b49ea5dc5ef85d8f50d1f1222befee8bf3581; classtype:trojan-activity; sid:30003; rev:6; ",True,True,False,False,False,INCLUDE_HIGH,E01;E02 supported by rule text/metadata
2897,30220,6,alert,tcp,$HOME_NET,any,->,$EXTERNAL_NET,$HTTP_PORTS,,trojan-activity,http,ruleset community,E01;E02,True," msg:""EXPLOIT-KIT Nuclear exploit kit outbound payload request""; flow:to_server,established; http_uri; content:""/f/"",depth 3; pcre:""/^\/f(?:\/\d)?\/1[34]\d{8}(?:\/\d{9,10})?(?:\/\d)+[^a-zA-Z]{1,6}$/""; flowbits:set,file.exploit_kit.pe; metadata:ruleset community; service:http; classtype:trojan-activity; sid:30220; rev:6; ",True,True,False,False,False,INCLUDE_HIGH,E01;E02 supported by rule text/metadata
2908,30319,5,alert,tcp,$HOME_NET,any,->,$EXTERNAL_NET,$HTTP_PORTS,,trojan-activity,http,ruleset community,E01,True," msg:""EXPLOIT-KIT Goon/Infinity exploit kit malicious portable executable file request""; flow:to_server,established; http_uri; content:"".mp3?rnd="",fast_pattern,nocase; pcre:""/\/\d+\.mp3\?rnd=\d+$/""; flowbits:set,file.exploit_kit.pe; metadata:ruleset community; service:http; classtype:trojan-activity; sid:30319; rev:5; ",True,False,False,False,False,INCLUDE_HIGH,E01 supported by rule text/metadata
2921,30520,9,alert,tcp,$HOME_NET,any,->,$EXTERNAL_NET,"[21,25,443,465,636,992,993,995,2484]",,attempted-recon,ssl,"policy balanced-ips drop,policy max-detect-ips drop,policy security-ips drop,ruleset community",E01,True," msg:""SERVER-OTHER OpenSSL SSLv3 heartbeat read overrun attempt - vulnerable client response""; flow:to_server,established,only_stream; content:""|18 03 00|"",depth 3; byte_test:2,>,128,3; detection_filter:track by_dst,count 2,seconds 5; metadata:policy balanced-ips drop,policy max-detect-ips drop,policy security-ips drop,ruleset community; service:ssl; reference:cve,2014-0160; classtype:attempted-recon; sid:30520; rev:9; ",False,False,True,False,False,REVIEW,candidate from broad triage; direct rule evidence not strong enough for automatic inclusion
2922,30521,9,alert,tcp,$HOME_NET,any,->,$EXTERNAL_NET,"[21,25,443,465,636,992,993,995,2484]",,attempted-recon,ssl,"policy balanced-ips drop,policy max-detect-ips drop,policy security-ips drop,ruleset community",E01,True," msg:""SERVER-OTHER OpenSSL TLSv1 heartbeat read overrun attempt - vulnerable client response""; flow:to_server,established,only_stream; content:""|18 03 01|"",depth 3; byte_test:2,>,128,3; detection_filter:track by_dst,count 2,seconds 5; metadata:policy balanced-ips drop,policy max-detect-ips drop,policy security-ips drop,ruleset community; service:ssl; reference:cve,2014-0160; classtype:attempted-recon; sid:30521; rev:9; ",False,False,True,False,False,REVIEW,candidate from broad triage; direct rule evidence not strong enough for automatic inclusion
2923,30522,9,alert,tcp,$HOME_NET,any,->,$EXTERNAL_NET,"[21,25,443,465,636,992,993,995,2484]",,attempted-recon,ssl,"policy balanced-ips drop,policy max-detect-ips drop,policy security-ips drop,ruleset community",E01,True," msg:""SERVER-OTHER OpenSSL TLSv1.1 heartbeat read overrun attempt - vulnerable client response""; flow:to_server,established,only_stream; content:""|18 03 02|"",depth 3; byte_test:2,>,128,3; detection_filter:track by_dst,count 2,seconds 5; metadata:policy balanced-ips drop,policy max-detect-ips drop,policy security-ips drop,ruleset community; service:ssl; reference:cve,2014-0160; classtype:attempted-recon; sid:30522; rev:9; ",False,False,True,False,False,REVIEW,candidate from broad triage; direct rule evidence not strong enough for automatic inclusion
2924,30523,9,alert,tcp,$HOME_NET,any,->,$EXTERNAL_NET,"[21,25,443,465,636,992,993,995,2484]",,attempted-recon,ssl,"policy balanced-ips drop,policy max-detect-ips drop,policy security-ips drop,ruleset community",E01,True," msg:""SERVER-OTHER OpenSSL TLSv1.2 heartbeat read overrun attempt - vulnerable client response""; flow:to_server,established,only_stream; content:""|18 03 03|"",depth 3; byte_test:2,>,128,3; detection_filter:track by_dst,count 2,seconds 5; metadata:policy balanced-ips drop,policy max-detect-ips drop,policy security-ips drop,ruleset community; service:ssl; reference:cve,2014-0160; classtype:attempted-recon; sid:30523; rev:9; ",False,False,True,False,False,REVIEW,candidate from broad triage; direct rule evidence not strong enough for automatic inclusion
2955,30920,2,alert,tcp,$HOME_NET,any,->,$EXTERNAL_NET,$HTTP_PORTS,,trojan-activity,http,"policy balanced-ips drop,policy max-detect-ips drop,policy security-ips drop,ruleset community",E01,True," msg:""EXPLOIT-KIT Multiple exploit kit redirection gate""; flow:to_server,established; http_raw_uri; bufferlen:72; http_method; content:""POST""; http_uri; content:"".php?q="",fast_pattern,nocase; pcre:""/^\/[a-f0-9]{32}\.php\?q=[a-f0-9]{32}$/""; metadata:policy balanced-ips drop,policy max-detect-ips drop,policy security-ips drop,ruleset community; service:http; classtype:trojan-activity; sid:30920; rev:2; ",True,False,False,False,False,INCLUDE_HIGH,E01 supported by rule text/metadata
2957,30973,7,alert,tcp,$HOME_NET,any,->,$EXTERNAL_NET,$HTTP_PORTS,,trojan-activity,http,ruleset community,E01;E02,True," msg:""EXPLOIT-KIT CritX exploit kit payload request""; flow:to_server,established; http_uri; content:""/load""; content:"".php"",distance 0; pcre:""/\/load(?:(?:db|rh|silver|msie|flash|fla[0-9]{4,5}))\.php/""; flowbits:set,file.exploit_kit.pe; metadata:ruleset community; service:http; reference:url,malware-traffic-analysis.net/2014/05/29/index.html; classtype:trojan-activity; sid:30973; rev:7; ",True,True,False,False,False,INCLUDE_HIGH,E01;E02 supported by rule text/metadata
2978,31262,4,alert,tcp,$HOME_NET,any,->,$EXTERNAL_NET,$HTTP_PORTS,,trojan-activity,http,"impact_flag red,ruleset community",E04,True," msg:""MALWARE-CNC Win.Worm.VBNA variant outbound connection""; flow:to_server,established; http_uri; content:""/0.gif?"",depth 7; pkt_data; content:"" HTTP/1.1|0D 0A|Host: sstatic1.histats.com|0D 0A 0D 0A|"",fast_pattern,nocase; metadata:impact_flag red,ruleset community; service:http; reference:url,malwr.com/analysis/NWI5M2QwY2QxZWIwNDU4NDliYjU5NWJmMzc0MzQ2MDE/; reference:url,www.virustotal.com/en/file/0a777870b65d3dc80b56baf77f6d9e342d25a1c7d670077eca14a0f4309f9e26/analysis/; reference:url,www.virustotal.com/en/file/b5a01ce5e2b074f40d86ecca802658a5c998b5bf452f164b1a76f8fa27f53b15/analysis/; classtype:trojan-activity; sid:31262; rev:4; ",False,False,False,True,False,INCLUDE_HIGH,E04 supported by rule text/metadata
2982,31405,2,alert,tcp,$EXTERNAL_NET,any,->,$HTTP_SERVERS,$HTTP_PORTS,,web-application-attack,http,"policy max-detect-ips drop,ruleset community",E04,True," msg:""SERVER-APACHE Apache Chunked-Encoding worm attempt""; flow:to_server,established; content:""Transfer-Encoding: Chunked"",fast_pattern,nocase; content:""|0D 0A|"",distance 0; byte_test:8,>,2147483647,0,relative,string,hex; content:""|20|"",within 9; metadata:policy max-detect-ips drop,ruleset community; service:http; reference:bugtraq,4474; reference:bugtraq,4485; reference:bugtraq,5033; reference:cve,2002-0071; reference:cve,2002-0079; reference:cve,2002-0392; reference:nessus,10932; classtype:web-application-attack; sid:31405; rev:2; ",False,False,False,True,False,INCLUDE_HIGH,E04 supported by rule text/metadata
2989,31455,4,alert,tcp,$HOME_NET,any,->,$EXTERNAL_NET,$HTTP_PORTS,,trojan-activity,http,"policy max-detect-ips drop,ruleset community",E01,True," msg:""EXPLOIT-KIT Rig Exploit Kit Outbound DGA Request""; flow:to_server,established; http_raw_uri; bufferlen:25<=>32; http_uri; content:"".html?0."",depth 11,offset 2; pcre:""/\/[a-z]{1,4}\x2ehtml\x3f0\x2e[0-9]{15,}$/""; metadata:policy max-detect-ips drop,ruleset community; service:http; reference:url,www.symantec.com/connect/blogs/rig-exploit-kit-used-recent-website-compromise; classtype:trojan-activity; sid:31455; rev:4; ",True,False,False,False,False,INCLUDE_HIGH,E01 supported by rule text/metadata
3002,31606,2,alert,tcp,$HOME_NET,any,->,$EXTERNAL_NET,$HTTP_PORTS,,trojan-activity,http,"impact_flag red,ruleset community",E02,True," msg:""MALWARE-CNC Win.Trojan.Glupteba payload download request""; flow:to_server,established; http_uri; content:""/software.php?"",fast_pattern,nocase; http_header; content:""Accept|3A| */*""; content:""User-Agent|3A| Mozilla/4.0 |28|compatible|3B| MSIE 7.0|3B| Windows NT 6.1|3B|""; http_uri; pcre:""/\/software\x2ephp\x3f[0-9]{15,}/i""; metadata:impact_flag red,ruleset community; service:http; reference:url,www.virustotal.com/en/file/0bcc2bf3cf06952e18c3e1d9860698dbb3ff1644a0389a9756c1b82b66fb2b83/analysis/; classtype:trojan-activity; sid:31606; rev:2; ",False,True,False,False,False,INCLUDE_HIGH,E02 supported by rule text/metadata
3012,31719,2,alert,tcp,$EXTERNAL_NET,any,->,$SMTP_SERVERS,25,,attempted-user,smtp,"policy max-detect-ips drop,ruleset community",E01,True," msg:""FILE-IMAGE Microsoft Multiple Products JPEG parser heap overflow attempt""; flow:to_server,established; flowbits:isset,file.jpeg; file_data; content:""|00 10|JFIF"",depth 6,offset 4; pcre:""/^.{0,100}\xFF[\xE1\xE2\xED\xFE]\x00[\x00\x01]/s""; metadata:policy max-detect-ips drop,ruleset community; service:smtp; reference:bugtraq,11173; reference:cve,2004-0200; reference:url,www.microsoft.com/security/bulletins/200409_jpeg.mspx; classtype:attempted-user; sid:31719; rev:2; ",True,False,False,False,False,INCLUDE_HIGH,E01 supported by rule text/metadata
3024,31965,4,alert,tcp,$EXTERNAL_NET,$HTTP_PORTS,->,$HOME_NET,any,,trojan-activity,http,ruleset community,E01,True," msg:""EXPLOIT-KIT Astrum exploit kit landing page""; flow:to_client,established; file_data; content:""{(new Image).src=|22|/""; content:""%72%6f%72%72%65%6e%6f"",distance 0,fast_pattern; flowbits:set,file.exploit_kit.flash&file.exploit_kit.jar&file.exploit_kit.pdf&file.exploit_kit.silverlight; metadata:ruleset community; service:http; reference:url,malware.dontneedcoffee.com/2014/09/astrum-ek.html; classtype:trojan-activity; sid:31965; rev:4; ",True,False,False,False,False,INCLUDE_HIGH,E01 supported by rule text/metadata
3025,31966,3,alert,tcp,$EXTERNAL_NET,$HTTP_PORTS,->,$HOME_NET,any,,trojan-activity,http,"policy max-detect-ips drop,policy security-ips drop,ruleset community",E01;E02,True," msg:""EXPLOIT-KIT Astrum exploit kit payload delivery""; flow:to_client,established; flowbits:isset,file.exploit_kit.pe; file_data; content:""|D5 B1 F8 24 89 28 15 47|"",fast_pattern,nocase; metadata:policy max-detect-ips drop,policy security-ips drop,ruleset community; service:http; reference:url,malware.dontneedcoffee.com/2014/09/astrum-ek.html; classtype:trojan-activity; sid:31966; rev:3; ",True,True,False,False,False,INCLUDE_HIGH,E01;E02 supported by rule text/metadata
3026,31967,3,alert,tcp,$EXTERNAL_NET,$HTTP_PORTS,->,$HOME_NET,any,,trojan-activity,http,"policy max-detect-ips drop,policy security-ips drop,ruleset community",E01;E02,True," msg:""EXPLOIT-KIT Astrum exploit kit payload delivery""; flow:to_client,established; flowbits:isset,file.exploit_kit.pe; file_data; content:""|F2 F7 94 75 16 7E 8E 15|"",fast_pattern,nocase; metadata:policy max-detect-ips drop,policy security-ips drop,ruleset community; service:http; reference:url,malware.dontneedcoffee.com/2014/09/astrum-ek.html; classtype:trojan-activity; sid:31967; rev:3; ",True,True,False,False,False,INCLUDE_HIGH,E01;E02 supported by rule text/metadata
3027,31970,4,alert,tcp,$HOME_NET,any,->,$EXTERNAL_NET,$HTTP_PORTS,,trojan-activity,http,ruleset community,E01,True," msg:""EXPLOIT-KIT Astrum exploit kit redirection attempt""; flow:to_server,established; http_uri; bufferlen:>60; http_method; content:""POST""; http_uri; pcre:""/\x2f[\w\x2d]*\x2e+$/m""; http_header; content:""Referer|3A 20|""; content:""x-req|3A 20|"",fast_pattern; content:""Connection|3A 20|Keep-Alive|0D 0A|""; content:""Pragma|3A 20|no-cache|0D 0A|""; flowbits:set,file.exploit_kit.flash&file.exploit_kit.jar&file.exploit_kit.pdf&file.exploit_kit.silverlight; metadata:ruleset community; service:http; reference:url,malware.dontneedcoffee.com/2014/09/astrum-ek.html; classtype:trojan-activity; sid:31970; rev:4; ",True,False,False,False,False,INCLUDE_HIGH,E01 supported by rule text/metadata
3028,31971,9,alert,tcp,$HOME_NET,any,->,$EXTERNAL_NET,$HTTP_PORTS,,trojan-activity,http,"policy max-detect-ips alert,ruleset community",E01,True," msg:""EXPLOIT-KIT Astrum exploit kit multiple exploit download request""; flow:to_server,established; http_uri; bufferlen:>60; pkt_data; content:""GET""; content:"".. HTTP/1."",fast_pattern,nocase; http_uri; pcre:""/\x2f[\w\x2d]*\x2e\x2e$/m""; http_header; content:""Connection|3A 20|Keep-Alive|0D 0A|""; flowbits:set,file.exploit_kit.flash&file.exploit_kit.jar&file.exploit_kit.pdf&file.exploit_kit.silverlight; flowbits:noalert; metadata:policy max-detect-ips alert,ruleset community; service:http; reference:url,malware.dontneedcoffee.com/2014/09/astrum-ek.html; classtype:trojan-activity; sid:31971; rev:9; ",True,False,False,False,False,INCLUDE_HIGH,E01 supported by rule text/metadata
3029,31972,3,alert,tcp,$EXTERNAL_NET,$HTTP_PORTS,->,$HOME_NET,any,,trojan-activity,http,"policy max-detect-ips drop,policy security-ips drop,ruleset community",E01;E02,True," msg:""EXPLOIT-KIT Astrum exploit kit payload delivery""; flow:to_client,established; flowbits:isset,file.exploit_kit.pe; file_data; content:""|DC C7 5E 47 A0 DB D2 51|"",fast_pattern,nocase; metadata:policy max-detect-ips drop,policy security-ips drop,ruleset community; service:http; reference:url,malware.dontneedcoffee.com/2014/09/astrum-ek.html; classtype:trojan-activity; sid:31972; rev:3; ",True,True,False,False,False,INCLUDE_HIGH,E01;E02 supported by rule text/metadata
3053,32074,2,alert,tcp,$HOME_NET,any,->,$EXTERNAL_NET,$HTTP_PORTS,,trojan-activity,http,"impact_flag red,ruleset community",E02,True," msg:""MALWARE-CNC Win.Trojan.Zemot payload download attempt""; flow:to_server,established; http_uri; content:""/mod_articles-auth-"",depth 19,fast_pattern; content:""/jquery/"",within 8,distance 7; http_header; content:""Accept: */*|0D 0A|Connection|3A 20|Close|0D 0A|""; content:""Cache-Control|3A 20|no-cache|0D 0A|""; content:!""Referer""; metadata:impact_flag red,ruleset community; service:http; reference:url,www.virustotal.com/en/file/8ba8292eaa47967618c2376afe524736f4fa7eec15ed9cca17abfca692d26fe4/analysis/; classtype:trojan-activity; sid:32074; rev:2; ",False,True,False,False,False,INCLUDE_HIGH,E02 supported by rule text/metadata
3067,32370,4,alert,tcp,$EXTERNAL_NET,any,->,$SMTP_SERVERS,25,,misc-attack,smtp,"policy max-detect-ips drop,policy security-ips drop,ruleset community",E01,True," msg:""SERVER-OTHER AOL Instant Messenger goaway message buffer overflow attempt""; flow:to_server,established; file_data; content:""aim|3A|goaway?message="",nocase; isdataat:500,relative; pcre:""/\x22aim\x3Agoaway\x3Fmessage\x3D[^\x22]{500}|\x27aim\x3Agoaway\x3Fmessage\x3D[^\x27]{500}|aim\x3Agoaway\x3Fmessage\x3D[^\s]{500}/i""; metadata:policy max-detect-ips drop,policy security-ips drop,ruleset community; service:smtp; reference:bugtraq,10889; reference:cve,2004-0636; classtype:misc-attack; sid:32370; rev:4; ",True,False,False,False,False,INCLUDE_HIGH,E01 supported by rule text/metadata
3071,32386,4,alert,tcp,$HOME_NET,any,->,$EXTERNAL_NET,$HTTP_PORTS,,trojan-activity,http,ruleset community,E01,True," msg:""EXPLOIT-KIT Nuclear exploit kit outbound structure""; flow:to_server,established; http_uri; content:""/f/"",depth 3; pcre:""/^\/f(\/[^\x2f]+)?\/14\d{8}(\/\d{9,10})?(\/\d)+(\/x[a-f0-9]+(\x3b\d)+?)?$/""; flowbits:set,file.exploit_kit.pe; metadata:ruleset community; service:http; classtype:trojan-activity; sid:32386; rev:4; ",True,False,False,False,False,INCLUDE_HIGH,E01 supported by rule text/metadata
3075,32605,3,alert,tcp,$HOME_NET,any,->,$EXTERNAL_NET,$HTTP_PORTS,,trojan-activity,http,"impact_flag red,ruleset community",E04,True," msg:""MALWARE-CNC Win.Worm.Jenxcus variant outbound connection""; flow:to_server,established; http_uri; content:""/seo.php?username=MAREYOLE&format=ptp"",fast_pattern,nocase; metadata:impact_flag red,ruleset community; service:http; reference:url,www.virustotal.com/en/file/8538cbb2271f90c57f57150d714ec92e59869f52c7060bb2ab1f57ef6757321d/analysis/; classtype:trojan-activity; sid:32605; rev:3; ",False,False,False,True,False,INCLUDE_HIGH,E04 supported by rule text/metadata
3084,32674,5,alert,tcp,$HOME_NET,any,->,$EXTERNAL_NET,"[8000,8080]",,trojan-activity,,"impact_flag red,ruleset community",E05,True," msg:""MALWARE-CNC Win.Trojan.Wiper variant outbound connection""; flow:to_server,established; isdataat:41; isdataat:!42; content:""(|00|"",depth 2; content:""|04 00 00 00|"",within 4,distance 36; metadata:impact_flag red,ruleset community; reference:url,virustotal.com/en/file/e2ecec43da974db02f624ecadc94baf1d21fd1a5c4990c15863bb9929f781a0a/analysis/; classtype:trojan-activity; sid:32674; rev:5; ",False,False,False,False,False,REVIEW,candidate from broad triage; direct rule evidence not strong enough for automatic inclusion
3101,32889,2,alert,tcp,$EXTERNAL_NET,any,->,$SMTP_SERVERS,25,,attempted-user,smtp,"policy max-detect-ips drop,ruleset community",E01,True," msg:""FILE-IMAGE Microsoft and libpng multiple products PNG large image width overflow attempt""; flow:to_server,established; flowbits:isset,file.png; file_data; content:""|89|PNG|0D 0A 1A 0A|""; content:""IHDR"",within 8; byte_test:4,>,32767,0,relative; metadata:policy max-detect-ips drop,ruleset community; service:smtp; reference:bugtraq,11523; reference:cve,2004-0990; reference:cve,2004-1244; reference:cve,2007-5503; reference:url,sourceforge.net/p/png-mng/mailman/message/33173462/; reference:url,technet.microsoft.com/en-us/security/bulletin/MS05-009; classtype:attempted-user; sid:32889; rev:2; ",True,False,False,False,False,INCLUDE_HIGH,E01 supported by rule text/metadata
3102,32911,2,alert,tcp,$EXTERNAL_NET,488,->,$HOME_NET,any,,trojan-activity,,"impact_flag red,policy max-detect-ips drop,ruleset community",E05,True," msg:""MALWARE-BACKDOOR Win.Trojan.Wiper inbound communication attempt""; flow:to_client,established; content:""|60 DB 37 37 37 37 37 37|"",fast_pattern,nocase; metadata:impact_flag red,policy max-detect-ips drop,ruleset community; reference:url,us-cert.gov/ncas/alerts/TA14-353A; classtype:trojan-activity; sid:32911; rev:2; ",False,True,False,False,False,REVIEW,candidate from broad triage; direct rule evidence not strong enough for automatic inclusion
3103,32912,2,alert,tcp,$HOME_NET,any,->,$EXTERNAL_NET,488,,trojan-activity,,"impact_flag red,policy max-detect-ips drop,ruleset community",E05,True," msg:""MALWARE-BACKDOOR Win.Trojan.Wiper outbound communication attempt""; flow:to_server,established; content:""|60 DB 37 37 37 37 37 37|"",fast_pattern,nocase; metadata:impact_flag red,policy max-detect-ips drop,ruleset community; reference:url,us-cert.gov/ncas/alerts/TA14-353A; classtype:trojan-activity; sid:32912; rev:2; ",False,True,False,False,False,REVIEW,candidate from broad triage; direct rule evidence not strong enough for automatic inclusion
3104,32913,2,alert,tcp,$EXTERNAL_NET,$FILE_DATA_PORTS,->,$HOME_NET,any,,trojan-activity,"ftp-data,http,imap,pop3","impact_flag red,policy max-detect-ips drop,ruleset community",E05,True," msg:""MALWARE-BACKDOOR Win.Trojan.Wiper download attempt""; flow:to_client,established; file_data; content:""|4C 4C|"",depth 2,offset 16; content:""|75 14 2A 2A|"",within 4,distance 4; metadata:impact_flag red,policy max-detect-ips drop,ruleset community; service:ftp-data,http,imap,pop3; reference:url,us-cert.gov/ncas/alerts/TA14-353A; classtype:trojan-activity; sid:32913; rev:2; ",False,True,False,False,False,REVIEW,candidate from broad triage; direct rule evidence not strong enough for automatic inclusion
3105,32914,2,alert,tcp,$EXTERNAL_NET,$FILE_DATA_PORTS,->,$HOME_NET,any,,trojan-activity,"ftp-data,http,imap,pop3","impact_flag red,policy max-detect-ips drop,ruleset community",E05,True," msg:""MALWARE-BACKDOOR Win.Trojan.Wiper download attempt""; flow:to_client,established; file_data; content:""|8A 10 80 C2 67 80 F2 24 88 10|"",fast_pattern,nocase; metadata:impact_flag red,policy max-detect-ips drop,ruleset community; service:ftp-data,http,imap,pop3; reference:url,us-cert.gov/ncas/alerts/TA14-353A; classtype:trojan-activity; sid:32914; rev:2; ",False,True,False,False,False,REVIEW,candidate from broad triage; direct rule evidence not strong enough for automatic inclusion
3106,32915,2,alert,tcp,$EXTERNAL_NET,488,->,$HOME_NET,any,,trojan-activity,,"impact_flag red,policy max-detect-ips drop,ruleset community",E05,True," msg:""MALWARE-BACKDOOR Win.Trojan.Wiper inbound communication attempt""; flow:to_client,established; content:""|65 DB 37 37 37 37 37 37|"",fast_pattern,nocase; metadata:impact_flag red,policy max-detect-ips drop,ruleset community; reference:url,us-cert.gov/ncas/alerts/TA14-353A; classtype:trojan-activity; sid:32915; rev:2; ",False,True,False,False,False,REVIEW,candidate from broad triage; direct rule evidence not strong enough for automatic inclusion
3107,32916,2,alert,tcp,$HOME_NET,any,->,$EXTERNAL_NET,488,,trojan-activity,,"impact_flag red,policy max-detect-ips drop,ruleset community",E05,True," msg:""MALWARE-BACKDOOR Win.Trojan.Wiper outbound communication attempt""; flow:to_server,established; content:""|65 DB 37 37 37 37 37 37|"",fast_pattern,nocase; metadata:impact_flag red,policy max-detect-ips drop,ruleset community; reference:url,us-cert.gov/ncas/alerts/TA14-353A; classtype:trojan-activity; sid:32916; rev:2; ",False,True,False,False,False,REVIEW,candidate from broad triage; direct rule evidence not strong enough for automatic inclusion
3108,32917,2,alert,tcp,$EXTERNAL_NET,"[547,8080,133,117,189,159]",->,$HOME_NET,any,,trojan-activity,,"impact_flag red,policy max-detect-ips drop,ruleset community",E05,True," msg:""MALWARE-BACKDOOR Win.Trojan.Wiper inbound communication attempt""; flow:to_client,established; content:""|7B 08 2A 2A|"",offset 17; content:""|08 2A 2A 01 00|"",distance 0; metadata:impact_flag red,policy max-detect-ips drop,ruleset community; reference:url,us-cert.gov/ncas/alerts/TA14-353A; classtype:trojan-activity; sid:32917; rev:2; ",False,True,False,False,False,REVIEW,candidate from broad triage; direct rule evidence not strong enough for automatic inclusion
3109,32918,2,alert,tcp,$EXTERNAL_NET,$FILE_DATA_PORTS,->,$HOME_NET,any,,trojan-activity,"ftp-data,http,imap,pop3","impact_flag red,policy max-detect-ips drop,ruleset community",E05,True," msg:""MALWARE-BACKDOOR Win.Trojan.Wiper download attempt""; flow:to_client,established; file_data; content:""Sleepy!@#qaz13402scvsde890"",fast_pattern,nocase; metadata:impact_flag red,policy max-detect-ips drop,ruleset community; service:ftp-data,http,imap,pop3; reference:url,us-cert.gov/ncas/alerts/TA14-353A; classtype:trojan-activity; sid:32918; rev:2; ",False,True,False,False,False,REVIEW,candidate from broad triage; direct rule evidence not strong enough for automatic inclusion
3110,32919,2,alert,tcp,$EXTERNAL_NET,$FILE_DATA_PORTS,->,$HOME_NET,any,,trojan-activity,"ftp-data,http,imap,pop3","impact_flag red,policy max-detect-ips drop,ruleset community",E05,True," msg:""MALWARE-OTHER Win.Trojan.Wiper download attempt""; flow:to_client,established; file_data; content:""|C9 06 D9 96 FC 37 23 5A FE F9 40 BA 4C 94 14 98|"",depth 16; metadata:impact_flag red,policy max-detect-ips drop,ruleset community; service:ftp-data,http,imap,pop3; reference:url,us-cert.gov/ncas/alerts/TA14-353A; classtype:trojan-activity; sid:32919; rev:2; ",False,False,False,False,False,REVIEW,candidate from broad triage; direct rule evidence not strong enough for automatic inclusion
3111,32920,2,alert,tcp,$EXTERNAL_NET,$FILE_DATA_PORTS,->,$HOME_NET,any,,trojan-activity,"ftp-data,http,imap,pop3","impact_flag red,policy max-detect-ips drop,ruleset community",E05,True," msg:""MALWARE-OTHER Win.Trojan.Wiper download attempt""; flow:to_client,established; file_data; content:""|AA 64 BA F2 56|"",depth 50; metadata:impact_flag red,policy max-detect-ips drop,ruleset community; service:ftp-data,http,imap,pop3; reference:url,us-cert.gov/ncas/alerts/TA14-353A; classtype:trojan-activity; sid:32920; rev:2; ",False,False,False,False,False,REVIEW,candidate from broad triage; direct rule evidence not strong enough for automatic inclusion
3112,32921,2,alert,tcp,$EXTERNAL_NET,$FILE_DATA_PORTS,->,$HOME_NET,any,,trojan-activity,"ftp-data,http,imap,pop3","impact_flag red,policy max-detect-ips drop,ruleset community",E05,True," msg:""MALWARE-OTHER Win.Trojan.Wiper download attempt""; flow:to_client,established; file_data; content:""|AA 74 BA F2 B9 75|"",depth 74; metadata:impact_flag red,policy max-detect-ips drop,ruleset community; service:ftp-data,http,imap,pop3; reference:url,us-cert.gov/ncas/alerts/TA14-353A; classtype:trojan-activity; sid:32921; rev:2; ",False,False,False,False,False,REVIEW,candidate from broad triage; direct rule evidence not strong enough for automatic inclusion
3113,32922,2,alert,tcp,$EXTERNAL_NET,$FILE_DATA_PORTS,->,$HOME_NET,any,,trojan-activity,"ftp-data,http,imap,pop3","impact_flag red,policy max-detect-ips drop,ruleset community",E05,True," msg:""MALWARE-OTHER Win.Trojan.Wiper listener download attempt""; flow:to_client,established; file_data; content:""|0C 1F 1F 1F 4D 5A 4C 4F 50 51 4C 5A 3F 2D 2F 2F 3F 50 54 3E 3E 3E|"",depth 22; metadata:impact_flag red,policy max-detect-ips drop,ruleset community; service:ftp-data,http,imap,pop3; reference:url,us-cert.gov/ncas/alerts/TA14-353A; classtype:trojan-activity; sid:32922; rev:2; ",False,False,False,False,False,REVIEW,candidate from broad triage; direct rule evidence not strong enough for automatic inclusion
3114,32923,2,alert,tcp,$EXTERNAL_NET,$FILE_DATA_PORTS,->,$HOME_NET,any,,trojan-activity,"ftp-data,http,imap,pop3","impact_flag red,policy max-detect-ips drop,ruleset community",E05,True," msg:""MALWARE-OTHER Win.Trojan.Wiper listener download attempt""; flow:to_client,established; file_data; content:""|D3 C4 D2 D1 CE CF D2 C4 A1 B3 B1 B1 A1 CE CA A0 A0 A0|"",depth 18; metadata:impact_flag red,policy max-detect-ips drop,ruleset community; service:ftp-data,http,imap,pop3; reference:url,us-cert.gov/ncas/alerts/TA14-353A; classtype:trojan-activity; sid:32923; rev:2; ",False,False,False,False,False,REVIEW,candidate from broad triage; direct rule evidence not strong enough for automatic inclusion
3115,32924,2,alert,tcp,$EXTERNAL_NET,$FILE_DATA_PORTS,->,$HOME_NET,any,,trojan-activity,"ftp-data,http,imap,pop3","impact_flag red,policy max-detect-ips drop,ruleset community",E05,True," msg:""MALWARE-OTHER Win.Trojan.Wiper listener download attempt""; flow:to_client,established; file_data; content:""|17 08 14 13 67 0F 13 13 17 67 15 02 16 12 02 14 13 78 47 47|"",depth 24; metadata:impact_flag red,policy max-detect-ips drop,ruleset community; service:ftp-data,http,imap,pop3; reference:url,us-cert.gov/ncas/alerts/TA14-353A; classtype:trojan-activity; sid:32924; rev:2; ",False,False,False,False,False,REVIEW,candidate from broad triage; direct rule evidence not strong enough for automatic inclusion
3116,32925,2,alert,tcp,$EXTERNAL_NET,$FILE_DATA_PORTS,->,$HOME_NET,any,,trojan-activity,"ftp-data,http,imap,pop3","impact_flag red,policy max-detect-ips drop,ruleset community",E05,True," msg:""MALWARE-OTHER Win.Trojan.Wiper listener download attempt""; flow:to_client,established; file_data; content:""|4F 50 4C 4B 3F 57 4B 4B 4F 3F 4D 5A 4E 4A 5A 4C 4B 20 1F|"",depth 23; metadata:impact_flag red,policy max-detect-ips drop,ruleset community; service:ftp-data,http,imap,pop3; reference:url,us-cert.gov/ncas/alerts/TA14-353A; classtype:trojan-activity; sid:32925; rev:2; ",False,False,False,False,False,REVIEW,candidate from broad triage; direct rule evidence not strong enough for automatic inclusion
3117,32926,2,alert,tcp,$EXTERNAL_NET,$FILE_DATA_PORTS,->,$HOME_NET,any,,trojan-activity,"ftp-data,http,imap,pop3","impact_flag red,policy max-detect-ips drop,ruleset community",E05,True," msg:""MALWARE-OTHER Win.Trojan.Wiper listener download attempt""; flow:to_client,established; file_data; content:""|15 02 14 17 08 09 14 02 67 75 77 77 67 08 0C 66 66 66|"",depth 22; metadata:impact_flag red,policy max-detect-ips drop,ruleset community; service:ftp-data,http,imap,pop3; reference:url,us-cert.gov/ncas/alerts/TA14-353A; classtype:trojan-activity; sid:32926; rev:2; ",False,False,False,False,False,REVIEW,candidate from broad triage; direct rule evidence not strong enough for automatic inclusion
3118,32927,2,alert,tcp,$EXTERNAL_NET,$FILE_DATA_PORTS,->,$HOME_NET,any,,trojan-activity,"ftp-data,http,imap,pop3","impact_flag red,policy max-detect-ips drop,ruleset community",E05,True," msg:""MALWARE-OTHER Win.Trojan.Wiper listener download attempt""; flow:to_client,established; file_data; content:""|09 22 33 30 28 35 2C|"",fast_pattern,nocase; metadata:impact_flag red,policy max-detect-ips drop,ruleset community; service:ftp-data,http,imap,pop3; reference:url,us-cert.gov/ncas/alerts/TA14-353A; classtype:trojan-activity; sid:32927; rev:2; ",False,False,False,False,False,REVIEW,candidate from broad triage; direct rule evidence not strong enough for automatic inclusion
3119,32928,2,alert,tcp,$EXTERNAL_NET,$FILE_DATA_PORTS,->,$HOME_NET,any,,trojan-activity,"ftp-data,http,imap,pop3","impact_flag red,policy max-detect-ips drop,ruleset community",E05,True," msg:""MALWARE-OTHER Win.Trojan.Wiper listener download attempt""; flow:to_client,established; file_data; content:""|13 2F 22 35 22 67 26 35 22 29 27 33 67 28 37 22 29 67 37 28 35 33 34 69|"",fast_pattern,nocase; metadata:impact_flag red,policy max-detect-ips drop,ruleset community; service:ftp-data,http,imap,pop3; reference:url,us-cert.gov/ncas/alerts/TA14-353A; classtype:trojan-activity; sid:32928; rev:2; ",False,False,False,False,False,REVIEW,candidate from broad triage; direct rule evidence not strong enough for automatic inclusion
3120,32929,2,alert,tcp,$EXTERNAL_NET,$FILE_DATA_PORTS,->,$HOME_NET,any,,trojan-activity,"ftp-data,http,imap,pop3","impact_flag red,policy max-detect-ips drop,ruleset community",E05,True," msg:""MALWARE-OTHER Win.Trojan.Wiper listener download attempt""; flow:to_client,established; file_data; content:""|43 47 47 47 45 67 47 47 43 47 47 47 44 67 47 47|"",fast_pattern,nocase; metadata:impact_flag red,policy max-detect-ips drop,ruleset community; service:ftp-data,http,imap,pop3; reference:url,us-cert.gov/ncas/alerts/TA14-353A; classtype:trojan-activity; sid:32929; rev:2; ",False,False,False,False,False,REVIEW,candidate from broad triage; direct rule evidence not strong enough for automatic inclusion
3121,32930,2,alert,tcp,$EXTERNAL_NET,$FILE_DATA_PORTS,->,$HOME_NET,any,,trojan-activity,"ftp-data,http,imap,pop3","impact_flag red,policy max-detect-ips drop,ruleset community",E05,True," msg:""MALWARE-OTHER Win.Trojan.Wiper listener download attempt""; flow:to_client,established; file_data; content:""|43 47 47 47 42 67 47 47 43 47 47 47 4F 67 47 47 43 47 47 47 43 67 47 47 43 47 47 47 4E 67 47 47|"",fast_pattern,nocase; metadata:impact_flag red,policy max-detect-ips drop,ruleset community; service:ftp-data,http,imap,pop3; reference:url,us-cert.gov/ncas/alerts/TA14-353A; classtype:trojan-activity; sid:32930; rev:2; ",False,False,False,False,False,REVIEW,candidate from broad triage; direct rule evidence not strong enough for automatic inclusion
3122,32931,2,alert,tcp,$EXTERNAL_NET,$FILE_DATA_PORTS,->,$HOME_NET,any,,trojan-activity,"ftp-data,http,imap,pop3","impact_flag red,policy max-detect-ips drop,ruleset community",E05,True," msg:""MALWARE-OTHER Win.Trojan.Wiper listener download attempt""; flow:to_client,established; file_data; content:""|D1 CE D2 D5 A1 C9 D5 D5 D1 A1 D3 C4 D0 D4 C4 D2 D5 BE|"",depth 18; metadata:impact_flag red,policy max-detect-ips drop,ruleset community; service:ftp-data,http,imap,pop3; reference:url,us-cert.gov/ncas/alerts/TA14-353A; classtype:trojan-activity; sid:32931; rev:2; ",False,False,False,False,False,REVIEW,candidate from broad triage; direct rule evidence not strong enough for automatic inclusion
3123,32932,2,alert,tcp,$EXTERNAL_NET,$FILE_DATA_PORTS,->,$HOME_NET,any,,trojan-activity,"ftp-data,http,imap,pop3","impact_flag red,policy max-detect-ips drop,ruleset community",E05,True," msg:""MALWARE-OTHER Win.Trojan.Wiper listener download attempt""; flow:to_client,established; file_data; content:""|17 08 14 13 67 0F 13 13 17 67 15 02 16 12 02 14 13 78|"",depth 18; metadata:impact_flag red,policy max-detect-ips drop,ruleset community; service:ftp-data,http,imap,pop3; reference:url,us-cert.gov/ncas/alerts/TA14-353A; classtype:trojan-activity; sid:32932; rev:2; ",False,False,False,False,False,REVIEW,candidate from broad triage; direct rule evidence not strong enough for automatic inclusion
3124,32933,2,alert,tcp,$EXTERNAL_NET,$FILE_DATA_PORTS,->,$HOME_NET,any,,trojan-activity,"ftp-data,http,imap,pop3","impact_flag red,policy max-detect-ips drop,ruleset community",E05,True," msg:""MALWARE-OTHER Win.Trojan.Wiper listener download attempt""; flow:to_client,established; file_data; content:""|0C 1F 1F 1F 4F 50 4C 4B 3F 57 4B 4B 4F 3F 4D 5A 4E 4A 5A 4C 4B 20|"",fast_pattern,nocase; metadata:impact_flag red,policy max-detect-ips drop,ruleset community; service:ftp-data,http,imap,pop3; reference:url,us-cert.gov/ncas/alerts/TA14-353A; classtype:trojan-activity; sid:32933; rev:2; ",False,False,False,False,False,REVIEW,candidate from broad triage; direct rule evidence not strong enough for automatic inclusion
3125,32934,2,alert,tcp,$EXTERNAL_NET,$FILE_DATA_PORTS,->,$HOME_NET,any,,trojan-activity,"ftp-data,http,imap,pop3","impact_flag red,policy max-detect-ips drop,ruleset community",E05,True," msg:""MALWARE-OTHER Win.Trojan.Wiper download attempt""; flow:to_client,established; file_data; content:""|8A 10 80 EA 62 80 F2 B4 88 10|"",fast_pattern,nocase; metadata:impact_flag red,policy max-detect-ips drop,ruleset community; service:ftp-data,http,imap,pop3; reference:url,us-cert.gov/ncas/alerts/TA14-353A; classtype:trojan-activity; sid:32934; rev:2; ",False,False,False,False,False,REVIEW,candidate from broad triage; direct rule evidence not strong enough for automatic inclusion
3126,32935,2,alert,tcp,$EXTERNAL_NET,$FILE_DATA_PORTS,->,$HOME_NET,any,,trojan-activity,"ftp-data,http,imap,pop3","impact_flag red,policy max-detect-ips drop,ruleset community",E05,True," msg:""MALWARE-OTHER Win.Trojan.Wiper download attempt""; flow:to_client,established; file_data; content:""|8A 10 80 C2 4E 80 F2 79 88 10|"",fast_pattern,nocase; metadata:impact_flag red,policy max-detect-ips drop,ruleset community; service:ftp-data,http,imap,pop3; reference:url,us-cert.gov/ncas/alerts/TA14-353A; classtype:trojan-activity; sid:32935; rev:2; ",False,False,False,False,False,REVIEW,candidate from broad triage; direct rule evidence not strong enough for automatic inclusion
3127,32936,2,alert,tcp,$EXTERNAL_NET,$FILE_DATA_PORTS,->,$HOME_NET,any,,trojan-activity,"ftp-data,http,imap,pop3","impact_flag red,policy max-detect-ips drop,ruleset community",E05,True," msg:""MALWARE-TOOLS Win.Trojan.Wiper proxy tools download attempt""; flow:to_client,established; file_data; content:""|8A 10 80 C2 3A 80 F2 73 88 10|"",fast_pattern,nocase; metadata:impact_flag red,policy max-detect-ips drop,ruleset community; service:ftp-data,http,imap,pop3; reference:url,us-cert.gov/ncas/alerts/TA14-353A; classtype:trojan-activity; sid:32936; rev:2; ",False,False,False,False,False,REVIEW,candidate from broad triage; direct rule evidence not strong enough for automatic inclusion
3128,32937,2,alert,tcp,any,any,->,any,any,,trojan-activity,,"impact_flag red,policy max-detect-ips drop,ruleset community",E05,True," msg:""MALWARE-TOOLS Win.Trojan.Wiper proxy communication attempt""; flow:established; content:!""HTTP/1""; content:""|E2 1D 49 49|"",depth 4,fast_pattern; content:""|49 49 49 49|"",within 4,distance 4; metadata:impact_flag red,policy max-detect-ips drop,ruleset community; reference:url,us-cert.gov/ncas/alerts/TA14-353A; classtype:trojan-activity; sid:32937; rev:2; ",False,False,False,False,False,REVIEW,candidate from broad triage; direct rule evidence not strong enough for automatic inclusion
3129,32938,2,alert,tcp,$EXTERNAL_NET,$FILE_DATA_PORTS,->,$HOME_NET,any,,trojan-activity,"ftp-data,http,imap,pop3","impact_flag red,policy max-detect-ips drop,ruleset community",E05,True," msg:""MALWARE-TOOLS Win.Trojan.Wiper proxy tool download attempt""; flow:to_client,established; file_data; content:""|82 F4 DE D4 D3 C2 CA F5 C8 C8 D3 82 FB F4 DE D4 D3 C2 CA 94 95 FB D4 D1 C4 CF C8 D4 D3 89 C2 DF C2 87 8A CC 87 00|"",fast_pattern,nocase; metadata:impact_flag red,policy max-detect-ips drop,ruleset community; service:ftp-data,http,imap,pop3; reference:url,us-cert.gov/ncas/alerts/TA14-353A; classtype:trojan-activity; sid:32938; rev:2; ",False,False,False,False,False,REVIEW,candidate from broad triage; direct rule evidence not strong enough for automatic inclusion
3176,33825,7,alert,tcp,$EXTERNAL_NET,any,->,$HOME_NET,"[139,445]",,attempted-recon,netbios-ssn,"policy max-detect-ips alert,policy security-ips alert,ruleset community",E04,True," msg:""OS-WINDOWS Microsoft Windows SMB NTLM NULL session attempt""; flow:to_server,established; content:""|FF|SMB|73 00 00 00 00|"",depth 9,offset 4; content:""|00 00|"",within 2,distance 13; content:""|FF|"",within 1,distance 9; content:""NTLMSSP|00 03 00 00 00|"",within 100; content:""|00 00 00 00 40 00 00 00|"",within 8,distance 24; flowbits:set,smb.null_session; flowbits:noalert; metadata:policy max-detect-ips alert,policy security-ips alert,ruleset community; service:netbios-ssn; reference:bugtraq,1163; reference:cve,2000-0347; classtype:attempted-recon; sid:33825; rev:7; ",False,False,True,True,False,INCLUDE_HIGH,E04 supported by rule text/metadata
3195,34145,2,alert,tcp,$HOME_NET,any,->,$EXTERNAL_NET,$HTTP_PORTS,,misc-activity,http,"policy max-detect-ips drop,ruleset community",E05,True," msg:""PUA-ADWARE SuperOptimizer encrypted data transmission""; flow:to_server,established; http_header; content:""User-Agent|3A 20|NSIS_Inetc (Mozilla)|0D 0A|"",fast_pattern,nocase; http_client_body; content:""|22|encryptedKey|22|"",depth 20,offset 1; content:""|22|encryptedData|22|"",distance 0; metadata:policy max-detect-ips drop,ruleset community; service:http; reference:url,www.virustotal.com/en/file/1df4d1f316bd526e56b5fa0f84704bac365484c049e6a7c76145cb45e5e32049/analysis/1426449377/; classtype:misc-activity; sid:34145; rev:2; ",False,False,False,False,True,INCLUDE_HIGH,E05 supported by rule text/metadata
3216,34365,3,alert,tcp,$EXTERNAL_NET,any,->,$HOME_NET,$HTTP_PORTS,,attempted-admin,http,"policy max-detect-ips drop,ruleset community",E01,True," msg:""SERVER-WEBAPP Magento remote code execution attempt""; flow:to_server,established; http_uri; content:""/Adminhtml_""; content:""forwarded="",distance 0; metadata:policy max-detect-ips drop,ruleset community; service:http; reference:cve,2015-1398; classtype:attempted-admin; sid:34365; rev:3; ",True,True,False,False,False,INCLUDE_HIGH,E01 supported by rule text/metadata
3253,35745,2,alert,tcp,$HOME_NET,any,->,$EXTERNAL_NET,$HTTP_PORTS,,trojan-activity,http,"impact_flag red,policy balanced-ips drop,policy max-detect-ips drop,policy security-ips drop,ruleset community",E01,True," msg:""INDICATOR-COMPROMISE Wild Neutron potential exploit attempt""; flow:to_server,established; http_raw_uri; bufferlen:>25; http_uri; content:"".swf?""; content:""styleid="",distance 0; content:""&langid="",distance 0; content:""&sid="",distance 0; content:""&d="",distance 0; metadata:impact_flag red,policy balanced-ips drop,policy max-detect-ips drop,policy security-ips drop,ruleset community; service:http; reference:url,securelist.com/blog/research/71275/wild-neutron-economic-espionage-threat-actor-returns-with-new-tricks/; classtype:trojan-activity; sid:35745; rev:2; ",True,False,False,False,False,INCLUDE_HIGH,E01 supported by rule text/metadata
3277,37730,5,alert,udp,any,53,->,$HOME_NET,any,,attempted-user,dns,"policy max-detect-ips drop,policy security-ips drop,ruleset community",E01,True," msg:""PROTOCOL-DNS glibc getaddrinfo A record stack buffer overflow attempt""; flow:to_client; dsize:>2000; byte_test:1,&,2,2; byte_test:1,&,0x80,2; byte_test:1,!&,0x78,2; content:""|00 01|"",depth 2,offset 4; content:""|00 00 01 00 01|"",fast_pattern,nocase; metadata:policy max-detect-ips drop,policy security-ips drop,ruleset community; service:dns; reference:cve,2015-7547; reference:url,googleonlinesecurity.blogspot.com/2016/02/cve-2015-7547-glibc-getaddrinfo-stack.html; classtype:attempted-user; sid:37730; rev:5; ",True,False,False,False,False,INCLUDE_HIGH,E01 supported by rule text/metadata
3278,37731,5,alert,udp,any,53,->,$HOME_NET,any,,attempted-user,dns,"policy max-detect-ips drop,policy security-ips drop,ruleset community",E01,True," msg:""PROTOCOL-DNS glibc getaddrinfo AAAA record stack buffer overflow attempt""; flow:to_client; dsize:>2000; byte_test:1,&,2,2; byte_test:1,&,0x80,2; byte_test:1,!&,0x78,2; content:""|00 01|"",depth 2,offset 4; content:""|00 00 1C 00 01|"",fast_pattern,nocase; metadata:policy max-detect-ips drop,policy security-ips drop,ruleset community; service:dns; reference:cve,2015-7547; reference:url,googleonlinesecurity.blogspot.com/2016/02/cve-2015-7547-glibc-getaddrinfo-stack.html; classtype:attempted-user; sid:37731; rev:5; ",True,False,False,False,False,INCLUDE_HIGH,E01 supported by rule text/metadata
3322,38584,2,alert,tcp,$HOME_NET,any,->,$EXTERNAL_NET,$HTTP_PORTS,,trojan-activity,http,"impact_flag red,ruleset community",E02,True," msg:""MALWARE-CNC Win.Backdoor.DFSCook variant JS dropper outbound connection""; flow:to_server,established; content:""/img/script.php?"",fast_pattern,nocase; http_header; content:""Accept|3A 20|*/*|0D 0A|""; content:""UA-CPU|3A 20|""; content:!""Referer""; content:!""Accept-Language""; http_uri; pcre:""/\/img\/script\.php\x3f.*\.mov$/i""; metadata:impact_flag red,ruleset community; service:http; reference:url,www.virustotal.com/en/file/7a32e9d01e66f68461e410a29e38e147fb8a3d3695f1e55f4cf0d2ad789d5b2d/analysis/1460564508/; classtype:trojan-activity; sid:38584; rev:2; ",False,True,False,False,False,INCLUDE_HIGH,E02 supported by rule text/metadata
3374,39737,2,alert,tcp,$EXTERNAL_NET,any,->,$HOME_NET,$HTTP_PORTS,,web-application-attack,http,"policy max-detect-ips drop,ruleset community",E01,True," msg:""SERVER-WEBAPP HttpOxy CGI application vulnerability potential man-in-the-middle attempt""; flow:to_server,established; http_header; content:""|0A|Proxy|3A|"",fast_pattern,nocase; metadata:policy max-detect-ips drop,ruleset community; service:http; reference:cve,2016-5385; reference:cve,2016-5386; reference:cve,2016-5387; reference:cve,2016-5388; reference:url,httpoxy.org; classtype:web-application-attack; sid:39737; rev:2; ",False,False,False,False,False,REVIEW,candidate from broad triage; direct rule evidence not strong enough for automatic inclusion
3385,40184,2,alert,tcp,$EXTERNAL_NET,any,->,$HTTP_SERVERS,$HTTP_PORTS,,web-application-activity,http,"policy max-detect-ips drop,policy security-ips drop,ruleset community",E01,True," msg:""EXPLOIT-KIT Phoenix Exploit Kit inbound geoip.php bdr exploit attempt""; flow:to_server,established; http_uri; content:""/geoip.php?bdr="",fast_pattern,nocase; metadata:policy max-detect-ips drop,policy security-ips drop,ruleset community; service:http; reference:url,github.com/rapid7/metasploit-framework/blob/master/modules/exploits/multi/http/phoenix_exec.rb; classtype:web-application-activity; sid:40184; rev:2; ",True,False,False,False,False,INCLUDE_HIGH,E01 supported by rule text/metadata
3392,40541,3,alert,tcp,$HOME_NET,any,->,$EXTERNAL_NET,$HTTP_PORTS,,trojan-activity,http,"impact_flag red,ruleset community",E05,True," msg:""MALWARE-CNC Win.Trojan.Satana ransomware outbound connection""; flow:to_server,established; http_uri; content:""/add.php"",fast_pattern,nocase; http_client_body; content:""id=""; content:""code=""; content:""sdata=""; content:""name=""; content:""md5=""; content:""dlen=""; http_header; content:!""Connection""; metadata:impact_flag red,ruleset community; service:http; reference:url,www.virustotal.com/en/file/683a09da219918258c58a7f61f7dc4161a3a7a377cf82a31b840baabfb9a4a96/analysis/1477327210/; classtype:trojan-activity; sid:40541; rev:3; ",False,False,False,False,True,INCLUDE_HIGH,E05 supported by rule text/metadata
3393,40549,2,alert,tcp,$HOME_NET,any,->,$EXTERNAL_NET,$HTTP_PORTS,,trojan-activity,http,"impact_flag red,ruleset community",E05,True," msg:""MALWARE-CNC Win.Trojan.CryPy ransomware variant outbound connection""; flow:to_server,established; http_uri; content:""/victim.php?info="",fast_pattern,nocase; content:""&ip=""; content:""info=""; http_header; content:""User-Agent|3A 20|Python-urllib/""; content:!""Accept""; content:!""Connection""; content:!""Referer""; metadata:impact_flag red,ruleset community; service:http; reference:url,www.virustotal.com/en/file/de6da70478e7f84cd06ace1a0934cc9d5732f35aa20e960dc121fd8cf2388d6e/analysis/1477329470/; classtype:trojan-activity; sid:40549; rev:2; ",False,False,False,False,True,INCLUDE_HIGH,E05 supported by rule text/metadata
3407,40836,4,alert,tcp,$EXTERNAL_NET,any,->,$HOME_NET,any,,trojan-activity,,"impact_flag red,ruleset community",E03,True," msg:""MALWARE-CNC Win.Backdoor.Houdini variant file enumeration inbound init/root/faf command attempt""; flow:to_client,established; isdataat:22; isdataat:!23; content:""file_manager_"",depth 13,offset 4; pcre:""/file_manager_(init|root|faf)\x0d\x0a/""; metadata:impact_flag red,ruleset community; classtype:trojan-activity; sid:40836; rev:4; ",False,True,False,False,False,REVIEW,candidate from broad triage; direct rule evidence not strong enough for automatic inclusion
3412,40866,3,alert,udp,$EXTERNAL_NET,any,->,$HOME_NET,1040,,attempted-user,,"policy max-detect-ips drop,policy security-ips drop,ruleset community",E01,True," msg:""PROTOCOL-OTHER TP-Link TDDP SET_CONFIG type buffer overflow attempt""; flow:to_server; dsize:>336; content:""|01 01 00|"",depth 3; byte_test:4,>=,0x0264,4,big; metadata:policy max-detect-ips drop,policy security-ips drop,ruleset community; reference:url,www.coresecurity.com/advisories/tp-link-tddp-multiple-vulnerabilities; classtype:attempted-user; sid:40866; rev:3; ",True,False,False,False,False,INCLUDE_HIGH,E01 supported by rule text/metadata
3415,40907,2,alert,udp,$EXTERNAL_NET,any,->,$HOME_NET,1040,,attempted-recon,,"policy max-detect-ips drop,policy security-ips drop,ruleset community",E01,True," msg:""PROTOCOL-OTHER TP-Link TDDP Get_config configuration leak attempt""; flow:to_server; content:""|01 02 00|"",depth 3; content:""|00 00|"",within 2,distance 7; metadata:policy max-detect-ips drop,policy security-ips drop,ruleset community; reference:url,www.coresecurity.com/advisories/tp-link-tddp-multiple-vulnerabilities; classtype:attempted-recon; sid:40907; rev:2; ",False,False,True,False,False,REVIEW,candidate from broad triage; direct rule evidence not strong enough for automatic inclusion
3419,41096,4,alert,tcp,$EXTERNAL_NET,any,->,$HOME_NET,$HTTP_PORTS,,attempted-admin,http,"policy max-detect-ips drop,policy security-ips drop,ruleset community",E01,True," msg:""SERVER-WEBAPP Netgear WNR2000 hidden_lang_avi stack buffer overflow attempt""; flow:to_server,established; http_uri; content:""/lang_check"",nocase; http_client_body; content:""hidden_lang_avi="",nocase; isdataat:36,relative; content:!""&"",within 36; metadata:policy max-detect-ips drop,policy security-ips drop,ruleset community; service:http; reference:cve,2016-10174; reference:url,seclists.org/fulldisclosure/2016/Dec/72; classtype:attempted-admin; sid:41096; rev:4; ",True,False,False,False,False,INCLUDE_HIGH,E01 supported by rule text/metadata
3424,41346,3,alert,tcp,$EXTERNAL_NET,any,->,$HOME_NET,$HTTP_PORTS,,web-application-attack,http,"policy max-detect-ips drop,policy security-ips drop,ruleset community",E01,True," msg:""SERVER-WEBAPP Western Digital MyCloud command injection attempt""; flow:to_server,established; http_uri; content:""/web/google_analytics.php"",fast_pattern,nocase; content:""cmd=set"",nocase; content:""arg="",nocase; http_cookie; content:""isAdmin=1"",nocase; content:""username=admin"",nocase; content:""local_login=1"",nocase; http_uri; pcre:""/[?&]arg=[^&]*?([\x60\x3b\x7c]|\x24\x28)/i""; metadata:policy max-detect-ips drop,policy security-ips drop,ruleset community; service:http; reference:cve,2016-10108; classtype:web-application-attack; sid:41346; rev:3; ",True,False,False,False,False,INCLUDE_HIGH,E01 supported by rule text/metadata
3425,41347,3,alert,tcp,$EXTERNAL_NET,any,->,$HOME_NET,$HTTP_PORTS,,web-application-attack,http,"policy max-detect-ips drop,policy security-ips drop,ruleset community",E01,True," msg:""SERVER-WEBAPP Western Digital MyCloud command injection attempt""; flow:to_server,established; http_uri; content:""/web/google_analytics.php"",fast_pattern,nocase; http_raw_uri; content:""cmd=set"",nocase; content:""arg="",nocase; content:""%26"",distance 0; http_cookie; content:""isAdmin=1"",nocase; content:""username=admin"",nocase; content:""local_login=1"",nocase; http_raw_uri; pcre:""/[?&]arg=[^&]*?%26/i""; metadata:policy max-detect-ips drop,policy security-ips drop,ruleset community; service:http; reference:cve,2016-10108; classtype:web-application-attack; sid:41347; rev:3; ",True,False,False,False,False,INCLUDE_HIGH,E01 supported by rule text/metadata
3426,41348,3,alert,tcp,$EXTERNAL_NET,any,->,$HOME_NET,$HTTP_PORTS,,web-application-attack,http,"policy max-detect-ips drop,policy security-ips drop,ruleset community",E01,True," msg:""SERVER-WEBAPP Western Digital MyCloud command injection attempt""; flow:to_server,established; http_uri; content:""/web/google_analytics.php"",fast_pattern,nocase; http_client_body; content:""cmd=set"",nocase; content:""arg="",nocase; http_cookie; content:""isAdmin=1"",nocase; content:""username=admin"",nocase; content:""local_login=1"",nocase; http_client_body; pcre:""/(^|&)arg=[^&]*?([\x60\x3b\x7c]|\x24\x28|%60|%3b|%7c|%26|%24%28)/im""; metadata:policy max-detect-ips drop,policy security-ips drop,ruleset community; service:http; reference:cve,2016-10108; classtype:web-application-attack; sid:41348; rev:3; ",True,False,False,False,False,INCLUDE_HIGH,E01 supported by rule text/metadata
3427,41349,3,alert,tcp,$EXTERNAL_NET,any,->,$HOME_NET,$HTTP_PORTS,,web-application-attack,http,"policy max-detect-ips drop,policy security-ips drop,ruleset community",E01,True," msg:""SERVER-WEBAPP Western Digital MyCloud command injection attempt""; flow:to_server,established; http_uri; content:""/web/google_analytics.php"",fast_pattern,nocase; http_client_body; content:""cmd=set"",nocase; content:""arg"",nocase; content:""Content-Disposition"",nocase; http_cookie; content:""isAdmin=1"",nocase; content:""username=admin"",nocase; content:""local_login=1"",nocase; http_client_body; pcre:""/name\s*=\s*[\x22\x27]?arg((?!^--).)*?[\r\n]{2,}((?!^--).)*?([\x60\x3b\x7c\x26]|\x24\x28)/ims""; metadata:policy max-detect-ips drop,policy security-ips drop,ruleset community; service:http; reference:cve,2016-10108; classtype:web-application-attack; sid:41349; rev:3; ",True,False,False,False,False,INCLUDE_HIGH,E01 supported by rule text/metadata
3433,41442,3,alert,tcp,$HOME_NET,any,->,$EXTERNAL_NET,443,,trojan-activity,http,"impact_flag red,ruleset community",E05,True," msg:""MALWARE-CNC Win.Ransomware.X-Mas outbound connection""; flow:to_server,established; content:""WebKitFormBoundary""; content:""|20|form-data|3B 20|name=|22|uid|22|"",fast_pattern; content:""|20|form-data|3B 20|name=|22|uname|22|"",distance 0; content:""|20|form-data|3B 20|name=|22|cname|22|"",distance 0; content:""|20|form-data|3B 20|name=|22|ltime|22|"",distance 0; content:""|20|form-data|3B 20|name=|22|uright|22|"",distance 0; content:""|20|form-data|3B 20|name=|22|sysinfo|22|"",distance 0; metadata:impact_flag red,ruleset community; service:http; reference:url,virustotal.com/en/file/2aa91ed4e591da10499708bde44b1f9d0000eaee9a81018cb0f36bd44844df7a/analysis/1484847335/; reference:url,virustotal.com/en/file/83a2b429b969fc5cd38b6c5072391c3513b3b914f54ea80e245b243dbd5377be/analysis/1484847306/; classtype:trojan-activity; sid:41442; rev:3; ",False,False,False,False,True,INCLUDE_HIGH,E05 supported by rule text/metadata
3434,41443,4,alert,tcp,$HOME_NET,any,->,$EXTERNAL_NET,$HTTP_PORTS,,trojan-activity,http,"impact_flag red,ruleset community",E05,True," msg:""MALWARE-CNC Win.Ransomware.X-Mas variant keylogger outbound connection""; flow:to_server,established; http_uri; content:""/gate.php"",fast_pattern,nocase; http_client_body; content:""163=""; content:""&x="",distance 0; content:""&z="",distance 0; metadata:impact_flag red,ruleset community; service:http; reference:url,attack.mitre.org/techniques/T1056; reference:url,virustotal.com/en/file/b49d2b3c6978584408f3c668863cc88e892bd333a9db9c3de14964d59fc3298f/analysis/1484847208/; classtype:trojan-activity; sid:41443; rev:4; ",False,False,False,False,True,INCLUDE_HIGH,E05 supported by rule text/metadata
3435,41444,4,alert,tcp,$HOME_NET,any,->,$EXTERNAL_NET,$HTTP_PORTS,,trojan-activity,http,"impact_flag red,ruleset community",E05,True," msg:""MALWARE-CNC Win.Ransomware.X-Mas variant keylogger outbound connection""; flow:to_server,established; http_uri; content:""/gate.php?"",fast_pattern,nocase; http_client_body; content:""|3C|br|3E 3C|br|3E 3C|b|3E 3C|big|3E 3C|font color=|22|""; content:""|22 3E 20 5B|"",within 12; http_header; content:!""Accept-""; content:!""Referer""; metadata:impact_flag red,ruleset community; service:http; reference:url,attack.mitre.org/techniques/T1056; reference:url,virustotal.com/en/file/b49d2b3c6978584408f3c668863cc88e892bd333a9db9c3de14964d59fc3298f/analysis/1484847208/; classtype:trojan-activity; sid:41444; rev:4; ",False,False,False,False,True,INCLUDE_HIGH,E05 supported by rule text/metadata
3436,41445,2,alert,tcp,$EXTERNAL_NET,any,->,$HOME_NET,$HTTP_PORTS,,attempted-admin,http,"policy max-detect-ips drop,ruleset community",E01,True," msg:""SERVER-OTHER QNAP remote buffer overflow attempt""; flow:to_server,established; http_uri; content:""/cgi-bin/cgi.cgi"",fast_pattern,nocase; content:""u=""; content:""p=""; isdataat:263,relative; content:!""&"",within 263; content:!""|0D 0A|"",within 263; metadata:policy max-detect-ips drop,ruleset community; service:http; reference:url,seclists.org/bugtraq/2017/Jan/5; classtype:attempted-admin; sid:41445; rev:2; ",True,False,False,False,False,INCLUDE_HIGH,E01 supported by rule text/metadata
3440,41498,2,alert,tcp,$EXTERNAL_NET,$HTTP_PORTS,->,$HOME_NET,any,,trojan-activity,http,"impact_flag red,ruleset community",E05,True," msg:""MALWARE-CNC Win.Ransomware.CryptoLocker binary download response attempt""; flow:to_client,established; content:""Set-Cookie|3A 20|mediaplanBAK|3D|"",fast_pattern,nocase; content:""Set-Cookie|3A 20|mediaplan|3D|""; http_header; content:""Content-Type|3A 20|text/plain""; file_data; content:""MZ""; byte_jump:4,58,relative,little; content:""PE|00 00|"",within 4,distance -64; metadata:impact_flag red,ruleset community; service:http; reference:url,virustotal.com/en/file/571a7014d1ee4e359e7eb5d2c7b3e6c527f4fcef322781f1c56a1b5bf28c8eb2/analysis/1485884599/; classtype:trojan-activity; sid:41498; rev:2; ",False,False,False,False,True,INCLUDE_HIGH,E05 supported by rule text/metadata
3441,41499,6,alert,tcp,$EXTERNAL_NET,"[139,445]",->,$HOME_NET,any,,attempted-dos,,"policy balanced-ips drop,policy connectivity-ips drop,policy max-detect-ips drop,policy security-ips drop,ruleset community",E01;E04,True," msg:""SERVER-SAMBA Microsoft Windows SMBv2/SMBv3 Buffer Overflow attempt""; flow:to_client,established; content:""|FE|SMB|40 00|"",depth 6,offset 4; content:""|03 00|"",within 2,distance 6; byte_test:3,>,200,1; metadata:policy balanced-ips drop,policy connectivity-ips drop,policy max-detect-ips drop,policy security-ips drop,ruleset community; reference:cve,2017-0016; classtype:attempted-dos; sid:41499; rev:6; ",True,False,False,True,False,INCLUDE_HIGH,E01;E04 supported by rule text/metadata
3442,41504,4,alert,tcp,$EXTERNAL_NET,any,->,$HOME_NET,$HTTP_PORTS,,attempted-recon,http,"policy max-detect-ips drop,policy security-ips drop,ruleset community",E01,True," msg:""SERVER-WEBAPP Netgear passwordrecovered.cgi insecure admin password disclosure attempt""; flow:to_server,established; http_uri; content:""/passwordrecovered.cgi"",fast_pattern,nocase; http_param:""id"",nocase; metadata:policy max-detect-ips drop,policy security-ips drop,ruleset community; service:http; reference:bugtraq,95457; reference:cve,2017-5521; reference:url,kb.netgear.com/30632/Web-GUI-Password-Recovery-and-Exposure-Security-Vulnerability; classtype:attempted-recon; gid:1; sid:41504; rev:4; ",False,False,True,False,False,REVIEW,candidate from broad triage; direct rule evidence not strong enough for automatic inclusion
3444,41698,3,alert,tcp,$EXTERNAL_NET,any,->,$HOME_NET,$HTTP_PORTS,,web-application-attack,http,"policy max-detect-ips drop,policy security-ips drop,ruleset community",E01,True," msg:""SERVER-WEBAPP Netgear DGN2200 ping.cgi command injection attempt""; flow:to_server,established; http_uri; content:""/ping.cgi"",nocase; http_client_body; content:""ping_IPAddr="",fast_pattern,nocase; pcre:""/(^|&)ping_IPAddr=[^&]*?([\x60\x3b\x7c]|[\x3c\x3e\x24]\x28|%60|%3b|%7c|%26|%3c%28|%3e%28|%24%28)/im""; metadata:policy max-detect-ips drop,policy security-ips drop,ruleset community; service:http; reference:cve,2017-6077; reference:url,seclists.org/fulldisclosure/2017/Feb/50; classtype:web-application-attack; sid:41698; rev:3; ",True,False,False,False,False,INCLUDE_HIGH,E01 supported by rule text/metadata
3445,41699,3,alert,tcp,$EXTERNAL_NET,any,->,$HOME_NET,$HTTP_PORTS,,web-application-attack,http,"policy max-detect-ips drop,policy security-ips drop,ruleset community",E01,True," msg:""SERVER-WEBAPP Netgear DGN2200 ping.cgi command injection attempt""; flow:to_server,established; http_uri; content:""/ping.cgi"",nocase; content:""ping_IPAddr="",fast_pattern,nocase; http_raw_uri; content:""%26""; pcre:""/[?&]ping_IPAddr=[^&]*?%26/i""; metadata:policy max-detect-ips drop,policy security-ips drop,ruleset community; service:http; reference:cve,2017-6077; reference:url,seclists.org/fulldisclosure/2017/Feb/50; classtype:web-application-attack; sid:41699; rev:3; ",True,False,False,False,False,INCLUDE_HIGH,E01 supported by rule text/metadata
3446,41700,3,alert,tcp,$EXTERNAL_NET,any,->,$HOME_NET,$HTTP_PORTS,,web-application-attack,http,"policy max-detect-ips drop,policy security-ips drop,ruleset community",E01,True," msg:""SERVER-WEBAPP Netgear DGN2200 ping.cgi command injection attempt""; flow:to_server,established; http_uri; content:""/ping.cgi"",nocase; content:""ping_IPAddr="",fast_pattern,nocase; pcre:""/[?&]ping_IPAddr=[^&]*?([\x60\x3b\x7c]|[\x3c\x3e\x24]\x28)/i""; metadata:policy max-detect-ips drop,policy security-ips drop,ruleset community; service:http; reference:cve,2017-6077; reference:url,seclists.org/fulldisclosure/2017/Feb/50; classtype:web-application-attack; sid:41700; rev:3; ",True,False,False,False,False,INCLUDE_HIGH,E01 supported by rule text/metadata
3450,41713,2,alert,tcp,$EXTERNAL_NET,any,->,$HOME_NET,$HTTP_PORTS,,attempted-admin,http,"policy max-detect-ips drop,ruleset community",E01,True," msg:""SERVER-WEBAPP DotNetNuke installation attempt detected""; flow:to_server,established; http_uri; content:""/Install/InstallWizard.aspx"",fast_pattern,nocase; content:""executeinstall""; metadata:policy max-detect-ips drop,ruleset community; service:http; reference:cve,2015-2794; reference:url,www.exploit-db.com/exploits/39777; classtype:attempted-admin; sid:41713; rev:2; ",True,False,False,False,False,INCLUDE_HIGH,E01 supported by rule text/metadata
3455,41748,3,alert,tcp,$EXTERNAL_NET,any,->,$HOME_NET,$HTTP_PORTS,,web-application-attack,http,"policy max-detect-ips drop,policy security-ips drop,ruleset community",E01,True," msg:""SERVER-WEBAPP Netgear DGN2200 dnslookup.cgi command injection attempt""; flow:to_server,established; http_uri; content:""/dnslookup.cgi"",fast_pattern,nocase; http_client_body; content:""host_name"",nocase; content:""Content-Disposition"",nocase; pcre:""/name\s*=\s*[\x22\x27]?host_name((?!^--).)*?[\r\n]{2,}((?!^--).)*?([\x60\x3b\x7c\x26]|[\x3c\x3e\x24]\x28)/ims""; metadata:policy max-detect-ips drop,policy security-ips drop,ruleset community; service:http; reference:cve,2017-6334; classtype:web-application-attack; sid:41748; rev:3; ",True,False,False,False,False,INCLUDE_HIGH,E01 supported by rule text/metadata
3456,41749,3,alert,tcp,$EXTERNAL_NET,any,->,$HOME_NET,$HTTP_PORTS,,web-application-attack,http,"policy max-detect-ips drop,policy security-ips drop,ruleset community",E01,True," msg:""SERVER-WEBAPP Netgear DGN2200 dnslookup.cgi command injection attempt""; flow:to_server,established; http_uri; content:""/dnslookup.cgi"",fast_pattern,nocase; http_client_body; content:""host_name="",nocase; pcre:""/(^|&)host_name=[^&]*?([\x60\x3b\x7c]|[\x3c\x3e\x24]\x28|%60|%3b|%7c|%26|%3c%28|%3e%28|%24%28)/im""; metadata:policy max-detect-ips drop,policy security-ips drop,ruleset community; service:http; reference:cve,2017-6334; classtype:web-application-attack; sid:41749; rev:3; ",True,False,False,False,False,INCLUDE_HIGH,E01 supported by rule text/metadata
3457,41750,3,alert,tcp,$EXTERNAL_NET,any,->,$HOME_NET,$HTTP_PORTS,,web-application-attack,http,"policy max-detect-ips drop,policy security-ips drop,ruleset community",E01,True," msg:""SERVER-WEBAPP Netgear DGN2200 dnslookup.cgi command injection attempt""; flow:to_server,established; http_uri; content:""/dnslookup.cgi"",fast_pattern,nocase; content:""host_name="",nocase; http_raw_uri; content:""%26""; pcre:""/[?&]host_name=[^&]*?%26/i""; metadata:policy max-detect-ips drop,policy security-ips drop,ruleset community; service:http; reference:cve,2017-6334; classtype:web-application-attack; sid:41750; rev:3; ",True,False,False,False,False,INCLUDE_HIGH,E01 supported by rule text/metadata
3458,41751,3,alert,tcp,$EXTERNAL_NET,any,->,$HOME_NET,$HTTP_PORTS,,web-application-attack,http,"policy max-detect-ips drop,policy security-ips drop,ruleset community",E01,True," msg:""SERVER-WEBAPP Netgear DGN2200 dnslookup.cgi command injection attempt""; flow:to_server,established; http_uri; content:""/dnslookup.cgi"",fast_pattern,nocase; content:""host_name="",nocase; pcre:""/[?&]host_name=[^&]*?([\x60\x3b\x7c]|[\x3c\x3e\x24]\x28)/i""; metadata:policy max-detect-ips drop,policy security-ips drop,ruleset community; service:http; reference:cve,2017-6334; classtype:web-application-attack; sid:41751; rev:3; ",True,False,False,False,False,INCLUDE_HIGH,E01 supported by rule text/metadata
3459,41978,5,alert,tcp,any,any,->,$HOME_NET,445,,attempted-admin,netbios-ssn,"policy balanced-ips drop,policy connectivity-ips drop,policy max-detect-ips drop,policy security-ips drop,ruleset community",E01;E04,True," msg:""OS-WINDOWS Microsoft Windows SMB remote code execution attempt""; flow:to_server,established; content:""|FF|SMB3|00 00 00 00|"",depth 9,offset 4; byte_extract:2,26,TotalDataCount,relative,little; byte_test:2,>,TotalDataCount,20,relative,little; metadata:policy balanced-ips drop,policy connectivity-ips drop,policy max-detect-ips drop,policy security-ips drop,ruleset community; service:netbios-ssn; reference:cve,2017-0144; reference:cve,2017-0146; reference:url,blog.talosintelligence.com/2017/05/wannacry.html; reference:url,isc.sans.edu/forums/diary/ETERNALBLUE+Possible+Window+SMB+Buffer+Overflow+0Day/22304/; reference:url,technet.microsoft.com/en-us/security/bulletin/MS17-010; classtype:attempted-admin; sid:41978; rev:5; ",True,True,False,True,True,INCLUDE_HIGH,E01;E04 supported by rule text/metadata
3462,42059,2,alert,tcp,$HOME_NET,any,->,$EXTERNAL_NET,$HTTP_PORTS,,trojan-activity,http,"impact_flag red,ruleset community",E05,True," msg:""MALWARE-CNC Win.Ransomware.Sage variant outbound connection""; flow:to_server,established; http_header; content:""Host: mbfce24rgn65bx3g."",fast_pattern,nocase; metadata:impact_flag red,ruleset community; service:http; reference:url,www.virustotal.com/en/file/c1c31129a39441607c060a7da57855d3969cf47ce4119cda9beaf65b63faca60/analysis/; classtype:trojan-activity; sid:42059; rev:2; ",False,False,False,False,True,INCLUDE_HIGH,E05 supported by rule text/metadata
3467,42256,7,alert,tcp,any,any,->,$HOME_NET,445,,policy-violation,netbios-ssn,"policy max-detect-ips alert,policy security-ips alert,ruleset community",E04,True," msg:""OS-WINDOWS Microsoft Windows SMB anonymous user session setup request detected""; flow:to_server,established; content:""|FF|SMB|73 00 00 00 00|"",depth 13,offset 4; content:""|01 00 00 00 00 00 00 00|"",within 8,distance 38; content:""|00 00 00 00 00|"",within 5,distance 6; flowbits:set,smb.null_session; flowbits:noalert; metadata:policy max-detect-ips alert,policy security-ips alert,ruleset community; service:netbios-ssn; reference:url,msdn.microsoft.com/en-us/library/ee441638.aspx; classtype:policy-violation; sid:42256; rev:7; ",False,False,False,True,False,INCLUDE_HIGH,E04 supported by rule text/metadata
3468,42331,5,alert,tcp,any,any,->,$HOME_NET,445,,trojan-activity,netbios-ssn,"impact_flag red,ruleset community",E04,True," msg:""MALWARE-CNC Win.Trojan.Doublepulsar variant process injection command""; flow:to_server,established; content:""|FF|SMB|32 00 00 00 00|"",depth 9,offset 4; content:""|42 00|"",within 2,distance 21; content:""|0E 00|"",within 2,distance 29; content:!""|00 00|"",within 2; flowbits:set,smb.trans2.mid66; metadata:impact_flag red,ruleset community; service:netbios-ssn; reference:url,attack.mitre.org/techniques/T1055; reference:url,countercept.com/our-thinking/analyzing-the-doublepulsar-kernel-dll-injection-technique/; reference:url,www.virustotal.com/file/15ffbb8d382cd2ff7b0bd4c87a7c0bffd1541c2fe86865af445123bc0b770d13/analysis/; classtype:trojan-activity; sid:42331; rev:5; ",False,True,False,True,False,INCLUDE_HIGH,E04 supported by rule text/metadata
3469,42332,8,alert,tcp,any,any,->,$HOME_NET,445,,trojan-activity,netbios-ssn,"policy balanced-ips alert,policy max-detect-ips alert,policy security-ips alert,ruleset community",E04,True," msg:""MALWARE-CNC Win.Trojan.Doublepulsar variant ping command""; flow:to_server,established; content:""|FF|SMB|32 00 00 00 00|"",depth 9,offset 4; content:""|41 00|"",within 2,distance 21; content:""|0E 00 0D 00 00 00 00 00 00 00 00 00 00 00 00 00 00|"",within 17,distance 29,fast_pattern,fast_pattern_offset 0,fast_pattern_length 10; flowbits:set,smb.trans2.mid65; flowbits:noalert; metadata:policy balanced-ips alert,policy max-detect-ips alert,policy security-ips alert,ruleset community; service:netbios-ssn; reference:url,countercept.com/our-thinking/analyzing-the-doublepulsar-kernel-dll-injection-technique/; reference:url,www.virustotal.com/file/15ffbb8d382cd2ff7b0bd4c87a7c0bffd1541c2fe86865af445123bc0b770d13/analysis/; classtype:trojan-activity; sid:42332; rev:8; ",False,False,False,True,False,INCLUDE_HIGH,E04 supported by rule text/metadata
3470,42338,3,alert,tcp,any,any,->,$HOME_NET,445,,attempted-recon,netbios-ssn,"policy balanced-ips drop,policy max-detect-ips drop,policy security-ips drop,ruleset community",E01;E04,True," msg:""OS-WINDOWS Microsoft Windows SMB large NT RENAME transaction request memory leak attempt""; flow:to_server,established; content:""|FF|SMB|A0|"",depth 5,offset 4; content:""|05 00|"",within 2,distance 64; byte_test:2,>,1024,0,relative,little; metadata:policy balanced-ips drop,policy max-detect-ips drop,policy security-ips drop,ruleset community; service:netbios-ssn; reference:url,msdn.microsoft.com/en-us/library/ee441910.aspx; reference:url,technet.microsoft.com/en-us/security/bulletin/MS17-010; classtype:attempted-recon; sid:42338; rev:3; ",False,False,True,True,False,INCLUDE_HIGH,E04 supported by rule text/metadata
3471,42339,3,alert,tcp,$HOME_NET,445,->,any,any,,attempted-recon,netbios-ssn,"policy balanced-ips alert,policy max-detect-ips drop,policy security-ips drop,ruleset community",E01;E04,True," msg:""OS-WINDOWS Microsoft Windows SMB possible leak of kernel heap memory""; flow:to_client,established; content:""Frag"",fast_pattern; content:""Free""; content:""|FA FF FF|""; content:""|F8 FF FF|"",within 3,distance 5; content:""|F8 FF FF|"",within 3,distance 5; metadata:policy balanced-ips alert,policy max-detect-ips drop,policy security-ips drop,ruleset community; service:netbios-ssn; reference:cve,2017-0147; reference:url,technet.microsoft.com/en-us/security/bulletin/MS17-010; classtype:attempted-recon; sid:42339; rev:3; ",False,False,True,True,False,INCLUDE_HIGH,E04 supported by rule text/metadata
3472,42340,4,alert,tcp,any,any,->,$HOME_NET,445,,attempted-recon,netbios-ssn,"policy max-detect-ips drop,policy security-ips drop,ruleset community",E01;E04,True," msg:""OS-WINDOWS Microsoft Windows SMB anonymous session IPC share access attempt""; flow:to_server,established; flowbits:isset,smb.null_session; content:""|FF|SMB|75 00 00 00 00|"",depth 9,offset 4; content:""|00 5C 00|I|00|P|00|C|00|$|00 00 00|"",fast_pattern,nocase; metadata:policy max-detect-ips drop,policy security-ips drop,ruleset community; service:netbios-ssn; reference:url,attack.mitre.org/techniques/T1077; reference:url,msdn.microsoft.com/en-us/library/ee441910.aspx; reference:url,technet.microsoft.com/en-us/security/bulletin/MS17-010; classtype:attempted-recon; sid:42340; rev:4; ",False,False,True,True,False,INCLUDE_HIGH,E04 supported by rule text/metadata
3477,42857,4,alert,tcp,$EXTERNAL_NET,any,->,$HOME_NET,$HTTP_PORTS,,attempted-admin,http,"policy max-detect-ips drop,ruleset community",E02,True," msg:""SERVER-WEBAPP MVPower DVR Shell arbitrary command execution attempt""; flow:to_server,established; http_uri; bufferlen:>13; content:""/shell?"",fast_pattern,nocase; metadata:policy max-detect-ips drop,ruleset community; service:http; reference:url,www.pentestpartners.com/blog/pwning-cctv-cameras/; classtype:attempted-admin; gid:1; sid:42857; rev:4; ",False,True,False,False,False,INCLUDE_HIGH,E02 supported by rule text/metadata
3485,42944,2,alert,tcp,any,any,->,$HOME_NET,445,,attempted-admin,netbios-ssn,"policy balanced-ips drop,policy connectivity-ips drop,policy max-detect-ips drop,policy security-ips drop,ruleset community",E01;E04,True," msg:""OS-WINDOWS Microsoft Windows SMB remote code execution attempt""; flow:to_server,established; content:""|FF|SMB|A0 00 00 00 00|"",depth 9,offset 4; content:""|01 00 00 00 00|"",within 5,distance 59; byte_test:4,>,0x8150,-33,relative,little; metadata:policy balanced-ips drop,policy connectivity-ips drop,policy max-detect-ips drop,policy security-ips drop,ruleset community; service:netbios-ssn; reference:cve,2017-0144; reference:cve,2017-0146; reference:url,isc.sans.edu/forums/diary/ETERNALBLUE+Possible+Window+SMB+Buffer+Overflow+0Day/22304/; reference:url,technet.microsoft.com/en-us/security/bulletin/MS17-010; classtype:attempted-admin; sid:42944; rev:2; ",True,True,False,True,False,INCLUDE_HIGH,E01;E04 supported by rule text/metadata
3486,43002,8,alert,tcp,any,any,->,$HOME_NET,445,,misc-activity,netbios-ssn,"policy balanced-ips alert,policy max-detect-ips alert,policy security-ips alert,ruleset community",E04,True," msg:""PROTOCOL-OTHER NETBIOS SMB IPC share access attempt""; flow:to_server,established; content:""|FF|SMB|75 00 00 00 00|"",depth 9,offset 4; content:""IPC$|00|"",fast_pattern,nocase; flowbits:set,smb.tree.connect.ipc; flowbits:noalert; metadata:policy balanced-ips alert,policy max-detect-ips alert,policy security-ips alert,ruleset community; service:netbios-ssn; reference:url,attack.mitre.org/techniques/T1077; classtype:misc-activity; sid:43002; rev:8; ",False,False,False,True,False,INCLUDE_HIGH,E04 supported by rule text/metadata
3487,43003,8,alert,tcp,any,any,->,$HOME_NET,445,,misc-activity,netbios-ssn,"policy balanced-ips alert,policy max-detect-ips alert,policy security-ips alert,ruleset community",E04,True," msg:""PROTOCOL-OTHER NETBIOS SMB IPC share access attempt""; flow:to_server,established; content:""|FF|SMB|75 00 00 00 00|"",depth 9,offset 4; content:""I|00|P|00|C|00|$|00 00 00|"",fast_pattern,nocase; flowbits:set,smb.tree.connect.ipc; flowbits:noalert; metadata:policy balanced-ips alert,policy max-detect-ips alert,policy security-ips alert,ruleset community; service:netbios-ssn; reference:url,attack.mitre.org/techniques/T1077; classtype:misc-activity; sid:43003; rev:8; ",False,False,False,True,False,INCLUDE_HIGH,E04 supported by rule text/metadata
3488,43004,5,alert,tcp,any,any,->,$HOME_NET,445,,attempted-user,netbios-ssn,"policy balanced-ips drop,policy max-detect-ips drop,policy security-ips drop,ruleset community",E01;E04,True," msg:""SERVER-SAMBA Samba is_known_pipe arbitrary module load code execution attempt""; flow:to_server,established; flowbits:isset,smb.tree.connect.ipc; content:""|FF|SMB|A2 00 00 00 00|"",depth 9,offset 4; byte_test:2,=,0,1,relative,little,bitmask 0x8000; byte_extract:2,72,len,relative,little; content:""/"",within 1; content:""/"",within len,distance 1; metadata:policy balanced-ips drop,policy max-detect-ips drop,policy security-ips drop,ruleset community; service:netbios-ssn; reference:cve,2017-7494; reference:url,www.samba.org/samba/security/CVE-2017-7494.html; classtype:attempted-user; sid:43004; rev:5; ",True,True,False,True,False,INCLUDE_HIGH,E01;E04 supported by rule text/metadata
3502,43663,2,alert,tcp,$EXTERNAL_NET,any,->,$HOME_NET,21,,attempted-admin,ftp,"policy max-detect-ips drop,ruleset community",E02,True," msg:""SERVER-OTHER WSFTP IpSwitch custom SITE command execution attempt""; flow:to_server,established; content:""SITE SETC"",nocase; metadata:policy max-detect-ips drop,ruleset community; service:ftp; reference:cve,2004-1885; classtype:attempted-admin; sid:43663; rev:2; ",False,True,False,False,False,INCLUDE_HIGH,E02 supported by rule text/metadata
3503,43809,2,alert,tcp,$EXTERNAL_NET,any,->,$HOME_NET,9080,,web-application-attack,http,"policy max-detect-ips drop,policy security-ips drop,ruleset community",E01,True," msg:""SERVER-WEBAPP Kaspersky Linux File Server WMC cross site request forgery attempt""; flow:to_server,established; http_uri; content:""/cgi-bin/cgictl?action=setTaskSettings"",fast_pattern,nocase; http_client_body; content:""settings={|22|"",nocase; content:""taskId=""; metadata:policy max-detect-ips drop,policy security-ips drop,ruleset community; service:http; reference:bugtraq,99330; reference:cve,2017-9810; reference:url,coresecurity.com/advisories/Kaspersky-Anti-Virus-File-Server-Multiple-Vulnerabilities; classtype:web-application-attack; sid:43809; rev:2; ",False,False,False,False,False,REVIEW,candidate from broad triage; direct rule evidence not strong enough for automatic inclusion
3504,43810,2,alert,tcp,$EXTERNAL_NET,any,->,$HOME_NET,9080,,web-application-attack,http,"policy max-detect-ips drop,policy security-ips drop,ruleset community",E01,True," msg:""SERVER-WEBAPP Kaspersky Linux File Server WMC directory traversal attempt""; flow:to_server,established; http_uri; content:""/cgi-bin/cgictl"",fast_pattern,nocase; content:""reportId="",nocase; content:""../""; pcre:""/[?&]reportId=[^&]*?\x2e\x2e\x2f/i""; metadata:policy max-detect-ips drop,policy security-ips drop,ruleset community; service:http; reference:bugtraq,99330; reference:cve,2017-9812; reference:url,coresecurity.com/advisories/Kaspersky-Anti-Virus-File-Server-Multiple-Vulnerabilities; classtype:web-application-attack; sid:43810; rev:2; ",False,False,False,False,False,REVIEW,candidate from broad triage; direct rule evidence not strong enough for automatic inclusion
3505,43811,2,alert,tcp,$EXTERNAL_NET,any,->,$HOME_NET,$HTTP_PORTS,,web-application-attack,http,"policy max-detect-ips drop,policy security-ips drop,ruleset community",E01,True," msg:""SERVER-WEBAPP Kaspersky Linux File Server WMC directory traversal attempt""; flow:to_server,established; http_uri; content:""/cgi-bin/cgictl"",fast_pattern,nocase; http_client_body; content:""reportId="",nocase; pcre:""/(^|&)reportId=[^&]*?(\x2e|%2e){2}([\x2f\x5c]|%2f|%5c)/im""; metadata:policy max-detect-ips drop,policy security-ips drop,ruleset community; service:http; reference:bugtraq,99330; reference:cve,2017-9812; reference:url,coresecurity.com/advisories/Kaspersky-Anti-Virus-File-Server-Multiple-Vulnerabilities; classtype:web-application-attack; sid:43811; rev:2; ",False,False,False,False,False,REVIEW,candidate from broad triage; direct rule evidence not strong enough for automatic inclusion
3506,43812,2,alert,tcp,$EXTERNAL_NET,any,->,$HOME_NET,$HTTP_PORTS,,web-application-attack,http,"policy max-detect-ips drop,policy security-ips drop,ruleset community",E01,True," msg:""SERVER-WEBAPP Kaspersky Linux File Server WMC directory traversal attempt""; flow:to_server,established; http_uri; content:""/cgi-bin/cgictl"",fast_pattern,nocase; http_client_body; content:""reportId"",nocase; content:""Content-Disposition"",nocase; pcre:""/name\s*=\s*[\x22\x27]?reportId((?!^--).)*?\x2e\x2e[\x2f\x5c]/ims""; metadata:policy max-detect-ips drop,policy security-ips drop,ruleset community; service:http; reference:bugtraq,99330; reference:cve,2017-9812; reference:url,coresecurity.com/advisories/Kaspersky-Anti-Virus-File-Server-Multiple-Vulnerabilities; classtype:web-application-attack; sid:43812; rev:2; ",False,False,False,False,False,REVIEW,candidate from broad triage; direct rule evidence not strong enough for automatic inclusion
3507,43813,2,alert,tcp,$EXTERNAL_NET,any,->,$HOME_NET,$HTTP_PORTS,,attempted-user,http,"policy max-detect-ips drop,ruleset community",E01;E02,True," msg:""SERVER-WEBAPP Kaspersky Linux File Server WMC cross site scripting attempt""; flow:to_server,established; http_uri; content:""/cgi-bin/cgictl"",fast_pattern,nocase; content:""scriptName="",nocase; pcre:""/[?&]scriptName=[^&]*?([\x22\x27\x3c\x3e\x28\x29]|script|onload|src)/i""; metadata:policy max-detect-ips drop,ruleset community; service:http; reference:bugtraq,99330; reference:cve,2017-9813; reference:url,coresecurity.com/advisories/Kaspersky-Anti-Virus-File-Server-Multiple-Vulnerabilities; classtype:attempted-user; sid:43813; rev:2; ",False,False,False,False,False,REVIEW,candidate from broad triage; direct rule evidence not strong enough for automatic inclusion
3509,43957,2,alert,tcp,$EXTERNAL_NET,any,->,$HOME_NET,$HTTP_PORTS,,web-application-attack,http,"policy max-detect-ips drop,ruleset community",E02,True," msg:""SERVER-WEBAPP Ubiquiti Networks UniFi Cloud Key Firm v0.6.1 Host Remote Command Execution attempt""; flow:to_server,established; http_uri; bufferlen:11; content:""/api/status"",fast_pattern,nocase; http_header; pcre:""/^Host\x3A[^\x0a]*?([\x60\x3b\x7c]|[\x3c\x3e\x24]\x28|%60|%3b|%7c|%26|%3c%28|%3e%28|%24%28)/im""; metadata:policy max-detect-ips drop,ruleset community; service:http; reference:url,cxsecurity.com/issue/WLB-2017080038; classtype:web-application-attack; sid:43957; rev:2; ",False,True,False,False,False,INCLUDE_HIGH,E02 supported by rule text/metadata
3514,44005,3,alert,tcp,$EXTERNAL_NET,any,->,$HOME_NET,$HTTP_PORTS,,web-application-attack,http,"policy max-detect-ips drop,policy security-ips drop,ruleset community",E01,True," msg:""SERVER-WEBAPP Cisco DDR2200 ADSL gateway command injection attempt""; flow:to_server,established; http_uri; content:""waitPingqry"",fast_pattern,nocase; content:""pingAddr="",nocase; pcre:""/[?&]pingAddr=[^&]*?([\x60\x3b\x7c]|[\x3c\x3e\x24]\x28)/i""; metadata:policy max-detect-ips drop,policy security-ips drop,ruleset community; service:http; reference:cve,2017-11588; reference:url,seclists.org/fulldisclosure/2017/Jul/26; classtype:web-application-attack; sid:44005; rev:3; ",True,False,False,False,False,INCLUDE_HIGH,E01 supported by rule text/metadata
3515,44006,3,alert,tcp,$EXTERNAL_NET,any,->,$HOME_NET,$HTTP_PORTS,,web-application-attack,http,"policy max-detect-ips drop,policy security-ips drop,ruleset community",E01,True," msg:""SERVER-WEBAPP Cisco DDR2200 ADSL gateway command injection attempt""; flow:to_server,established; http_uri; content:""waitPingqry"",fast_pattern,nocase; content:""pingAddr="",nocase; http_raw_uri; content:""%26""; pcre:""/[?&]pingAddr=[^&]*?%26/i""; metadata:policy max-detect-ips drop,policy security-ips drop,ruleset community; service:http; reference:cve,2017-11588; reference:url,seclists.org/fulldisclosure/2017/Jul/26; classtype:web-application-attack; sid:44006; rev:3; ",True,False,False,False,False,INCLUDE_HIGH,E01 supported by rule text/metadata
3516,44007,3,alert,tcp,$EXTERNAL_NET,any,->,$HOME_NET,$HTTP_PORTS,,web-application-attack,http,"policy max-detect-ips drop,policy security-ips drop,ruleset community",E01,True," msg:""SERVER-WEBAPP Cisco DDR2200 ADSL gateway command injection attempt""; flow:to_server,established; http_uri; content:""waitPingqry"",fast_pattern,nocase; http_client_body; content:""pingAddr="",nocase; pcre:""/(^|&)pingAddr=[^&]*?([\x60\x3b\x7c]|[\x3c\x3e\x24]\x28|%60|%3b|%7c|%26|%3c%28|%3e%28|%24%28)/im""; metadata:policy max-detect-ips drop,policy security-ips drop,ruleset community; service:http; reference:cve,2017-11588; reference:url,seclists.org/fulldisclosure/2017/Jul/26; classtype:web-application-attack; sid:44007; rev:3; ",True,False,False,False,False,INCLUDE_HIGH,E01 supported by rule text/metadata
3517,44008,2,alert,tcp,$EXTERNAL_NET,any,->,$HOME_NET,$HTTP_PORTS,,web-application-attack,http,"policy max-detect-ips drop,policy security-ips drop,ruleset community",E01,True," msg:""SERVER-WEBAPP Cisco DDR2200 ADSL gateway command injection attempt""; flow:to_server,established; http_uri; content:""waitPingqry"",fast_pattern,nocase; http_client_body; content:""pingAddr"",nocase; content:""Content-Disposition"",nocase; pcre:""/name\s*=\s*[\x22\x27]?pingAddr((?!^--).)*?[\r\n]{2,}((?!^--).)*?([\x60\x3b\x7c\x26]|[\x3c\x3e\x24]\x28)/ims""; metadata:policy max-detect-ips drop,policy security-ips drop,ruleset community; service:http; reference:url,seclists.org/fulldisclosure/2017/Jul/26; classtype:web-application-attack; sid:44008; rev:2; ",True,False,False,False,False,INCLUDE_HIGH,E01 supported by rule text/metadata
3524,44591,2,alert,tcp,$EXTERNAL_NET,443,->,$HOME_NET,any,,trojan-activity,ssl,"impact_flag red,ruleset community",E05,True," msg:""MALWARE-CNC Win.Trojan.PandaZeus malicious certificate exchange""; flow:to_client,established; content:""|16 03|""; content:""|30 82|"",within 2,distance 13; content:""Let's Encrypt""; content:""gloverkentok.us"",fast_pattern,nocase; metadata:impact_flag red,ruleset community; service:ssl; reference:url,virustotal.com/#/file/220a2b2d7353a697496abcabf1b4c1990b8c9b7143e6dada17782ddd9ee2c232; classtype:trojan-activity; sid:44591; rev:2; ",False,False,False,False,True,INCLUDE_HIGH,E05 supported by rule text/metadata
3529,44687,3,alert,tcp,$EXTERNAL_NET,any,->,$HOME_NET,$HTTP_PORTS,,attempted-admin,http,"policy balanced-ips drop,policy max-detect-ips drop,policy security-ips drop,ruleset community",E01,True," msg:""SERVER-WEBAPP Netgear DGN1000 series routers authentication bypass attempt""; flow:to_server,established; http_uri; content:""/setup.cgi"",nocase; content:""currentsetting.htm"",fast_pattern,nocase; metadata:policy balanced-ips drop,policy max-detect-ips drop,policy security-ips drop,ruleset community; service:http; reference:bugtraq,60281; reference:url,www.exploit-db.com/exploits/25978/; classtype:attempted-admin; sid:44687; rev:3; ",True,False,False,False,False,INCLUDE_HIGH,E01 supported by rule text/metadata
3530,44688,4,alert,tcp,$EXTERNAL_NET,any,->,$HOME_NET,$HTTP_PORTS,,attempted-admin,http,"policy max-detect-ips drop,policy security-ips drop,ruleset community",E01;E02,True," msg:""SERVER-WEBAPP Netgear DGN1000 series routers arbitrary command execution attempt""; flow:to_server,established; http_uri; content:""/setup.cgi"",nocase; pkt_data; content:""todo=syscmd"",fast_pattern,nocase; content:""cmd="",nocase; metadata:policy max-detect-ips drop,policy security-ips drop,ruleset community; service:http; reference:bugtraq,60281; reference:url,www.exploit-db.com/exploits/25978/; classtype:attempted-admin; sid:44688; rev:4; ",True,True,False,False,False,INCLUDE_HIGH,E01;E02 supported by rule text/metadata
3534,44743,3,alert,udp,$EXTERNAL_NET,any,->,$HOME_NET,1900,,attempted-admin,ssdp,"policy max-detect-ips drop,policy security-ips drop,ruleset community",E01,True," msg:""SERVER-OTHER libupnp command buffer overflow attempt""; flow:to_server; content:""NOTIFY "",depth 7; content:""|3A|device|3A|""; isdataat:180,relative; content:!""|3A|"",within 180; metadata:policy max-detect-ips drop,policy security-ips drop,ruleset community; service:ssdp; reference:cve,2012-5958; reference:cve,2012-5962; classtype:attempted-admin; sid:44743; rev:3; ",True,False,False,False,False,INCLUDE_HIGH,E01 supported by rule text/metadata
3535,44762,2,alert,tcp,$HOME_NET,any,->,$EXTERNAL_NET,$HTTP_PORTS,,trojan-activity,http,"impact_flag red,ruleset community",E02,True," msg:""MALWARE-CNC Win.Trojan.KopiLuwak variant outbound request detected""; flow:to_server,established; http_header; content:""User-Agent|3A|""; content:""Mozilla/5.0 (Windows NT 6.1|3B| Win64|3B| x64)|3B| "",distance 0,fast_pattern; pcre:""/Win64\x3B\sx64\x29\x3B\s[0-9]{16}\w{16}\x0D\x0A/i""; metadata:impact_flag red,ruleset community; service:http; reference:url,securelist.com/blog/research/77429/kopiluwak-a-new-javascript-payload-from-turla/; classtype:trojan-activity; sid:44762; rev:2; ",False,True,False,False,False,INCLUDE_HIGH,E02 supported by rule text/metadata
3538,44971,3,alert,tcp,$EXTERNAL_NET,any,->,$HOME_NET,9251,,attempted-admin,,"policy max-detect-ips drop,ruleset community",E01,True," msg:""SERVER-OTHER QNAP transcode server command injection attempt""; flow:to_server,established; content:""|01 00 00 00|"",depth 4; content:""|7C|"",distance 0; content:""|09|"",within 50; metadata:policy max-detect-ips drop,ruleset community; reference:url,www.qnap.com/en-us/; classtype:attempted-admin; sid:44971; rev:3; ",True,False,False,False,False,INCLUDE_HIGH,E01 supported by rule text/metadata
3551,45411,3,alert,tcp,$HOME_NET,any,->,$EXTERNAL_NET,$HTTP_PORTS,,attempted-recon,http,ruleset community,E01,True," msg:""POLICY-OTHER TrendMicro ServerProtect server configuration file download detected""; flow:to_server,established; http_uri; content:""/activeupdate/ini_xml.zip"",fast_pattern,nocase; metadata:ruleset community; service:http; reference:cve,2017-9035; reference:url,www.coresecurity.com/advisories/trend-micro-serverprotect-multiple-vulnerabilities; classtype:attempted-recon; sid:45411; rev:3; ",False,False,True,False,False,REVIEW,candidate from broad triage; direct rule evidence not strong enough for automatic inclusion
3559,45643,4,alert,tcp,$EXTERNAL_NET,1025:,->,$HOME_NET,any,,trojan-activity,,"impact_flag red,policy max-detect-ips drop,policy security-ips drop,ruleset community",E02,True," msg:""MALWARE-CNC Vbs.Trojan.Agent inbound payload download""; flow:to_client,established; content:""s0|2D 7C 2D|"",fast_pattern,nocase; content:""Content-Length""; content:""s0|2D 7C 2D|"",within 200; metadata:impact_flag red,policy max-detect-ips drop,policy security-ips drop,ruleset community; reference:url,blog.talosintelligence.com/2018/02/targeted-attacks-in-middle-east.html; reference:url,virustotal.com/en/file/15f5aaa71bfa3d62fd558a3e88dd5ba26f7638bf2ac653b8d6b8d54dc7e5926b/analysis/; classtype:trojan-activity; sid:45643; rev:4; ",False,True,False,False,False,INCLUDE_HIGH,E02 supported by rule text/metadata
3560,45644,3,alert,tcp,$EXTERNAL_NET,1025:,->,$HOME_NET,any,,trojan-activity,,"impact_flag red,policy balanced-ips drop,policy max-detect-ips drop,policy security-ips drop,ruleset community",E02,True," msg:""MALWARE-CNC Vbs.Trojan.Agent inbound payload download""; flow:to_client,established; content:""s1|2D 7C 2D|"",fast_pattern,nocase; content:""Content-Length""; content:""s1|2D 7C 2D|"",within 200; metadata:impact_flag red,policy balanced-ips drop,policy max-detect-ips drop,policy security-ips drop,ruleset community; reference:url,blog.talosintelligence.com/2018/02/targeted-attacks-in-middle-east.html; reference:url,virustotal.com/en/file/15f5aaa71bfa3d62fd558a3e88dd5ba26f7638bf2ac653b8d6b8d54dc7e5926b/analysis/; classtype:trojan-activity; sid:45644; rev:3; ",False,True,False,False,False,INCLUDE_HIGH,E02 supported by rule text/metadata
3561,45645,3,alert,tcp,$EXTERNAL_NET,1025:,->,$HOME_NET,any,,trojan-activity,,"impact_flag red,policy balanced-ips drop,policy max-detect-ips drop,policy security-ips drop,ruleset community",E02,True," msg:""MALWARE-CNC Vbs.Trojan.Agent inbound payload download""; flow:to_client,established; content:""s2|2D 7C 2D|"",fast_pattern,nocase; content:""Content-Length""; content:""s3|2D 7C 2D|"",within 200; metadata:impact_flag red,policy balanced-ips drop,policy max-detect-ips drop,policy security-ips drop,ruleset community; reference:url,blog.talosintelligence.com/2018/02/targeted-attacks-in-middle-east.html; reference:url,virustotal.com/en/file/15f5aaa71bfa3d62fd558a3e88dd5ba26f7638bf2ac653b8d6b8d54dc7e5926b/analysis/; classtype:trojan-activity; sid:45645; rev:3; ",False,True,False,False,False,INCLUDE_HIGH,E02 supported by rule text/metadata
3562,45646,4,alert,tcp,$HOME_NET,any,->,$EXTERNAL_NET,1025:,,trojan-activity,,"impact_flag red,policy max-detect-ips drop,policy security-ips drop,ruleset community",E03,True," msg:""MALWARE-CNC Vbs.Trojan.Agent outbound system information disclosure""; flow:to_server,established; content:""POST /is-return "",depth 16,fast_pattern; content:""User-Agent""; content:""|2D 7C 2D|"",within 10; metadata:impact_flag red,policy max-detect-ips drop,policy security-ips drop,ruleset community; reference:url,blog.talosintelligence.com/2018/02/targeted-attacks-in-middle-east.html; reference:url,virustotal.com/en/file/15f5aaa71bfa3d62fd558a3e88dd5ba26f7638bf2ac653b8d6b8d54dc7e5926b/analysis/; classtype:trojan-activity; sid:45646; rev:4; ",False,False,False,False,False,REVIEW,candidate from broad triage; direct rule evidence not strong enough for automatic inclusion
3567,45964,1,alert,udp,$HOME_NET,any,->,$EXTERNAL_NET,53,,trojan-activity,dns,"impact_flag red,policy balanced-ips drop,policy max-detect-ips drop,policy security-ips drop,ruleset community",E03,True," msg:""MALWARE-CNC Win.Trojan.UDPOS outbound system information disclousre""; flow:to_server; isdataat:150; content:""|0F|""; content:""|03|bin"",within 4,distance 15,fast_pattern; metadata:impact_flag red,policy balanced-ips drop,policy max-detect-ips drop,policy security-ips drop,ruleset community; service:dns; reference:url,blogs.forcepoint.com/security-labs/udpos-exfiltrating-credit-card-data-dns; reference:url,www.virustotal.com/#/file/62688903adfc719c5514f25a17563547aac4801959852f5d49faa93967ce86cf/detection; classtype:trojan-activity; sid:45964; rev:1; ",False,False,False,False,False,REVIEW,candidate from broad triage; direct rule evidence not strong enough for automatic inclusion
3571,45977,2,alert,tcp,$HOME_NET,445,->,any,any,,attempted-recon,netbios-ssn,"policy max-detect-ips drop,policy security-ips drop,ruleset community",E01;E04,True," msg:""OS-WINDOWS Microsoft Windows SMB kernel heap memory leak attempt""; flow:to_client,established; content:""|FF|SMB|A0|"",depth 5,offset 4; isdataat:127; content:""|FF FF FF FF|"",within 4,distance 123; byte_extract:4,28,ids; byte_test:4,=,ids,174,relative; byte_extract:2,0,uid,relative; byte_test:2,=,uid,172,relative; metadata:policy max-detect-ips drop,policy security-ips drop,ruleset community; service:netbios-ssn; reference:cve,2017-0143; reference:cve,2017-0146; reference:cve,2017-0147; reference:url,technet.microsoft.com/en-us/security/bulletin/MS17-010; classtype:attempted-recon; sid:45977; rev:2; ",False,False,True,True,False,INCLUDE_HIGH,E04 supported by rule text/metadata
3572,45978,2,alert,tcp,$HOME_NET,445,->,any,any,,attempted-recon,netbios-ssn,"policy max-detect-ips drop,policy security-ips drop,ruleset community",E01;E04,True," msg:""OS-WINDOWS Microsoft Windows SMB kernel heap memory leak attempt""; flow:to_client,established; content:""|FF|SMB|A0|"",depth 5,offset 4; isdataat:111; content:""|FA FF FF|"",within 3,distance 108; content:""|FA FF FF|"",distance 0; byte_extract:4,28,ids; byte_test:4,=,ids,242,relative; byte_extract:2,0,uid,relative; byte_test:2,=,uid,240,relative; metadata:policy max-detect-ips drop,policy security-ips drop,ruleset community; service:netbios-ssn; reference:cve,2017-0143; reference:cve,2017-0146; reference:cve,2017-0147; reference:url,technet.microsoft.com/en-us/security/bulletin/MS17-010; classtype:attempted-recon; sid:45978; rev:2; ",False,False,True,True,False,INCLUDE_HIGH,E04 supported by rule text/metadata
3585,46076,2,alert,tcp,$EXTERNAL_NET,any,->,$HOME_NET,"[139,445]",,attempted-user,netbios-ssn,"policy max-detect-ips drop,policy security-ips drop,ruleset community",E01,True," msg:""NETBIOS MikroTik RouterOS buffer overflow attempt""; flow:to_server,established; content:""|81 00|"",depth 2; byte_test:2,>,75,0,relative; byte_extract:2,0,len,relative; isdataat:!len,relative; isdataat:len; metadata:policy max-detect-ips drop,policy security-ips drop,ruleset community; service:netbios-ssn; reference:bugtraq,103427; reference:cve,2018-7445; classtype:attempted-user; sid:46076; rev:2; ",True,False,False,True,False,INCLUDE_HIGH,E01 supported by rule text/metadata
3586,46080,4,alert,tcp,$EXTERNAL_NET,any,->,$HOME_NET,$HTTP_PORTS,,attempted-user,http,"policy max-detect-ips drop,ruleset community",E02,True," msg:""SERVER-WEBAPP Linksys E-Series apply.cgi cross site scripting attempt""; flow:to_server,established; http_uri; content:""apply.cgi""; content:""action="",distance 0; pcre:""/[?&](wait_time|ping_ip|ping_size|submit_type|traceroute_ip)=[^&]*?([\x22\x27\x3c\x3e\x28\x29]|script|onload|src)/i""; metadata:policy max-detect-ips drop,ruleset community; service:http; reference:url,s3cur1ty.de/m1adv2013-004; classtype:attempted-user; sid:46080; rev:4; ",False,False,False,False,False,REVIEW,candidate from broad triage; direct rule evidence not strong enough for automatic inclusion
3587,46081,4,alert,tcp,$EXTERNAL_NET,any,->,$HOME_NET,$HTTP_PORTS,,attempted-user,http,"policy max-detect-ips drop,ruleset community",E02,True," msg:""SERVER-WEBAPP Linksys E-Series apply.cgi cross site scripting attempt""; flow:to_server,established; http_uri; content:""apply.cgi"",fast_pattern,nocase; http_client_body; content:""action=""; pcre:""/(^|&)(wait_time|ping_ip|ping_size|submit_type|traceroute_ip)=[^&]*?([\x22\x27\x3c\x3e\x28\x29]|script|onload|src)/im""; metadata:policy max-detect-ips drop,ruleset community; service:http; reference:url,s3cur1ty.de/m1adv2013-004; classtype:attempted-user; sid:46081; rev:4; ",False,False,False,False,False,REVIEW,candidate from broad triage; direct rule evidence not strong enough for automatic inclusion
3588,46082,3,alert,tcp,$EXTERNAL_NET,any,->,$HOME_NET,$HTTP_PORTS,,web-application-attack,http,"policy max-detect-ips drop,ruleset community",E01,True," msg:""SERVER-WEBAPP Linksys E-Series apply.cgi ping function command injection attempt""; flow:to_server,established; http_uri; content:""apply.cgi"",fast_pattern,nocase; http_client_body; content:""ping"",nocase; pcre:""/(^|&)ping(\x5f|%5f)(ip|size|times)=[^&]*?([\x60\x3b\x7c]|[\x3c\x3e\x24]\x28|%60|%3b|%7c|%26|%3c%28|%3e%28|%24%28)/im""; metadata:policy max-detect-ips drop,ruleset community; service:http; reference:cve,2013-3307; classtype:web-application-attack; sid:46082; rev:3; ",True,False,False,False,False,INCLUDE_HIGH,E01 supported by rule text/metadata
3589,46083,3,alert,tcp,$EXTERNAL_NET,any,->,$HOME_NET,$HTTP_PORTS,,web-application-attack,http,"policy max-detect-ips drop,ruleset community",E01,True," msg:""SERVER-WEBAPP Linksys E-Series apply.cgi directory traversal attempt""; flow:to_server,established; http_uri; content:""apply.cgi"",fast_pattern,nocase; http_client_body; content:""next_page="",nocase; pcre:""/(^|&)next_page=[^&]*?(\x2e|%2e){2}([\x2f\x5c]|%2f|%5c)/im""; metadata:policy max-detect-ips drop,ruleset community; service:http; reference:url,s3cur1ty.de/m1adv2013-004; classtype:web-application-attack; sid:46083; rev:3; ",False,False,False,False,False,REVIEW,candidate from broad triage; direct rule evidence not strong enough for automatic inclusion
3590,46084,3,alert,tcp,$EXTERNAL_NET,any,->,$HOME_NET,$HTTP_PORTS,,web-application-attack,http,"policy max-detect-ips drop,ruleset community",E01,True," msg:""SERVER-WEBAPP Linksys E-Series apply.cgi directory traversal attempt""; flow:to_server,established; http_uri; content:""apply.cgi"",fast_pattern,nocase; content:""next_page="",nocase; content:""../""; pcre:""/[?&]next_page=[^&]*?\x2e\x2e\x2f/i""; metadata:policy max-detect-ips drop,ruleset community; service:http; reference:url,s3cur1ty.de/m1adv2013-004; classtype:web-application-attack; sid:46084; rev:3; ",False,False,False,False,False,REVIEW,candidate from broad triage; direct rule evidence not strong enough for automatic inclusion
3591,46085,3,alert,tcp,$EXTERNAL_NET,any,->,$HOME_NET,$HTTP_PORTS,,web-application-attack,http,"policy max-detect-ips drop,ruleset community",E01,True," msg:""SERVER-WEBAPP Linksys E-Series apply.cgi ping function command injection attempt""; flow:to_server,established; http_uri; content:""apply.cgi"",fast_pattern,nocase; content:""ping_"",nocase; pcre:""/[?&]ping_(ip|size|times)=[^&]*?([\x60\x3b\x7c]|[\x3c\x3e\x24]\x28)/i""; metadata:policy max-detect-ips drop,ruleset community; service:http; reference:cve,2013-3307; classtype:web-application-attack; sid:46085; rev:3; ",True,False,False,False,False,INCLUDE_HIGH,E01 supported by rule text/metadata
3592,46086,3,alert,tcp,$EXTERNAL_NET,any,->,$HOME_NET,$HTTP_PORTS,,web-application-attack,http,"policy max-detect-ips drop,ruleset community",E01,True," msg:""SERVER-WEBAPP Linksys E-Series apply.cgi ping function command injection attempt""; flow:to_server,established; http_uri; content:""apply.cgi"",fast_pattern,nocase; content:""ping_"",nocase; http_raw_uri; content:""%26""; pcre:""/[?&]ping(\x5f|%5f)(ip|size|times)=[^&]*?%26/i""; metadata:policy max-detect-ips drop,ruleset community; service:http; reference:cve,2013-3307; classtype:web-application-attack; sid:46086; rev:3; ",True,False,False,False,False,INCLUDE_HIGH,E01 supported by rule text/metadata
3601,46297,3,alert,tcp,$EXTERNAL_NET,any,->,$HOME_NET,$HTTP_PORTS,,web-application-attack,http,"policy max-detect-ips drop,ruleset community",E01,True," msg:""SERVER-WEBAPP QNAP VioStor NVR and QNAP NAS command injection attempt""; flow:to_server,established; http_uri; content:""/cgi-bin/pingping.cgi"",fast_pattern,nocase; content:""ping_ip="",nocase; pcre:""/[?&]ping_ip=[^&]*?([\x60\x3b\x7c]|[\x3c\x3e\x24]\x28)/i""; metadata:policy max-detect-ips drop,ruleset community; service:http; reference:cve,2013-0143; classtype:web-application-attack; sid:46297; rev:3; ",True,False,False,False,False,INCLUDE_HIGH,E01 supported by rule text/metadata
3602,46298,3,alert,tcp,$EXTERNAL_NET,any,->,$HOME_NET,$HTTP_PORTS,,web-application-attack,http,"policy max-detect-ips drop,ruleset community",E01,True," msg:""SERVER-WEBAPP QNAP VioStor NVR and QNAP NAS command injection attempt""; flow:to_server,established; http_uri; content:""/cgi-bin/pingping.cgi"",fast_pattern,nocase; content:""ping_ip="",nocase; http_raw_uri; content:""%26""; pcre:""/[?&]ping(\x5f|%5f)ip=[^&]*?%26/i""; metadata:policy max-detect-ips drop,ruleset community; service:http; reference:cve,2013-0143; classtype:web-application-attack; sid:46298; rev:3; ",True,False,False,False,False,INCLUDE_HIGH,E01 supported by rule text/metadata
3603,46299,3,alert,tcp,$EXTERNAL_NET,any,->,$HOME_NET,$HTTP_PORTS,,web-application-attack,http,"policy max-detect-ips drop,ruleset community",E01,True," msg:""SERVER-WEBAPP QNAP VioStor NVR and QNAP NAS command injection attempt""; flow:to_server,established; http_uri; content:""/cgi-bin/pingping.cgi"",fast_pattern,nocase; http_client_body; content:""ping"",nocase; pcre:""/(^|&)ping(\x5f|%5f)ip=[^&]*?([\x60\x3b\x7c]|[\x3c\x3e\x24]\x28|%60|%3b|%7c|%26|%3c%28|%3e%28|%24%28)/im""; metadata:policy max-detect-ips drop,ruleset community; service:http; reference:cve,2013-0143; classtype:web-application-attack; sid:46299; rev:3; ",True,False,False,False,False,INCLUDE_HIGH,E01 supported by rule text/metadata
3604,46300,3,alert,tcp,$EXTERNAL_NET,any,->,$HOME_NET,$HTTP_PORTS,,web-application-attack,http,"policy max-detect-ips drop,ruleset community",E01,True," msg:""SERVER-WEBAPP QNAP VioStor NVR and QNAP NAS command injection attempt""; flow:to_server,established; http_uri; content:""/cgi-bin/pingping.cgi"",fast_pattern,nocase; http_client_body; content:""ping_ip"",nocase; content:""Content-Disposition"",nocase; pcre:""/name\s*=\s*[\x22\x27]?ping_ip((?!^--).)*?[\r\n]{2,}((?!^--).)*?([\x60\x3b\x7c\x26]|[\x3c\x3e\x24]\x28)/ims""; metadata:policy max-detect-ips drop,ruleset community; service:http; reference:cve,2013-0143; classtype:web-application-attack; sid:46300; rev:3; ",True,False,False,False,False,INCLUDE_HIGH,E01 supported by rule text/metadata
3605,46301,2,alert,tcp,$EXTERNAL_NET,any,->,$HOME_NET,$HTTP_PORTS,,web-application-attack,http,"policy max-detect-ips drop,policy security-ips drop,ruleset community",E01,True," msg:""SERVER-OTHER QNAP QTS X-Forwarded-For buffer overflow""; flow:to_server,established; http_uri; content:""/cgi-bin/filemanager/wfm2Login.cgi"",fast_pattern,nocase; http_raw_header; content:""X-Forwarded-For"",nocase; isdataat:90,relative; http_header; pcre:""/X-Forwarded-For:[^\n\r]{90}/ims""; metadata:policy max-detect-ips drop,policy security-ips drop,ruleset community; service:http; reference:url,www.qnap.com/en/security-advisory/nas-201712-15; classtype:web-application-attack; sid:46301; rev:2; ",True,False,False,False,False,INCLUDE_HIGH,E01 supported by rule text/metadata
3606,46305,2,alert,tcp,$EXTERNAL_NET,any,->,$HOME_NET,$HTTP_PORTS,,web-application-attack,http,"policy max-detect-ips drop,policy security-ips drop,ruleset community",E01,True," msg:""SERVER-WEBAPP QNAP WTS 4.2.1 command injection attempt""; flow:to_server,established; http_uri; content:""/cgi-bin/wizReq.cgi"",fast_pattern,nocase; content:""SMB_"",nocase; pcre:""/[?&]SMB_(LOCATION|USERNAME)=[^&]*?([\x60\x3b\x7c]|[\x3c\x3e\x24]\x28)/i""; metadata:policy max-detect-ips drop,policy security-ips drop,ruleset community; service:http; classtype:web-application-attack; sid:46305; rev:2; ",True,False,False,False,False,INCLUDE_HIGH,E01 supported by rule text/metadata
3607,46306,2,alert,tcp,$EXTERNAL_NET,any,->,$HOME_NET,$HTTP_PORTS,,web-application-attack,http,"policy max-detect-ips drop,policy security-ips drop,ruleset community",E01;E04,True," msg:""SERVER-WEBAPP QNAP WTS 4.2.1 command injection attempt""; flow:to_server,established; http_uri; content:""/cgi-bin/wizReq.cgi"",fast_pattern,nocase; content:""SMB_"",nocase; http_raw_uri; content:""%26""; pcre:""/[?&]SMB(\x5f|%5f)(LOCATION|USERNAME)=[^&]*?%26/i""; metadata:policy max-detect-ips drop,policy security-ips drop,ruleset community; service:http; classtype:web-application-attack; sid:46306; rev:2; ",True,False,False,True,False,INCLUDE_HIGH,E01;E04 supported by rule text/metadata
3608,46307,2,alert,tcp,$EXTERNAL_NET,any,->,$HOME_NET,$HTTP_PORTS,,web-application-attack,http,"policy max-detect-ips drop,policy security-ips drop,ruleset community",E01;E04,True," msg:""SERVER-WEBAPP QNAP WTS 4.2.1 command injection attempt""; flow:to_server,established; http_uri; content:""/cgi-bin/wizReq.cgi"",fast_pattern,nocase; http_client_body; content:""SMB"",nocase; pcre:""/(^|&)SMB(\x5f|%5f)(LOCATION|USERNAME)=[^&]*?([\x60\x3b\x7c]|[\x3c\x3e\x24]\x28|%60|%3b|%7c|%26|%3c%28|%3e%28|%24%28)/im""; metadata:policy max-detect-ips drop,policy security-ips drop,ruleset community; service:http; classtype:web-application-attack; sid:46307; rev:2; ",True,False,False,True,False,INCLUDE_HIGH,E01;E04 supported by rule text/metadata
3609,46308,2,alert,tcp,$EXTERNAL_NET,any,->,$HOME_NET,$HTTP_PORTS,,web-application-attack,http,"policy max-detect-ips drop,policy security-ips drop,ruleset community",E01,True," msg:""SERVER-WEBAPP QNAP WTS 4.2.1 command injection attempt""; flow:to_server,established; http_uri; content:""/cgi-bin/wizReq.cgi"",fast_pattern,nocase; http_client_body; content:""SMB_"",nocase; content:""Content-Disposition"",nocase; pcre:""/name\s*=\s*[\x22\x27]?SMB_(LOCATION|USERNAME)((?!^--).)*?[\r\n]{2,}((?!^--).)*?([\x60\x3b\x7c\x26]|[\x3c\x3e\x24]\x28)/ims""; metadata:policy max-detect-ips drop,policy security-ips drop,ruleset community; service:http; classtype:web-application-attack; sid:46308; rev:2; ",True,False,False,False,False,INCLUDE_HIGH,E01 supported by rule text/metadata
3610,46309,2,alert,tcp,$EXTERNAL_NET,any,->,$HOME_NET,$HTTP_PORTS,,attempted-admin,http,"policy max-detect-ips drop,policy security-ips drop,ruleset community",E01,True," msg:""SERVER-OTHER QNAP NVR/NAS Heap/Stack Overflow attempt""; flow:to_server,established; http_uri; content:""/cgi-bin/cgi.cgi"",fast_pattern,nocase; content:""u="",nocase; content:""p="",nocase; isdataat:260,relative; pkt_data; pcre:""/[?&]p=[^&\s]{260}/ims""; metadata:policy max-detect-ips drop,policy security-ips drop,ruleset community; service:http; classtype:attempted-admin; sid:46309; rev:2; ",True,False,False,False,False,INCLUDE_HIGH,E01 supported by rule text/metadata
3611,46310,2,alert,tcp,$EXTERNAL_NET,any,->,$HOME_NET,$HTTP_PORTS,,attempted-admin,http,"policy max-detect-ips drop,policy security-ips drop,ruleset community",E01,True," msg:""SERVER-OTHER QNAP NVR/NAS Heap/Stack Overflow attempt""; flow:to_server,established; http_uri; content:""/cgi-bin/cgi.cgi"",fast_pattern,nocase; content:""u="",nocase; isdataat:35,relative; pkt_data; pcre:""/[?&]u=[^&\s]{35}/ims""; metadata:policy max-detect-ips drop,policy security-ips drop,ruleset community; service:http; classtype:attempted-admin; sid:46310; rev:2; ",True,False,False,False,False,INCLUDE_HIGH,E01 supported by rule text/metadata
3616,46316,5,alert,tcp,$EXTERNAL_NET,any,->,$HOME_NET,$HTTP_PORTS,,attempted-admin,http,"policy balanced-ips drop,policy connectivity-ips drop,policy max-detect-ips drop,policy security-ips drop,ruleset community",E01,True," msg:""SERVER-WEBAPP Drupal 8 remote code execution attempt""; flow:to_server,established; http_uri; content:""element_parents="",fast_pattern,nocase; content:""#value""; http_client_body; pcre:""/(%23|#)(submit|validate|access_callback|pre_render|post_render|lazy_builder|%6c%61%7a%79%5f%62%75%69%6c%64%65%72)/i""; metadata:policy balanced-ips drop,policy connectivity-ips drop,policy max-detect-ips drop,policy security-ips drop,ruleset community; service:http; reference:cve,2018-7600; reference:url,www.drupal.org/sa-core-2018-002; classtype:attempted-admin; sid:46316; rev:5; ",True,True,False,False,False,INCLUDE_HIGH,E01 supported by rule text/metadata
3619,46322,2,alert,tcp,$EXTERNAL_NET,any,->,$HOME_NET,$HTTP_PORTS,,attempted-user,http,"policy max-detect-ips drop,policy security-ips drop,ruleset community",E02,True," msg:""SERVER-WEBAPP Netgear DGN2200B stored cross-site scripting attempt""; flow:to_server,established; http_uri; content:""/wlg_sec_profile_main.cgi"",fast_pattern,nocase; http_client_body; content:""ssid="",nocase; pcre:""/ssid=[^&]*?([\x22\x27\x3c\x3e\x28\x29]|script|onload|src)/i""; metadata:policy max-detect-ips drop,policy security-ips drop,ruleset community; service:http; reference:url,www.netgear.com/home/products/networking/dsl-modems-routers/dgn2200.aspx; classtype:attempted-user; sid:46322; rev:2; ",False,False,False,False,False,REVIEW,candidate from broad triage; direct rule evidence not strong enough for automatic inclusion
3620,46323,2,alert,tcp,$EXTERNAL_NET,any,->,$HOME_NET,$HTTP_PORTS,,attempted-user,http,"policy max-detect-ips drop,policy security-ips drop,ruleset community",E02,True," msg:""SERVER-WEBAPP Netgear DGN2200B stored cross-site scripting attempt""; flow:to_server,established; http_uri; content:""/fw_serv_add.cgi"",fast_pattern,nocase; http_client_body; content:""userdefined="",nocase; pcre:""/userdefined=[^&]*?([\x22\x27\x3c\x3e\x28\x29]|script|onload|src)/i""; metadata:policy max-detect-ips drop,policy security-ips drop,ruleset community; service:http; reference:url,www.netgear.com/home/products/networking/dsl-modems-routers/dgn2200.aspx; classtype:attempted-user; sid:46323; rev:2; ",False,False,False,False,False,REVIEW,candidate from broad triage; direct rule evidence not strong enough for automatic inclusion
3622,46339,3,alert,tcp,$HOME_NET,any,->,$EXTERNAL_NET,$HTTP_PORTS,,trojan-activity,http,"impact_flag red,ruleset community",E05,True," msg:""MALWARE-CNC Win.Ransomware.Matrix outbound connection""; flow:to_server,established; http_uri; content:""add.php?apikey=""; content:""&compuser=""; content:""&sid=""; content:""&phase=""; metadata:impact_flag red,ruleset community; service:http; reference:url,www.virustotal.com/#/file/996ea85f12a17e8267dcc32eae9ad20cff44115182e707153006162711fbe3c9/detection; classtype:trojan-activity; sid:46339; rev:3; ",False,False,False,False,True,INCLUDE_HIGH,E05 supported by rule text/metadata
3623,46340,3,alert,tcp,$EXTERNAL_NET,any,->,$HOME_NET,$HTTP_PORTS,,web-application-attack,http,"policy max-detect-ips drop,ruleset community",E03,True," msg:""SERVER-WEBAPP Akeeba Kickstart restoration.php reconnaissance attempt""; flow:to_server,established; http_uri; content:""administrator/components/com_joomlaupdate/restoration.php"",fast_pattern,nocase; metadata:policy max-detect-ips drop,ruleset community; service:http; reference:cve,2014-7229; classtype:web-application-attack; sid:46340; rev:3; ",False,False,True,False,False,INCLUDE_HIGH,E03 supported by rule text/metadata
3626,46376,2,alert,tcp,$EXTERNAL_NET,any,->,$HOME_NET,$HTTP_PORTS,,web-application-attack,http,"policy max-detect-ips drop,policy security-ips drop,ruleset community",E01,True," msg:""SERVER-OTHER libgd heap-overflow attempt""; flow:to_server,established; content:""gd2|00 00 02|"",fast_pattern; content:""|02|"",within 1,distance 7; byte_test:1,>,128,16,relative; metadata:policy max-detect-ips drop,policy security-ips drop,ruleset community; service:http; reference:cve,2016-3074; classtype:web-application-attack; sid:46376; rev:2; ",True,False,False,False,False,INCLUDE_HIGH,E01 supported by rule text/metadata
3627,46377,2,alert,tcp,$EXTERNAL_NET,any,->,$HOME_NET,$HTTP_PORTS,,web-application-attack,http,"policy max-detect-ips drop,policy security-ips drop,ruleset community",E01,True," msg:""SERVER-OTHER libgd heap-overflow attempt""; flow:to_server,established; content:""gd2|00 00 02|"",fast_pattern; content:""|02|"",within 1,distance 7; byte_test:1,>,128,8,relative; metadata:policy max-detect-ips drop,policy security-ips drop,ruleset community; service:http; reference:cve,2016-3074; classtype:web-application-attack; sid:46377; rev:2; ",True,False,False,False,False,INCLUDE_HIGH,E01 supported by rule text/metadata
3646,46510,1,alert,tcp,$EXTERNAL_NET,any,->,$HOME_NET,$HTTP_PORTS,,web-application-attack,http,"policy max-detect-ips drop,policy security-ips drop,ruleset community",E01,True," msg:""SERVER-WEBAPP Belkin N750 F9K1103 wireless router command injection attempt""; flow:to_server,established; http_uri; content:""/twonky_cmd.cgi"",fast_pattern,nocase; content:""path="",nocase; pcre:""/[?&]path=[^&]*?([\x60\x3b\x7c]|[\x3c\x3e\x24]\x28)/i""; metadata:policy max-detect-ips drop,policy security-ips drop,ruleset community; service:http; reference:cve,2018-1143; classtype:web-application-attack; sid:46510; rev:1; ",True,False,False,False,False,INCLUDE_HIGH,E01 supported by rule text/metadata
3647,46511,1,alert,tcp,$EXTERNAL_NET,any,->,$HOME_NET,$HTTP_PORTS,,web-application-attack,http,"policy max-detect-ips drop,policy security-ips drop,ruleset community",E01,True," msg:""SERVER-WEBAPP Belkin N750 F9K1103 wireless router command injection attempt""; flow:to_server,established; http_uri; content:""/twonky_cmd.cgi"",fast_pattern,nocase; content:""path="",nocase; http_raw_uri; content:""%26""; pcre:""/[?&]path=[^&]*?%26/i""; metadata:policy max-detect-ips drop,policy security-ips drop,ruleset community; service:http; reference:cve,2018-1143; classtype:web-application-attack; sid:46511; rev:1; ",True,False,False,False,False,INCLUDE_HIGH,E01 supported by rule text/metadata
3648,46512,1,alert,tcp,$EXTERNAL_NET,any,->,$HOME_NET,$HTTP_PORTS,,web-application-attack,http,"policy max-detect-ips drop,policy security-ips drop,ruleset community",E01,True," msg:""SERVER-WEBAPP Belkin N750 F9K1103 wireless router command injection attempt""; flow:to_server,established; http_uri; content:""/twonky_cmd.cgi"",fast_pattern,nocase; http_client_body; content:""path="",nocase; pcre:""/(^|&)path=[^&]*?([\x60\x3b\x7c]|[\x3c\x3e\x24]\x28|%60|%3b|%7c|%26|%3c%28|%3e%28|%24%28)/im""; metadata:policy max-detect-ips drop,policy security-ips drop,ruleset community; service:http; reference:cve,2018-1143; classtype:web-application-attack; sid:46512; rev:1; ",True,False,False,False,False,INCLUDE_HIGH,E01 supported by rule text/metadata
3649,46513,1,alert,tcp,$EXTERNAL_NET,any,->,$HOME_NET,$HTTP_PORTS,,web-application-attack,http,"policy max-detect-ips drop,policy security-ips drop,ruleset community",E01,True," msg:""SERVER-WEBAPP Belkin N750 F9K1103 wireless router command injection attempt""; flow:to_server,established; http_uri; content:""/twonky_cmd.cgi"",fast_pattern,nocase; http_client_body; content:""path"",nocase; content:""Content-Disposition"",nocase; pcre:""/name\s*=\s*[\x22\x27]?path((?!^--).)*?[\r\n]{2,}((?!^--).)*?([\x60\x3b\x7c\x26]|[\x3c\x3e\x24]\x28)/ims""; metadata:policy max-detect-ips drop,policy security-ips drop,ruleset community; service:http; reference:cve,2018-1143; classtype:web-application-attack; sid:46513; rev:1; ",True,False,False,False,False,INCLUDE_HIGH,E01 supported by rule text/metadata
3650,46514,1,alert,tcp,$EXTERNAL_NET,any,->,$HOME_NET,$HTTP_PORTS,,web-application-attack,http,"policy max-detect-ips drop,policy security-ips drop,ruleset community",E01,True," msg:""SERVER-WEBAPP Belkin N750 F9K1103 wireless router command injection attempt""; flow:to_server,established; http_uri; content:""/proxy.cgi"",fast_pattern,nocase; content:""url="",nocase; pcre:""/[?&]url=[^&]*?([\x60\x3b\x7c]|[\x3c\x3e\x24]\x28)/i""; metadata:policy max-detect-ips drop,policy security-ips drop,ruleset community; service:http; reference:cve,2018-1144; classtype:web-application-attack; sid:46514; rev:1; ",True,False,False,False,False,INCLUDE_HIGH,E01 supported by rule text/metadata
3651,46515,1,alert,tcp,$EXTERNAL_NET,any,->,$HOME_NET,$HTTP_PORTS,,web-application-attack,http,"policy max-detect-ips drop,policy security-ips drop,ruleset community",E01,True," msg:""SERVER-WEBAPP Belkin N750 F9K1103 wireless router command injection attempt""; flow:to_server,established; http_uri; content:""/proxy.cgi"",fast_pattern,nocase; content:""url="",nocase; http_raw_uri; content:""%26""; pcre:""/[?&]url=[^&]*?%26/i""; metadata:policy max-detect-ips drop,policy security-ips drop,ruleset community; service:http; reference:cve,2018-1144; classtype:web-application-attack; sid:46515; rev:1; ",True,False,False,False,False,INCLUDE_HIGH,E01 supported by rule text/metadata
3652,46516,1,alert,tcp,$EXTERNAL_NET,any,->,$HOME_NET,$HTTP_PORTS,,web-application-attack,http,"policy max-detect-ips drop,policy security-ips drop,ruleset community",E01,True," msg:""SERVER-WEBAPP Belkin N750 F9K1103 wireless router command injection attempt""; flow:to_server,established; http_uri; content:""/proxy.cgi"",fast_pattern,nocase; http_client_body; content:""url="",nocase; pcre:""/(^|&)url=[^&]*?([\x60\x3b\x7c]|[\x3c\x3e\x24]\x28|%60|%3b|%7c|%26|%3c%28|%3e%28|%24%28)/im""; metadata:policy max-detect-ips drop,policy security-ips drop,ruleset community; service:http; reference:cve,2018-1144; classtype:web-application-attack; sid:46516; rev:1; ",True,False,False,False,False,INCLUDE_HIGH,E01 supported by rule text/metadata
3653,46517,1,alert,tcp,$EXTERNAL_NET,any,->,$HOME_NET,$HTTP_PORTS,,web-application-attack,http,"policy max-detect-ips drop,policy security-ips drop,ruleset community",E01,True," msg:""SERVER-WEBAPP Belkin N750 F9K1103 wireless router command injection attempt""; flow:to_server,established; http_uri; content:""/proxy.cgi"",fast_pattern,nocase; http_client_body; content:""url"",nocase; content:""Content-Disposition"",nocase; pcre:""/name\s*=\s*[\x22\x27]?url((?!^--).)*?[\r\n]{2,}((?!^--).)*?([\x60\x3b\x7c\x26]|[\x3c\x3e\x24]\x28)/ims""; metadata:policy max-detect-ips drop,policy security-ips drop,ruleset community; service:http; reference:cve,2018-1144; classtype:web-application-attack; sid:46517; rev:1; ",True,False,False,False,False,INCLUDE_HIGH,E01 supported by rule text/metadata
3660,46742,1,alert,tcp,$EXTERNAL_NET,$FILE_DATA_PORTS,->,$HOME_NET,any,,trojan-activity,"ftp-data,http,imap,pop3","impact_flag red,policy balanced-ips drop,policy max-detect-ips drop,policy security-ips drop,ruleset community",E02,True," msg:""MALWARE-CNC Win.Trojan.Dropper malicious script download attempt""; flow:to_client,established; file_data; content:""<script"",nocase; content:""ActiveXObject"",nocase; content:""WScript.Shell"",fast_pattern,nocase; content:""p o w e r s h e l l"",nocase; metadata:impact_flag red,policy balanced-ips drop,policy max-detect-ips drop,policy security-ips drop,ruleset community; service:ftp-data,http,imap,pop3; reference:url,virustotal.com/#/file/76afa767b0374bde95d9a93074aceaec88228ba234caa13dd01313076baf02ee/detection; classtype:trojan-activity; sid:46742; rev:1; ",False,False,False,False,False,REVIEW,candidate from broad triage; direct rule evidence not strong enough for automatic inclusion
3667,46775,1,alert,tcp,$EXTERNAL_NET,any,->,$HOME_NET,$HTTP_PORTS,,web-application-attack,http,"policy max-detect-ips drop,policy security-ips drop,ruleset community",E01,True," msg:""SERVER-WEBAPP Nagios XI command injection attempt""; flow:to_server,established; http_uri; content:""/nagiosxi/backend/index.php"",fast_pattern,nocase; content:""command_data="",nocase; pcre:""/[?&]command_data=[^&]*?([\x60\x3b\x7c]|[\x3c\x3e\x24]\x28)/i""; metadata:policy max-detect-ips drop,policy security-ips drop,ruleset community; service:http; reference:cve,2018-8734; classtype:web-application-attack; sid:46775; rev:1; ",True,False,False,False,False,INCLUDE_HIGH,E01 supported by rule text/metadata
3668,46776,1,alert,tcp,$EXTERNAL_NET,any,->,$HOME_NET,$HTTP_PORTS,,web-application-attack,http,"policy max-detect-ips drop,policy security-ips drop,ruleset community",E01,True," msg:""SERVER-WEBAPP Nagios XI command injection attempt""; flow:to_server,established; http_uri; content:""/nagiosxi/backend/index.php"",fast_pattern,nocase; content:""command_data="",nocase; http_raw_uri; content:""%26""; pcre:""/[?&]command(\x5f|%5f)data=[^&]*?%26/i""; metadata:policy max-detect-ips drop,policy security-ips drop,ruleset community; service:http; reference:cve,2018-8734; classtype:web-application-attack; sid:46776; rev:1; ",True,False,False,False,False,INCLUDE_HIGH,E01 supported by rule text/metadata
3669,46777,1,alert,tcp,$EXTERNAL_NET,any,->,$HOME_NET,$HTTP_PORTS,,web-application-attack,http,"policy max-detect-ips drop,policy security-ips drop,ruleset community",E01,True," msg:""SERVER-WEBAPP Nagios XI command injection attempt""; flow:to_server,established; http_uri; content:""/nagiosxi/backend/index.php"",fast_pattern,nocase; http_client_body; content:""command"",nocase; pcre:""/(^|&)command(\x5f|%5f)data=[^&]*?([\x60\x3b\x7c]|[\x3c\x3e\x24]\x28|%60|%3b|%7c|%26|%3c%28|%3e%28|%24%28)/im""; metadata:policy max-detect-ips drop,policy security-ips drop,ruleset community; service:http; reference:cve,2018-8734; classtype:web-application-attack; sid:46777; rev:1; ",True,False,False,False,False,INCLUDE_HIGH,E01 supported by rule text/metadata
3670,46778,1,alert,tcp,$EXTERNAL_NET,any,->,$HOME_NET,$HTTP_PORTS,,web-application-attack,http,"policy max-detect-ips drop,policy security-ips drop,ruleset community",E01,True," msg:""SERVER-WEBAPP Nagios XI command injection attempt""; flow:to_server,established; http_uri; content:""/nagiosxi/backend/index.php"",fast_pattern,nocase; http_client_body; content:""command_data"",nocase; content:""Content-Disposition"",nocase; pcre:""/name\s*=\s*[\x22\x27]?command_data((?!^--).)*?[\r\n]{2,}((?!^--).)*?([\x60\x3b\x7c\x26]|[\x3c\x3e\x24]\x28)/ims""; metadata:policy max-detect-ips drop,policy security-ips drop,ruleset community; service:http; reference:cve,2018-8734; classtype:web-application-attack; sid:46778; rev:1; ",True,False,False,False,False,INCLUDE_HIGH,E01 supported by rule text/metadata
3680,46802,1,alert,tcp,$EXTERNAL_NET,any,->,$HOME_NET,$HTTP_PORTS,,web-application-attack,http,"policy max-detect-ips drop,policy security-ips drop,ruleset community",E01,True," msg:""SERVER-WEBAPP Anti-Web directory traversal attempt""; flow:to_server,established; http_uri; content:""/cgi-bin/write.cgi"",fast_pattern,nocase; http_client_body; content:""template="",nocase; pcre:""/(^|&)template=[^&]*?(\x2e|%2e){2}([\x2f\x5c]|%2f|%5c)/im""; metadata:policy max-detect-ips drop,policy security-ips drop,ruleset community; service:http; reference:cve,2017-9097; classtype:web-application-attack; sid:46802; rev:1; ",False,False,False,False,False,REVIEW,candidate from broad triage; direct rule evidence not strong enough for automatic inclusion
3681,46803,1,alert,tcp,$EXTERNAL_NET,any,->,$HOME_NET,$HTTP_PORTS,,web-application-attack,http,"policy max-detect-ips drop,policy security-ips drop,ruleset community",E01,True," msg:""SERVER-WEBAPP Anti-Web directory traversal attempt""; flow:to_server,established; http_uri; content:""/cgi-bin/write.cgi"",fast_pattern,nocase; content:""template="",nocase; content:""../""; pcre:""/[?&]template=[^&]*?\x2e\x2e\x2f/i""; metadata:policy max-detect-ips drop,policy security-ips drop,ruleset community; service:http; reference:cve,2017-9097; classtype:web-application-attack; sid:46803; rev:1; ",False,False,False,False,False,REVIEW,candidate from broad triage; direct rule evidence not strong enough for automatic inclusion
3682,46804,1,alert,tcp,$EXTERNAL_NET,any,->,$HOME_NET,$HTTP_PORTS,,web-application-attack,http,"policy max-detect-ips drop,policy security-ips drop,ruleset community",E01,True," msg:""SERVER-WEBAPP Anti-Web directory traversal attempt""; flow:to_server,established; http_uri; content:""/cgi-bin/write.cgi"",fast_pattern,nocase; http_client_body; content:""template"",nocase; content:""Content-Disposition"",nocase; pcre:""/name\s*=\s*[\x22\x27]?template((?!^--).)*?\x2e\x2e[\x2f\x5c]/ims""; metadata:policy max-detect-ips drop,policy security-ips drop,ruleset community; service:http; reference:cve,2017-9097; classtype:web-application-attack; sid:46804; rev:1; ",False,False,False,False,False,REVIEW,candidate from broad triage; direct rule evidence not strong enough for automatic inclusion
3686,46818,1,alert,tcp,$HOME_NET,any,->,$EXTERNAL_NET,$HTTP_PORTS,,trojan-activity,http,"impact_flag red,policy balanced-ips drop,policy max-detect-ips drop,policy security-ips drop,ruleset community",E05,True," msg:""MALWARE-CNC Win.Ransomware.Satan outbound connection""; flow:to_server,established; http_uri; content:""/data/token.php"",fast_pattern,nocase; content:""status="",nocase; content:""code="",nocase; http_header; content:""Winnet Client"",nocase; metadata:impact_flag red,policy balanced-ips drop,policy max-detect-ips drop,policy security-ips drop,ruleset community; service:http; reference:url,www.virustotal.com/en/file/b686cba1894f8ab5cec0ce5db195022def00204f6cd143a325608ec93e8b74ee/analysis/; classtype:trojan-activity; sid:46818; rev:1; ",False,False,False,False,True,INCLUDE_HIGH,E05 supported by rule text/metadata
3687,46819,1,alert,tcp,$HOME_NET,any,->,$EXTERNAL_NET,$HTTP_PORTS,,trojan-activity,http,"impact_flag red,policy balanced-ips drop,policy max-detect-ips drop,policy security-ips drop,ruleset community",E02;E05,True," msg:""MALWARE-OTHER Win.Ransomware.Satan payload download""; flow:to_server,established; http_uri; content:""/cab/sts.exe"",fast_pattern,nocase; metadata:impact_flag red,policy balanced-ips drop,policy max-detect-ips drop,policy security-ips drop,ruleset community; service:http; reference:url,www.virustotal.com/en/file/b686cba1894f8ab5cec0ce5db195022def00204f6cd143a325608ec93e8b74ee/analysis/; classtype:trojan-activity; sid:46819; rev:1; ",False,True,False,False,True,INCLUDE_HIGH,E02;E05 supported by rule text/metadata
3691,46847,1,alert,udp,any,67,->,$HOME_NET,68,,attempted-user,dhcp,"policy max-detect-ips drop,ruleset community",E01,True," msg:""OS-LINUX Red Hat NetworkManager DHCP client command injection attempt""; content:""|63 82 53 63 35|""; content:""|FC|"",within 50; pcre:""/([\xfc]).{0,50}([\x27])([\x20\x26\x3b\x7c]|[\x3c\x3e\x24]\x28)+/i""; metadata:policy max-detect-ips drop,ruleset community; service:dhcp; reference:cve,2018-1111; reference:url,access.redhat.com/security/cve/cve-2018-1111; classtype:attempted-user; sid:46847; rev:1; ",True,False,False,False,False,INCLUDE_HIGH,E01 supported by rule text/metadata
3703,46979,2,alert,tcp,$HOME_NET,any,->,$EXTERNAL_NET,$HTTP_PORTS,,misc-activity,http,"policy max-detect-ips drop,ruleset community",E03,True," msg:""INDICATOR-COMPROMISE Microsoft Office Discovery User-Agent to a potential URL shortener service""; flow:to_server,established; http_raw_uri; bufferlen:<10; http_header; content:""Host: ""; content:""|0D 0A|"",within 14; http_method; content:""OPTIONS""; http_header; content:""User-Agent: Microsoft Office ""; content:""Discovery|0D 0A|"",within 25; content:!""Accept""; content:!""Referer|3A|""; content:!""Cookie|3A|""; metadata:policy max-detect-ips drop,ruleset community; service:http; reference:url,virustotal.com/en/file/d615a205d92898896b0f553a027ffd9b7b7cde0c29ebe0b1f9364e1cf2831236/analysis/; classtype:misc-activity; sid:46979; rev:2; ",False,False,True,False,False,INCLUDE_HIGH,E03 supported by rule text/metadata
3704,46980,2,alert,tcp,$HOME_NET,any,->,$EXTERNAL_NET,$HTTP_PORTS,,misc-activity,http,"policy max-detect-ips drop,ruleset community",E03,True," msg:""INDICATOR-COMPROMISE Microsoft Office Discovery User-Agent to a potential URL shortener service""; flow:to_server,established; http_raw_uri; bufferlen:<10; http_header; content:""Host: ""; content:""|0D 0A|"",within 14; http_method; content:""HEAD""; http_header; content:""User-Agent: Microsoft Office ""; content:""Discovery|0D 0A|"",within 25; content:!""Accept""; content:!""Content-""; content:!""Referer|3A|""; content:!""Cookie|3A|""; metadata:policy max-detect-ips drop,ruleset community; service:http; reference:url,virustotal.com/en/file/d615a205d92898896b0f553a027ffd9b7b7cde0c29ebe0b1f9364e1cf2831236/analysis/; classtype:misc-activity; sid:46980; rev:2; ",False,False,True,False,False,INCLUDE_HIGH,E03 supported by rule text/metadata
3706,46983,1,alert,tcp,$HOME_NET,!21:23,->,$EXTERNAL_NET,any,,successful-admin,,"policy max-detect-ips drop,ruleset community",E02,True," msg:""INDICATOR-COMPROMISE Microsoft cmd.exe banner""; flow:established; content:""Microsoft Windows"",depth 18; content:""Microsoft Corp"",within 250; metadata:policy max-detect-ips drop,ruleset community; reference:nessus,11633; classtype:successful-admin; sid:46983; rev:1; ",False,True,False,False,False,INCLUDE_HIGH,E02 supported by rule text/metadata
3722,47387,2,alert,tcp,$EXTERNAL_NET,any,->,$HOME_NET,7001,,attempted-recon,http,"policy max-detect-ips drop,ruleset community",E03,True," msg:""SERVER-WEBAPP Oracle WebLogic Server potential unauthenticated reconnaissance attempt""; flow:to_server,established; http_uri; content:""/ws_utc/resources/setting/options/general"",fast_pattern,nocase; metadata:policy max-detect-ips drop,ruleset community; service:http; reference:bugtraq,104763; reference:cve,2018-2894; reference:url,www.oracle.com/technetwork/security-advisory/cpujul2018-4258247.html; classtype:attempted-recon; sid:47387; rev:2; ",False,False,True,False,False,INCLUDE_HIGH,E03 supported by rule text/metadata
3758,48767,1,alert,tcp,$HOME_NET,any,->,$EXTERNAL_NET,$HTTP_PORTS,,trojan-activity,http,"impact_flag red,policy balanced-ips drop,policy max-detect-ips drop,policy security-ips drop,ruleset community",E02,True," msg:""MALWARE-CNC Win.Trojan.Zebrocy variant payload download attempt""; flow:to_server,established; http_uri; content:""/Templates/NormalOld.dotm"",fast_pattern,nocase; metadata:impact_flag red,policy balanced-ips drop,policy max-detect-ips drop,policy security-ips drop,ruleset community; service:http; reference:url,virustotal.com/#/file/07646dc0a8c8946bb78be9b96147d4327705c1a3c3bd3fbcedab32c43d914305; classtype:trojan-activity; sid:48767; rev:1; ",False,True,False,False,False,INCLUDE_HIGH,E02 supported by rule text/metadata
3760,48819,1,alert,tcp,$HOME_NET,any,->,$EXTERNAL_NET,$HTTP_PORTS,,trojan-activity,http,"impact_flag red,policy balanced-ips drop,policy max-detect-ips drop,policy security-ips drop,ruleset community",E02,True," msg:""MALWARE-CNC Js.Trojan.Agent variant inbound payload download""; flow:to_server,established; http_uri; content:""/blogs/enc7.js"",fast_pattern,nocase; http_raw_uri; bufferlen:14; metadata:impact_flag red,policy balanced-ips drop,policy max-detect-ips drop,policy security-ips drop,ruleset community; service:http; classtype:trojan-activity; sid:48819; rev:1; ",False,True,False,False,False,INCLUDE_HIGH,E02 supported by rule text/metadata
3826,49090,1,alert,tcp,any,any,->,$HOME_NET,445,,attempted-user,netbios-ssn,"policy balanced-ips drop,policy max-detect-ips drop,policy security-ips drop,ruleset community",E01;E04,True," msg:""SERVER-SAMBA Samba is_known_pipe arbitrary module load code execution attempt""; flow:to_server,established; flowbits:isset,smb.tree.connect.ipc; content:""|FF|SMB|A2 00 00 00 00|"",depth 9,offset 4; byte_test:2,=,1,1,relative,little,bitmask 0x8000; byte_extract:2,72,len,relative,little; content:""/"",within 2; content:""/"",within len,distance 2; metadata:policy balanced-ips drop,policy max-detect-ips drop,policy security-ips drop,ruleset community; service:netbios-ssn; reference:cve,2017-7494; reference:url,www.samba.org/samba/security/CVE-2017-7494.html; classtype:attempted-user; sid:49090; rev:1; ",True,True,False,True,False,INCLUDE_HIGH,E01;E04 supported by rule text/metadata
3827,49282,2,alert,tcp,$EXTERNAL_NET,any,->,$HOME_NET,$HTTP_PORTS,,web-application-attack,http,"policy max-detect-ips drop,policy security-ips drop,ruleset community",E01;E03,True," msg:""SERVER-WEBAPP Magecart inbound scan for vulnerable plugin attempt""; flow:to_server,established; http_uri; content:""?misc="",fast_pattern,nocase; content:""&dl=""; content:""/index.php/""; http_header; content:!""Referer""; http_method; content:""POST""; metadata:policy max-detect-ips drop,policy security-ips drop,ruleset community; service:http; classtype:web-application-attack; sid:49282; rev:2; ",False,False,True,False,False,INCLUDE_HIGH,E03 supported by rule text/metadata
3839,49676,1,alert,tcp,$EXTERNAL_NET,any,->,$SMTP_SERVERS,25,,trojan-activity,smtp,"impact_flag red,policy balanced-ips drop,policy max-detect-ips drop,policy security-ips drop,ruleset community",E05,True," msg:""MALWARE-CNC Win.Ransomware.Lockergoga binary download attempt""; flow:to_server,established; flowbits:isset,file.exe; file_data; content:""|00 00 00 00 73 63 61 6E 6E 69 6E 67 2E 2E 2E 00 20 3A 20 00 73 63 61 6E 20 66 69 6E 69 73 65 64 00 00 00 00 63 3A 2F 2E 6C 6F 67 00 77 61 72 6D 69 6E 67 20 75 70 2E 2E 2E 00 00 00|"",fast_pattern,nocase; metadata:impact_flag red,policy balanced-ips drop,policy max-detect-ips drop,policy security-ips drop,ruleset community; service:smtp; reference:url,bleepingcomputer.com/news/security/new-lockergoga-ransomware-allegedly-used-in-altran-attack/; classtype:trojan-activity; sid:49676; rev:1; ",False,False,False,False,True,INCLUDE_HIGH,E05 supported by rule text/metadata
3840,49677,1,alert,tcp,$EXTERNAL_NET,$FILE_DATA_PORTS,->,$HOME_NET,any,,trojan-activity,"ftp-data,http,imap,pop3","impact_flag red,policy balanced-ips drop,policy max-detect-ips drop,policy security-ips drop,ruleset community",E05,True," msg:""MALWARE-CNC Win.Ransomware.Lockergoga binary download attempt""; flow:to_client,established; flowbits:isset,file.exe; file_data; content:""AVBlockTransformation"",fast_pattern,nocase; content:""boost""; content:""BlockCipher"",nocase; metadata:impact_flag red,policy balanced-ips drop,policy max-detect-ips drop,policy security-ips drop,ruleset community; service:ftp-data,http,imap,pop3; reference:url,bleepingcomputer.com/news/security/new-lockergoga-ransomware-allegedly-used-in-altran-attack/; classtype:trojan-activity; sid:49677; rev:1; ",False,False,False,False,True,INCLUDE_HIGH,E05 supported by rule text/metadata
3841,49678,1,alert,tcp,$EXTERNAL_NET,any,->,$SMTP_SERVERS,25,,trojan-activity,smtp,"impact_flag red,policy balanced-ips drop,policy max-detect-ips drop,policy security-ips drop,ruleset community",E05,True," msg:""MALWARE-CNC Win.Ransomware.Lockergoga binary download attempt""; flow:to_server,established; flowbits:isset,file.exe; file_data; content:""AVBlockTransformation"",fast_pattern,nocase; content:""boost""; content:""BlockCipher"",nocase; metadata:impact_flag red,policy balanced-ips drop,policy max-detect-ips drop,policy security-ips drop,ruleset community; service:smtp; reference:url,bleepingcomputer.com/news/security/new-lockergoga-ransomware-allegedly-used-in-altran-attack/; classtype:trojan-activity; sid:49678; rev:1; ",False,False,False,False,True,INCLUDE_HIGH,E05 supported by rule text/metadata
3842,49679,1,alert,tcp,$EXTERNAL_NET,$FILE_DATA_PORTS,->,$HOME_NET,any,,trojan-activity,"ftp-data,http,imap,pop3","impact_flag red,policy balanced-ips drop,policy max-detect-ips drop,policy security-ips drop,ruleset community",E05,True," msg:""MALWARE-CNC Win.Ransomware.Lockergoga binary download attempt""; flow:to_client,established; flowbits:isset,file.exe; file_data; content:""|40 74 6B 85 FF 7C 65 7F 04 85 F6 74 5F 8B 03 8B 40 04 8B 4C 18 38 0F B7 54 18 40 89 55 EC 8B 41|"",fast_pattern,nocase; metadata:impact_flag red,policy balanced-ips drop,policy max-detect-ips drop,policy security-ips drop,ruleset community; service:ftp-data,http,imap,pop3; reference:url,bleepingcomputer.com/news/security/new-lockergoga-ransomware-allegedly-used-in-altran-attack/; classtype:trojan-activity; sid:49679; rev:1; ",False,False,False,False,True,INCLUDE_HIGH,E05 supported by rule text/metadata
3843,49680,1,alert,tcp,$EXTERNAL_NET,any,->,$SMTP_SERVERS,25,,trojan-activity,smtp,"impact_flag red,policy balanced-ips drop,policy max-detect-ips drop,policy security-ips drop,ruleset community",E05,True," msg:""MALWARE-CNC Win.Ransomware.Lockergoga binary download attempt""; flow:to_server,established; flowbits:isset,file.exe; file_data; content:""|40 74 6B 85 FF 7C 65 7F 04 85 F6 74 5F 8B 03 8B 40 04 8B 4C 18 38 0F B7 54 18 40 89 55 EC 8B 41|"",fast_pattern,nocase; metadata:impact_flag red,policy balanced-ips drop,policy max-detect-ips drop,policy security-ips drop,ruleset community; service:smtp; reference:url,bleepingcomputer.com/news/security/new-lockergoga-ransomware-allegedly-used-in-altran-attack/; classtype:trojan-activity; sid:49680; rev:1; ",False,False,False,False,True,INCLUDE_HIGH,E05 supported by rule text/metadata
3849,49839,1,alert,tcp,$EXTERNAL_NET,any,->,$HOME_NET,$HTTP_PORTS,,web-application-attack,http,"policy max-detect-ips drop,policy security-ips drop,ruleset community",E01,True," msg:""SERVER-WEBAPP LG-Ericsson iPECS NMS 30M directory traversal attempt""; flow:to_server,established; http_uri; content:""/ipecs-cm/download"",fast_pattern,nocase; http_client_body; content:""file"",nocase; pcre:""/(^|&)file(name|path)=[^&]*?(\x2e|%(25)?2e){2}([\x2f\x5c]|%(25)?(2f|5c))/im""; metadata:policy max-detect-ips drop,policy security-ips drop,ruleset community; service:http; reference:cve,2018-15138; reference:url,www.exploit-db.com/exploits/45167; classtype:web-application-attack; sid:49839; rev:1; ",True,False,False,False,False,INCLUDE_HIGH,E01 supported by rule text/metadata
3850,49840,1,alert,tcp,$EXTERNAL_NET,any,->,$HOME_NET,$HTTP_PORTS,,web-application-attack,http,"policy max-detect-ips drop,policy security-ips drop,ruleset community",E01,True," msg:""SERVER-WEBAPP LG-Ericsson iPECS NMS 30M directory traversal attempt""; flow:to_server,established; http_uri; content:""/ipecs-cm/download"",fast_pattern,nocase; content:""file"",nocase; content:""../""; pcre:""/[?&]file(name|path)=[^&]*?\x2e\x2e\x2f/i""; metadata:policy max-detect-ips drop,policy security-ips drop,ruleset community; service:http; reference:cve,2018-15138; reference:url,www.exploit-db.com/exploits/45167; classtype:web-application-attack; sid:49840; rev:1; ",True,False,False,False,False,INCLUDE_HIGH,E01 supported by rule text/metadata
3851,49841,1,alert,tcp,$EXTERNAL_NET,any,->,$HOME_NET,$HTTP_PORTS,,web-application-attack,http,"policy max-detect-ips drop,policy security-ips drop,ruleset community",E01,True," msg:""SERVER-WEBAPP LG-Ericsson iPECS NMS 30M directory traversal attempt""; flow:to_server,established; http_uri; content:""/ipecs-cm/download"",fast_pattern,nocase; http_client_body; content:""Content-Disposition"",nocase; content:""filename"",nocase; pcre:""/filename\s*=\s*[^\r\n]*?(\x2e|%(25)?2e){2}([\x2f\x5c]|%(25)?(2f|5c))/i""; metadata:policy max-detect-ips drop,policy security-ips drop,ruleset community; service:http; reference:cve,2018-15138; reference:url,www.exploit-db.com/exploits/45167; classtype:web-application-attack; sid:49841; rev:1; ",True,False,False,False,False,INCLUDE_HIGH,E01 supported by rule text/metadata
3852,49842,1,alert,tcp,$EXTERNAL_NET,any,->,$HOME_NET,$HTTP_PORTS,,web-application-attack,http,"policy max-detect-ips drop,policy security-ips drop,ruleset community",E01,True," msg:""SERVER-WEBAPP LG-Ericsson iPECS NMS 30M directory traversal attempt""; flow:to_server,established; http_uri; content:""/ipecs-cm/download"",fast_pattern,nocase; http_client_body; content:""file"",nocase; content:""Content-Disposition"",nocase; pcre:""/name\s*=\s*[\x22\x27]?file(name|path)((?!^--).)*?\x2e\x2e[\x2f\x5c]/ims""; metadata:policy max-detect-ips drop,policy security-ips drop,ruleset community; service:http; reference:cve,2018-15138; reference:url,www.exploit-db.com/exploits/45167; classtype:web-application-attack; sid:49842; rev:1; ",True,False,False,False,False,INCLUDE_HIGH,E01 supported by rule text/metadata
3853,50137,2,alert,tcp,any,any,->,$HOME_NET,3389,,attempted-admin,rdp,"policy balanced-ips drop,policy connectivity-ips drop,policy max-detect-ips drop,policy security-ips drop,ruleset community",E01,True," msg:""OS-WINDOWS Microsoft Windows RDP MS_T120 channel bind attempt""; flow:to_server,established; content:""MS_T120|00|"",fast_pattern,nocase; metadata:policy balanced-ips drop,policy connectivity-ips drop,policy max-detect-ips drop,policy security-ips drop,ruleset community; service:rdp; reference:cve,2019-0708; reference:url,portal.msrc.microsoft.com/en-us/security-guidance/advisory/CVE-2019-0708; classtype:attempted-admin; sid:50137; rev:2; ",True,False,False,False,False,INCLUDE_HIGH,E01 supported by rule text/metadata
3856,50260,2,alert,tcp,$HOME_NET,any,->,$EXTERNAL_NET,$HTTP_PORTS,,trojan-activity,http,"impact_flag red,policy balanced-ips drop,policy max-detect-ips drop,policy security-ips drop,ruleset community",E02,True," msg:""MALWARE-CNC Win.Downloader.TeamBot additional payload download attempt""; flow:to_server,established; http_uri; content:""/7773/plug/"",fast_pattern,nocase; content:"".ahk""; metadata:impact_flag red,policy balanced-ips drop,policy max-detect-ips drop,policy security-ips drop,ruleset community; service:http; reference:url,www.virustotal.com/#/file/efe51c2453821310c7a34dca3054021d0f6d453b7133c381d75e3140901efd12; classtype:trojan-activity; sid:50260; rev:2; ",False,True,False,False,False,INCLUDE_HIGH,E02 supported by rule text/metadata
3858,50262,2,alert,tcp,$HOME_NET,any,->,$EXTERNAL_NET,$HTTP_PORTS,,trojan-activity,http,"impact_flag red,policy balanced-ips drop,policy max-detect-ips drop,policy security-ips drop,ruleset community",E02,True," msg:""MALWARE-CNC Win.Downloader.TeamBot additional payload download attempt""; flow:to_server,established; http_uri; content:""/7773/plug/htv/tv.dll"",fast_pattern,nocase; metadata:impact_flag red,policy balanced-ips drop,policy max-detect-ips drop,policy security-ips drop,ruleset community; service:http; reference:url,www.virustotal.com/#/file/f64792324839f660b9bdfda95501a568c076641cf08ce63c1ddbe29b45623ac0; classtype:trojan-activity; sid:50262; rev:2; ",False,True,False,False,False,INCLUDE_HIGH,E02 supported by rule text/metadata
3861,50276,3,alert,tcp,$EXTERNAL_NET,any,->,$HOME_NET,$HTTP_PORTS,,trojan-activity,http,"impact_flag red,policy balanced-ips drop,policy max-detect-ips drop,policy security-ips drop,ruleset community",E01,True," msg:""MALWARE-BACKDOOR Win.Backdoor.Chopper webshell inbound request attempt""; flow:to_server,established; http_uri; content:""/temporary_listen_addresses/smsservice"",fast_pattern,nocase; metadata:impact_flag red,policy balanced-ips drop,policy max-detect-ips drop,policy security-ips drop,ruleset community; service:http; reference:url,cybersecurity.att.com/blogs/labs-research/sharepoint-vulnerability-exploited-in-the-wild; reference:url,isc.sans.edu/diary/CVE-2019-0604+Attack/24952; classtype:trojan-activity; sid:50276; rev:3; ",True,True,False,False,False,INCLUDE_HIGH,E01 supported by rule text/metadata
3862,50277,4,alert,tcp,$EXTERNAL_NET,any,->,$HOME_NET,$HTTP_PORTS,,trojan-activity,http,"impact_flag red,policy balanced-ips drop,policy max-detect-ips drop,policy security-ips drop,ruleset community",E01,True," msg:""MALWARE-BACKDOOR Win.Backdoor.Chopper webshell inbound request attempt""; flow:to_server,established; http_uri; content:""/temporary_listen_addresses/wsman"",fast_pattern,nocase; http_cookie; content:""_reguestguid"",nocase; metadata:impact_flag red,policy balanced-ips drop,policy max-detect-ips drop,policy security-ips drop,ruleset community; service:http; reference:url,cybersecurity.att.com/blogs/labs-research/sharepoint-vulnerability-exploited-in-the-wild; reference:url,isc.sans.edu/diary/CVE-2019-0604+Attack/24952; classtype:trojan-activity; sid:50277; rev:4; ",True,True,False,False,False,INCLUDE_HIGH,E01 supported by rule text/metadata
3864,50445,1,alert,tcp,$HOME_NET,any,->,$EXTERNAL_NET,$HTTP_PORTS,,trojan-activity,http,"impact_flag red,policy balanced-ips drop,policy max-detect-ips drop,policy security-ips drop,ruleset community",E02,True," msg:""MALWARE-CNC Win.Downloader.TeamBot additional payload download attempt""; flow:to_server,established; http_uri; content:"".exe"",fast_pattern,nocase; http_raw_uri; bufferlen:6; http_header; content:""User-Agent: Microsoft Internet Explorer|0D 0A|""; content:!""Connection""; content:!""Accept""; metadata:impact_flag red,policy balanced-ips drop,policy max-detect-ips drop,policy security-ips drop,ruleset community; service:http; reference:url,virustotal.com/#/file/3024ca140830e8eaf6634c1fd00bdfbd3968c3e96886ff9ec7d1b105c946e5c8; classtype:trojan-activity; sid:50445; rev:1; ",False,True,False,False,False,INCLUDE_HIGH,E02 supported by rule text/metadata
3869,51368,2,alert,tcp,$EXTERNAL_NET,any,->,$HOME_NET,$HTTP_PORTS,,trojan-activity,http,"impact_flag red,policy balanced-ips drop,policy max-detect-ips drop,policy security-ips drop,ruleset community",E01,True," msg:""MALWARE-BACKDOOR Win.Backdoor.Agent webshell inbound request attempt""; flow:to_server,established; http_header; content:""Response.Write(|22|UAshell|22|)|3B 0D 0A|"",fast_pattern,nocase; http_uri; content:""/ua.aspx""; metadata:impact_flag red,policy balanced-ips drop,policy max-detect-ips drop,policy security-ips drop,ruleset community; service:http; reference:cve,2019-0604; reference:url,portal.msrc.microsoft.com/en-US/security-guidance/advisory/CVE-2019-0604; classtype:trojan-activity; sid:51368; rev:2; ",True,True,False,False,False,INCLUDE_HIGH,E01 supported by rule text/metadata
3884,52022,1,alert,udp,any,67,->,$HOME_NET,68,,attempted-user,dhcp,"policy max-detect-ips drop,ruleset community",E01,True," msg:""OS-LINUX Red Hat NetworkManager DHCP client command injection attempt""; content:""|63 82 53 63|""; content:""|27|"",distance 0; content:""|23|"",within 254; pcre:""/\x63\x82\x53\x63.+?[\x0c-\xfe][\x05-\xff][\x20-\x7f]{0,250}\x27[\x20-\x7f]{3,250}\x23/s""; metadata:policy max-detect-ips drop,ruleset community; service:dhcp; reference:cve,2018-1111; reference:url,access.redhat.com/security/cve/cve-2018-1111; classtype:attempted-user; sid:52022; rev:1; ",True,False,False,False,False,INCLUDE_HIGH,E01 supported by rule text/metadata
3892,52620,2,alert,tcp,$EXTERNAL_NET,any,->,$HOME_NET,$HTTP_PORTS,,web-application-attack,http,"policy balanced-ips drop,policy connectivity-ips drop,policy max-detect-ips drop,policy security-ips drop,ruleset community",E01,True," msg:""SERVER-WEBAPP Citrix ADC and Gateway arbitrary code execution attempt""; flow:to_server,established; http_uri; content:""/vpns/"",fast_pattern,nocase; http_raw_header; content:""NSC_USER:""; content:""../"",within 10; metadata:policy balanced-ips drop,policy connectivity-ips drop,policy max-detect-ips drop,policy security-ips drop,ruleset community; service:http; reference:cve,2019-19781; reference:url,support.citrix.com/article/CTX267027; classtype:web-application-attack; sid:52620; rev:2; ",True,True,False,False,False,INCLUDE_HIGH,E01 supported by rule text/metadata
3933,56891,1,alert,tcp,$EXTERNAL_NET,any,->,$HOME_NET,445,,trojan-activity,netbios-ssn,"policy max-detect-ips drop,ruleset community",E04,True," msg:""MALWARE-CNC Win.Trojan.BasicPipeShell variant communication attempt""; flow:to_server,established; content:""|FE|SMB"",depth 4,offset 4; content:""|0B 00|"",within 2,distance 8; content:""|70 00 69 00 70 00 65 00 73 00 68 00 65 00 6C 00 6C 00 2D 00 70 00 69 00 70 00 65 00 6E 00 61 00 6D 00 65 00|""; metadata:policy max-detect-ips drop,ruleset community; service:netbios-ssn; reference:url,www.fireeye.com/blog/threat-research/2020/12/unauthorized-access-of-fireeye-red-team-tools.html; classtype:trojan-activity; sid:56891; rev:1; ",False,False,False,True,False,INCLUDE_HIGH,E04 supported by rule text/metadata
3934,56892,1,alert,tcp,$EXTERNAL_NET,any,->,$HOME_NET,445,,trojan-activity,netbios-ssn,"policy max-detect-ips drop,ruleset community",E04,True," msg:""MALWARE-CNC Win.Trojan.BasicPipeShell variant communication attempt""; flow:to_server,established; content:""|FE|SMB"",depth 4,offset 4; content:""|05 00|"",within 2,distance 8; content:""|70 00 69 00 70 00 65 00 73 00 68 00 65 00 6C 00 6C 00 2D 00 70 00 69 00 70 00 65 00 6E 00 61 00 6D 00 65 00|""; metadata:policy max-detect-ips drop,ruleset community; service:netbios-ssn; reference:url,www.fireeye.com/blog/threat-research/2020/12/unauthorized-access-of-fireeye-red-team-tools.html; classtype:trojan-activity; sid:56892; rev:1; ",False,False,False,True,False,INCLUDE_HIGH,E04 supported by rule text/metadata
3935,57067,1,alert,tcp,$EXTERNAL_NET,any,->,$HOME_NET,$HTTP_PORTS,,web-application-activity,http,"policy max-detect-ips drop,ruleset community",E02,True," msg:""SERVER-OTHER HP Web JetAdmin file write attempt""; flow:to_server,established; http_uri; content:""/plugins/framework/script/tree.xms"",fast_pattern,nocase; content:""WriteToFile"",nocase; metadata:policy max-detect-ips drop,ruleset community; service:http; reference:bugtraq,9973; classtype:web-application-activity; sid:57067; rev:1; ",False,False,False,False,False,REVIEW,candidate from broad triage; direct rule evidence not strong enough for automatic inclusion
3936,57252,1,alert,tcp,$EXTERNAL_NET,any,->,$HOME_NET,$HTTP_PORTS,,attempted-admin,http,"policy balanced-ips drop,policy max-detect-ips drop,policy security-ips drop,ruleset community",E01,True," msg:""SERVER-MAIL Microsoft Exchange Server arbitrary file write attempt""; flow:to_server,established; http_uri; content:""/DDIService.svc/SetObject"",fast_pattern,nocase; content:""VirtualDirectory"",nocase; http_client_body; content:""ExternalUrl"",nocase; metadata:policy balanced-ips drop,policy max-detect-ips drop,policy security-ips drop,ruleset community; service:http; reference:cve,2021-27065; reference:url,portal.msrc.microsoft.com/en-us/security-guidance/advisory/CVE-2021-27065; classtype:attempted-admin; sid:57252; rev:1; ",True,False,False,False,False,INCLUDE_HIGH,E01 supported by rule text/metadata
3937,57253,1,alert,tcp,$EXTERNAL_NET,any,->,$HOME_NET,$HTTP_PORTS,,attempted-admin,http,"policy balanced-ips drop,policy max-detect-ips drop,policy security-ips drop,ruleset community",E01,True," msg:""SERVER-MAIL Microsoft Exchange Server arbitrary file write attempt""; flow:to_server,established; http_uri; content:""/DDIService.svc/SetObject"",fast_pattern,nocase; content:""VirtualDirectory"",nocase; http_client_body; content:""FilePathName"",nocase; metadata:policy balanced-ips drop,policy max-detect-ips drop,policy security-ips drop,ruleset community; service:http; reference:cve,2021-27065; reference:url,portal.msrc.microsoft.com/en-us/security-guidance/advisory/CVE-2021-27065; classtype:attempted-admin; sid:57253; rev:1; ",True,False,False,False,False,INCLUDE_HIGH,E01 supported by rule text/metadata
3949,57879,2,alert,tcp,$EXTERNAL_NET,any,->,$HOME_NET,$HTTP_PORTS,,web-application-attack,http,"impact_flag red,policy balanced-ips drop,policy connectivity-ips drop,policy max-detect-ips drop,policy security-ips drop,ruleset community",E05,True," msg:""INDICATOR-COMPROMISE Revil Kaseya ransomware log clearing http upload""; flow:to_server,established; file_data; content:""Server.CreateObject""; content:""KComWExec.execCmd"",fast_pattern,nocase; metadata:impact_flag red,policy balanced-ips drop,policy connectivity-ips drop,policy max-detect-ips drop,policy security-ips drop,ruleset community; service:http; reference:url,doublepulsar.com/kaseya-supply-chain-attack-delivers-mass-ransomware-event-to-us-companies-76e4ec6ec64b; reference:url,www.huntress.com/blog/rapid-response-kaseya-vsa-mass-msp-ransomware-incident; classtype:web-application-attack; sid:57879; rev:2; ",False,False,False,False,True,INCLUDE_HIGH,E05 supported by rule text/metadata
3950,57906,7,alert,http,$EXTERNAL_NET,any,->,$HOME_NET,any,,attempted-admin,,"policy balanced-ips drop,policy connectivity-ips drop,policy max-detect-ips drop,policy security-ips drop,ruleset community",E01,True," msg:""SERVER-WEBAPP Microsoft Exchange autodiscover server side request forgery attempt""; flow:to_server,established; http_uri; content:""/autodiscover"",fast_pattern,nocase; http_client_body; content:""Email="",nocase; pcre:""/(^|&)Email=[^&]*?(\x2f|%(25)?2f)autodiscover/im""; metadata:policy balanced-ips drop,policy connectivity-ips drop,policy max-detect-ips drop,policy security-ips drop,ruleset community; reference:cve,2021-31207; reference:cve,2021-34473; reference:cve,2021-34523; reference:cve,2022-41040; reference:cve,2022-41082; reference:url,portal.msrc.microsoft.com/en-us/security-guidance/advisory/CVE-2021-31207; reference:url,portal.msrc.microsoft.com/en-us/security-guidance/advisory/CVE-2021-34473; reference:url,portal.msrc.microsoft.com/en-us/security-guidance/advisory/CVE-2021-34523; reference:url,portal.msrc.microsoft.com/en-us/security-guidance/advisory/CVE-2022-41040; reference:url,portal.msrc.microsoft.com/en-us/security-guidance/advisory/CVE-2022-41082; classtype:attempted-admin; gid:1; sid:57906; rev:7; ",True,False,False,False,False,INCLUDE_HIGH,E01 supported by rule text/metadata
3951,57907,8,alert,http,$EXTERNAL_NET,any,->,$HOME_NET,any,,attempted-admin,,"policy balanced-ips drop,policy connectivity-ips drop,policy max-detect-ips drop,policy security-ips drop,ruleset community",E01,True," msg:""SERVER-WEBAPP Microsoft Exchange autodiscover server side request forgery attempt""; flow:to_server,established; http_uri; content:""/autodiscover"",fast_pattern,nocase; content:""Email="",nocase; pcre:""/[?&]Email=[^&]*?\x2fautodiscover/i""; metadata:policy balanced-ips drop,policy connectivity-ips drop,policy max-detect-ips drop,policy security-ips drop,ruleset community; reference:cve,2021-31207; reference:cve,2021-34473; reference:cve,2021-34523; reference:cve,2022-41040; reference:cve,2022-41082; reference:cve,2023-21529; reference:url,portal.msrc.microsoft.com/en-us/security-guidance/advisory/CVE-2021-31207; reference:url,portal.msrc.microsoft.com/en-us/security-guidance/advisory/CVE-2021-34473; reference:url,portal.msrc.microsoft.com/en-us/security-guidance/advisory/CVE-2021-34523; reference:url,portal.msrc.microsoft.com/en-us/security-guidance/advisory/CVE-2022-41040; reference:url,portal.msrc.microsoft.com/en-us/security-guidance/advisory/CVE-2022-41082; reference:url,portal.msrc.microsoft.com/en-us/security-guidance/advisory/CVE-2023-21529; classtype:attempted-admin; gid:1; sid:57907; rev:8; ",True,False,False,False,False,INCLUDE_HIGH,E01 supported by rule text/metadata
3952,57908,7,alert,http,$EXTERNAL_NET,any,->,$HOME_NET,any,,attempted-admin,,"policy balanced-ips drop,policy connectivity-ips drop,policy max-detect-ips drop,policy security-ips drop,ruleset community",E01,True," msg:""SERVER-WEBAPP Microsoft Exchange autodiscover server side request forgery attempt""; flow:to_server,established; http_uri; content:""/autodiscover"",fast_pattern,nocase; http_client_body; content:""Email"",nocase; content:""Content-Disposition"",nocase; pcre:""/name\s*=\s*[\x22\x27]?Email((?!^--).)*?[\r\n]{2,}((?!^--).)*?\x2fautodiscover/ims""; metadata:policy balanced-ips drop,policy connectivity-ips drop,policy max-detect-ips drop,policy security-ips drop,ruleset community; reference:cve,2021-31207; reference:cve,2021-34473; reference:cve,2021-34523; reference:cve,2022-41040; reference:cve,2022-41082; reference:url,portal.msrc.microsoft.com/en-us/security-guidance/advisory/CVE-2021-31207; reference:url,portal.msrc.microsoft.com/en-us/security-guidance/advisory/CVE-2021-34473; reference:url,portal.msrc.microsoft.com/en-us/security-guidance/advisory/CVE-2021-34523; reference:url,portal.msrc.microsoft.com/en-us/security-guidance/advisory/CVE-2022-41040; reference:url,portal.msrc.microsoft.com/en-us/security-guidance/advisory/CVE-2022-41082; classtype:attempted-admin; gid:1; sid:57908; rev:7; ",True,False,False,False,False,INCLUDE_HIGH,E01 supported by rule text/metadata
3953,57983,6,alert,http,$EXTERNAL_NET,any,->,$HOME_NET,any,,attempted-admin,,"policy balanced-ips drop,policy connectivity-ips drop,policy max-detect-ips drop,policy security-ips drop,ruleset community",E01,True," msg:""SERVER-WEBAPP Microsoft Exchange autodiscover server side request forgery attempt""; flow:to_server,established; http_uri; content:""/autodiscover"",fast_pattern,nocase; http_cookie; content:""Email="",nocase; pcre:""/Email=[^\x3b\r\n]*?(\x2f|%(25)?2f)autodiscover/i""; metadata:policy balanced-ips drop,policy connectivity-ips drop,policy max-detect-ips drop,policy security-ips drop,ruleset community; reference:cve,2021-31207; reference:cve,2021-34473; reference:cve,2021-34523; reference:cve,2022-41040; reference:cve,2022-41082; reference:url,portal.msrc.microsoft.com/en-us/security-guidance/advisory/CVE-2021-31207; reference:url,portal.msrc.microsoft.com/en-us/security-guidance/advisory/CVE-2021-34473; reference:url,portal.msrc.microsoft.com/en-us/security-guidance/advisory/CVE-2021-34523; reference:url,portal.msrc.microsoft.com/en-us/security-guidance/advisory/CVE-2022-41040; reference:url,portal.msrc.microsoft.com/en-us/security-guidance/advisory/CVE-2022-41082; classtype:attempted-admin; gid:1; sid:57983; rev:6; ",True,False,False,False,False,INCLUDE_HIGH,E01 supported by rule text/metadata
3957,58722,5,alert,tcp,$EXTERNAL_NET,any,->,$HOME_NET,$HTTP_PORTS,,attempted-user,http,"policy balanced-ips drop,policy connectivity-ips drop,policy max-detect-ips drop,policy security-ips drop,ruleset community",E01,True," msg:""SERVER-OTHER Apache Log4j logging remote code execution attempt""; flow:to_server,established; http_uri; content:""${jndi:"",fast_pattern,nocase; metadata:policy balanced-ips drop,policy connectivity-ips drop,policy max-detect-ips drop,policy security-ips drop,ruleset community; service:http; reference:cve,2021-44228; reference:cve,2021-44832; reference:cve,2021-45046; reference:cve,2021-45105; classtype:attempted-user; sid:58722; rev:5; ",True,True,False,False,False,INCLUDE_HIGH,E01 supported by rule text/metadata
3958,58723,6,alert,tcp,$EXTERNAL_NET,any,->,$HOME_NET,$HTTP_PORTS,,attempted-user,http,"policy balanced-ips drop,policy connectivity-ips drop,policy max-detect-ips drop,policy security-ips drop,ruleset community",E01,True," msg:""SERVER-OTHER Apache Log4j logging remote code execution attempt""; flow:to_server,established; http_header; content:""${jndi:"",fast_pattern,nocase; metadata:policy balanced-ips drop,policy connectivity-ips drop,policy max-detect-ips drop,policy security-ips drop,ruleset community; service:http; reference:cve,2021-44228; reference:cve,2021-44832; reference:cve,2021-45046; reference:cve,2021-45105; reference:cve,2022-20933; reference:url,tools.cisco.com/security/center/content/CiscoSecurityAdvisory/cisco-sa-meraki-mx-vpn-dos-vnESbgBf; classtype:attempted-user; gid:1; sid:58723; rev:6; ",True,True,False,False,False,INCLUDE_HIGH,E01 supported by rule text/metadata
3959,58724,6,alert,tcp,$EXTERNAL_NET,any,->,$HOME_NET,$HTTP_PORTS,,attempted-user,http,"policy balanced-ips drop,policy connectivity-ips drop,policy max-detect-ips drop,policy security-ips drop,ruleset community",E01,True," msg:""SERVER-OTHER Apache Log4j logging remote code execution attempt""; flow:to_server,established; http_header; content:""${lower:"",fast_pattern,nocase; pcre:""/\x24{(\x24{(upper|lower):j}|j)(\x24{(upper|lower):n}|n)(\x24{(upper|lower):d}|d)(\x24{(upper|lower):i}|i)(\x24{(upper|lower)::}|:)/i""; metadata:policy balanced-ips drop,policy connectivity-ips drop,policy max-detect-ips drop,policy security-ips drop,ruleset community; service:http; reference:cve,2021-44228; reference:cve,2021-44832; reference:cve,2021-45046; reference:cve,2021-45105; reference:cve,2022-20933; reference:url,tools.cisco.com/security/center/content/CiscoSecurityAdvisory/cisco-sa-meraki-mx-vpn-dos-vnESbgBf; classtype:attempted-user; gid:1; sid:58724; rev:6; ",True,True,False,False,False,INCLUDE_HIGH,E01 supported by rule text/metadata
3960,58725,5,alert,tcp,$EXTERNAL_NET,any,->,$HOME_NET,$HTTP_PORTS,,attempted-user,http,"policy balanced-ips drop,policy connectivity-ips drop,policy max-detect-ips drop,policy security-ips drop,ruleset community",E01,True," msg:""SERVER-OTHER Apache Log4j logging remote code execution attempt""; flow:to_server,established; http_uri; content:""${lower:"",fast_pattern,nocase; pcre:""/\x24{(\x24{(upper|lower):j}|j)(\x24{(upper|lower):n}|n)(\x24{(upper|lower):d}|d)(\x24{(upper|lower):i}|i)(\x24{(upper|lower)::}|:)/i""; metadata:policy balanced-ips drop,policy connectivity-ips drop,policy max-detect-ips drop,policy security-ips drop,ruleset community; service:http; reference:cve,2021-44228; reference:cve,2021-44832; reference:cve,2021-45046; reference:cve,2021-45105; classtype:attempted-user; sid:58725; rev:5; ",True,True,False,False,False,INCLUDE_HIGH,E01 supported by rule text/metadata
3961,58726,7,alert,tcp,$EXTERNAL_NET,any,->,$HOME_NET,$HTTP_PORTS,,attempted-user,http,"policy balanced-ips drop,policy connectivity-ips drop,policy max-detect-ips drop,policy security-ips drop,ruleset community",E01,True," msg:""SERVER-OTHER Apache Log4j logging remote code execution attempt""; flow:to_server,established; content:""jndi"",fast_pattern,nocase; http_cookie; content:""jndi"",nocase; pcre:""/(%(25)?24|\x24)(%(25)?7b|\x7b)jndi(%(25)?3a|\x3a)/i""; metadata:policy balanced-ips drop,policy connectivity-ips drop,policy max-detect-ips drop,policy security-ips drop,ruleset community; service:http; reference:cve,2021-44228; reference:cve,2021-44832; reference:cve,2021-45046; reference:cve,2021-45105; reference:cve,2022-20933; reference:url,tools.cisco.com/security/center/content/CiscoSecurityAdvisory/cisco-sa-meraki-mx-vpn-dos-vnESbgBf; classtype:attempted-user; gid:1; sid:58726; rev:7; ",True,True,False,False,False,INCLUDE_HIGH,E01 supported by rule text/metadata
3962,58727,5,alert,tcp,$EXTERNAL_NET,any,->,$HOME_NET,$HTTP_PORTS,,attempted-user,http,"policy balanced-ips drop,policy connectivity-ips drop,policy max-detect-ips drop,policy security-ips drop,ruleset community",E01,True," msg:""SERVER-OTHER Apache Log4j logging remote code execution attempt""; flow:to_server,established; http_client_body; content:""${jndi:"",fast_pattern,nocase; metadata:policy balanced-ips drop,policy connectivity-ips drop,policy max-detect-ips drop,policy security-ips drop,ruleset community; service:http; reference:cve,2021-44228; reference:cve,2021-44832; reference:cve,2021-45046; reference:cve,2021-45105; classtype:attempted-user; sid:58727; rev:5; ",True,True,False,False,False,INCLUDE_HIGH,E01 supported by rule text/metadata
3963,58728,5,alert,tcp,$EXTERNAL_NET,any,->,$HOME_NET,$HTTP_PORTS,,attempted-user,http,"policy balanced-ips drop,policy connectivity-ips drop,policy max-detect-ips drop,policy security-ips drop,ruleset community",E01,True," msg:""SERVER-OTHER Apache Log4j logging remote code execution attempt""; flow:to_server,established; http_client_body; content:""${lower:"",fast_pattern,nocase; pcre:""/\x24{(\x24{(upper|lower):j}|j)(\x24{(upper|lower):n}|n)(\x24{(upper|lower):d}|d)(\x24{(upper|lower):i}|i)(\x24{(upper|lower)::}|:)/i""; metadata:policy balanced-ips drop,policy connectivity-ips drop,policy max-detect-ips drop,policy security-ips drop,ruleset community; service:http; reference:cve,2021-44228; reference:cve,2021-44832; reference:cve,2021-45046; reference:cve,2021-45105; classtype:attempted-user; sid:58728; rev:5; ",True,True,False,False,False,INCLUDE_HIGH,E01 supported by rule text/metadata
3964,58729,5,alert,tcp,$EXTERNAL_NET,any,->,$HOME_NET,$HTTP_PORTS,,attempted-user,http,"policy balanced-ips drop,policy connectivity-ips drop,policy max-detect-ips drop,policy security-ips drop,ruleset community",E01,True," msg:""SERVER-OTHER Apache Log4j logging remote code execution attempt""; flow:to_server,established; http_uri; content:""${upper:"",fast_pattern,nocase; pcre:""/\x24{(\x24{(upper|lower):j}|j)(\x24{(upper|lower):n}|n)(\x24{(upper|lower):d}|d)(\x24{(upper|lower):i}|i)(\x24{(upper|lower)::}|:)/i""; metadata:policy balanced-ips drop,policy connectivity-ips drop,policy max-detect-ips drop,policy security-ips drop,ruleset community; service:http; reference:cve,2021-44228; reference:cve,2021-44832; reference:cve,2021-45046; reference:cve,2021-45105; classtype:attempted-user; sid:58729; rev:5; ",True,True,False,False,False,INCLUDE_HIGH,E01 supported by rule text/metadata
3965,58730,7,alert,tcp,$EXTERNAL_NET,any,->,$HOME_NET,$HTTP_PORTS,,attempted-user,http,"policy balanced-ips drop,policy connectivity-ips drop,policy max-detect-ips drop,policy security-ips drop,ruleset community",E01,True," msg:""SERVER-OTHER Apache Log4j logging remote code execution attempt""; flow:to_server,established; content:""lower"",fast_pattern,nocase; http_cookie; content:""lower"",nocase; pcre:""/(%(25)?24|\x24)(%(25)?7b|\x7b)lower(%(25)?3a|\x3a)/i""; metadata:policy balanced-ips drop,policy connectivity-ips drop,policy max-detect-ips drop,policy security-ips drop,ruleset community; service:http; reference:cve,2021-44228; reference:cve,2021-44832; reference:cve,2021-45046; reference:cve,2021-45105; reference:cve,2022-20933; reference:url,tools.cisco.com/security/center/content/CiscoSecurityAdvisory/cisco-sa-meraki-mx-vpn-dos-vnESbgBf; classtype:attempted-user; gid:1; sid:58730; rev:7; ",True,True,False,False,False,INCLUDE_HIGH,E01 supported by rule text/metadata
3966,58731,6,alert,tcp,$EXTERNAL_NET,any,->,$HOME_NET,$HTTP_PORTS,,attempted-user,http,"policy balanced-ips drop,policy connectivity-ips drop,policy max-detect-ips drop,policy security-ips drop,ruleset community",E01,True," msg:""SERVER-OTHER Apache Log4j logging remote code execution attempt""; flow:to_server,established; http_header; content:""${upper:"",fast_pattern,nocase; pcre:""/\x24{(\x24{(upper|lower):j}|j)(\x24{(upper|lower):n}|n)(\x24{(upper|lower):d}|d)(\x24{(upper|lower):i}|i)(\x24{(upper|lower)::}|:)/i""; metadata:policy balanced-ips drop,policy connectivity-ips drop,policy max-detect-ips drop,policy security-ips drop,ruleset community; service:http; reference:cve,2021-44228; reference:cve,2021-44832; reference:cve,2021-45046; reference:cve,2021-45105; reference:cve,2022-20933; reference:url,tools.cisco.com/security/center/content/CiscoSecurityAdvisory/cisco-sa-meraki-mx-vpn-dos-vnESbgBf; classtype:attempted-user; gid:1; sid:58731; rev:6; ",True,True,False,False,False,INCLUDE_HIGH,E01 supported by rule text/metadata
3967,58732,7,alert,tcp,$EXTERNAL_NET,any,->,$HOME_NET,$HTTP_PORTS,,attempted-user,http,"policy balanced-ips drop,policy connectivity-ips drop,policy max-detect-ips drop,policy security-ips drop,ruleset community",E01,True," msg:""SERVER-OTHER Apache Log4j logging remote code execution attempt""; flow:to_server,established; content:""upper"",fast_pattern,nocase; http_cookie; content:""upper"",nocase; pcre:""/(%(25)?24|\x24)(%(25)?7b|\x7b)upper(%(25)?3a|\x3a)/i""; metadata:policy balanced-ips drop,policy connectivity-ips drop,policy max-detect-ips drop,policy security-ips drop,ruleset community; service:http; reference:cve,2021-44228; reference:cve,2021-44832; reference:cve,2021-45046; reference:cve,2021-45105; reference:cve,2022-20933; reference:url,tools.cisco.com/security/center/content/CiscoSecurityAdvisory/cisco-sa-meraki-mx-vpn-dos-vnESbgBf; classtype:attempted-user; gid:1; sid:58732; rev:7; ",True,True,False,False,False,INCLUDE_HIGH,E01 supported by rule text/metadata
3968,58733,5,alert,tcp,$EXTERNAL_NET,any,->,$HOME_NET,$HTTP_PORTS,,attempted-user,http,"policy balanced-ips drop,policy connectivity-ips drop,policy max-detect-ips drop,policy security-ips drop,ruleset community",E01,True," msg:""SERVER-OTHER Apache Log4j logging remote code execution attempt""; flow:to_server,established; http_client_body; content:""${upper:"",fast_pattern,nocase; pcre:""/\x24{(\x24{(upper|lower):j}|j)(\x24{(upper|lower):n}|n)(\x24{(upper|lower):d}|d)(\x24{(upper|lower):i}|i)(\x24{(upper|lower)::}|:)/i""; metadata:policy balanced-ips drop,policy connectivity-ips drop,policy max-detect-ips drop,policy security-ips drop,ruleset community; service:http; reference:cve,2021-44228; reference:cve,2021-44832; reference:cve,2021-45046; reference:cve,2021-45105; classtype:attempted-user; sid:58733; rev:5; ",True,True,False,False,False,INCLUDE_HIGH,E01 supported by rule text/metadata
3969,58734,4,alert,tcp,$EXTERNAL_NET,any,->,$HOME_NET,$HTTP_PORTS,,attempted-user,http,"policy balanced-ips drop,policy connectivity-ips drop,policy max-detect-ips drop,policy security-ips drop,ruleset community",E01,True," msg:""SERVER-OTHER Apache Log4j logging remote code execution attempt""; flow:to_server,established; http_client_body; content:""jndi"",fast_pattern,nocase; pcre:""/(%(25)?24|\x24)(%(25)?7b|\x7b)jndi(%(25)?3a|\x3a)/i""; metadata:policy balanced-ips drop,policy connectivity-ips drop,policy max-detect-ips drop,policy security-ips drop,ruleset community; service:http; reference:cve,2021-44228; reference:cve,2021-44832; reference:cve,2021-45046; reference:cve,2021-45105; classtype:attempted-user; sid:58734; rev:4; ",True,True,False,False,False,INCLUDE_HIGH,E01 supported by rule text/metadata
3970,58735,4,alert,tcp,$EXTERNAL_NET,any,->,$HOME_NET,$HTTP_PORTS,,attempted-user,http,"policy balanced-ips drop,policy connectivity-ips drop,policy max-detect-ips drop,policy security-ips drop,ruleset community",E01,True," msg:""SERVER-OTHER Apache Log4j logging remote code execution attempt""; flow:to_server,established; http_client_body; content:""lower"",fast_pattern,nocase; pcre:""/(%(25)?24|\x24)(%(25)?7b|\x7b)lower(%(25)?3a|\x3a)/i""; metadata:policy balanced-ips drop,policy connectivity-ips drop,policy max-detect-ips drop,policy security-ips drop,ruleset community; service:http; reference:cve,2021-44228; reference:cve,2021-44832; reference:cve,2021-45046; reference:cve,2021-45105; classtype:attempted-user; sid:58735; rev:4; ",True,True,False,False,False,INCLUDE_HIGH,E01 supported by rule text/metadata
3971,58736,4,alert,tcp,$EXTERNAL_NET,any,->,$HOME_NET,$HTTP_PORTS,,attempted-user,http,"policy balanced-ips drop,policy connectivity-ips drop,policy max-detect-ips drop,policy security-ips drop,ruleset community",E01,True," msg:""SERVER-OTHER Apache Log4j logging remote code execution attempt""; flow:to_server,established; http_client_body; content:""upper"",fast_pattern,nocase; pcre:""/(%(25)?24|\x24)(%(25)?7b|\x7b)upper(%(25)?3a|\x3a)/i""; metadata:policy balanced-ips drop,policy connectivity-ips drop,policy max-detect-ips drop,policy security-ips drop,ruleset community; service:http; reference:cve,2021-44228; reference:cve,2021-44832; reference:cve,2021-45046; reference:cve,2021-45105; classtype:attempted-user; sid:58736; rev:4; ",True,True,False,False,False,INCLUDE_HIGH,E01 supported by rule text/metadata
3972,58737,5,alert,tcp,$EXTERNAL_NET,any,->,$HOME_NET,$HTTP_PORTS,,attempted-user,http,"policy balanced-ips drop,policy connectivity-ips drop,policy max-detect-ips drop,policy security-ips drop,ruleset community",E01,True," msg:""SERVER-OTHER Apache Log4j logging remote code execution attempt""; flow:to_server,established; http_header; content:""jndi"",fast_pattern,nocase; pcre:""/(%(25)?24|\x24)(%(25)?7b|\x7b)jndi(%(25)?3a|\x3a)/i""; metadata:policy balanced-ips drop,policy connectivity-ips drop,policy max-detect-ips drop,policy security-ips drop,ruleset community; service:http; reference:cve,2021-44228; reference:cve,2021-44832; reference:cve,2021-45046; reference:cve,2021-45105; reference:cve,2022-20933; reference:url,tools.cisco.com/security/center/content/CiscoSecurityAdvisory/cisco-sa-meraki-mx-vpn-dos-vnESbgBf; classtype:attempted-user; gid:1; sid:58737; rev:5; ",True,True,False,False,False,INCLUDE_HIGH,E01 supported by rule text/metadata
3973,58738,5,alert,tcp,$EXTERNAL_NET,any,->,$HOME_NET,$HTTP_PORTS,,attempted-user,http,"policy balanced-ips drop,policy connectivity-ips drop,policy max-detect-ips drop,policy security-ips drop,ruleset community",E01,True," msg:""SERVER-OTHER Apache Log4j logging remote code execution attempt""; flow:to_server,established; http_header; content:""upper"",fast_pattern,nocase; pcre:""/(%(25)?24|\x24)(%(25)?7b|\x7b)upper(%(25)?3a|\x3a)/i""; metadata:policy balanced-ips drop,policy connectivity-ips drop,policy max-detect-ips drop,policy security-ips drop,ruleset community; service:http; reference:cve,2021-44228; reference:cve,2021-44832; reference:cve,2021-45046; reference:cve,2021-45105; reference:cve,2022-20933; reference:url,tools.cisco.com/security/center/content/CiscoSecurityAdvisory/cisco-sa-meraki-mx-vpn-dos-vnESbgBf; classtype:attempted-user; gid:1; sid:58738; rev:5; ",True,True,False,False,False,INCLUDE_HIGH,E01 supported by rule text/metadata
3974,58739,5,alert,tcp,$EXTERNAL_NET,any,->,$HOME_NET,$HTTP_PORTS,,attempted-user,http,"policy balanced-ips drop,policy connectivity-ips drop,policy max-detect-ips drop,policy security-ips drop,ruleset community",E01,True," msg:""SERVER-OTHER Apache Log4j logging remote code execution attempt""; flow:to_server,established; http_header; content:""lower"",fast_pattern,nocase; pcre:""/(%(25)?24|\x24)(%(25)?7b|\x7b)lower(%(25)?3a|\x3a)/i""; metadata:policy balanced-ips drop,policy connectivity-ips drop,policy max-detect-ips drop,policy security-ips drop,ruleset community; service:http; reference:cve,2021-44228; reference:cve,2021-44832; reference:cve,2021-45046; reference:cve,2021-45105; reference:cve,2022-20933; reference:url,tools.cisco.com/security/center/content/CiscoSecurityAdvisory/cisco-sa-meraki-mx-vpn-dos-vnESbgBf; classtype:attempted-user; gid:1; sid:58739; rev:5; ",True,True,False,False,False,INCLUDE_HIGH,E01 supported by rule text/metadata
3975,58740,6,alert,tcp,$EXTERNAL_NET,any,->,$HOME_NET,$HTTP_PORTS,,attempted-user,http,"policy balanced-ips drop,policy connectivity-ips drop,policy max-detect-ips drop,policy security-ips drop,ruleset community",E01,True," msg:""SERVER-OTHER Apache Log4j logging remote code execution attempt""; flow:to_server,established; http_client_body; content:""%24%7b"",fast_pattern,nocase; pcre:""/%24%7b.{0,200}(%(25)?24|\x24)(%(25)?7b|\x7b).{0,200}(%(25)?3a|\x3a)(%(25)?(27|2d|5c|22)|[\x27\x2d\x5c\x22])*([jndi\x7d\x3a\x2d]|(%(25)?(7d|3a|2d))|(%(25)?5c|\x5c)u00[a-f0-9]{2}){1,4}(%(25)?(22|27)|[\x22\x27])?(%(25)?(3a|7d)|[\x3a\x7djndi])/i""; metadata:policy balanced-ips drop,policy connectivity-ips drop,policy max-detect-ips drop,policy security-ips drop,ruleset community; service:http; reference:cve,2021-44228; reference:cve,2021-44832; reference:cve,2021-45046; reference:cve,2021-45105; classtype:attempted-user; sid:58740; rev:6; ",True,True,False,False,False,INCLUDE_HIGH,E01 supported by rule text/metadata
3976,58741,6,alert,tcp,$EXTERNAL_NET,any,->,$HOME_NET,$HTTP_PORTS,,attempted-user,http,"policy balanced-ips drop,policy connectivity-ips drop,policy max-detect-ips drop,policy security-ips drop,ruleset community",E01,True," msg:""SERVER-OTHER Apache Log4j logging remote code execution attempt""; flow:to_server,established; http_client_body; content:""${"",fast_pattern,nocase; pcre:""/\x24\x7b.{0,200}(%(25)?24|\x24)(%(25)?7b|\x7b).{0,200}(%(25)?3a|\x3a)(%(25)?(27|2d|5c|22)|[\x27\x2d\x5c\x22])*([jndi\x7d\x3a\x2d]|(%(25)?(7d|3a|2d))|(%(25)?5c|\x5c)u00[a-f0-9]{2}){1,4}(%(25)?(22|27)|[\x22\x27])?(%(25)?(3a|7d)|[\x3a\x7djndi])/i""; metadata:policy balanced-ips drop,policy connectivity-ips drop,policy max-detect-ips drop,policy security-ips drop,ruleset community; service:http; reference:cve,2021-44228; reference:cve,2021-44832; reference:cve,2021-45046; reference:cve,2021-45105; classtype:attempted-user; sid:58741; rev:6; ",True,True,False,False,False,INCLUDE_HIGH,E01 supported by rule text/metadata
3977,58742,8,alert,tcp,$EXTERNAL_NET,any,->,$HOME_NET,$HTTP_PORTS,,attempted-user,http,"policy balanced-ips drop,policy connectivity-ips drop,policy max-detect-ips drop,policy security-ips drop,ruleset community",E01,True," msg:""SERVER-OTHER Apache Log4j logging remote code execution attempt""; flow:to_server,established; http_header; content:""${"",fast_pattern,nocase; http_uri; content:""|2F|""; http_header; pcre:""/\x24\x7b(jndi|[^\x7d\x80-\xff]*?\x24\x7b[^\x7d\x80-\xff]*?\x3a[^\x7d]*?\x7d)/i""; metadata:policy balanced-ips drop,policy connectivity-ips drop,policy max-detect-ips drop,policy security-ips drop,ruleset community; service:http; reference:cve,2021-44228; reference:cve,2021-44832; reference:cve,2021-45046; reference:cve,2021-45105; reference:cve,2022-20933; reference:url,tools.cisco.com/security/center/content/CiscoSecurityAdvisory/cisco-sa-meraki-mx-vpn-dos-vnESbgBf; classtype:attempted-user; gid:1; sid:58742; rev:8; ",True,True,False,False,False,INCLUDE_HIGH,E01 supported by rule text/metadata
3978,58744,6,alert,tcp,$EXTERNAL_NET,any,->,$HOME_NET,$HTTP_PORTS,,attempted-user,http,"policy balanced-ips drop,policy connectivity-ips drop,policy max-detect-ips drop,policy security-ips drop,ruleset community",E01,True," msg:""SERVER-OTHER Apache Log4j logging remote code execution attempt""; flow:to_server,established; http_uri; content:""${"",fast_pattern,nocase; pcre:""/\x24\x7b(jndi|[^\x7d\x80-\xff]*?\x24\x7b[^\x7d]*?\x3a[^\x7d]*?\x7d)/i""; metadata:policy balanced-ips drop,policy connectivity-ips drop,policy max-detect-ips drop,policy security-ips drop,ruleset community; service:http; reference:cve,2021-44228; reference:cve,2021-44832; reference:cve,2021-45046; reference:cve,2021-45105; classtype:attempted-user; sid:58744; rev:6; ",True,True,False,False,False,INCLUDE_HIGH,E01 supported by rule text/metadata
3979,58751,4,alert,tcp,$EXTERNAL_NET,any,->,$SMTP_SERVERS,25,,attempted-user,smtp,"policy balanced-ips drop,policy connectivity-ips drop,policy max-detect-ips drop,policy security-ips drop,ruleset community",E01,True," msg:""SERVER-OTHER Apache Log4j logging remote code execution attempt""; flow:to_server,established; content:""|24 7B|"",fast_pattern,nocase; pcre:""/^[\w\x2d\x20]+\x3a[^\r\n]*?\x24\x7b(jndi|lower|upper)\x3a/im""; metadata:policy balanced-ips drop,policy connectivity-ips drop,policy max-detect-ips drop,policy security-ips drop,ruleset community; service:smtp; reference:cve,2021-44228; reference:cve,2021-44832; reference:cve,2021-45046; reference:cve,2021-45105; classtype:attempted-user; sid:58751; rev:4; ",True,True,False,False,False,INCLUDE_HIGH,E01 supported by rule text/metadata
3980,58784,4,alert,tcp,$EXTERNAL_NET,any,->,$HOME_NET,$HTTP_PORTS,,attempted-user,http,"policy balanced-ips drop,policy connectivity-ips drop,policy max-detect-ips drop,policy security-ips drop,ruleset community",E01,True," msg:""SERVER-OTHER Apache Log4j logging remote code execution attempt""; flow:to_server,established; http_client_body; content:""%2524%257B"",fast_pattern,nocase; pcre:""/%2524%257b.{0,200}(%(25)?24|\x24)(%(25)?7b|\x7b).{0,200}(%(25)?3a|\x3a)(%(25)?(27|2d|5c|22)|[\x27\x2d\x5c\x22])*([jndi\x7d\x3a\x2d]|(%(25)?(7d|3a|2d))|(%(25)?5c|\x5c)u00[a-f0-9]{2}){1,4}(%(25)?(22|27)|[\x22\x27])?(%(25)?(3a|7d)|[\x3a\x7djndi])/i""; metadata:policy balanced-ips drop,policy connectivity-ips drop,policy max-detect-ips drop,policy security-ips drop,ruleset community; service:http; reference:cve,2021-44228; reference:cve,2021-44832; reference:cve,2021-45046; reference:cve,2021-45105; classtype:attempted-user; sid:58784; rev:4; ",True,True,False,False,False,INCLUDE_HIGH,E01 supported by rule text/metadata
3981,58785,4,alert,tcp,$EXTERNAL_NET,any,->,$HOME_NET,$HTTP_PORTS,,attempted-user,http,"policy balanced-ips drop,policy connectivity-ips drop,policy max-detect-ips drop,policy security-ips drop,ruleset community",E01,True," msg:""SERVER-OTHER Apache Log4j logging remote code execution attempt""; flow:to_server,established; http_client_body; content:""%24{"",fast_pattern,nocase; pcre:""/%24\x7b.{0,200}(%(25)?24|\x24)(%(25)?7b|\x7b).{0,200}(%(25)?3a|\x3a)(%(25)?(27|2d|5c|22)|[\x27\x2d\x5c\x22])*([jndi\x7d\x3a\x2d]|(%(25)?(7d|3a|2d))|(%(25)?5c|\x5c)u00[a-f0-9]{2}){1,4}(%(25)?(22|27)|[\x22\x27])?(%(25)?(3a|7d)|[\x3a\x7djndi])/i""; metadata:policy balanced-ips drop,policy connectivity-ips drop,policy max-detect-ips drop,policy security-ips drop,ruleset community; service:http; reference:cve,2021-44228; reference:cve,2021-44832; reference:cve,2021-45046; reference:cve,2021-45105; classtype:attempted-user; sid:58785; rev:4; ",True,True,False,False,False,INCLUDE_HIGH,E01 supported by rule text/metadata
3982,58786,4,alert,tcp,$EXTERNAL_NET,any,->,$HOME_NET,$HTTP_PORTS,,attempted-user,http,"policy balanced-ips drop,policy connectivity-ips drop,policy max-detect-ips drop,policy security-ips drop,ruleset community",E01,True," msg:""SERVER-OTHER Apache Log4j logging remote code execution attempt""; flow:to_server,established; http_client_body; content:""%2524{"",fast_pattern,nocase; pcre:""/%2524\x7b.{0,200}(%(25)?24|\x24)(%(25)?7b|\x7b).{0,200}(%(25)?3a|\x3a)(%(25)?(27|2d|5c|22)|[\x27\x2d\x5c\x22])*([jndi\x7d\x3a\x2d]|(%(25)?(7d|3a|2d))|(%(25)?5c|\x5c)u00[a-f0-9]{2}){1,4}(%(25)?(22|27)|[\x22\x27])?(%(25)?(3a|7d)|[\x3a\x7djndi])/i""; metadata:policy balanced-ips drop,policy connectivity-ips drop,policy max-detect-ips drop,policy security-ips drop,ruleset community; service:http; reference:cve,2021-44228; reference:cve,2021-44832; reference:cve,2021-45046; reference:cve,2021-45105; classtype:attempted-user; sid:58786; rev:4; ",True,True,False,False,False,INCLUDE_HIGH,E01 supported by rule text/metadata
3983,58787,4,alert,tcp,$EXTERNAL_NET,any,->,$HOME_NET,$HTTP_PORTS,,attempted-user,http,"policy balanced-ips drop,policy connectivity-ips drop,policy max-detect-ips drop,policy security-ips drop,ruleset community",E01,True," msg:""SERVER-OTHER Apache Log4j logging remote code execution attempt""; flow:to_server,established; http_client_body; content:""%24%257b"",fast_pattern,nocase; pcre:""/%24%257b.{0,200}(%(25)?24|\x24)(%(25)?7b|\x7b).{0,200}(%(25)?3a|\x3a)(%(25)?(27|2d|5c|22)|[\x27\x2d\x5c\x22])*([jndi\x7d\x3a\x2d]|(%(25)?(7d|3a|2d))|(%(25)?5c|\x5c)u00[a-f0-9]{2}){1,4}(%(25)?(22|27)|[\x22\x27])?(%(25)?(3a|7d)|[\x3a\x7djndi])/i""; metadata:policy balanced-ips drop,policy connectivity-ips drop,policy max-detect-ips drop,policy security-ips drop,ruleset community; service:http; reference:cve,2021-44228; reference:cve,2021-44832; reference:cve,2021-45046; reference:cve,2021-45105; classtype:attempted-user; sid:58787; rev:4; ",True,True,False,False,False,INCLUDE_HIGH,E01 supported by rule text/metadata
3984,58788,4,alert,tcp,$EXTERNAL_NET,any,->,$HOME_NET,$HTTP_PORTS,,attempted-user,http,"policy balanced-ips drop,policy connectivity-ips drop,policy max-detect-ips drop,policy security-ips drop,ruleset community",E01,True," msg:""SERVER-OTHER Apache Log4j logging remote code execution attempt""; flow:to_server,established; http_client_body; content:""$%7b"",fast_pattern,nocase; pcre:""/\x24%7b.{0,200}(%(25)?24|\x24)(%(25)?7b|\x7b).{0,200}(%(25)?3a|\x3a)(%(25)?(27|2d|5c|22)|[\x27\x2d\x5c\x22])*([jndi\x7d\x3a\x2d]|(%(25)?(7d|3a|2d))|(%(25)?5c|\x5c)u00[a-f0-9]{2}){1,4}(%(25)?(22|27)|[\x22\x27])?(%(25)?(3a|7d)|[\x3a\x7djndi])/i""; metadata:policy balanced-ips drop,policy connectivity-ips drop,policy max-detect-ips drop,policy security-ips drop,ruleset community; service:http; reference:cve,2021-44228; reference:cve,2021-44832; reference:cve,2021-45046; reference:cve,2021-45105; classtype:attempted-user; sid:58788; rev:4; ",True,True,False,False,False,INCLUDE_HIGH,E01 supported by rule text/metadata
3985,58789,4,alert,tcp,$EXTERNAL_NET,any,->,$HOME_NET,$HTTP_PORTS,,attempted-user,http,"policy balanced-ips drop,policy connectivity-ips drop,policy max-detect-ips drop,policy security-ips drop,ruleset community",E01,True," msg:""SERVER-OTHER Apache Log4j logging remote code execution attempt""; flow:to_server,established; http_client_body; content:""$%257b"",fast_pattern,nocase; pcre:""/\x24%257b.{0,200}(%(25)?24|\x24)(%(25)?7b|\x7b).{0,200}(%(25)?3a|\x3a)(%(25)?(27|2d|5c|22)|[\x27\x2d\x5c\x22])*([jndi\x7d\x3a\x2d]|(%(25)?(7d|3a|2d))|(%(25)?5c|\x5c)u00[a-f0-9]{2}){1,4}(%(25)?(22|27)|[\x22\x27])?(%(25)?(3a|7d)|[\x3a\x7djndi])/i""; metadata:policy balanced-ips drop,policy connectivity-ips drop,policy max-detect-ips drop,policy security-ips drop,ruleset community; service:http; reference:cve,2021-44228; reference:cve,2021-44832; reference:cve,2021-45046; reference:cve,2021-45105; classtype:attempted-user; sid:58789; rev:4; ",True,True,False,False,False,INCLUDE_HIGH,E01 supported by rule text/metadata
3986,58790,4,alert,tcp,$EXTERNAL_NET,any,->,$HOME_NET,$HTTP_PORTS,,attempted-user,http,"policy balanced-ips drop,policy connectivity-ips drop,policy max-detect-ips drop,policy security-ips drop,ruleset community",E01,True," msg:""SERVER-OTHER Apache Log4j logging remote code execution attempt""; flow:to_server,established; http_client_body; content:""%2524%7b"",fast_pattern,nocase; pcre:""/%2524%7b.{0,200}(%(25)?24|\x24)(%(25)?7b|\x7b).{0,200}(%(25)?3a|\x3a)(%(25)?(27|2d|5c|22)|[\x27\x2d\x5c\x22])*([jndi\x7d\x3a\x2d]|(%(25)?(7d|3a|2d))|(%(25)?5c|\x5c)u00[a-f0-9]{2}){1,4}(%(25)?(22|27)|[\x22\x27])?(%(25)?(3a|7d)|[\x3a\x7djndi])/i""; metadata:policy balanced-ips drop,policy connectivity-ips drop,policy max-detect-ips drop,policy security-ips drop,ruleset community; service:http; reference:cve,2021-44228; reference:cve,2021-44832; reference:cve,2021-45046; reference:cve,2021-45105; classtype:attempted-user; sid:58790; rev:4; ",True,True,False,False,False,INCLUDE_HIGH,E01 supported by rule text/metadata
3987,58795,4,alert,tcp,$EXTERNAL_NET,any,->,$HOME_NET,$HTTP_PORTS,,attempted-user,http,"policy balanced-ips drop,policy connectivity-ips drop,policy max-detect-ips drop,policy security-ips drop,ruleset community",E01,True," msg:""SERVER-OTHER Apache Log4j logging remote code execution attempt""; flow:to_server,established; http_header; content:""Authorization: Basic JH"",fast_pattern,nocase; content:""Authorization: Basic ""; base64_decode:relative; base64_data; pcre:""/\x24\x7b(jndi|lower|upper|.{0,200}\x24\x7b.{0,200}\x3a[\x27\x22\x2d\x5c]*[jndi\x7d\x3a\x2d]{1,4}[\x22\x27]?[\x3a\x7djndi])/i""; metadata:policy balanced-ips drop,policy connectivity-ips drop,policy max-detect-ips drop,policy security-ips drop,ruleset community; service:http; reference:cve,2021-44228; reference:cve,2021-44832; reference:cve,2021-45046; reference:cve,2021-45105; classtype:attempted-user; sid:58795; rev:4; ",True,True,False,False,False,INCLUDE_HIGH,E01 supported by rule text/metadata
3988,58801,5,alert,tcp,$EXTERNAL_NET,"[389,1389]",->,$HOME_NET,any,,trojan-activity,ldap,"policy max-detect-ips drop,policy security-ips drop,ruleset community",E01,True," msg:""INDICATOR-COMPROMISE JNDI LDAP searchResEntry dynamic code download attempt""; flow:to_client,established; content:""javaClassName"",fast_pattern,nocase; content:""javaCodeBase""; content:""objectClass""; content:""javaFactory""; metadata:policy max-detect-ips drop,policy security-ips drop,ruleset community; service:ldap; reference:cve,2021-4104; reference:cve,2021-44228; reference:cve,2021-44832; reference:cve,2021-45046; reference:cve,2021-45105; reference:url,blog.talosintelligence.com/2021/12/apache-log4j-rce-vulnerability.html; classtype:trojan-activity; sid:58801; rev:5; ",True,False,False,False,False,INCLUDE_HIGH,E01 supported by rule text/metadata
3990,59502,1,alert,tcp,$EXTERNAL_NET,any,->,$HOME_NET,3389,,attempted-admin,rdp,"policy max-detect-ips drop,policy security-ips drop,ruleset community",E01,True," msg:""OS-WINDOWS Microsoft Windows Server 2003 smart card authentication buffer overflow attempt""; flow:to_server,established; content:""|03 00|""; content:""|02 F0|"",distance 0; content:""|64|"",distance 0; content:""|72 44 43 49|""; byte_extract:4,12,msg_size,relative,little; content:""|DC 90 01 08|"",within msg_size,fast_pattern; metadata:policy max-detect-ips drop,policy security-ips drop,ruleset community; service:rdp; reference:cve,2017-0176; reference:cve,2017-9073; reference:url,www.securitytracker.com/id/1038264; classtype:attempted-admin; sid:59502; rev:1; ",True,False,False,False,False,INCLUDE_HIGH,E01 supported by rule text/metadata
3993,59927,2,alert,tcp,$EXTERNAL_NET,any,->,$HOME_NET,$HTTP_PORTS,,trojan-activity,http,"policy balanced-ips drop,policy max-detect-ips drop,policy security-ips drop,ruleset community",E01,True," msg:""MALWARE-BACKDOOR Jsp.Webshell.TinyUploader upload attempt""; flow:to_server,established; content:""java.io.FileOutputStream"",fast_pattern,nocase; content:""<%""; content:""request"",within 100; content:""write""; content:""getParameter"",within 100; isdataat:!600; metadata:policy balanced-ips drop,policy max-detect-ips drop,policy security-ips drop,ruleset community; service:http; reference:cve,2022-26134; reference:url,community.atlassian.com/t5/Confluence-discussions/CVE-2022-26134-Critical-severity-unauthenticated-remote-code/td-p/20456533; classtype:trojan-activity; gid:1; sid:59927; rev:2; ",True,True,False,False,False,INCLUDE_HIGH,E01 supported by rule text/metadata
3994,59928,2,alert,tcp,$EXTERNAL_NET,$HTTP_PORTS,->,$HOME_NET,any,,trojan-activity,http,"impact_flag red,policy balanced-ips drop,policy max-detect-ips drop,policy security-ips drop,ruleset community",E01,True," msg:""MALWARE-BACKDOOR Jsp.Webshell.Chopper webshell download attempt""; flow:to_client,established; file_data; content:""DriverManager.getConnection""; content:""ServletOutputStream""; content:""ResultSetMetaData""; content:""request.getParameter""; metadata:impact_flag red,policy balanced-ips drop,policy max-detect-ips drop,policy security-ips drop,ruleset community; service:http; reference:cve,2022-26134; reference:url,community.atlassian.com/t5/Confluence-discussions/CVE-2022-26134-Critical-severity-unauthenticated-remote-code/td-p/20456533; classtype:trojan-activity; gid:1; sid:59928; rev:2; ",True,True,False,False,False,INCLUDE_HIGH,E01 supported by rule text/metadata
3995,59929,2,alert,tcp,$EXTERNAL_NET,$HTTP_PORTS,->,$HOME_NET,any,,trojan-activity,http,"impact_flag red,policy balanced-ips drop,policy max-detect-ips drop,policy security-ips drop,ruleset community",E01,True," msg:""MALWARE-BACKDOOR Jsp.Webshell.Behinder download attempt""; flow:to_client,established; file_data; content:""<%""; content:""java.util.*""; content:""extends ClassLoader"",fast_pattern,nocase; content:""defineClass""; content:""getInstance(|22|AES|22|)""; content:""decodeBuffer"",distance 0; metadata:impact_flag red,policy balanced-ips drop,policy max-detect-ips drop,policy security-ips drop,ruleset community; service:http; reference:cve,2022-26134; reference:url,community.atlassian.com/t5/Confluence-discussions/CVE-2022-26134-Critical-severity-unauthenticated-remote-code/td-p/20456533; classtype:trojan-activity; gid:1; sid:59929; rev:2; ",True,True,False,False,False,INCLUDE_HIGH,E01 supported by rule text/metadata
3996,59930,2,alert,tcp,$EXTERNAL_NET,$HTTP_PORTS,->,$HOME_NET,any,,trojan-activity,http,"impact_flag red,policy balanced-ips drop,policy max-detect-ips drop,policy security-ips drop,ruleset community",E01,True," msg:""MALWARE-BACKDOOR Jsp.Webshell.Noop download attempt""; flow:to_client,established; file_data; content:""java.util.*""; content:""java.io.FileOutputStream"",distance 0; content:""request.getParameter(|22|name|22|)"",within 200,fast_pattern; content:""request.getParameter(|22|contentString|22|)""; isdataat:!300,relative; metadata:impact_flag red,policy balanced-ips drop,policy max-detect-ips drop,policy security-ips drop,ruleset community; service:http; reference:cve,2022-26134; reference:url,community.atlassian.com/t5/Confluence-discussions/CVE-2022-26134-Critical-severity-unauthenticated-remote-code/td-p/20456533; classtype:trojan-activity; gid:1; sid:59930; rev:2; ",True,True,False,False,False,INCLUDE_HIGH,E01 supported by rule text/metadata
3997,59931,2,alert,tcp,$EXTERNAL_NET,any,->,$HOME_NET,$HTTP_PORTS,,trojan-activity,http,"policy balanced-ips drop,policy max-detect-ips drop,policy security-ips drop,ruleset community",E01,True," msg:""MALWARE-BACKDOOR Jsp.Webshell.Chopper upload attempt""; flow:to_server,established; content:""DriverManager.getConnection""; content:""ServletOutputStream""; content:""ResultSetMetaData""; content:""request.getParameter""; metadata:policy balanced-ips drop,policy max-detect-ips drop,policy security-ips drop,ruleset community; service:http; reference:cve,2022-26134; reference:url,community.atlassian.com/t5/Confluence-discussions/CVE-2022-26134-Critical-severity-unauthenticated-remote-code/td-p/20456533; classtype:trojan-activity; gid:1; sid:59931; rev:2; ",True,True,False,False,False,INCLUDE_HIGH,E01 supported by rule text/metadata
3998,59932,2,alert,tcp,$EXTERNAL_NET,any,->,$HOME_NET,$HTTP_PORTS,,trojan-activity,http,"policy balanced-ips drop,policy max-detect-ips drop,policy security-ips drop,ruleset community",E01,True," msg:""MALWARE-BACKDOOR Jsp.Webshell.Behinder upload attempt""; flow:to_server,established; content:""<%""; content:""java.util.*""; content:""extends ClassLoader"",fast_pattern,nocase; content:""defineClass""; content:""getInstance(|22|AES|22|)""; content:""decodeBuffer"",distance 0; metadata:policy balanced-ips drop,policy max-detect-ips drop,policy security-ips drop,ruleset community; service:http; reference:cve,2022-26134; reference:url,community.atlassian.com/t5/Confluence-discussions/CVE-2022-26134-Critical-severity-unauthenticated-remote-code/td-p/20456533; classtype:trojan-activity; gid:1; sid:59932; rev:2; ",True,True,False,False,False,INCLUDE_HIGH,E01 supported by rule text/metadata
3999,59933,2,alert,tcp,$EXTERNAL_NET,any,->,$HOME_NET,$HTTP_PORTS,,trojan-activity,http,"policy balanced-ips drop,policy max-detect-ips drop,policy security-ips drop,ruleset community",E01,True," msg:""MALWARE-BACKDOOR Jsp.Webshell.Noop upload attempt""; flow:to_server,established; content:""java.util.*""; content:""java.io.FileOutputStream"",distance 0; content:""request.getParameter(|22|name|22|)"",within 200,fast_pattern; content:""confluence"",nocase; content:""request.getParameter(|22|contentString|22|)""; isdataat:!300,relative; metadata:policy balanced-ips drop,policy max-detect-ips drop,policy security-ips drop,ruleset community; service:http; reference:cve,2022-26134; reference:url,community.atlassian.com/t5/Confluence-discussions/CVE-2022-26134-Critical-severity-unauthenticated-remote-code/td-p/20456533; classtype:trojan-activity; gid:1; sid:59933; rev:2; ",True,True,False,False,False,INCLUDE_HIGH,E01 supported by rule text/metadata
4004,60642,4,alert,http,$EXTERNAL_NET,any,->,$HOME_NET,any,,attempted-user,,"policy balanced-ips drop,policy connectivity-ips drop,policy max-detect-ips drop,policy security-ips drop,ruleset community",E01;E02,True," msg:""SERVER-WEBAPP Microsoft Exchange Server remote code execution attempt""; flow:to_server,established; http_uri; content:""autodiscover.json"",fast_pattern,nocase; content:""Powershell"",distance 0,nocase; metadata:policy balanced-ips drop,policy connectivity-ips drop,policy max-detect-ips drop,policy security-ips drop,ruleset community; reference:cve,2022-41040; reference:cve,2022-41082; reference:url,msrc-blog.microsoft.com/2022/09/29/customer-guidance-for-reported-zero-day-vulnerabilities-in-microsoft-exchange-server/; classtype:attempted-user; gid:1; sid:60642; rev:4; ",True,True,False,False,False,INCLUDE_HIGH,E01;E02 supported by rule text/metadata
4006,62506,1,alert,http,,,,,,,attempted-user,,"policy balanced-ips drop,policy connectivity-ips drop,policy max-detect-ips drop,policy security-ips drop,ruleset community",E01,True," msg:""SERVER-WEBAPP Atlassian Confluence remote code execution attempt""; flow:to_server,established; http_client_body; content:""bootstrapStatusProvider.applicationConfig.setupComplete"",fast_pattern,nocase; content:""false"",distance 0,nocase; metadata:policy balanced-ips drop,policy connectivity-ips drop,policy max-detect-ips drop,policy security-ips drop,ruleset community; reference:cve,2023-22515; reference:url,confluence.atlassian.com/kb/faq-for-cve-2023-22515-1295682188.html; classtype:attempted-user; gid:1; sid:62506; rev:1; ",True,True,False,False,False,INCLUDE_HIGH,E01 supported by rule text/metadata
4007,62507,1,alert,http,,,,,,,attempted-user,,"policy balanced-ips drop,policy connectivity-ips drop,policy max-detect-ips drop,policy security-ips drop,ruleset community",E01,True," msg:""SERVER-WEBAPP Atlassian Confluence remote code execution attempt""; flow:to_server,established; http_uri; content:""bootstrapStatusProvider.applicationConfig.setupComplete="",fast_pattern,nocase; content:""false"",distance 0,nocase; metadata:policy balanced-ips drop,policy connectivity-ips drop,policy max-detect-ips drop,policy security-ips drop,ruleset community; reference:cve,2023-22515; reference:url,confluence.atlassian.com/kb/faq-for-cve-2023-22515-1295682188.html; classtype:attempted-user; gid:1; sid:62507; rev:1; ",True,True,False,False,False,INCLUDE_HIGH,E01 supported by rule text/metadata
4008,300001,1,alert,http,,,,,,,web-application-attack,,"policy balanced-ips drop,policy connectivity-ips drop,policy max-detect-ips drop,policy security-ips drop,ruleset community",E01,True," msg:""SERVER-WEBAPP Citrix ADC and Gateway arbitrary code execution attempt""; flow:to_server,established; http_raw_uri; content:""/vpns/"",fast_pattern,nocase; pcre:""/vpn.*?(\x2e|%(25)?2e){2}(\x2f|%(25)?2f).*?vpns/i""; metadata:policy balanced-ips drop,policy connectivity-ips drop,policy max-detect-ips drop,policy security-ips drop,ruleset community; reference:cve,2019-19781; reference:url,support.citrix.com/article/CTX267027; classtype:web-application-attack; sid:300001; rev:1; ",True,True,False,False,False,INCLUDE_HIGH,E01 supported by rule text/metadata
4009,300052,1,alert,tcp,$EXTERNAL_NET,any,->,$HOME_NET,$HTTP_PORTS,,attempted-user,http,ruleset community,E01,True," msg:""OS-WINDOWS Microsoft Windows HTTP protocol stack remote code execution attempt""; flow:to_server,established; http_header; content:""Accept-Encoding:"",fast_pattern,nocase; pcre:""/^Accept-Encoding:\x20*[^\r\n]*\x2c[\x20\x09]*\x2c/im""; metadata:ruleset community; service:http; reference:cve,2021-31166; reference:url,portal.msrc.microsoft.com/en-us/security-guidance/advisory/CVE-2021-31166; classtype:attempted-user; sid:300052; rev:1; ",True,True,False,False,False,INCLUDE_HIGH,E01 supported by rule text/metadata
4010,300055,3,alert,tcp,$EXTERNAL_NET,any,->,$HOME_NET,$HTTP_PORTS,,attempted-user,http,"policy balanced-ips drop,policy connectivity-ips drop,policy max-detect-ips drop,policy security-ips drop,ruleset community",E01,True," msg:""SERVER-OTHER Apache Log4j logging remote code execution attempt""; flow:to_server,established; http_cookie; content:""${lower:"",fast_pattern,nocase; pcre:""/\x24{(\x24{(upper|lower):j}|j)(\x24{(upper|lower):n}|n)(\x24{(upper|lower):d}|d)(\x24{(upper|lower):i}|i)(\x24{(upper|lower)::}|:)/i""; metadata:policy balanced-ips drop,policy connectivity-ips drop,policy max-detect-ips drop,policy security-ips drop,ruleset community; service:http; reference:cve,2021-44228; reference:cve,2021-44832; reference:cve,2021-45046; reference:cve,2021-45105; classtype:attempted-user; sid:300055; rev:3; ",True,True,False,False,False,INCLUDE_HIGH,E01 supported by rule text/metadata
4011,300056,3,alert,tcp,$EXTERNAL_NET,any,->,$HOME_NET,$HTTP_PORTS,,attempted-user,http,"policy balanced-ips drop,policy connectivity-ips drop,policy max-detect-ips drop,policy security-ips drop,ruleset community",E01,True," msg:""SERVER-OTHER Apache Log4j logging remote code execution attempt""; flow:to_server,established; http_cookie; content:""${upper:"",fast_pattern,nocase; pcre:""/\x24{(\x24{(upper|lower):j}|j)(\x24{(upper|lower):n}|n)(\x24{(upper|lower):d}|d)(\x24{(upper|lower):i}|i)(\x24{(upper|lower)::}|:)/i""; metadata:policy balanced-ips drop,policy connectivity-ips drop,policy max-detect-ips drop,policy security-ips drop,ruleset community; service:http; reference:cve,2021-44228; reference:cve,2021-44832; reference:cve,2021-45046; reference:cve,2021-45105; classtype:attempted-user; sid:300056; rev:3; ",True,True,False,False,False,INCLUDE_HIGH,E01 supported by rule text/metadata
4012,300057,3,alert,tcp,$EXTERNAL_NET,any,->,$HOME_NET,$HTTP_PORTS,,attempted-user,http,"policy balanced-ips drop,policy connectivity-ips drop,policy max-detect-ips drop,policy security-ips drop,ruleset community",E01,True," msg:""SERVER-OTHER Apache Log4j logging remote code execution attempt""; flow:to_server,established; http_cookie; content:""${jndi:"",fast_pattern,nocase; metadata:policy balanced-ips drop,policy connectivity-ips drop,policy max-detect-ips drop,policy security-ips drop,ruleset community; service:http; reference:cve,2021-44228; reference:cve,2021-44832; reference:cve,2021-45046; reference:cve,2021-45105; classtype:attempted-user; sid:300057; rev:3; ",True,True,False,False,False,INCLUDE_HIGH,E01 supported by rule text/metadata
4013,300058,3,alert,tcp,$EXTERNAL_NET,any,->,$HOME_NET,$HTTP_PORTS,,attempted-user,http,"policy balanced-ips drop,policy connectivity-ips drop,policy max-detect-ips drop,policy security-ips drop,ruleset community",E01,True," msg:""SERVER-OTHER Apache Log4j logging remote code execution attempt""; flow:to_server,established; http_cookie; content:""${"",fast_pattern,nocase; pcre:""/\x24\x7b.{0,200}\x24\x7b.{0,200}\x3a[\x27\x22\x2d\x5c]*([jndi\x7d\x3a\x2d]|\x5cu00[a-f0-9]{2}){1,4}[\x22\x27]?[\x3a\x7djndi]/i""; metadata:policy balanced-ips drop,policy connectivity-ips drop,policy max-detect-ips drop,policy security-ips drop,ruleset community; service:http; reference:cve,2021-44228; reference:cve,2021-44832; reference:cve,2021-45046; reference:cve,2021-45105; classtype:attempted-user; sid:300058; rev:3; ",True,True,False,False,False,INCLUDE_HIGH,E01 supported by rule text/metadata
4014,300061,1,alert,tcp,$EXTERNAL_NET,any,->,$HOME_NET,$HTTP_PORTS,,attempted-user,http,"policy balanced-ips drop,policy connectivity-ips drop,policy max-detect-ips drop,policy security-ips drop,ruleset community",E01,True," msg:""SERVER-OTHER Apache Log4j logging remote code execution attempt""; flow:to_server,established; http_cookie; content:""${"",fast_pattern,nocase; http_uri; content:""|2F|""; http_cookie; pcre:""/\x24\x7b(jndi|[^\x7d\x80-\xff]*?\x24\x7b[^\x7d]*?\x3a[^\x7d]*?\x7d)/i""; metadata:policy balanced-ips drop,policy connectivity-ips drop,policy max-detect-ips drop,policy security-ips drop,ruleset community; service:http; reference:cve,2021-44228; reference:cve,2021-44832; reference:cve,2021-45046; reference:cve,2021-45105; classtype:attempted-user; sid:300061; rev:1; ",True,True,False,False,False,INCLUDE_HIGH,E01 supported by rule text/metadata
4015,300131,3,alert,http,$EXTERNAL_NET,any,->,$HOME_NET,any,,attempted-user,,"policy balanced-ips drop,policy max-detect-ips drop,policy security-ips drop,ruleset community",E01,True," msg:""SERVER-WEBAPP F5 BIG-IP iControl remote code execution attempt""; flow:to_server,established; http_header; content:""Connection|3A|"",nocase; content:""X-F5-Auth"",distance 0,fast_pattern,nocase; pcre:""/^Connection:[^\r\n]*?X-F5-Auth/im""; metadata:policy balanced-ips drop,policy max-detect-ips drop,policy security-ips drop,ruleset community; reference:cve,2022-1388; classtype:attempted-user; gid:1; sid:300131; rev:3; ",True,True,False,False,False,INCLUDE_HIGH,E01 supported by rule text/metadata
4016,300306,3,alert,ssl,,,,,,,attempted-user,,"policy balanced-ips drop,policy connectivity-ips drop,policy max-detect-ips drop,policy security-ips drop,ruleset community",E01,True," msg:""SERVER-OTHER OpenSSL x509 crafted email address buffer overflow attempt""; flow:established; content:""|06 03 55 1D 1E|""; ber_skip:0x01,optional; ber_data:0x04; ber_data:0x30; ber_data:0xa1; ber_data:0x30; content:""|81 82|"",within 2; byte_test:2,>,500,0,relative; content:""xn--"",within 4,distance 2,fast_pattern; metadata:policy balanced-ips drop,policy connectivity-ips drop,policy max-detect-ips drop,policy security-ips drop,ruleset community; reference:cve,2022-3602; reference:cve,2022-3786; reference:url,blog.talosintelligence.com/openssl-vulnerability/; classtype:attempted-user; gid:1; sid:300306; rev:3; ",True,False,False,False,False,INCLUDE_HIGH,E01 supported by rule text/metadata
4017,300307,3,alert,ssl,,,,,,,attempted-user,,"policy balanced-ips drop,policy connectivity-ips drop,policy max-detect-ips drop,policy security-ips drop,ruleset community",E01,True," msg:""SERVER-OTHER OpenSSL x509 crafted email address buffer overflow attempt""; flow:established; content:""|06 03 55 1D 1E|""; ber_skip:0x01,optional; ber_data:0x04; ber_data:0x30; ber_data:0xa0; ber_data:0x30; content:""|81 82|"",within 2; byte_test:2,>,500,0,relative; content:""xn--"",within 4,distance 2,fast_pattern; metadata:policy balanced-ips drop,policy connectivity-ips drop,policy max-detect-ips drop,policy security-ips drop,ruleset community; reference:cve,2022-3602; reference:cve,2022-3786; reference:url,blog.talosintelligence.com/openssl-vulnerability/; classtype:attempted-user; gid:1; sid:300307; rev:3; ",True,False,False,False,False,INCLUDE_HIGH,E01 supported by rule text/metadata
