event_uuid,date,info,classification,ttp_tag_count,tags,reason,source
ab1a2393-2d57-46c9-91ab-16a4cc4b0b03,2024-01-11,Active Exploitation of Two Zero-Day Vulnerabilities in Ivanti Connect Secure VPN,R3,1,"misp-galaxy:mitre-attack-pattern=""Exploit Public-Facing Application - T1190"" | type:OSINT | osint:lifetime=""perpetual"" | tlp:white | tlp:clear",Fora do foco operacional de ransomware; não há evidência suficiente no manifest de relevância direta para a campanha simulada.,CIRCL OSINT / MISP
4451faac-cba0-4647-8451-d21de2c71f92,2024-01-30,A host (hosted in RU) with only phishing websites,R3,1,"type:OSINT | osint:lifetime=""perpetual"" | osint:certainty=""50"" | tlp:white | tlp:clear | phishing:techniques=""fake-website"" | phishing:state=""unknown"" | misp-galaxy:mitre-attack-pattern=""Phishing - T1566""",Fora do foco operacional de ransomware; não há evidência suficiente no manifest de relevância direta para a campanha simulada.,CIRCL OSINT / MISP
81866b54-7f4b-42f0-bcc1-84b7d8578e74,2024-01-30,OSINT - KrustyLoader - Rust malware linked to Ivanti ConnectSecure compromises,R3,1,"type:OSINT | osint:lifetime=""perpetual"" | osint:certainty=""50"" | tlp:white | tlp:clear | misp-galaxy:mitre-attack-pattern=""Exploit Public-Facing Application - T1190""",Fora do foco operacional de ransomware; não há evidência suficiente no manifest de relevância direta para a campanha simulada.,CIRCL OSINT / MISP
34237efb-adf4-452b-a322-0cbed70c7b33,2024-01-31,"OSINT - Cutting Edge, Part 2: Investigating Ivanti Connect Secure VPN Zero-Day Exploitation",R3,1,"misp-galaxy:country=""china"" | misp-galaxy:mitre-attack-pattern=""Exploit Public-Facing Application - T1190"" | type:OSINT | osint:lifetime=""perpetual"" | osint:certainty=""50"" | tlp:white | tlp:clear",Fora do foco operacional de ransomware; não há evidência suficiente no manifest de relevância direta para a campanha simulada.,CIRCL OSINT / MISP
233c76c8-f94a-4ff7-9664-b666618e9de4,2024-02-12,OSINT - Ivanti Connect Secure: Journey to the core of the DSLog backdoor,R3,1,"PAP:CLEAR | misp-galaxy:mitre-attack-pattern=""Exploit Public-Facing Application - T1190"" | tlp:white | type:OSINT | osint:lifetime=""perpetual"" | osint:certainty=""50"" | tlp:clear",Fora do foco operacional de ransomware; não há evidência suficiente no manifest de relevância direta para a campanha simulada.,CIRCL OSINT / MISP
987a8747-d2a3-433c-b0f5-e541a8afc229,2024-02-16,"(fake? exercise) Phishing targeting different organisation in Benelux (""cybersecurity"" company Pistachio)",R3,0,"type:OSINT | osint:lifetime=""perpetual"" | tlp:white | tlp:clear | false-positive:risk=""cannot-be-judged""",Fora do foco operacional de ransomware; não há evidência suficiente no manifest de relevância direta para a campanha simulada.,CIRCL OSINT / MISP
f7d4de59-58ac-409e-a3cb-d50261b3f825,2024-02-19,OSINT - Backmydata Ransomware Indicators of Compromise (IOCs) - alerts - dnsc.ro,R1,2,"type:OSINT | osint:lifetime=""perpetual"" | tlp:white | tlp:clear | misp-galaxy:malpedia=""Phobos"" | misp-galaxy:sigma-rules=""Publicly Accessible RDP Service"" | misp-galaxy:mitre-attack-pattern=""Exploit Public-Facing Application - T1190"" | misp-galaxy:mitre-attack-pattern=""External Remote Services - T1133"" | misp-galaxy:sector=""Health"" | misp-galaxy:ransomware=""Phobos""","Ransomware diretamente relevante e operacionalmente estruturado, com TTPs/indicadores ou contexto técnico suficiente para alimentar o conhecimento prévio experimental.",CIRCL OSINT / MISP
69df43bb-2c48-4b4d-aa85-8477e92cb010,2024-02-22,I-Soon / Anxun data leak in Github,R3,0,tlp:clear | PAP:CLEAR,Fora do foco operacional de ransomware; não há evidência suficiente no manifest de relevância direta para a campanha simulada.,CIRCL OSINT / MISP
f8912a82-2870-4de2-9663-5fdbee0ed401,2024-02-23,OSINT - ConnectWise ScreenConnect attacks deliver malware,R3,1,"type:OSINT | osint:lifetime=""perpetual"" | tlp:white | tlp:clear | misp-galaxy:mitre-attack-pattern=""Exploit Public-Facing Application - T1190"" | misp-galaxy:producer=""Sophos""",Fora do foco operacional de ransomware; não há evidência suficiente no manifest de relevância direta para a campanha simulada.,CIRCL OSINT / MISP
9802116c-3ec3-4a8e-8b39-5c69b08df5ab,2024-04-13,OSINT - Zero-Day Exploitation of Unauthenticated Remote Code Execution Vulnerability in GlobalProtect (CVE-2024-3400),R3,2,"misp-galaxy:mitre-attack-pattern=""Exploit Public-Facing Application - T1190"" | misp-galaxy:mitre-attack-pattern=""External Remote Services - T1133"" | type:OSINT | osint:lifetime=""perpetual"" | tlp:white | tlp:clear",Fora do foco operacional de ransomware; não há evidência suficiente no manifest de relevância direta para a campanha simulada.,CIRCL OSINT / MISP
11879a3f-0ca4-491b-8774-d30496e66b34,2024-04-19,OSINT - #StopRansomware: Akira Ransomware,R1,24,"misp-galaxy:ransomware=""Akira"" | type:OSINT | osint:lifetime=""perpetual"" | tlp:white | tlp:clear | misp-galaxy:mitre-attack-pattern=""Valid Accounts - T1078"" | misp-galaxy:mitre-attack-pattern=""Exploit Public-Facing Application - T1190"" | misp-galaxy:mitre-attack-pattern=""External Remote Services - T1133"" | misp-galaxy:mitre-attack-pattern=""Spearphishing Attachment - T1566.001"" | misp-galaxy:mitre-attack-pattern=""Spearphishing Link - T1566.002"" | misp-galaxy:mitre-attack-pattern=""/etc/passwd and /etc/shadow - T1003.008"" | misp-galaxy:mitre-attack-pattern=""LSASS Memory - T1003.001"" | misp-galaxy:mitre-attack-pattern=""System Network Configuration Discovery - T1016"" | misp-galaxy:mitre-attack-pattern=""System Information Discovery - T1082"" | misp-galaxy:mitre-attack-pattern=""Domain Trust Discovery - T1482"" | misp-galaxy:mitre-attack-pattern=""Process Discovery - T1057"" | misp-galaxy:mitre-attack-pattern=""Local Groups - T1069.001"" | misp-galaxy:mitre-attack-pattern=""Domain Groups - T1069.002"" | misp-galaxy:mitre-attack-pattern=""Remote System Discovery - T1018"" | misp-galaxy:region=""150 - Europe"" | misp-galaxy:region=""021 - Northern America"" | misp-galaxy:mitre-attack-pattern=""Domain Account - T1136.002"" | misp-galaxy:mitre-attack-pattern=""Disable or Modify Tools - T1562.001"" | misp-galaxy:mitre-attack-pattern=""Remote Access Software - T1219"" | misp-galaxy:mitre-attack-pattern=""Connection Proxy - T1090"" | misp-galaxy:mitre-attack-pattern=""Archive via Utility - T1560.001"" | misp-galaxy:mitre-attack-pattern=""Exfiltration Over Alternative Protocol - T1048"" | misp-galaxy:mitre-attack-pattern=""Transfer Data to Cloud Account - T1537"" | misp-galaxy:mitre-attack-pattern=""Exfiltration to Cloud Storage - T1567.002"" | misp-galaxy:mitre-attack-pattern=""Data Encrypted for Impact - T1486"" | misp-galaxy:mitre-attack-pattern=""Inhibit System Recovery - T1490""","Ransomware diretamente relevante e operacionalmente estruturado, com TTPs/indicadores ou contexto técnico suficiente para alimentar o conhecimento prévio experimental.",CIRCL OSINT / MISP
ea44bf19-332c-4dd8-8149-cd64a020c460,2024-04-24,OSINT - Potential abuse by Lazarus group using LinkedIn to spread malware,R3,0,"misp-galaxy:threat-actor=""Lazarus Group"" | type:OSINT | osint:lifetime=""perpetual"" | osint:certainty=""50"" | tlp:white | tlp:clear | estimative-language:confidence-in-analytic-judgment=""low"" | misp-galaxy:rat=""NukeSped"" | misp-galaxy:sector=""Employment"" | misp-galaxy:country=""north korea""",Fora do foco operacional de ransomware; não há evidência suficiente no manifest de relevância direta para a campanha simulada.,CIRCL OSINT / MISP
251a72a3-6229-4b4d-85a6-ba6d080dc1af,2024-04-24,Lazarus infrastructure (pivot via Censys),R3,0,"misp-galaxy:threat-actor=""Lazarus Group"" | type:OSINT | osint:lifetime=""perpetual"" | osint:certainty=""50"" | tlp:white | tlp:clear",Fora do foco operacional de ransomware; não há evidência suficiente no manifest de relevância direta para a campanha simulada.,CIRCL OSINT / MISP
92214b3e-76c6-48b1-bf92-061c7f55e302,2024-04-25,OSINT - ArcaneDoor - New espionage-focused campaign found targeting perimeter network devices,R3,1,"type:OSINT | osint:lifetime=""perpetual"" | tlp:white | tlp:clear | misp-galaxy:mitre-attack-pattern=""External Remote Services - T1133"" | misp-galaxy:threat-actor=""ArcaneDoor"" | misp-galaxy:producer=""Cisco Talos Intelligence Group""",Fora do foco operacional de ransomware; não há evidência suficiente no manifest de relevância direta para a campanha simulada.,CIRCL OSINT / MISP
482a37ad-cfaf-41cc-9bef-b3829dde3b3f,2024-05-08,OSINT - Kampania APT28 skierowana przeciwko polskim instytucjom rządowym,R3,0,"misp-galaxy:threat-actor=""APT28"" | type:OSINT | osint:lifetime=""perpetual"" | tlp:white | tlp:clear",Fora do foco operacional de ransomware; não há evidência suficiente no manifest de relevância direta para a campanha simulada.,CIRCL OSINT / MISP
b1a15b0e-d143-4e93-9a8c-45968fd29936,2024-05-31,OSINT - Advisory: Active exploitation of Check Point Remote Access VPN vulnerability (CVE-2024-24919),R3,2,"type:OSINT | osint:lifetime=""perpetual"" | osint:certainty=""50"" | tlp:white | tlp:clear | misp-galaxy:mitre-attack-pattern=""Exploit Public-Facing Application - T1190"" | misp-galaxy:mitre-attack-pattern=""External Remote Services - T1133""",Fora do foco operacional de ransomware; não há evidência suficiente no manifest de relevância direta para a campanha simulada.,CIRCL OSINT / MISP
10a54888-bba3-4af5-bc5b-fcda933ac0e2,2024-07-19,TR-87 - CrowdStrike Agent causing BSOD loop on Windows - Faulty Update on Falcon Sensor,R3,0,"type:OSINT | osint:lifetime=""perpetual"" | tlp:white | tlp:clear | smart-airports-threats:system-failures=""software-bugs""",Fora do foco operacional de ransomware; não há evidência suficiente no manifest de relevância direta para a campanha simulada.,CIRCL OSINT / MISP
a9f67dbb-ba26-4635-be1d-0780bc140897,2024-05-10,CISA - AA24-131A #StopRansomware: Black Basta,R1,10,"tlp:white | misp-galaxy:misp-attack-pattern=""Initial Access - Phishing [T1566]"" | misp-galaxy:misp-attack-pattern=""Defense Evasion - Impair Defenses: Disable or Modify Tools [T1562.001]"" | misp-galaxy:stix-2.1-attack-pattern=""3cbb3d7b-4cae-4c7e-a682-e8b70e3f1ee4"" | misp-galaxy:stix-2.1-attack-pattern=""2c373316-6ce5-4f43-9daf-02c94cb0c0a5"" | misp-galaxy:misp-attack-pattern=""Impact - Inhibit System Recovery [T1490]"" | misp-galaxy:stix-2.1-attack-pattern=""f0a904f4-b3f5-4e42-b565-418dc6932d44"" | misp-galaxy:stix-2.1-attack-pattern=""fc5b8a15-c3de-4c93-803a-ce92b76e54e7"" | misp-galaxy:misp-attack-pattern=""Initial Access - Valid Accounts [T1078]"" | misp-galaxy:stix-2.1-attack-pattern=""69d1635c-cd2b-4331-8a2c-8b66e98f45d8"" | misp-galaxy:misp-attack-pattern=""Impact - Data Encrypted for Impact [T1486]"" | type:OSINT | osint:lifetime=""perpetual"" | osint:certainty=""50"" | tlp:clear","Ransomware diretamente relevante e operacionalmente estruturado, com TTPs/indicadores ou contexto técnico suficiente para alimentar o conhecimento prévio experimental.",CIRCL OSINT / MISP
636cabbd-4bde-4fb2-bc6b-6b2c05fafcd5,2024-07-24,OSINT - RDGAs: The Next Chapter in Domain Generation Algorithms,R3,0,"type:OSINT | osint:lifetime=""perpetual"" | osint:certainty=""50"" | tlp:white | tlp:clear | misp-galaxy:nice-framework-skills=""Skill in performing network data analysis - S0688""",Fora do foco operacional de ransomware; não há evidência suficiente no manifest de relevância direta para a campanha simulada.,CIRCL OSINT / MISP
0420f1c3-4b8d-4875-854e-5cb5f02408ca,2024-08-21,OSINT - Major Payment Disruption: Ransomware Strikes Indian Banking Infrastructure,R2,0,"misp-galaxy:country=""india"" | misp-galaxy:sector=""Bank"" | misp-galaxy:sector=""Finance"" | misp-galaxy:ransomware=""RansomEXX"" | type:OSINT | osint:lifetime=""perpetual"" | osint:certainty=""50"" | tlp:white | tlp:clear | circl:incident-classification=""ransomware"" | circl:topic=""finance""",Incidente de ransomware contextual com baixa certeza registrada e sem TTPs estruturados no manifest processado.,CIRCL OSINT / MISP
489836ca-1176-4799-a698-877dc53b085f,2024-08-23,Fake booking.com service website gathering PII including passport,R3,3,"type:OSINT | osint:lifetime=""perpetual"" | osint:certainty=""50"" | tlp:white | tlp:clear | misp-galaxy:sector=""Hospitality"" | misp-galaxy:mitre-attack-pattern=""Identify people of interest - T1269"" | misp-galaxy:mitre-attack-pattern=""Conduct social engineering - T1268"" | misp-galaxy:mitre-attack-pattern=""Identify sensitive personnel information - T1274""",Fora do foco operacional de ransomware; não há evidência suficiente no manifest de relevância direta para a campanha simulada.,CIRCL OSINT / MISP
e7ec6346-b312-48da-ba1c-8004d3e80eb1,2024-08-23,Fake booking.com website - Lookyloo Capture (https://booking-0ef4-8213-ae7f-3fec3e22.1facc.pw/?stays=superb-apartment-to-rent-in-central-nijmegen&sid=9648547963&id=376818034&awg_dvm=FCgjGHuw8y),R3,0,"type:OSINT | osint:lifetime=""perpetual"" | osint:certainty=""50"" | tlp:white | tlp:clear",Fora do foco operacional de ransomware; não há evidência suficiente no manifest de relevância direta para a campanha simulada.,CIRCL OSINT / MISP
3594b211-1c7c-4e20-8c85-62564c2e7267,2024-08-23,OSINT - NGate Android malware relays NFC traffic to steal cash,R3,1,"misp-galaxy:sector=""Finance"" | misp-galaxy:sector=""Retail"" | misp-galaxy:mitre-attack-pattern=""Phishing - T1660"" | type:OSINT | osint:lifetime=""perpetual"" | osint:certainty=""50"" | tlp:white | tlp:clear",Fora do foco operacional de ransomware; não há evidência suficiente no manifest de relevância direta para a campanha simulada.,CIRCL OSINT / MISP
5d71e617-63fc-4314-bbc3-29a606536f63,2024-08-27,Malicious comment on GitHub pointing to malware,R3,1,"type:OSINT | osint:lifetime=""perpetual"" | tlp:white | tlp:clear | misp-galaxy:mitre-attack-pattern=""Spear phishing messages with malicious attachments - T1367""",Fora do foco operacional de ransomware; não há evidência suficiente no manifest de relevância direta para a campanha simulada.,CIRCL OSINT / MISP
317bb250-bddd-4c57-82a3-5a068f5b8d7f,2024-08-30,CISA - AA24-242A #StopRansomware: RansomHub Ransomware,R1,10,"tlp:white | misp-galaxy:stix-2.1-attack-pattern=""7e0ace8d-1170-5ba6-953b-07f0edb931e5"" | misp-galaxy:stix-2.1-attack-pattern=""68936c88-a7d9-5c57-87d5-82cee0258446"" | misp-galaxy:stix-2.1-attack-pattern=""4980a23b-8576-5f43-919f-be1d65511c71"" | misp-galaxy:stix-2.1-attack-pattern=""a9732dfc-5d7f-5613-a990-e75667575a20"" | misp-galaxy:stix-2.1-attack-pattern=""6e60f5c4-cab1-54e7-99eb-e2243d934596"" | misp-galaxy:stix-2.1-attack-pattern=""8beef3c6-31f3-592a-8f2c-1a35f1454621"" | misp-galaxy:stix-2.1-attack-pattern=""2d516005-9134-548b-b85f-5f827436dc8c"" | misp-galaxy:stix-2.1-attack-pattern=""bc83dee5-b6d3-5534-8a27-11345878471a"" | misp-galaxy:stix-2.1-attack-pattern=""6232b886-5dee-508f-a0c9-6c96ffa34455"" | misp-galaxy:stix-2.1-attack-pattern=""04ad4243-c5bb-552b-8eca-fa4b48befb68"" | misp-galaxy:ransomware=""ransomhub"" | misp-galaxy:ransomware=""cyclops"" | misp-galaxy:ransomware=""knight"" | type:OSINT | osint:lifetime=""perpetual"" | tlp:clear","Ransomware diretamente relevante e operacionalmente estruturado, com TTPs/indicadores ou contexto técnico suficiente para alimentar o conhecimento prévio experimental.",CIRCL OSINT / MISP
931832a0-f7dc-4088-b0d0-9808ad05d585,2024-08-30,VT collection - flubot via STIX 2.1 Bundle (bundle--931832a0-f7dc-4088-b0d0-9808ad05d585) and converted with the MISP-STIX import feature.,R3,6,"misp-galaxy:malpedia=""FluBot"" | type:OSINT | osint:lifetime=""perpetual"" | osint:certainty=""50"" | tlp:white | tlp:clear | misp-galaxy:bhadra-framework=""Data interception"" | misp-galaxy:bhadra-framework=""SMS interception"" | misp-galaxy:mitre-attack-pattern=""Deliver Malicious App via Other Means - T1476"" | misp-galaxy:mitre-attack-pattern=""Remotely Wipe Data Without Authorization - T1469"" | misp-galaxy:mitre-attack-pattern=""Call Control - T1616"" | misp-galaxy:mitre-attack-pattern=""Data Manipulation - T1641"" | misp-galaxy:mitre-attack-pattern=""SMS Control - T1582"" | misp-galaxy:mitre-attack-pattern=""Capture SMS Messages - T1412""",Fora do foco operacional de ransomware; não há evidência suficiente no manifest de relevância direta para a campanha simulada.,CIRCL OSINT / MISP
7315018a-36ea-47b4-b3e6-3c68b58788bf,2024-08-30,FluBot - Distribution vectors & Threat network infrastructure,R3,0,"misp-galaxy:malpedia=""FluBot"" | type:OSINT | osint:lifetime=""perpetual"" | osint:certainty=""50"" | tlp:white | tlp:clear",Fora do foco operacional de ransomware; não há evidência suficiente no manifest de relevância direta para a campanha simulada.,CIRCL OSINT / MISP
f1d154e7-f660-4146-8140-5985f0d69aa8,2024-09-04,OSINT - Earth Lusca Uses KTLVdoor Backdoor for Multiplatform Intrusion,R3,0,"type:OSINT | osint:lifetime=""perpetual"" | tlp:white | tlp:clear | misp-galaxy:threat-actor=""Earth Lusca"" | misp-galaxy:country=""china"" | misp-galaxy:target-information=""China"" | misp-galaxy:producer=""Trend Micro"" | workflow:todo=""review-the-source-credibility""",Fora do foco operacional de ransomware; não há evidência suficiente no manifest de relevância direta para a campanha simulada.,CIRCL OSINT / MISP
d67bfbe0-e01d-4e2e-8a56-214805d85aee,2024-09-06,AA24-249A: Russian Military Cyber Actors Target U.S. and Global Critical Infrastructure,R3,30,"tlp:white | misp-galaxy:stix-2.1-attack-pattern=""7e6945c5-7f3b-55f6-bcb7-fa324c6bdaed"" | misp-galaxy:stix-2.1-attack-pattern=""cfbd0546-fbbe-50bc-9839-f5942a2351aa"" | misp-galaxy:stix-2.1-attack-pattern=""5831810d-b580-5f7a-a1e7-faed4d1a563f"" | misp-galaxy:stix-2.1-attack-pattern=""486b67c5-001e-5f63-a107-32fc8a0241d3"" | misp-galaxy:stix-2.1-attack-pattern=""8853f41e-8f72-5458-ab93-952f356cfe5a"" | misp-galaxy:stix-2.1-attack-pattern=""e50f5d5e-71ea-562f-a620-81b1959d12bf"" | misp-galaxy:stix-2.1-attack-pattern=""0dfcaefb-2c4e-5c91-a456-1f99d838489c"" | misp-galaxy:stix-2.1-attack-pattern=""29a2e23c-a528-5a0b-9951-62f952c61a41"" | misp-galaxy:stix-2.1-attack-pattern=""72daa13a-e9e7-5e55-b00e-33bd4b388780"" | misp-galaxy:stix-2.1-attack-pattern=""f5c5bb0a-b069-5007-81ce-a5237603e5d2"" | misp-galaxy:stix-2.1-attack-pattern=""fcee58e5-5ecd-59dd-b6f3-a2ca3773d319"" | misp-galaxy:stix-2.1-attack-pattern=""5204f946-8433-5ec8-9191-7befc4fabd19"" | misp-galaxy:stix-2.1-attack-pattern=""e3483879-54f7-577e-bc58-ff095f52940a"" | misp-galaxy:stix-2.1-attack-pattern=""9ee6c31a-4150-5379-b985-e326e66af3ca"" | misp-galaxy:stix-2.1-attack-pattern=""e6927ba4-7209-5b63-a292-b0debffe25ee"" | misp-galaxy:stix-2.1-attack-pattern=""9c5bce7a-fd1d-5dce-8baf-50b158ddd0ef"" | misp-galaxy:stix-2.1-attack-pattern=""d4702430-9466-5d8a-8c61-df2dda91d764"" | misp-galaxy:stix-2.1-attack-pattern=""b3d2e49a-5e0d-5874-abe5-7056de875f42"" | misp-galaxy:stix-2.1-attack-pattern=""ddbb1e82-5ec2-58f6-a798-21a99cdd86bc"" | misp-galaxy:stix-2.1-attack-pattern=""819ae972-e7cb-50fa-951f-39f313782283"" | misp-galaxy:stix-2.1-attack-pattern=""6c1fac21-26db-5cfa-b85b-b35035980c89"" | misp-galaxy:stix-2.1-attack-pattern=""ffdadad3-c8d6-58e2-b167-f7d519a773d2"" | misp-galaxy:stix-2.1-attack-pattern=""ebcb5766-2582-57d4-abdb-217f7d3cf6bf"" | misp-galaxy:stix-2.1-attack-pattern=""65b221c8-e332-5ee8-9690-df517ca14b0e"" | misp-galaxy:stix-2.1-attack-pattern=""a4c3c998-327a-5e05-8a71-274d32a0fc61"" | misp-galaxy:stix-2.1-attack-pattern=""8cc97e25-1098-5b49-a89a-b227ac8acfb6"" | misp-galaxy:stix-2.1-attack-pattern=""deaa17ef-2126-59f8-bfda-8ad576e9f255"" | misp-galaxy:stix-2.1-attack-pattern=""02af8157-334a-5ad7-95da-71d2da89b995"" | misp-galaxy:stix-2.1-attack-pattern=""5e84e7dc-47d0-5cbf-a650-10b7f0cfba02"" | misp-galaxy:stix-2.1-attack-pattern=""ee63b40a-73ae-5655-a319-f550fe7da87e"" | type:OSINT | osint:lifetime=""perpetual"" | osint:certainty=""50"" | tlp:clear | misp-galaxy:country=""russia"" | misp-galaxy:intelligence-agency=""GRU (Russian Federation)""",Fora do foco operacional de ransomware; não há evidência suficiente no manifest de relevância direta para a campanha simulada.,CIRCL OSINT / MISP
eaa6f2f7-a944-47d2-a71d-cc7080c27fed,2024-09-19,Lumma Stealer Malware (delivered via GitHub Spam) - Pandora analysis (l6E.exe),R3,0,"misp-galaxy:malpedia=""Lumma Stealer"" | type:OSINT | osint:lifetime=""perpetual"" | tlp:white | tlp:clear",Fora do foco operacional de ransomware; não há evidência suficiente no manifest de relevância direta para a campanha simulada.,CIRCL OSINT / MISP
1cccd5d8-5d52-4610-b8b7-7bbebd0d6d7b,2024-09-26,OSINT - Unraveling SloppyLemming’s Operations Across South Asia,R3,0,"misp-galaxy:threat-actor=""SloppyLemming"" | misp-galaxy:country=""sri lanka"" | misp-galaxy:country=""pakistan"" | misp-galaxy:country=""bangladesh"" | misp-galaxy:country=""china"" | misp-galaxy:sector=""Police - Law enforcement"" | misp-galaxy:sector=""Energy"" | misp-galaxy:sector=""Telecoms"" | misp-galaxy:sector=""Technology"" | type:OSINT | osint:lifetime=""perpetual"" | tlp:white | tlp:clear",Fora do foco operacional de ransomware; não há evidência suficiente no manifest de relevância direta para a campanha simulada.,CIRCL OSINT / MISP
b0454a71-cd8b-440b-bf27-1a52800b2579,2024-10-01,OSINT - Inside the Dragon: DragonForce Ransomware Group,R1,15,"misp-galaxy:ransomware=""dragonforce"" | misp-galaxy:mitre-attack-pattern=""Valid Accounts - T1078"" | misp-galaxy:mitre-attack-pattern=""PowerShell - T1059.001"" | misp-galaxy:mitre-attack-pattern=""Domain Accounts - T1078.002"" | misp-galaxy:mitre-attack-pattern=""Registry Run Keys / Startup Folder - T1547.001"" | misp-galaxy:mitre-attack-pattern=""Windows Service - T1543.003"" | misp-galaxy:mitre-attack-pattern=""Clear Windows Event Logs - T1070.001"" | misp-galaxy:mitre-attack-pattern=""LSASS Memory - T1003.001"" | misp-galaxy:mitre-attack-pattern=""Domain Trust Discovery - T1482"" | misp-galaxy:mitre-attack-pattern=""Remote System Discovery - T1018"" | misp-galaxy:mitre-attack-pattern=""System Network Configuration Discovery - T1016"" | misp-galaxy:mitre-attack-pattern=""System Information Discovery - T1082"" | misp-galaxy:mitre-attack-pattern=""File and Directory Discovery - T1083"" | misp-galaxy:mitre-attack-pattern=""Remote Desktop Protocol - T1021.001"" | misp-galaxy:mitre-attack-pattern=""Web Protocols - T1071.001"" | misp-galaxy:mitre-attack-pattern=""Data Encrypted for Impact - T1486"" | type:OSINT | osint:lifetime=""perpetual"" | tlp:white | tlp:clear","Ransomware diretamente relevante e operacionalmente estruturado, com TTPs/indicadores ou contexto técnico suficiente para alimentar o conhecimento prévio experimental.",CIRCL OSINT / MISP
4fe85264-fb26-494e-8eb7-da101e19e291,2024-10-24,Investigating FortiManager Zero-Day Exploitation (CVE-2024-47575),R3,1,"misp-galaxy:mitre-attack-pattern=""Exploit Public-Facing Application - T1190"" | type:OSINT | osint:lifetime=""perpetual"" | osint:certainty=""50"" | tlp:white | tlp:clear",Fora do foco operacional de ransomware; não há evidência suficiente no manifest de relevância direta para a campanha simulada.,CIRCL OSINT / MISP
581c63d3-9c2b-4af0-994c-c73cf9d2e895,2024-11-07,OSINT - Gorilla DDoS,R3,3,"type:OSINT | osint:lifetime=""perpetual"" | osint:certainty=""50"" | tlp:white | tlp:clear | misp-galaxy:mitre-attack-pattern=""Network Denial of Service - T1464"" | misp-galaxy:mitre-attack-pattern=""Endpoint Denial of Service - T1499"" | misp-galaxy:mitre-attack-pattern=""Endpoint Denial of Service - T1642""",Fora do foco operacional de ransomware; não há evidência suficiente no manifest de relevância direta para a campanha simulada.,CIRCL OSINT / MISP
ffea72a3-7935-4078-b769-b872475c5eae,2024-11-27,OSINT - Game of Emperor: Unveiling Long Term Earth Estries Cyber Intrusions,R3,0,"type:OSINT | osint:lifetime=""perpetual"" | osint:certainty=""50"" | tlp:white | tlp:clear | misp-galaxy:country=""afghanistan"" | misp-galaxy:country=""brazil"" | misp-galaxy:country=""eswatini"" | misp-galaxy:country=""india"" | misp-galaxy:country=""indonesia"" | misp-galaxy:country=""malaysia"" | misp-galaxy:country=""pakistan"" | misp-galaxy:country=""philippines"" | misp-galaxy:country=""south africa"" | misp-galaxy:country=""taiwan"" | misp-galaxy:country=""thailand"" | misp-galaxy:country=""united states of america"" | misp-galaxy:country=""vietnam"" | misp-galaxy:threat-actor=""Earth Estries"" | misp-galaxy:sector=""Consulting"" | misp-galaxy:sector=""Managed Services Provider"" | misp-galaxy:sector=""NGO"" | misp-galaxy:sector=""Telecoms""",Fora do foco operacional de ransomware; não há evidência suficiente no manifest de relevância direta para a campanha simulada.,CIRCL OSINT / MISP
10f82b82-84ee-4adf-8565-e0d6d034c2a3,2024-12-02,Kinsing cryptomining exploiting Erlang service,R3,2,"misp-galaxy:threat-actor=""Kinsing"" | type:OSINT | osint:lifetime=""perpetual"" | osint:certainty=""50"" | tlp:white | tlp:clear | misp-galaxy:mitre-attack-pattern=""Exploit Public-Facing Application - T1190"" | misp-galaxy:mitre-attack-pattern=""Impair Defenses - T1562""",Fora do foco operacional de ransomware; não há evidência suficiente no manifest de relevância direta para a campanha simulada.,CIRCL OSINT / MISP
b2a90426-2dc0-4022-b51e-8be190ffb7e5,2024-10-24,Operation Cobalt Whisper: Threat Actor Targets Multiple Industries Across Hong Kong and Pakistan.,R3,7,"misp-galaxy:country=""hong kong"" | misp-galaxy:country=""pakistan"" | misp-galaxy:target-information=""Hong Kong"" | misp-galaxy:target-information=""Pakistan"" | misp-galaxy:sector=""Academia - University"" | misp-galaxy:sector=""Civil Aviation"" | misp-galaxy:sector=""Defense"" | misp-galaxy:sector=""Electric"" | misp-galaxy:sector=""Energy"" | misp-galaxy:sector=""engineering"" | misp-galaxy:sector=""Environment"" | misp-galaxy:sector=""IT - Security"" | misp-galaxy:sector=""Multi-sector"" | misp-galaxy:sector=""Pharmacy"" | misp-galaxy:sector=""Security actors"" | misp-galaxy:mitre-attack-pattern=""Spearphishing Attachment - T1566.001"" | misp-galaxy:mitre-attack-pattern=""Malicious File - T1204.002"" | misp-galaxy:mitre-attack-pattern=""Visual Basic - T1059.005"" | misp-galaxy:mitre-attack-pattern=""Scheduled Task - T1053.005"" | misp-galaxy:mitre-attack-pattern=""Portable Executable Injection - T1055.002"" | misp-galaxy:mitre-attack-pattern=""System Owner/User Discovery - T1033"" | misp-galaxy:mitre-attack-pattern=""Web Protocols - T1071.001"" | type:OSINT | osint:lifetime=""perpetual"" | osint:certainty=""50"" | tlp:white | tlp:clear",Fora do foco operacional de ransomware; não há evidência suficiente no manifest de relevância direta para a campanha simulada.,CIRCL OSINT / MISP
5ac29be4-309c-436f-84ff-49dd4f98e940,2024-12-10,OSINT - Threat Advisory: Oh No Cleo! Cleo Software Actively Being Exploited in the Wild,R3,1,"type:OSINT | osint:lifetime=""perpetual"" | osint:certainty=""50"" | tlp:white | tlp:clear | misp-galaxy:mitre-attack-pattern=""Exploit Public-Facing Application - T1190"" | vulnerability:exploitability=""industrialised"" | vulnerability:sighting=""exploited""",Fora do foco operacional de ransomware; não há evidência suficiente no manifest de relevância direta para a campanha simulada.,CIRCL OSINT / MISP
8506c95a-f2da-48c2-a1e0-339db58b1ba7,2024-12-13,spearphishing campaign targeted at least 20 Autonomous System (AS) owners,R3,1,"type:OSINT | osint:lifetime=""perpetual"" | osint:certainty=""50"" | tlp:white | tlp:clear | misp-galaxy:sector=""Telecoms"" | misp-galaxy:mitre-attack-pattern=""Spearphishing Attachment - T1566.001""",Fora do foco operacional de ransomware; não há evidência suficiente no manifest de relevância direta para a campanha simulada.,CIRCL OSINT / MISP
946c05c1-d7b6-4420-b88a-aa2b24addd81,2024-12-16,Mitigating Brute Force Attacks on NetScaler Devices,R3,2,"type:OSINT | osint:lifetime=""perpetual"" | osint:certainty=""50"" | tlp:white | tlp:clear | misp-galaxy:mitre-attack-pattern=""Exploit Public-Facing Application - T1190"" | misp-galaxy:mitre-attack-pattern=""Conduct active scanning - T1254"" | misp-galaxy:preventive-measure=""Packet filtering""",Fora do foco operacional de ransomware; não há evidência suficiente no manifest de relevância direta para a campanha simulada.,CIRCL OSINT / MISP
7cf90d8d-61f0-4e36-8083-15f66e3556ad,2024-12-16,OSINT - Lookout Discovers Two Russian Android Spyware Families from Gamaredon APT,R3,0,"misp-galaxy:country=""russia"" | misp-galaxy:threat-actor=""Gamaredon Group"" | type:OSINT | osint:lifetime=""perpetual"" | osint:certainty=""50"" | tlp:white | tlp:clear",Fora do foco operacional de ransomware; não há evidência suficiente no manifest de relevância direta para a campanha simulada.,CIRCL OSINT / MISP
308d9f5c-4650-4548-9e2a-38a33a0a4c9a,2024-10-07,OSINT - Mamba 2FA: A new contender in the AiTM phishing ecosystem,R3,1,"type:OSINT | osint:lifetime=""perpetual"" | osint:certainty=""50"" | tlp:white | tlp:clear | misp-galaxy:producer=""Sekoia"" | misp-galaxy:mitre-attack-pattern=""Phishing - T1566""",Fora do foco operacional de ransomware; não há evidência suficiente no manifest de relevância direta para a campanha simulada.,CIRCL OSINT / MISP
87c159e3-5105-491e-87ba-94a7f0a52e09,2024-12-18,OSINT - The Qualcomm DSP Driver - How Serbian authorities have deployed surveillance technology and digital repression tactics,R3,0,"type:OSINT | osint:lifetime=""perpetual"" | tlp:white | tlp:clear | misp-galaxy:country=""serbia""",Fora do foco operacional de ransomware; não há evidência suficiente no manifest de relevância direta para a campanha simulada.,CIRCL OSINT / MISP
d1c399c5-3b2e-4f4d-aef6-6ccfe93cd1ec,2025-01-13,"""Packets everywhere!"" report about delivery abuse system and phishing",R3,1,"misp-galaxy:mitre-attack-pattern=""Phishing - T1566"" | type:OSINT | osint:lifetime=""perpetual"" | tlp:white | tlp:clear | misp-galaxy:country=""france"" | misp-galaxy:financial-fraud=""Smishing"" | PAP:CLEAR | circl:incident-classification=""smishing""",Fora do foco operacional de ransomware; não há evidência suficiente no manifest de relevância direta para a campanha simulada.,CIRCL OSINT / MISP
590dd2db-c431-4d97-9b0c-5d1f26ab24b8,2025-02-19,OSINT - Signals of Trouble: Multiple Russia-Aligned Threat Actors Actively Targeting Signal Messenger,R3,0,"misp-galaxy:country=""russia"" | misp-galaxy:country=""ukraine"" | type:OSINT | osint:lifetime=""perpetual"" | tlp:white | tlp:clear | estimative-language:likelihood-probability=""almost-certain"" | estimative-language:confidence-in-analytic-judgment=""high""",Fora do foco operacional de ransomware; não há evidência suficiente no manifest de relevância direta para a campanha simulada.,CIRCL OSINT / MISP
18c55588-626c-4e78-8840-45f9014d195c,2025-03-06,OSINT - GreyNoise Observes Active Exploitation of Cisco Vulnerabilities Tied to Salt Typhoon Attacks,R3,0,"type:OSINT | osint:lifetime=""perpetual"" | osint:certainty=""50"" | tlp:white | tlp:clear | misp-galaxy:sector=""Telecoms"" | misp-galaxy:threat-actor=""UNC3236"" | misp-galaxy:threat-actor=""Volt Typhoon"" | misp-galaxy:producer=""GreyNoise""",Fora do foco operacional de ransomware; não há evidência suficiente no manifest de relevância direta para a campanha simulada.,CIRCL OSINT / MISP
b67a25bb-e31d-4f5c-8c79-6a46c8dcee19,2025-03-11,"Over 2,400 IP addresses linked to Astrill VPN, often used by North Korean fake IT workers.",R3,0,"type:OSINT | osint:lifetime=""perpetual"" | osint:certainty=""50"" | tlp:white | tlp:clear | misp-galaxy:country=""north korea""",Fora do foco operacional de ransomware; não há evidência suficiente no manifest de relevância direta para a campanha simulada.,CIRCL OSINT / MISP
7e3793a8-59a9-4cf2-8299-9483007ff154,2025-03-03,AA25-071A Stop Ransomware: Medusa Ransomware,R1,30,"tlp:clear | misp-galaxy:stix-2.1-attack-pattern=""9b611c3f-6b02-5902-b9e8-17712d5f5d41"" | misp-galaxy:stix-2.1-attack-pattern=""7b350f17-4a7f-5bcf-8d70-99ad68d6e877"" | misp-galaxy:stix-2.1-attack-pattern=""448a3535-d185-51ea-8a27-44653d7564af"" | misp-galaxy:stix-2.1-attack-pattern=""d3348f0a-7fac-56b0-9451-5964969db1e8"" | misp-galaxy:stix-2.1-attack-pattern=""46bbfd46-eafe-54ca-9650-ab508cc8a674"" | misp-galaxy:stix-2.1-attack-pattern=""70ba8a57-1955-5bfc-b9bb-62d7de6b8a57"" | misp-galaxy:stix-2.1-attack-pattern=""b4e42a35-5b21-5ebd-b3ac-c76e82697b4e"" | misp-galaxy:stix-2.1-attack-pattern=""e3dda5ee-f8f5-57bd-b93b-9e5099efa9f9"" | misp-galaxy:stix-2.1-attack-pattern=""d403910f-4795-5b3a-83ea-829d77a27ea0"" | misp-galaxy:stix-2.1-attack-pattern=""6eff3df2-d200-578a-a415-73c07dad1d0f"" | misp-galaxy:stix-2.1-attack-pattern=""8e68267c-4e0b-5f11-837a-dcaef267cac0"" | misp-galaxy:stix-2.1-attack-pattern=""a55a55fe-f531-5cc7-b355-ff840f1939b3"" | misp-galaxy:stix-2.1-attack-pattern=""82659de7-1b3f-5f03-a372-75473da90e83"" | misp-galaxy:stix-2.1-attack-pattern=""1fedf479-4f99-5863-aec6-4c12bb571586"" | misp-galaxy:stix-2.1-attack-pattern=""d2f0ca00-0de6-50fe-bf4a-b7b421c7ae1d"" | misp-galaxy:stix-2.1-attack-pattern=""591d9c18-7da9-55fe-8578-25f2d11eef8e"" | misp-galaxy:stix-2.1-attack-pattern=""56d63469-4d9f-5acc-9b40-aded774106ad"" | misp-galaxy:stix-2.1-attack-pattern=""a7a98e8d-3c74-5527-a1d3-2d5e35a5c976"" | misp-galaxy:stix-2.1-attack-pattern=""91f8ecb8-c1e8-5979-ba37-5bacc384138b"" | misp-galaxy:stix-2.1-attack-pattern=""1c2865ae-25a9-50c7-b3f2-a981a62ceaec"" | misp-galaxy:stix-2.1-attack-pattern=""f5895575-716d-5499-aa94-263a31963495"" | misp-galaxy:stix-2.1-attack-pattern=""6466ddc0-6916-51a4-a694-297a300cfdd8"" | misp-galaxy:stix-2.1-attack-pattern=""293a8af8-95bf-5a60-9fd1-5261ce8dfc01"" | misp-galaxy:stix-2.1-attack-pattern=""cada2b2e-5bb9-50c2-baa9-931281cdb4da"" | misp-galaxy:stix-2.1-attack-pattern=""5684f76d-1dcd-5ce4-95b4-9a9d3d26bc3d"" | misp-galaxy:stix-2.1-attack-pattern=""a78878fd-ab24-5465-a78d-e63d1f6aa9c5"" | misp-galaxy:stix-2.1-attack-pattern=""85e10e04-66f1-5a89-b31d-18772c539503"" | misp-galaxy:stix-2.1-attack-pattern=""2bd2a65d-f22a-5d2e-a1a2-6264f0efec7e"" | misp-galaxy:stix-2.1-attack-pattern=""76f4c676-64c5-5ee8-bc91-36574c08dada"" | misp-galaxy:stix-2.1-attack-pattern=""c86a5059-d498-5084-bd88-ee079ef921ad"" | misp-galaxy:ransomware=""medusa"" | type:OSINT | osint:lifetime=""perpetual"" | osint:certainty=""50"" | tlp:white","Ransomware diretamente relevante e operacionalmente estruturado, com TTPs/indicadores ou contexto técnico suficiente para alimentar o conhecimento prévio experimental.",CIRCL OSINT / MISP
e1e99c15-81b9-440f-9bc3-3ce9b3a079c1,2025-04-07,Fake trademark-related invoice,R3,0,"type:OSINT | osint:lifetime=""perpetual"" | tlp:white | tlp:clear | misp-galaxy:financial-fraud=""Buying/Renting Fraud""",Fora do foco operacional de ransomware; não há evidência suficiente no manifest de relevância direta para a campanha simulada.,CIRCL OSINT / MISP
1f97d8d7-3cbf-406f-b56e-da6876290656,2025-05-12,OSINT - Threat Brief: CVE-2025-31324,R3,0,"misp-galaxy:producer=""Palo Alto"" | type:OSINT | osint:lifetime=""perpetual"" | osint:certainty=""50"" | tlp:white | tlp:clear",Fora do foco operacional de ransomware; não há evidência suficiente no manifest de relevância direta para a campanha simulada.,CIRCL OSINT / MISP
cc3f6225-ea99-45f8-9cbe-228d77d25ebf,2025-06-04,OSINT - New Russia-affiliated actor Void Blizzard targets critical sectors for espionage,R3,0,"type:OSINT | osint:lifetime=""perpetual"" | osint:certainty=""50"" | tlp:white | tlp:clear | misp-galaxy:threat-actor=""Void Blizzard""",Fora do foco operacional de ransomware; não há evidência suficiente no manifest de relevância direta para a campanha simulada.,CIRCL OSINT / MISP
ff2d1e23-caba-4a52-a374-ba223b1e7700,2025-06-20,Malicious File Creates Network Socket and Contacts fdh32fsdfhs.shop - Kunai Analysis Report sample - 2d266ab2597c72424aa21bc00718f9a13e5836e8,R3,0,"type:OSINT | osint:lifetime=""perpetual"" | osint:certainty=""50"" | tlp:white | tlp:clear | JAG",Fora do foco operacional de ransomware; não há evidência suficiente no manifest de relevância direta para a campanha simulada.,CIRCL OSINT / MISP
d9da16a2-8444-45cb-8bb4-d27abf23a261,2025-07-21,Microsoft SharePoint Server Remote Code Execution Vulnerability - CVE-2025-53770,R3,2,"vulnerability:sighting=""exploited"" | type:OSINT | osint:lifetime=""perpetual"" | osint:certainty=""50"" | tlp:white | tlp:clear | misp-galaxy:mitre-attack-pattern=""External Remote Services - T1133"" | misp-galaxy:mitre-attack-pattern=""Exploit Public-Facing Application - T1190"" | misp-galaxy:tool=""SharPyShell""",Fora do foco operacional de ransomware; não há evidência suficiente no manifest de relevância direta para a campanha simulada.,CIRCL OSINT / MISP
59ed4725-5f2a-4844-8dc4-e6926dbcb5ce,2025-07-23,OSINT -  Disrupting active exploitation of on-premises SharePoint vulnerabilities,R3,5,"misp-galaxy:threat-actor=""APT31"" | misp-galaxy:threat-actor=""Emissary Panda"" | type:OSINT | osint:lifetime=""perpetual"" | osint:certainty=""50"" | tlp:white | tlp:clear | misp-galaxy:threat-actor=""Storm-2603"" | misp-galaxy:mitre-attack-pattern=""Exploit Public-Facing Application - T1190"" | misp-galaxy:mitre-attack-pattern=""PowerShell - T1059.001"" | misp-galaxy:mitre-attack-pattern=""Web Shell - T1505.003"" | misp-galaxy:mitre-attack-pattern=""Reflective Code Loading - T1620"" | misp-galaxy:mitre-attack-pattern=""Automated Collection - T1119"" | misp-galaxy:producer=""Microsoft""",Fora do foco operacional de ransomware; não há evidência suficiente no manifest de relevância direta para a campanha simulada.,CIRCL OSINT / MISP
11352988-db69-4d22-89fc-6f84689edfab,2025-07-30,OSINT - From Pyongyang to Your Payroll: The Rise of North Korean Remote Workers in the West,R3,0,"misp-galaxy:country=""north korea"" | misp-galaxy:malpedia=""BeaverTail"" | misp-galaxy:software=""BeaverTail"" | type:OSINT | osint:lifetime=""perpetual"" | osint:certainty=""50"" | tlp:white | tlp:clear | misp-galaxy:malpedia=""InvisibleFerret"" | misp-galaxy:producer=""Zscaler""",Fora do foco operacional de ransomware; não há evidência suficiente no manifest de relevância direta para a campanha simulada.,CIRCL OSINT / MISP
0e955ede-dd8d-404e-acb4-41f47f79c820,2025-08-01,OSINT - Frozen in transit: Secret Blizzard’s AiTM campaign against diplomats,R3,0,"misp-galaxy:producer=""Microsoft"" | misp-galaxy:threat-actor=""Turla"" | type:OSINT | osint:lifetime=""perpetual"" | osint:certainty=""50"" | tlp:white | tlp:clear | misp-galaxy:country=""russia""",Fora do foco operacional de ransomware; não há evidência suficiente no manifest de relevância direta para a campanha simulada.,CIRCL OSINT / MISP
957de389-e7a6-4e1b-87b3-a7b5e94d3c34,2025-08-22,Investigation Report: APT36 Malware Campaign Using Desktop Entry Files and Google Drive Payload Delivery,R3,13,"type:OSINT | osint:lifetime=""perpetual"" | osint:certainty=""50"" | tlp:white | tlp:clear | misp-galaxy:threat-actor=""Operation C-Major"" | misp-galaxy:mitre-attack-pattern=""Phishing - T1566"" | misp-galaxy:mitre-attack-pattern=""Malicious File - T1204.002"" | misp-galaxy:mitre-attack-pattern=""Scripting - T1064"" | misp-galaxy:mitre-attack-pattern=""Windows Service - T1543.003"" | misp-galaxy:mitre-attack-pattern=""Hidden Files and Directories - T1564.001"" | misp-galaxy:mitre-attack-pattern=""Masquerading - T1036"" | misp-galaxy:mitre-attack-pattern=""Binary Padding - T1027.001"" | misp-galaxy:mitre-attack-pattern=""Brute Force - T1110"" | misp-galaxy:mitre-attack-pattern=""Software Discovery - T1518"" | misp-galaxy:mitre-attack-pattern=""Application Layer Protocol - T1071"" | misp-galaxy:mitre-attack-pattern=""Non-Application Layer Protocol - T1095"" | misp-galaxy:mitre-attack-pattern=""Ingress Tool Transfer - T1105"" | misp-galaxy:mitre-attack-pattern=""Non-Standard Port - T1571""",Fora do foco operacional de ransomware; não há evidência suficiente no manifest de relevância direta para a campanha simulada.,CIRCL OSINT / MISP
24fe9665-88f8-49d9-9d28-2de0020acf48,2025-08-27,OSINT - Exclusive disclosure of the attack activities of the APT group “NightEagle”,R3,0,"misp-galaxy:country=""china"" | type:OSINT | osint:lifetime=""perpetual"" | osint:certainty=""50"" | tlp:white | tlp:clear",Fora do foco operacional de ransomware; não há evidência suficiente no manifest de relevância direta para a campanha simulada.,CIRCL OSINT / MISP
50d572f9-06d0-4f0b-af1c-3958a5fedefe,2025-08-29,AA25-239A: Countering Chinese State-Sponsored Actors Compromise of Networks Worldwide to Feed Global Espionage System,R3,42,"misp-galaxy:producer=""CISA"" | acs-marking:classification=""U"" | acs-marking:formal_determination=""INFORMATION-DIRECTLY-RELATED-TO-CYBERSECURITY-THREAT"" | acs-marking:formal_determination=""PUBREL"" | acs-marking:privilege_action=""CISAUSES"" | misp-galaxy:stix-2.1-acs-marking=""080af042-05fb-5fd7-a79e-f39575484fe6"" | misp-galaxy:stix-2.1-attack-pattern=""f33e2054-ba49-5c04-8e57-6dc66a9f2b96"" | misp-galaxy:stix-2.1-attack-pattern=""d403910f-4795-5b3a-83ea-829d77a27ea0"" | misp-galaxy:stix-2.1-attack-pattern=""70ba8a57-1955-5bfc-b9bb-62d7de6b8a57"" | misp-galaxy:stix-2.1-attack-pattern=""51b1072c-a986-515c-a2fb-bbb2a7241047"" | misp-galaxy:stix-2.1-attack-pattern=""efddc9d6-9bb0-552e-ac9b-c6499f6049d4"" | misp-galaxy:stix-2.1-attack-pattern=""918216d4-6ac6-54af-bdff-f7fc58bfe9e2"" | misp-galaxy:stix-2.1-attack-pattern=""2409ed7f-16b5-5b3e-9191-2540d10faaa1"" | misp-galaxy:stix-2.1-attack-pattern=""f46cd8e2-1948-5483-aabf-5be02c2ad3f3"" | misp-galaxy:stix-2.1-attack-pattern=""f110010d-fdee-5f8d-9849-c2b381d1bdd8"" | misp-galaxy:stix-2.1-attack-pattern=""569c6e5c-5ee5-5df4-adde-b573d6d7bb53"" | misp-galaxy:stix-2.1-attack-pattern=""0ab8bf2c-74aa-5668-a0ab-592ab43a4b44"" | misp-galaxy:stix-2.1-attack-pattern=""2ddfbe6d-27f8-5169-b3ce-6e503b90bdc0"" | misp-galaxy:stix-2.1-attack-pattern=""d8ce9d6b-d20e-5952-8431-906e9de532d1"" | misp-galaxy:stix-2.1-attack-pattern=""3ecd847f-0bcd-5a46-991d-69fbe586bc5a"" | misp-galaxy:stix-2.1-attack-pattern=""e31867d2-3a33-51e8-b3c5-306fa5d11b63"" | misp-galaxy:stix-2.1-attack-pattern=""c8ce0a29-cef7-56e4-839e-3e8777a96465"" | misp-galaxy:stix-2.1-attack-pattern=""83359dc0-4926-5733-b9af-7418fc56a365"" | misp-galaxy:stix-2.1-attack-pattern=""68aee884-5781-5f90-8931-c2520d9a21c3"" | misp-galaxy:stix-2.1-attack-pattern=""6c0f6d48-24d0-5e78-9bce-0a1b18f54add"" | misp-galaxy:stix-2.1-attack-pattern=""45586a03-735c-5bdf-b135-92cbaa746a9d"" | misp-galaxy:stix-2.1-attack-pattern=""bb34d16a-1500-5545-9b98-402a0c0bfc90"" | misp-galaxy:stix-2.1-attack-pattern=""60852bbe-252a-54f8-8b71-9496f226aeba"" | misp-galaxy:stix-2.1-attack-pattern=""232e039c-3635-57fa-b3e1-3626c06e9a11"" | misp-galaxy:stix-2.1-attack-pattern=""3cb79368-ec7d-582f-ade6-acf8af4343f5"" | misp-galaxy:stix-2.1-attack-pattern=""b39a0271-a42f-5212-8631-bb51d797da77"" | misp-galaxy:stix-2.1-attack-pattern=""9abb14cb-6a76-5d87-ac5c-9213d7f8a59e"" | misp-galaxy:stix-2.1-attack-pattern=""7708532b-1bb9-5c63-9c21-43db72394cb2"" | misp-galaxy:stix-2.1-attack-pattern=""b427aaf7-394c-56f0-8fea-4261048b7d9d"" | misp-galaxy:stix-2.1-attack-pattern=""56d63469-4d9f-5acc-9b40-aded774106ad"" | misp-galaxy:stix-2.1-attack-pattern=""be3eba09-8a39-58b2-8bf6-4147da9b7197"" | misp-galaxy:stix-2.1-attack-pattern=""4dbd048f-d272-596a-ab12-c254d73a9e54"" | misp-galaxy:stix-2.1-attack-pattern=""e4402575-bd29-5833-831e-4e5ce8e77b5d"" | misp-galaxy:stix-2.1-attack-pattern=""e5a23a79-7d6c-51b6-8fcd-55acd815ba20"" | misp-galaxy:stix-2.1-attack-pattern=""e963a5a0-2867-560c-9b7f-99e0b339cadf"" | misp-galaxy:stix-2.1-attack-pattern=""436dc800-f2e4-536b-9579-795129763964"" | misp-galaxy:stix-2.1-attack-pattern=""7331b5c1-b945-5ac8-9603-cfd28645b3fd"" | misp-galaxy:stix-2.1-attack-pattern=""30927766-94e7-5cd6-98fa-d02abfaead6c"" | misp-galaxy:stix-2.1-attack-pattern=""d2f0ca00-0de6-50fe-bf4a-b7b421c7ae1d"" | misp-galaxy:stix-2.1-attack-pattern=""19def47a-a4c5-5b09-9205-65b222bdbeec"" | misp-galaxy:stix-2.1-attack-pattern=""cd76bf2f-bb26-5f77-8d7d-a4aeb8eb83ba"" | misp-galaxy:stix-2.1-attack-pattern=""deaf8eca-b92b-5a03-9271-f1ef7efb25e5"" | misp-galaxy:stix-2.1-attack-pattern=""46bbfd46-eafe-54ca-9650-ab508cc8a674"" | misp-galaxy:stix-2.1-malware=""e4ee9d1b-d9fd-504c-8278-e2e52ce42094"" | misp-galaxy:stix-2.1-malware=""8b61efeb-dd3d-56ea-8667-97b6513fd2bf"" | misp-galaxy:stix-2.1-malware=""eae0b645-0737-58da-95d4-5a4b04b0dd1f"" | misp-galaxy:stix-2.1-vulnerability=""f93426c5-b89e-5fdf-977d-09265e0bdf0b"" | misp-galaxy:stix-2.1-vulnerability=""78b77032-ee11-515e-877b-e5385029b546"" | misp-galaxy:stix-2.1-vulnerability=""95acfe82-0914-5d67-b270-f546746c005d"" | misp-galaxy:stix-2.1-vulnerability=""8df511d1-5504-5bf5-b30e-5457e663ad8d"" | misp-galaxy:stix-2.1-vulnerability=""689e2082-4edd-59f0-9577-c0fe49a310e2"" | misp-galaxy:stix-2.1-vulnerability=""da49a902-2ccc-56f5-a578-c64cfa2a4f3c"" | misp-galaxy:stix-2.1-location=""737ef7c9-66ff-5424-92c0-a23790851a89"" | type:OSINT | osint:lifetime=""perpetual"" | osint:certainty=""50"" | tlp:white | tlp:clear",Fora do foco operacional de ransomware; não há evidência suficiente no manifest de relevância direta para a campanha simulada.,CIRCL OSINT / MISP
de0e2e6b-18d8-4237-a852-5877b3ddab58,2025-09-05,OSINT - Widespread Data Theft Targets Salesforce Instances via Salesloft Drift,R3,2,"misp-galaxy:producer=""Google Cloud Blog"" | misp-galaxy:mitre-attack-pattern=""Cloud Instance Metadata API - T1552.005"" | misp-galaxy:mitre-attack-pattern=""Additional Cloud Credentials - T1098.001"" | type:OSINT | osint:lifetime=""perpetual"" | osint:certainty=""50"" | tlp:white | tlp:clear",Fora do foco operacional de ransomware; não há evidência suficiente no manifest de relevância direta para a campanha simulada.,CIRCL OSINT / MISP
1d1eb8f6-bb88-40c3-9f1a-5e13f08646a5,2025-10-06,OSINT - Oracle Security Alert Advisory - CVE-2025-61882,R3,1,"type:OSINT | osint:lifetime=""perpetual"" | osint:certainty=""50"" | tlp:white | tlp:clear | misp-galaxy:mitre-attack-pattern=""Exploit Public-Facing Application - T1190""",Fora do foco operacional de ransomware; não há evidência suficiente no manifest de relevância direta para a campanha simulada.,CIRCL OSINT / MISP
3496d16f-84bf-489c-9bc1-95635a9afd36,2025-10-16,OSINT - Bringing Access Back — Initial Access Brokers Exploit F5 BIG-IP (CVE-2023-46747) and ScreenConnect,R3,0,"misp-galaxy:threat-actor=""UNC5174"" | type:OSINT | osint:lifetime=""perpetual"" | osint:certainty=""50"" | tlp:white | tlp:clear",Fora do foco operacional de ransomware; não há evidência suficiente no manifest de relevância direta para a campanha simulada.,CIRCL OSINT / MISP
ffcf7530-3c0b-4f7b-af24-e91447a33904,2025-10-19,HardBit 4.0 Investigation by Reyben Cortes,R3,5,"misp-galaxy:mitre-attack-pattern=""Data Encrypted for Impact - T1486"" | misp-galaxy:mitre-attack-pattern=""Data Compressed - T1002"" | misp-galaxy:mitre-attack-pattern=""Data Encrypted - T1022"" | misp-galaxy:mitre-attack-pattern=""Application Layer Protocol - T1071"" | misp-galaxy:mitre-attack-pattern=""Exfiltration Over C2 Channel - T1041"" | type:OSINT | osint:lifetime=""perpetual"" | osint:certainty=""50"" | tlp:white | tlp:clear",Fora do foco operacional de ransomware; não há evidência suficiente no manifest de relevância direta para a campanha simulada.,CIRCL OSINT / MISP
7cd52cc4-93f7-477f-ba7c-7f9d0ea67ea9,2025-10-29,XCTDH Crypto Heist Part 1 - Ellis Stannard,R3,4,"misp-galaxy:target-information=""North Korea"" | misp-galaxy:mitre-attack-pattern=""Compromise Software Supply Chain - T1195.002"" | misp-galaxy:mitre-attack-pattern=""Drive-by Compromise - T1189"" | misp-galaxy:mitre-attack-pattern=""JavaScript - T1059.007"" | misp-galaxy:mitre-attack-pattern=""Phishing - T1566"" | type:OSINT | osint:lifetime=""perpetual"" | tlp:white | tlp:clear",Fora do foco operacional de ransomware; não há evidência suficiente no manifest de relevância direta para a campanha simulada.,CIRCL OSINT / MISP
e73730af-7409-4d76-aa96-f174ece74809,2025-10-29,XCTDH Crypto Heist Part 2 - Ellis Stannard,R3,4,"misp-galaxy:mitre-attack-pattern=""External Remote Services - T1133"" | misp-galaxy:mitre-attack-pattern=""Automated Exfiltration - T1020"" | misp-galaxy:mitre-attack-pattern=""User Execution - T1204"" | misp-galaxy:mitre-attack-pattern=""Compromise Software Dependencies and Development Tools - T1195.001"" | misp-galaxy:target-information=""North Korea"" | type:OSINT | osint:lifetime=""perpetual"" | tlp:white | tlp:clear",Fora do foco operacional de ransomware; não há evidência suficiente no manifest de relevância direta para a campanha simulada.,CIRCL OSINT / MISP
cf909fc3-0e55-4962-b462-2219981ea53c,2025-11-10,OSINT - PhantomCaptcha | Multi-Stage WebSocket RAT Targets Ukraine in Single-Day Spearphishing Operation,R3,1,"misp-galaxy:country=""ukraine"" | misp-galaxy:mitre-attack-pattern=""Impersonation - T1656"" | type:OSINT | osint:lifetime=""perpetual"" | osint:certainty=""50"" | tlp:white | tlp:clear | misp-galaxy:producer=""SentinelOne"" | misp-galaxy:threat-actor=""Callisto"" | misp-galaxy:target-information=""Ukraine""",Fora do foco operacional de ransomware; não há evidência suficiente no manifest de relevância direta para a campanha simulada.,CIRCL OSINT / MISP
fbf8c6e8-5e74-493f-9699-ec352bcc179c,2025-11-18,XCTDH Crypto Heist Part 3 - Yashraj Solanki,R3,0,"type:OSINT | DPRK | misp-galaxy:country=""north korea"" | osint:lifetime=""perpetual"" | osint:certainty=""50"" | tlp:white | tlp:clear",Fora do foco operacional de ransomware; não há evidência suficiente no manifest de relevância direta para a campanha simulada.,CIRCL OSINT / MISP
d8317f65-83e6-46ce-b71d-ab452cff7bb1,2025-11-26,Sha1-Hulud - November 2025,R3,2,"Shai-Hulud | OSINT | misp-galaxy:mitre-attack-pattern=""Supply Chain Compromise - T1195"" | misp-galaxy:mitre-attack-pattern=""Application Layer Protocol - T1071"" | type:OSINT | osint:lifetime=""perpetual"" | osint:certainty=""50"" | tlp:white | tlp:clear",Fora do foco operacional de ransomware; não há evidência suficiente no manifest de relevância direta para a campanha simulada.,CIRCL OSINT / MISP
fca42bfe-983a-4442-bfb5-5190de9bab09,2025-11-26,Salesforce Gainsight Security Advisory - Nov 2025,R2,4,"recorded-future:threat-actor=Scattered LAPSUS$ Hunters |  Ransomware | Scattered Spider | misp-galaxy:mitre-attack-pattern=""Active Scanning - T1595"" | misp-galaxy:mitre-attack-pattern=""Application Access Token - T1527"" | misp-galaxy:mitre-attack-pattern=""Cloud Accounts - T1078.004"" | misp-galaxy:mitre-attack-pattern=""Valid Accounts - T1078"" | OSINT | misp-galaxy:ransomware=""scattered lapsus$ hunters"" | type:OSINT | osint:lifetime=""perpetual"" | osint:certainty=""50"" | tlp:white | tlp:clear","Contexto relevante de incidente/ransomware, mas foco principal em comprometimento de identidade/cloud e baixa certeza registrada; não é necessário ao núcleo operacional.",CIRCL OSINT / MISP
87e34242-cf13-466b-ad52-6e5feb07be4e,2025-12-08,Telegram phishing and related activities,R3,1,"misp-galaxy:mitre-attack-pattern=""Phishing - T1566"" | type:OSINT | osint:lifetime=""perpetual"" | tlp:white | tlp:clear",Fora do foco operacional de ransomware; não há evidência suficiente no manifest de relevância direta para a campanha simulada.,CIRCL OSINT / MISP
449f1f02-54d1-4af7-9bd8-beaba99e6d0c,2025-12-13,BRICKSTORM Backdoor  - MAR-251165.c1.v1,R3,0,"misp-galaxy:producer=""GeminiProduction_CMA"" | tlp:clear | acs-marking:privilege_action=""CISAUSES"" | acs-marking:classification=""U"" | acs-marking:formal_determination=""INFORMATION-DIRECTLY-RELATED-TO-CYBERSECURITY-THREAT"" | misp-galaxy:stix-2.1-acs-marking=""736f6810-1f28-5a7d-81b3-f7a498fb7cc8"" | misp-galaxy:country=""china"" | type:OSINT | osint:lifetime=""perpetual"" | osint:certainty=""50"" | tlp:white | misp-galaxy:threat-actor=""UTA0178""",Fora do foco operacional de ransomware; não há evidência suficiente no manifest de relevância direta para a campanha simulada.,CIRCL OSINT / MISP
9c2ec5f6-afa1-4753-891b-d130b4539648,2025-12-15,Kunai Analysis Report - Malware Sample Abusing Open Recursive DNS for Exfiltration,R3,1,"type:OSINT | osint:lifetime=""perpetual"" | osint:certainty=""50"" | tlp:white | tlp:clear | misp-galaxy:producer=""CIRCL"" | misp-galaxy:mitre-attack-pattern=""Exfiltration Over Other Network Medium - T1438""",Fora do foco operacional de ransomware; não há evidência suficiente no manifest de relevância direta para a campanha simulada.,CIRCL OSINT / MISP
e94861b3-fefa-4bd2-8113-fa20adeff51d,2025-12-17,OSINT - ResidentBat: A new spyware family used by Belarusian KGB,R3,0,"misp-galaxy:country=""belarus"" | type:OSINT | osint:lifetime=""perpetual"" | osint:certainty=""50"" | tlp:white | tlp:clear",Fora do foco operacional de ransomware; não há evidência suficiente no manifest de relevância direta para a campanha simulada.,CIRCL OSINT / MISP
5e5bc49f-4007-4921-bfdb-a289e4ef9fde,2025-12-18,XCTDH Crypto Heist Part 4 - Nick Smart and Andrii Sovershennyi,R3,3,"misp-galaxy:country=""north korea"" | misp-galaxy:mitre-attack-pattern=""Compromise Software Dependencies and Development Tools - T1195.001"" | misp-galaxy:mitre-attack-pattern=""Compromise Software Supply Chain - T1195.002"" | misp-galaxy:mitre-attack-pattern=""Application Layer Protocol - T1071"" | misp-galaxy:target-information=""North Korea"" | DPRK | DevPopper | OSINT | osint:lifetime=""perpetual"" | tlp:clear",Fora do foco operacional de ransomware; não há evidência suficiente no manifest de relevância direta para a campanha simulada.,CIRCL OSINT / MISP
99dcce94-8ffe-46a1-97dd-f730519b627e,2026-01-18,KRVTZ IDS alerts for 2026-01-18,R3,0,"KRVTZ-NET:information-gathering=""scanner"" | tlp:clear | misp:event-type=""observation"" | kill-chain:Reconnaissance | misp:automation-level=""unsupervised"" | type:OSINT | osint:lifetime=""perpetual""",Fora do foco operacional de ransomware; não há evidência suficiente no manifest de relevância direta para a campanha simulada.,CIRCL OSINT / MISP
65573682-db4d-4731-ae02-2875bc0f1445,2026-01-19,KRVTZ IDS alerts for 2026-01-19,R3,0,"KRVTZ-NET:information-gathering=""scanner"" | tlp:clear | misp:event-type=""observation"" | kill-chain:Reconnaissance | misp:automation-level=""unsupervised"" | type:OSINT | osint:lifetime=""perpetual""",Fora do foco operacional de ransomware; não há evidência suficiente no manifest de relevância direta para a campanha simulada.,CIRCL OSINT / MISP
634c13e8-6852-4624-b02e-b6e74b454a1f,2026-01-21,KRVTZ IDS alerts for 2026-01-21,R3,0,"KRVTZ-NET:information-gathering=""scanner"" | tlp:clear | misp:event-type=""observation"" | kill-chain:Reconnaissance | misp:automation-level=""unsupervised"" | type:OSINT | osint:lifetime=""perpetual""",Fora do foco operacional de ransomware; não há evidência suficiente no manifest de relevância direta para a campanha simulada.,CIRCL OSINT / MISP
224cbbd9-d554-4afd-912f-80f318ca280c,2026-01-23,KRVTZ IDS alerts for 2026-01-23,R3,0,"KRVTZ-NET:information-gathering=""scanner"" | tlp:clear | misp:event-type=""observation"" | kill-chain:Reconnaissance | misp:automation-level=""unsupervised"" | type:OSINT | osint:lifetime=""perpetual""",Fora do foco operacional de ransomware; não há evidência suficiente no manifest de relevância direta para a campanha simulada.,CIRCL OSINT / MISP
f302f63b-43e3-4a59-aeac-ff1a9ae002c3,2026-01-24,KRVTZ IDS alerts for 2026-01-24,R3,0,"KRVTZ-NET:information-gathering=""scanner"" | tlp:clear | misp:event-type=""observation"" | kill-chain:Reconnaissance | misp:automation-level=""unsupervised"" | type:OSINT | osint:lifetime=""perpetual""",Fora do foco operacional de ransomware; não há evidência suficiente no manifest de relevância direta para a campanha simulada.,CIRCL OSINT / MISP
cf92f9cb-6841-47fe-8d57-9c4caa25c89a,2026-01-25,KRVTZ IDS alerts for 2026-01-25,R3,0,"KRVTZ-NET:information-gathering=""scanner"" | tlp:clear | misp:event-type=""observation"" | kill-chain:Reconnaissance | misp:automation-level=""unsupervised"" | type:OSINT | osint:lifetime=""perpetual""",Fora do foco operacional de ransomware; não há evidência suficiente no manifest de relevância direta para a campanha simulada.,CIRCL OSINT / MISP
b7b5de0a-f299-4f8a-91fe-e1a24a2e5d1b,2026-01-26,KRVTZ-NET IDS alerts for 2026-01-26,R3,0,"tlp:clear | misp:event-type=""observation"" | kill-chain:Reconnaissance | misp:automation-level=""unsupervised"" | type:OSINT', 'osint:lifetime=""perpetual""",Fora do foco operacional de ransomware; não há evidência suficiente no manifest de relevância direta para a campanha simulada.,CIRCL OSINT / MISP
2c5011bb-8dce-4acc-bc40-f78d0671017f,2026-01-27,KRVTZ-NET IDS alerts for 2026-01-27,R3,0,"tlp:clear | misp:event-type=""observation"" | kill-chain:Reconnaissance | misp:automation-level=""unsupervised"" | type:OSINT', 'osint:lifetime=""perpetual""",Fora do foco operacional de ransomware; não há evidência suficiente no manifest de relevância direta para a campanha simulada.,CIRCL OSINT / MISP
6e7e093f-b6be-4fa9-a16d-baf022cd286d,2026-01-28,KRVTZ-NET IDS alerts for 2026-01-28,R3,0,"tlp:clear | misp:event-type=""observation"" | kill-chain:Reconnaissance | misp:automation-level=""unsupervised"" | type:OSINT', 'osint:lifetime=""perpetual""",Fora do foco operacional de ransomware; não há evidência suficiente no manifest de relevância direta para a campanha simulada.,CIRCL OSINT / MISP
dc95a8f8-8065-4e0a-afd9-e00a25b84c93,2026-01-29,KRVTZ-NET IDS alerts for 2026-01-29,R3,0,"tlp:clear | misp:event-type=""observation"" | kill-chain:Reconnaissance | misp:automation-level=""unsupervised"" | type:OSINT', 'osint:lifetime=""perpetual""",Fora do foco operacional de ransomware; não há evidência suficiente no manifest de relevância direta para a campanha simulada.,CIRCL OSINT / MISP
69399bdb-b06e-4f2f-b904-0096fa4e7717,2026-01-30,KRVTZ-NET IDS alerts for 2026-01-30,R3,0,"tlp:clear | misp:event-type=""observation"" | kill-chain:Reconnaissance | misp:automation-level=""unsupervised"" | type:OSINT', 'osint:lifetime=""perpetual""",Fora do foco operacional de ransomware; não há evidência suficiente no manifest de relevância direta para a campanha simulada.,CIRCL OSINT / MISP
68fb3161-a747-400c-89a9-32e3c16c353a,2026-01-31,KRVTZ-NET IDS alerts for 2026-01-31,R3,0,"tlp:clear | misp:event-type=""observation"" | kill-chain:Reconnaissance | misp:automation-level=""unsupervised"" | type:OSINT', 'osint:lifetime=""perpetual""",Fora do foco operacional de ransomware; não há evidência suficiente no manifest de relevância direta para a campanha simulada.,CIRCL OSINT / MISP
48f1499f-4919-497d-b770-4055b0b71795,2026-02-01,KRVTZ-NET IDS alerts for 2026-02-01,R3,0,"tlp:clear | misp:event-type=""observation"" | kill-chain:Reconnaissance | misp:automation-level=""unsupervised"" | type:OSINT', 'osint:lifetime=""perpetual""",Fora do foco operacional de ransomware; não há evidência suficiente no manifest de relevância direta para a campanha simulada.,CIRCL OSINT / MISP
2066ce96-461f-4474-a8c9-dc41b8cc4e40,2026-02-02,KRVTZ-NET IDS alerts for 2026-02-02,R3,0,"tlp:clear | misp:event-type=""observation"" | kill-chain:Reconnaissance | misp:automation-level=""unsupervised"" | type:OSINT', 'osint:lifetime=""perpetual""",Fora do foco operacional de ransomware; não há evidência suficiente no manifest de relevância direta para a campanha simulada.,CIRCL OSINT / MISP
2044a092-7874-4bb1-9664-9bf93c4ed88d,2026-02-03,KRVTZ-NET IDS alerts for 2026-02-03,R3,0,"tlp:clear | misp:event-type=""observation"" | kill-chain:Reconnaissance | misp:automation-level=""unsupervised"" | type:OSINT', 'osint:lifetime=""perpetual""",Fora do foco operacional de ransomware; não há evidência suficiente no manifest de relevância direta para a campanha simulada.,CIRCL OSINT / MISP
dbc619e5-1b69-44c6-81d0-7fb79390bde4,2026-02-01,"""Hanger Bulletin"": UAC-0001 (APT28) carries out cyberattacks against Ukraine and EU countries using the exploit CVE-2026-21509 (CERT-UA#19542)",R3,0,"misp-galaxy:microsoft-activity-group=""STRONTIUM"" | misp-galaxy:mitre-enterprise-attack-intrusion-set=""APT28 - G0007"" | misp-galaxy:mitre-intrusion-set=""APT28 - G0007"" | misp-galaxy:mitre-mobile-attack-intrusion-set=""APT28"" | misp-galaxy:mitre-mobile-attack-intrusion-set=""APT28 - G0007"" | misp-galaxy:mitre-pre-attack-intrusion-set=""APT28 - G0007"" | misp-galaxy:threat-actor=""Sofacy"" | type:OSINT | osint:lifetime=""perpetual"" | osint:certainty=""50"" | tlp:white | tlp:clear",Fora do foco operacional de ransomware; não há evidência suficiente no manifest de relevância direta para a campanha simulada.,CIRCL OSINT / MISP
f7c90110-c01f-4d3c-81ac-a92e4fb45e2b,2026-01-29,Disrupting the World's Largest Residential Proxy Network,R3,15,"misp-galaxy:mitre-attack-pattern=""External Remote Services - T1133"" | misp-galaxy:mitre-attack-pattern=""Malicious File - T1204.002"" | misp-galaxy:mitre-attack-pattern=""Exploit Public-Facing Application - T1190"" | misp-galaxy:mitre-attack-pattern=""Use Alternate Authentication Material - T1550"" | misp-galaxy:mitre-attack-pattern=""Remote Services - T1021"" | misp-galaxy:mitre-attack-pattern=""Proxy - T1090"" | misp-galaxy:mitre-attack-pattern=""Dynamic Resolution - T1568"" | misp-galaxy:mitre-attack-pattern=""Compromise Infrastructure - T1584"" | misp-galaxy:mitre-attack-pattern=""Web Service - T1102"" | misp-galaxy:mitre-attack-pattern=""One-Way Communication - T1102.003"" | misp-galaxy:mitre-attack-pattern=""Cloud Accounts - T1078.004"" | misp-galaxy:mitre-attack-pattern=""Non-Standard Port - T1571"" | misp-galaxy:mitre-attack-pattern=""Bidirectional Communication - T1102.002"" | misp-galaxy:mitre-attack-pattern=""Malicious Link - T1204.001"" | misp-galaxy:mitre-attack-pattern=""Valid Accounts - T1078"" | type:OSINT | osint:lifetime=""perpetual"" | osint:certainty=""50"" | tlp:white | tlp:clear",Fora do foco operacional de ransomware; não há evidência suficiente no manifest de relevância direta para a campanha simulada.,CIRCL OSINT / MISP
a857e9fe-d03f-4a78-a9f7-19c0d3ec31f8,2026-02-04,KRVTZ-NET IDS alerts for 2026-02-04,R3,0,"tlp:clear | misp:event-type=""observation"" | kill-chain:Reconnaissance | misp:automation-level=""unsupervised"" | type:OSINT', 'osint:lifetime=""perpetual""",Fora do foco operacional de ransomware; não há evidência suficiente no manifest de relevância direta para a campanha simulada.,CIRCL OSINT / MISP
c7e9edd3-375b-4058-828b-c9773fc5af6b,2026-02-05,KRVTZ-NET IDS alerts for 2026-02-05,R3,0,"tlp:clear | misp:event-type=""observation"" | kill-chain:Reconnaissance | misp:automation-level=""unsupervised"" | type:OSINT', 'osint:lifetime=""perpetual""",Fora do foco operacional de ransomware; não há evidência suficiente no manifest de relevância direta para a campanha simulada.,CIRCL OSINT / MISP
bd9674e9-efc6-40ca-a1bf-1186337eb168,2026-02-06,KRVTZ-NET IDS alerts for 2026-02-06,R3,0,"tlp:clear | misp:event-type=""observation"" | kill-chain:Reconnaissance | misp:automation-level=""unsupervised"" | type:OSINT', 'osint:lifetime=""perpetual""",Fora do foco operacional de ransomware; não há evidência suficiente no manifest de relevância direta para a campanha simulada.,CIRCL OSINT / MISP
3379ed68-0a78-4526-874d-4f2a586e14c8,2026-02-07,KRVTZ-NET IDS alerts for 2026-02-07,R3,0,"tlp:clear | misp:event-type=""observation"" | kill-chain:Reconnaissance | misp:automation-level=""unsupervised"" | type:OSINT', 'osint:lifetime=""perpetual""",Fora do foco operacional de ransomware; não há evidência suficiente no manifest de relevância direta para a campanha simulada.,CIRCL OSINT / MISP
bb82ecf6-227a-4842-a3d1-3a9bcea62c36,2026-02-08,KRVTZ-NET IDS alerts for 2026-02-08,R3,0,"tlp:clear | misp:event-type=""observation"" | kill-chain:Reconnaissance | misp:automation-level=""unsupervised"" | type:OSINT', 'osint:lifetime=""perpetual""",Fora do foco operacional de ransomware; não há evidência suficiente no manifest de relevância direta para a campanha simulada.,CIRCL OSINT / MISP
98ab93e1-24e2-4e29-82e3-a4c616761583,2026-02-09,KRVTZ-NET IDS alerts for 2026-02-09,R3,0,"tlp:clear | misp:event-type=""observation"" | kill-chain:Reconnaissance | misp:automation-level=""unsupervised"" | type:OSINT', 'osint:lifetime=""perpetual""",Fora do foco operacional de ransomware; não há evidência suficiente no manifest de relevância direta para a campanha simulada.,CIRCL OSINT / MISP
a0a758a9-ded1-4729-83d9-d2f9e690763e,2026-02-10,KRVTZ-NET IDS alerts for 2026-02-10,R3,0,"tlp:clear | misp:event-type=""observation"" | kill-chain:Reconnaissance | misp:automation-level=""unsupervised"" | type:OSINT', 'osint:lifetime=""perpetual""",Fora do foco operacional de ransomware; não há evidência suficiente no manifest de relevância direta para a campanha simulada.,CIRCL OSINT / MISP
2f438afa-9403-4704-8acc-e22b10849912,2026-02-11,KRVTZ-NET IDS alerts for 2026-02-11,R3,0,"tlp:clear | misp:event-type=""observation"" | kill-chain:Reconnaissance | misp:automation-level=""unsupervised"" | type:OSINT', 'osint:lifetime=""perpetual""",Fora do foco operacional de ransomware; não há evidência suficiente no manifest de relevância direta para a campanha simulada.,CIRCL OSINT / MISP
a69af19a-8672-4a6f-955e-13d05a6500e0,2026-02-12,KRVTZ-NET IDS alerts for 2026-02-12,R3,0,"tlp:clear | misp:event-type=""observation"" | kill-chain:Reconnaissance | misp:automation-level=""unsupervised"" | type:OSINT', 'osint:lifetime=""perpetual""",Fora do foco operacional de ransomware; não há evidência suficiente no manifest de relevância direta para a campanha simulada.,CIRCL OSINT / MISP
62ee9654-4c05-4872-a4ac-9a2a7a51bc2c,2026-02-13,KRVTZ-NET IDS alerts for 2026-02-13,R3,0,"tlp:clear | misp:event-type=""observation"" | kill-chain:Reconnaissance | misp:automation-level=""unsupervised"" | type:OSINT', 'osint:lifetime=""perpetual""",Fora do foco operacional de ransomware; não há evidência suficiente no manifest de relevância direta para a campanha simulada.,CIRCL OSINT / MISP
4b924950-2db4-4c18-a6c8-0e1cabafe046,2026-02-14,KRVTZ-NET IDS alerts for 2026-02-14,R3,0,"tlp:clear | misp:event-type=""observation"" | kill-chain:Reconnaissance | misp:automation-level=""unsupervised"" | type:OSINT', 'osint:lifetime=""perpetual""",Fora do foco operacional de ransomware; não há evidência suficiente no manifest de relevância direta para a campanha simulada.,CIRCL OSINT / MISP
624a5d25-1f81-4919-b066-8ff3a71c7099,2026-02-15,KRVTZ-NET IDS alerts for 2026-02-15,R3,0,"tlp:clear | misp:event-type=""observation"" | kill-chain:Reconnaissance | misp:automation-level=""unsupervised"" | type:OSINT', 'osint:lifetime=""perpetual""",Fora do foco operacional de ransomware; não há evidência suficiente no manifest de relevância direta para a campanha simulada.,CIRCL OSINT / MISP
643e29d8-3c36-401c-b083-dbb94917c521,2026-02-16,KRVTZ-NET IDS alerts for 2026-02-16,R3,0,"tlp:clear | misp:event-type=""observation"" | kill-chain:Reconnaissance | misp:automation-level=""unsupervised"" | type:OSINT', 'osint:lifetime=""perpetual""",Fora do foco operacional de ransomware; não há evidência suficiente no manifest de relevância direta para a campanha simulada.,CIRCL OSINT / MISP
eea9862d-1281-44d9-8657-f9e1ff0838f8,2026-02-17,KRVTZ-NET IDS alerts for 2026-02-17,R3,0,"tlp:clear | misp:event-type=""observation"" | kill-chain:Reconnaissance | misp:automation-level=""unsupervised"" | type:OSINT', 'osint:lifetime=""perpetual""",Fora do foco operacional de ransomware; não há evidência suficiente no manifest de relevância direta para a campanha simulada.,CIRCL OSINT / MISP
0090ebf7-461f-480e-96eb-c3715fa15b5f,2026-02-18,KRVTZ-NET IDS alerts for 2026-02-18,R3,0,"tlp:clear | misp:event-type=""observation"" | kill-chain:Reconnaissance | misp:automation-level=""unsupervised"" | type:OSINT', 'osint:lifetime=""perpetual""",Fora do foco operacional de ransomware; não há evidência suficiente no manifest de relevância direta para a campanha simulada.,CIRCL OSINT / MISP
09642568-6dd1-47f3-8064-7ef4e3b57fc4,2026-02-18,Maltrail IOC for 2026-02-18,R3,0,"tlp:clear | MALWARE | misp:threat-level=""medium-risk"" | misp:event-type=""observation"" | misp:automation-level=""unsupervised"" | type:OSINT | osint:lifetime=""perpetual"" | osint:source-type=""manual-collection""",Fora do foco operacional de ransomware; não há evidência suficiente no manifest de relevância direta para a campanha simulada.,CIRCL OSINT / MISP
dba3bd37-197f-456f-a925-f712bb70dda5,2026-02-19,KRVTZ-NET IDS alerts for 2026-02-19,R3,0,"tlp:clear | misp:event-type=""observation"" | kill-chain:Reconnaissance | misp:automation-level=""unsupervised"" | type:OSINT', 'osint:lifetime=""perpetual""",Fora do foco operacional de ransomware; não há evidência suficiente no manifest de relevância direta para a campanha simulada.,CIRCL OSINT / MISP
4fe4a80e-39cb-43f1-9e95-9ce5ddd98907,2026-02-19,Maltrail IOC for 2026-02-19,R3,0,"tlp:clear | MALWARE | misp:threat-level=""medium-risk"" | misp:event-type=""observation"" | misp:automation-level=""unsupervised"" | type:OSINT | osint:lifetime=""perpetual"" | osint:source-type=""manual-collection""",Fora do foco operacional de ransomware; não há evidência suficiente no manifest de relevância direta para a campanha simulada.,CIRCL OSINT / MISP
a7d3600c-be93-4b46-8b2e-6957e3297c1a,2026-02-20,KRVTZ-NET IDS alerts for 2026-02-20,R3,0,"tlp:clear | misp:event-type=""observation"" | kill-chain:Reconnaissance | misp:automation-level=""unsupervised"" | type:OSINT', 'osint:lifetime=""perpetual""",Fora do foco operacional de ransomware; não há evidência suficiente no manifest de relevância direta para a campanha simulada.,CIRCL OSINT / MISP
86c24d8c-d787-4278-a266-bbe16f6aba56,2026-02-20,Maltrail IOC for 2026-02-20,R3,0,"tlp:clear | MALWARE | misp:threat-level=""medium-risk"" | misp:event-type=""observation"" | misp:automation-level=""unsupervised"" | type:OSINT | osint:lifetime=""perpetual"" | osint:source-type=""manual-collection""",Fora do foco operacional de ransomware; não há evidência suficiente no manifest de relevância direta para a campanha simulada.,CIRCL OSINT / MISP
08e5c8f3-3b24-4224-8253-2401d873e387,2026-02-21,Maltrail IOC for 2026-02-21,R3,0,"tlp:clear | MALWARE | misp:threat-level=""medium-risk"" | misp:event-type=""observation"" | misp:automation-level=""unsupervised"" | type:OSINT | osint:lifetime=""perpetual"" | osint:source-type=""manual-collection""",Fora do foco operacional de ransomware; não há evidência suficiente no manifest de relevância direta para a campanha simulada.,CIRCL OSINT / MISP
f2f64213-862d-458c-9ec4-23188c2b8846,2026-02-21,KRVTZ-NET IDS alerts for 2026-02-21,R3,0,"tlp:clear | misp:event-type=""observation"" | kill-chain:Reconnaissance | misp:automation-level=""unsupervised"" | type:OSINT', 'osint:lifetime=""perpetual""",Fora do foco operacional de ransomware; não há evidência suficiente no manifest de relevância direta para a campanha simulada.,CIRCL OSINT / MISP
62fda2ec-e5d4-4428-afb6-1f0d3a55ec12,2026-02-22,Maltrail IOC for 2026-02-22,R3,0,"tlp:clear | MALWARE | misp:threat-level=""medium-risk"" | misp:event-type=""observation"" | misp:automation-level=""unsupervised"" | type:OSINT | osint:lifetime=""perpetual"" | osint:source-type=""manual-collection""",Fora do foco operacional de ransomware; não há evidência suficiente no manifest de relevância direta para a campanha simulada.,CIRCL OSINT / MISP
fd861729-2897-4cd2-a2d4-c7918f649e75,2026-02-22,KRVTZ-NET IDS alerts for 2026-02-22,R3,0,"tlp:clear | misp:event-type=""observation"" | kill-chain:Reconnaissance | misp:automation-level=""unsupervised"" | type:OSINT', 'osint:lifetime=""perpetual""",Fora do foco operacional de ransomware; não há evidência suficiente no manifest de relevância direta para a campanha simulada.,CIRCL OSINT / MISP
357a3a25-95f9-41b7-8870-9cc54d260d69,2026-02-23,Maltrail IOC for 2026-02-23,R3,0,"tlp:clear | MALWARE | misp:threat-level=""medium-risk"" | misp:event-type=""observation"" | misp:automation-level=""unsupervised"" | type:OSINT | osint:lifetime=""perpetual"" | osint:source-type=""manual-collection""",Fora do foco operacional de ransomware; não há evidência suficiente no manifest de relevância direta para a campanha simulada.,CIRCL OSINT / MISP
ba6eb2c8-966a-4aa9-891a-491968e19b68,2026-02-23,KRVTZ-NET IDS alerts for 2026-02-23,R3,0,"tlp:clear | misp:event-type=""observation"" | kill-chain:Reconnaissance | misp:automation-level=""unsupervised"" | type:OSINT', 'osint:lifetime=""perpetual""",Fora do foco operacional de ransomware; não há evidência suficiente no manifest de relevância direta para a campanha simulada.,CIRCL OSINT / MISP
b0a9ddc2-de1c-49cb-a8b5-2cd8803e7c35,2026-02-24,Maltrail IOC for 2026-02-24,R3,0,"tlp:clear | MALWARE | misp:threat-level=""medium-risk"" | misp:event-type=""observation"" | misp:automation-level=""unsupervised"" | type:OSINT | osint:lifetime=""perpetual"" | osint:source-type=""manual-collection""",Fora do foco operacional de ransomware; não há evidência suficiente no manifest de relevância direta para a campanha simulada.,CIRCL OSINT / MISP
b343e55a-539a-44df-97dd-c72ca2497416,2026-02-24,KRVTZ-NET IDS alerts for 2026-02-24,R3,0,"tlp:clear | misp:event-type=""observation"" | kill-chain:Reconnaissance | misp:automation-level=""unsupervised"" | type:OSINT', 'osint:lifetime=""perpetual""",Fora do foco operacional de ransomware; não há evidência suficiente no manifest de relevância direta para a campanha simulada.,CIRCL OSINT / MISP
6af94a64-39c8-4066-a702-7ad7b9cc5cdd,2026-02-25,Maltrail IOC for 2026-02-25,R3,0,"tlp:clear | MALWARE | misp:threat-level=""medium-risk"" | misp:event-type=""observation"" | misp:automation-level=""unsupervised"" | type:OSINT | osint:lifetime=""perpetual"" | osint:source-type=""manual-collection""",Fora do foco operacional de ransomware; não há evidência suficiente no manifest de relevância direta para a campanha simulada.,CIRCL OSINT / MISP
cd0ed0b8-91fb-412b-ba3f-d73618b29cea,2026-02-25,KRVTZ-NET IDS alerts for 2026-02-25,R3,0,"tlp:clear | misp:event-type=""observation"" | kill-chain:Reconnaissance | misp:automation-level=""unsupervised"" | type:OSINT', 'osint:lifetime=""perpetual""",Fora do foco operacional de ransomware; não há evidência suficiente no manifest de relevância direta para a campanha simulada.,CIRCL OSINT / MISP
9291457f-54be-4e1d-b239-3562e18112d7,2026-02-26,Maltrail IOC for 2026-02-26,R3,0,"tlp:clear | MALWARE | misp:threat-level=""medium-risk"" | misp:event-type=""observation"" | misp:automation-level=""unsupervised"" | type:OSINT | osint:lifetime=""perpetual"" | osint:source-type=""manual-collection""",Fora do foco operacional de ransomware; não há evidência suficiente no manifest de relevância direta para a campanha simulada.,CIRCL OSINT / MISP
63e77936-f8bb-4fb2-af2a-3e00b0dd92e6,2026-02-26,KRVTZ-NET IDS alerts for 2026-02-26,R3,0,"tlp:clear | misp:event-type=""observation"" | kill-chain:Reconnaissance | misp:automation-level=""unsupervised"" | type:OSINT', 'osint:lifetime=""perpetual""",Fora do foco operacional de ransomware; não há evidência suficiente no manifest de relevância direta para a campanha simulada.,CIRCL OSINT / MISP
9a8e444f-c5a6-4e6f-b99b-03ee771a1c03,2026-02-27,KRVTZ-NET IDS alerts for 2026-02-27,R3,0,"tlp:clear | misp:event-type=""observation"" | kill-chain:Reconnaissance | misp:automation-level=""unsupervised"" | type:OSINT', 'osint:lifetime=""perpetual""",Fora do foco operacional de ransomware; não há evidência suficiente no manifest de relevância direta para a campanha simulada.,CIRCL OSINT / MISP
9e0caac4-8305-4eef-89de-4f96622aef35,2026-02-28,Maltrail IOC for 2026-02-28,R3,0,"tlp:clear | MALWARE | misp:threat-level=""medium-risk"" | misp:event-type=""observation"" | misp:automation-level=""unsupervised"" | type:OSINT | osint:lifetime=""perpetual"" | osint:source-type=""manual-collection""",Fora do foco operacional de ransomware; não há evidência suficiente no manifest de relevância direta para a campanha simulada.,CIRCL OSINT / MISP
9aca983c-4cf1-4f4a-a6d7-2eb75b21c1db,2026-02-28,KRVTZ-NET IDS alerts for 2026-02-28,R3,0,"tlp:clear | misp:event-type=""observation"" | kill-chain:Reconnaissance | misp:automation-level=""unsupervised"" | type:OSINT', 'osint:lifetime=""perpetual""",Fora do foco operacional de ransomware; não há evidência suficiente no manifest de relevância direta para a campanha simulada.,CIRCL OSINT / MISP
f03c756e-d0d0-484c-a8b9-85ab0dc2a2eb,2026-03-01,Maltrail IOC for 2026-03-01,R3,0,"tlp:clear | MALWARE | misp:threat-level=""medium-risk"" | misp:event-type=""observation"" | misp:automation-level=""unsupervised"" | type:OSINT | osint:lifetime=""perpetual"" | osint:source-type=""manual-collection""",Fora do foco operacional de ransomware; não há evidência suficiente no manifest de relevância direta para a campanha simulada.,CIRCL OSINT / MISP
af1f38df-baea-44ce-a058-a9417950ff76,2026-03-01,KRVTZ-NET IDS alerts for 2026-03-01,R3,0,"tlp:clear | misp:event-type=""observation"" | kill-chain:Reconnaissance | misp:automation-level=""unsupervised"" | type:OSINT', 'osint:lifetime=""perpetual""",Fora do foco operacional de ransomware; não há evidência suficiente no manifest de relevância direta para a campanha simulada.,CIRCL OSINT / MISP
fa6aa843-efeb-47d1-aeb4-37679b1ae471,2026-03-02,Maltrail IOC for 2026-03-02,R3,0,"tlp:clear | MALWARE | misp:threat-level=""medium-risk"" | misp:event-type=""observation"" | misp:automation-level=""unsupervised"" | type:OSINT | osint:lifetime=""perpetual"" | osint:source-type=""manual-collection""",Fora do foco operacional de ransomware; não há evidência suficiente no manifest de relevância direta para a campanha simulada.,CIRCL OSINT / MISP
4bdef18a-9879-4e17-b3ff-cb8ed88ef7ef,2026-03-02,KRVTZ-NET IDS alerts for 2026-03-02,R3,0,"tlp:clear | misp:event-type=""observation"" | kill-chain:Reconnaissance | misp:automation-level=""unsupervised"" | type:OSINT', 'osint:lifetime=""perpetual""",Fora do foco operacional de ransomware; não há evidência suficiente no manifest de relevância direta para a campanha simulada.,CIRCL OSINT / MISP
a1ddf106-025e-438c-947d-202ded0ee395,2026-02-12,Fake 7-Zip downloads are turning home PCs into proxy nodes,R3,15,"misp-galaxy:mitre-attack-pattern=""Domain Generation Algorithms - T1568.002"" | misp-galaxy:mitre-attack-pattern=""Match Legitimate Name or Location - T1036.005"" | misp-galaxy:mitre-attack-pattern=""Windows Service - T1543.003"" | misp-galaxy:mitre-attack-pattern=""Code Signing - T1553.002"" | misp-galaxy:mitre-attack-pattern=""System Information Discovery - T1082"" | misp-galaxy:mitre-attack-pattern=""Deobfuscate/Decode Files or Information - T1140"" | misp-galaxy:mitre-attack-pattern=""Masquerading - T1036"" | misp-galaxy:mitre-attack-pattern=""Disable or Modify System Firewall - T1562.004"" | misp-galaxy:mitre-attack-pattern=""System Network Configuration Discovery - T1016"" | misp-galaxy:mitre-attack-pattern=""Virtualization/Sandbox Evasion - T1497"" | misp-galaxy:mitre-attack-pattern=""Process Discovery - T1057"" | misp-galaxy:mitre-attack-pattern=""Registry Run Keys / Startup Folder - T1547.001"" | misp-galaxy:mitre-attack-pattern=""Obfuscated Files or Information - T1027"" | misp-galaxy:mitre-attack-pattern=""Query Registry - T1012"" | misp-galaxy:mitre-attack-pattern=""Web Protocols - T1071.001"" | type:OSINT | osint:lifetime=""perpetual"" | osint:certainty=""50"" | tlp:white | tlp:clear",Fora do foco operacional de ransomware; não há evidência suficiente no manifest de relevância direta para a campanha simulada.,CIRCL OSINT / MISP
f88ee265-c1d6-4642-824a-986dae80c7b6,2026-02-18,PFCloud · Bulletproof Hosting · Datacarry Ransomware,R2,10,"misp-galaxy:ransomware=""datacarry"" | misp-galaxy:sector=""Civil Aviation"" | misp-galaxy:sector=""Education"" | misp-galaxy:sector=""Finance"" | misp-galaxy:sector=""Health"" | misp-galaxy:sector=""Insurance"" | misp-galaxy:sector=""Legal"" | misp-galaxy:sector=""Pharmacy"" | misp-galaxy:sector=""Sport"" | misp-galaxy:sector=""Technology"" | misp-galaxy:sector=""Tourism"" | misp-galaxy:mitre-attack-pattern=""Exploit Public-Facing Application - T1190"" | misp-galaxy:mitre-attack-pattern=""PowerShell - T1059.001"" | misp-galaxy:mitre-attack-pattern=""Remote Desktop Protocol - T1021.001"" | misp-galaxy:mitre-attack-pattern=""Disable or Modify Tools - T1562.001"" | misp-galaxy:mitre-attack-pattern=""System Checks - T1497.001"" | misp-galaxy:mitre-attack-pattern=""Web Protocols - T1071.001"" | misp-galaxy:mitre-attack-pattern=""Protocol Tunneling - T1572"" | misp-galaxy:mitre-attack-pattern=""Exfiltration Over C2 Channel - T1041"" | misp-galaxy:mitre-attack-pattern=""Data Encrypted for Impact - T1486"" | misp-galaxy:mitre-attack-pattern=""Exfiltration Over Web Service - T1567"" | misp-galaxy:country=""belgium"" | misp-galaxy:country=""denmark"" | misp-galaxy:country=""france"" | misp-galaxy:country=""greece"" | misp-galaxy:country=""italy"" | misp-galaxy:country=""lithuania"" | misp-galaxy:country=""south africa"" | misp-galaxy:country=""spain"" | misp-galaxy:country=""sweden"" | misp-galaxy:country=""switzerland"" | misp-galaxy:country=""turkey"" | misp-galaxy:country=""united kingdom"" | type:OSINT | osint:lifetime=""perpetual"" | osint:certainty=""50"" | tlp:white | tlp:clear","Ransomware com TTPs estruturados, porém com certeza 50 no manifest; mantido como contexto e não como núcleo operacional.",CIRCL OSINT / MISP
6d3070b9-a5c3-4553-8941-341f3594ad6d,2026-03-03,Maltrail IOC for 2026-03-03,R3,0,"tlp:clear | MALWARE | misp:threat-level=""medium-risk"" | misp:event-type=""observation"" | misp:automation-level=""unsupervised"" | type:OSINT | osint:lifetime=""perpetual"" | osint:source-type=""manual-collection""",Fora do foco operacional de ransomware; não há evidência suficiente no manifest de relevância direta para a campanha simulada.,CIRCL OSINT / MISP
f5aa21c5-f9e1-4c6d-a67c-69b1b16585a3,2026-03-03,KRVTZ-NET IDS alerts for 2026-03-03,R3,0,"tlp:clear | misp:event-type=""observation"" | kill-chain:Reconnaissance | misp:automation-level=""unsupervised"" | type:OSINT', 'osint:lifetime=""perpetual""",Fora do foco operacional de ransomware; não há evidência suficiente no manifest de relevância direta para a campanha simulada.,CIRCL OSINT / MISP
1a7bb6df-0e3f-4ae3-9329-bfe19436ba3e,2026-03-04,Maltrail IOC for 2026-03-04,R3,0,"tlp:clear | MALWARE | misp:threat-level=""medium-risk"" | misp:event-type=""observation"" | misp:automation-level=""unsupervised"" | type:OSINT | osint:lifetime=""perpetual"" | osint:source-type=""manual-collection""",Fora do foco operacional de ransomware; não há evidência suficiente no manifest de relevância direta para a campanha simulada.,CIRCL OSINT / MISP
e8512dd1-7ba4-4bd6-9f65-8f4080963481,2026-03-04,KRVTZ-NET IDS alerts for 2026-03-04,R3,0,"tlp:clear | misp:event-type=""observation"" | kill-chain:Reconnaissance | misp:automation-level=""unsupervised"" | type:OSINT', 'osint:lifetime=""perpetual""",Fora do foco operacional de ransomware; não há evidência suficiente no manifest de relevância direta para a campanha simulada.,CIRCL OSINT / MISP
8fc3c0c8-f8e9-497d-9109-a6ec8c562f07,2026-03-05,Maltrail IOC for 2026-03-05,R3,0,"tlp:clear | MALWARE | misp:threat-level=""medium-risk"" | misp:event-type=""observation"" | misp:automation-level=""unsupervised"" | type:OSINT | osint:lifetime=""perpetual"" | osint:source-type=""manual-collection""",Fora do foco operacional de ransomware; não há evidência suficiente no manifest de relevância direta para a campanha simulada.,CIRCL OSINT / MISP
579f51f8-43f6-4663-87ef-1fbd81b01783,2026-03-05,KRVTZ-NET IDS alerts for 2026-03-05,R3,0,"tlp:clear | misp:event-type=""observation"" | kill-chain:Reconnaissance | misp:automation-level=""unsupervised"" | type:OSINT', 'osint:lifetime=""perpetual""",Fora do foco operacional de ransomware; não há evidência suficiente no manifest de relevância direta para a campanha simulada.,CIRCL OSINT / MISP
aed7456d-ab11-46a3-90af-5819628f7a0c,2026-03-06,Maltrail IOC for 2026-03-06,R3,0,"tlp:clear | MALWARE | misp:threat-level=""medium-risk"" | misp:event-type=""observation"" | misp:automation-level=""unsupervised"" | type:OSINT | osint:lifetime=""perpetual"" | osint:source-type=""manual-collection""",Fora do foco operacional de ransomware; não há evidência suficiente no manifest de relevância direta para a campanha simulada.,CIRCL OSINT / MISP
512f6af2-9a7f-486f-b70b-d5eed26baa05,2026-03-06,KRVTZ-NET IDS alerts for 2026-03-06,R3,0,"tlp:clear | misp:event-type=""observation"" | kill-chain:Reconnaissance | misp:automation-level=""unsupervised"" | type:OSINT', 'osint:lifetime=""perpetual""",Fora do foco operacional de ransomware; não há evidência suficiente no manifest de relevância direta para a campanha simulada.,CIRCL OSINT / MISP
1a4c6b9d-cb3e-47b7-881a-67cd97bd146d,2026-03-07,Maltrail IOC for 2026-03-07,R3,0,"tlp:clear | MALWARE | misp:threat-level=""medium-risk"" | misp:event-type=""observation"" | misp:automation-level=""unsupervised"" | type:OSINT | osint:lifetime=""perpetual"" | osint:source-type=""manual-collection""",Fora do foco operacional de ransomware; não há evidência suficiente no manifest de relevância direta para a campanha simulada.,CIRCL OSINT / MISP
87a2315c-9fa4-4086-937c-cda9d4c37070,2026-03-07,KRVTZ-NET IDS alerts for 2026-03-07,R3,0,"tlp:clear | misp:event-type=""observation"" | kill-chain:Reconnaissance | misp:automation-level=""unsupervised"" | type:OSINT', 'osint:lifetime=""perpetual""",Fora do foco operacional de ransomware; não há evidência suficiente no manifest de relevância direta para a campanha simulada.,CIRCL OSINT / MISP
59b761e9-9482-40c2-86f4-3afbca62f405,2026-03-08,Maltrail IOC for 2026-03-08,R3,0,"tlp:clear | MALWARE | misp:threat-level=""medium-risk"" | misp:event-type=""observation"" | misp:automation-level=""unsupervised"" | type:OSINT | osint:lifetime=""perpetual"" | osint:source-type=""manual-collection""",Fora do foco operacional de ransomware; não há evidência suficiente no manifest de relevância direta para a campanha simulada.,CIRCL OSINT / MISP
55fa811a-1e71-4c53-8452-b4271ee8f437,2026-03-08,KRVTZ-NET IDS alerts for 2026-03-08,R3,0,"tlp:clear | misp:event-type=""observation"" | kill-chain:Reconnaissance | misp:automation-level=""unsupervised"" | type:OSINT', 'osint:lifetime=""perpetual""",Fora do foco operacional de ransomware; não há evidência suficiente no manifest de relevância direta para a campanha simulada.,CIRCL OSINT / MISP
149601cb-8422-4639-8140-03e3b692598b,2026-03-09,Maltrail IOC for 2026-03-09,R3,0,"tlp:clear | MALWARE | misp:threat-level=""medium-risk"" | misp:event-type=""observation"" | misp:automation-level=""unsupervised"" | type:OSINT | osint:lifetime=""perpetual"" | osint:source-type=""manual-collection""",Fora do foco operacional de ransomware; não há evidência suficiente no manifest de relevância direta para a campanha simulada.,CIRCL OSINT / MISP
55ad908f-0ce1-4273-bc64-0c1fdf7a4c58,2026-03-09,KRVTZ-NET IDS alerts for 2026-03-09,R3,0,"tlp:clear | misp:event-type=""observation"" | kill-chain:Reconnaissance | misp:automation-level=""unsupervised"" | type:OSINT', 'osint:lifetime=""perpetual""",Fora do foco operacional de ransomware; não há evidência suficiente no manifest de relevância direta para a campanha simulada.,CIRCL OSINT / MISP
398d73ec-12fc-45d0-97d4-34dc6b9eed69,2026-03-10,Maltrail IOC for 2026-03-10,R3,0,"tlp:clear | MALWARE | misp:threat-level=""medium-risk"" | misp:event-type=""observation"" | misp:automation-level=""unsupervised"" | type:OSINT | osint:lifetime=""perpetual"" | osint:source-type=""manual-collection""",Fora do foco operacional de ransomware; não há evidência suficiente no manifest de relevância direta para a campanha simulada.,CIRCL OSINT / MISP
84583090-1208-4396-8799-145bbe0017a2,2026-03-10,KRVTZ-NET IDS alerts for 2026-03-10,R3,0,"tlp:clear | misp:event-type=""observation"" | kill-chain:Reconnaissance | misp:automation-level=""unsupervised"" | type:OSINT', 'osint:lifetime=""perpetual""",Fora do foco operacional de ransomware; não há evidência suficiente no manifest de relevância direta para a campanha simulada.,CIRCL OSINT / MISP
cd114f15-0701-4df4-aec4-7d4aedece4b6,2026-03-11,Maltrail IOC for 2026-03-11,R3,0,"tlp:clear | MALWARE | misp:threat-level=""medium-risk"" | misp:event-type=""observation"" | misp:automation-level=""unsupervised"" | type:OSINT | osint:lifetime=""perpetual"" | osint:source-type=""manual-collection""",Fora do foco operacional de ransomware; não há evidência suficiente no manifest de relevância direta para a campanha simulada.,CIRCL OSINT / MISP
90f5a047-a666-42c7-8c2e-221783840c90,2026-03-11,KRVTZ-NET IDS alerts for 2026-03-11,R3,0,"tlp:clear | misp:event-type=""observation"" | kill-chain:Reconnaissance | misp:automation-level=""unsupervised"" | type:OSINT', 'osint:lifetime=""perpetual""",Fora do foco operacional de ransomware; não há evidência suficiente no manifest de relevância direta para a campanha simulada.,CIRCL OSINT / MISP
50a92044-100a-483c-91fa-21439acde32f,2026-03-12,Maltrail IOC for 2026-03-12,R3,0,"tlp:clear | MALWARE | misp:threat-level=""medium-risk"" | misp:event-type=""observation"" | misp:automation-level=""unsupervised"" | type:OSINT | osint:lifetime=""perpetual"" | osint:source-type=""manual-collection""",Fora do foco operacional de ransomware; não há evidência suficiente no manifest de relevância direta para a campanha simulada.,CIRCL OSINT / MISP
e23fbd54-096a-4de1-8288-e17eb68f04c9,2026-03-12,KRVTZ-NET IDS alerts for 2026-03-12,R3,0,"tlp:clear | misp:event-type=""observation"" | kill-chain:Reconnaissance | misp:automation-level=""unsupervised"" | type:OSINT', 'osint:lifetime=""perpetual""",Fora do foco operacional de ransomware; não há evidência suficiente no manifest de relevância direta para a campanha simulada.,CIRCL OSINT / MISP
63adc937-9506-463f-9d28-ec2e3ac56093,2026-03-13,Maltrail IOC for 2026-03-13,R3,0,"tlp:clear | MALWARE | misp:threat-level=""medium-risk"" | misp:event-type=""observation"" | misp:automation-level=""unsupervised"" | type:OSINT | osint:lifetime=""perpetual"" | osint:source-type=""manual-collection""",Fora do foco operacional de ransomware; não há evidência suficiente no manifest de relevância direta para a campanha simulada.,CIRCL OSINT / MISP
d6292c9e-e1c1-4697-8a72-3d50562a29bb,2026-03-13,KRVTZ-NET IDS alerts for 2026-03-13,R3,0,"tlp:clear | misp:event-type=""observation"" | kill-chain:Reconnaissance | misp:automation-level=""unsupervised"" | type:OSINT', 'osint:lifetime=""perpetual""",Fora do foco operacional de ransomware; não há evidência suficiente no manifest de relevância direta para a campanha simulada.,CIRCL OSINT / MISP
2bd1fa00-6450-479c-9387-3a7fcb5e15a9,2026-03-13,KadNap botnet IOC (mainly Asus router),R3,0,"type:OSINT | osint:lifetime=""perpetual"" | osint:certainty=""50"" | tlp:white | tlp:clear | misp-galaxy:botnet=""KadNap""",Fora do foco operacional de ransomware; não há evidência suficiente no manifest de relevância direta para a campanha simulada.,CIRCL OSINT / MISP
4bd4cda9-58b5-4b5a-a047-96bbc62113f5,2026-03-14,Maltrail IOC for 2026-03-14,R3,0,"tlp:clear | MALWARE | misp:threat-level=""medium-risk"" | misp:event-type=""observation"" | misp:automation-level=""unsupervised"" | type:OSINT | osint:lifetime=""perpetual"" | osint:source-type=""manual-collection""",Fora do foco operacional de ransomware; não há evidência suficiente no manifest de relevância direta para a campanha simulada.,CIRCL OSINT / MISP
14501f7e-9084-4cba-8229-66baead78066,2026-03-14,KRVTZ-NET IDS alerts for 2026-03-14,R3,0,"tlp:clear | misp:event-type=""observation"" | kill-chain:Reconnaissance | misp:automation-level=""unsupervised"" | type:OSINT', 'osint:lifetime=""perpetual""",Fora do foco operacional de ransomware; não há evidência suficiente no manifest de relevância direta para a campanha simulada.,CIRCL OSINT / MISP
878f5b33-0fcf-4191-8295-4bcddeb6437a,2026-03-15,Maltrail IOC for 2026-03-15,R3,0,"tlp:clear | MALWARE | misp:threat-level=""medium-risk"" | misp:event-type=""observation"" | misp:automation-level=""unsupervised"" | type:OSINT | osint:lifetime=""perpetual"" | osint:source-type=""manual-collection""",Fora do foco operacional de ransomware; não há evidência suficiente no manifest de relevância direta para a campanha simulada.,CIRCL OSINT / MISP
ce16d00f-4641-4e62-a2ec-e3758563d0d8,2026-03-15,KRVTZ-NET IDS alerts for 2026-03-15,R3,0,"tlp:clear | misp:event-type=""observation"" | kill-chain:Reconnaissance | misp:automation-level=""unsupervised"" | type:OSINT', 'osint:lifetime=""perpetual""",Fora do foco operacional de ransomware; não há evidência suficiente no manifest de relevância direta para a campanha simulada.,CIRCL OSINT / MISP
debce8d5-cb0e-4413-9917-816a04a1373b,2026-03-16,Maltrail IOC for 2026-03-16,R3,0,"tlp:clear | MALWARE | misp:threat-level=""medium-risk"" | misp:event-type=""observation"" | misp:automation-level=""unsupervised"" | type:OSINT | osint:lifetime=""perpetual"" | osint:source-type=""manual-collection""",Fora do foco operacional de ransomware; não há evidência suficiente no manifest de relevância direta para a campanha simulada.,CIRCL OSINT / MISP
5aa113c1-5752-430d-b67d-d5887d2d4b54,2026-03-16,KRVTZ-NET IDS alerts for 2026-03-16,R3,0,"tlp:clear | misp:event-type=""observation"" | kill-chain:Reconnaissance | misp:automation-level=""unsupervised"" | type:OSINT', 'osint:lifetime=""perpetual""",Fora do foco operacional de ransomware; não há evidência suficiente no manifest de relevância direta para a campanha simulada.,CIRCL OSINT / MISP
a1e436cc-7d82-4c1f-8e18-912cb5b1dc7d,2026-03-17,Maltrail IOC for 2026-03-17,R3,0,"tlp:clear | MALWARE | misp:threat-level=""medium-risk"" | misp:event-type=""observation"" | misp:automation-level=""unsupervised"" | type:OSINT | osint:lifetime=""perpetual"" | osint:source-type=""manual-collection""",Fora do foco operacional de ransomware; não há evidência suficiente no manifest de relevância direta para a campanha simulada.,CIRCL OSINT / MISP
7858221a-56da-42be-aa09-0421e6e5c04c,2026-03-17,KRVTZ-NET IDS alerts for 2026-03-17,R3,0,"tlp:clear | misp:event-type=""observation"" | kill-chain:Reconnaissance | misp:automation-level=""unsupervised"" | type:OSINT', 'osint:lifetime=""perpetual""",Fora do foco operacional de ransomware; não há evidência suficiente no manifest de relevância direta para a campanha simulada.,CIRCL OSINT / MISP
136a6440-ade6-4da3-aea0-d80e65d7af94,2026-03-18,Maltrail IOC for 2026-03-18,R3,0,"tlp:clear | MALWARE | misp:threat-level=""medium-risk"" | misp:event-type=""observation"" | misp:automation-level=""unsupervised"" | type:OSINT | osint:lifetime=""perpetual"" | osint:source-type=""manual-collection""",Fora do foco operacional de ransomware; não há evidência suficiente no manifest de relevância direta para a campanha simulada.,CIRCL OSINT / MISP
21c6f416-d1c2-4a84-8ebb-c189b4bf5c5d,2026-03-18,KRVTZ-NET IDS alerts for 2026-03-18,R3,0,"tlp:clear | misp:event-type=""observation"" | kill-chain:Reconnaissance | misp:automation-level=""unsupervised"" | type:OSINT', 'osint:lifetime=""perpetual""",Fora do foco operacional de ransomware; não há evidência suficiente no manifest de relevância direta para a campanha simulada.,CIRCL OSINT / MISP
494223a4-ec5f-415c-b59f-bc03ad2e713a,2026-03-19,Maltrail IOC for 2026-03-19,R3,0,"tlp:clear | MALWARE | misp:threat-level=""medium-risk"" | misp:event-type=""observation"" | misp:automation-level=""unsupervised"" | type:OSINT | osint:lifetime=""perpetual"" | osint:source-type=""manual-collection""",Fora do foco operacional de ransomware; não há evidência suficiente no manifest de relevância direta para a campanha simulada.,CIRCL OSINT / MISP
fae52194-82fe-4f1b-9569-81228fb53d04,2026-03-19,KRVTZ-NET IDS alerts for 2026-03-19,R3,0,"tlp:clear | misp:event-type=""observation"" | kill-chain:Reconnaissance | misp:automation-level=""unsupervised"" | type:OSINT', 'osint:lifetime=""perpetual""",Fora do foco operacional de ransomware; não há evidência suficiente no manifest de relevância direta para a campanha simulada.,CIRCL OSINT / MISP
150c533e-552d-4e7f-8894-9d9ecf852a72,2026-03-20,Maltrail IOC for 2026-03-20,R3,0,"tlp:clear | MALWARE | misp:threat-level=""medium-risk"" | misp:event-type=""observation"" | misp:automation-level=""unsupervised"" | type:OSINT | osint:lifetime=""perpetual"" | osint:source-type=""manual-collection""",Fora do foco operacional de ransomware; não há evidência suficiente no manifest de relevância direta para a campanha simulada.,CIRCL OSINT / MISP
48116205-bffa-4db1-b520-1062c73d5973,2026-03-20,KRVTZ-NET IDS alerts for 2026-03-20,R3,0,"tlp:clear | misp:event-type=""observation"" | kill-chain:Reconnaissance | misp:automation-level=""unsupervised"" | type:OSINT', 'osint:lifetime=""perpetual""",Fora do foco operacional de ransomware; não há evidência suficiente no manifest de relevância direta para a campanha simulada.,CIRCL OSINT / MISP
b8ef1b56-3e16-4f06-9c11-d1e0a7586332,2026-03-21,Maltrail IOC for 2026-03-21,R3,0,"tlp:clear | MALWARE | misp:threat-level=""medium-risk"" | misp:event-type=""observation"" | misp:automation-level=""unsupervised"" | type:OSINT | osint:lifetime=""perpetual"" | osint:source-type=""manual-collection""",Fora do foco operacional de ransomware; não há evidência suficiente no manifest de relevância direta para a campanha simulada.,CIRCL OSINT / MISP
a6519a9a-fe46-4462-bd71-8264f4d1acdc,2026-03-21,KRVTZ-NET IDS alerts for 2026-03-21,R3,0,"tlp:clear | misp:event-type=""observation"" | kill-chain:Reconnaissance | misp:automation-level=""unsupervised"" | type:OSINT', 'osint:lifetime=""perpetual""",Fora do foco operacional de ransomware; não há evidência suficiente no manifest de relevância direta para a campanha simulada.,CIRCL OSINT / MISP
21303d8f-49bc-4516-9fc4-39d829d7c08e,2026-03-22,Maltrail IOC for 2026-03-22,R3,0,"tlp:clear | MALWARE | misp:threat-level=""medium-risk"" | misp:event-type=""observation"" | misp:automation-level=""unsupervised"" | type:OSINT | osint:lifetime=""perpetual"" | osint:source-type=""manual-collection""",Fora do foco operacional de ransomware; não há evidência suficiente no manifest de relevância direta para a campanha simulada.,CIRCL OSINT / MISP
c363da9b-daf2-4390-9810-f1ae58ba170b,2026-03-22,KRVTZ-NET IDS alerts for 2026-03-22,R3,0,"tlp:clear | misp:event-type=""observation"" | kill-chain:Reconnaissance | misp:automation-level=""unsupervised"" | type:OSINT', 'osint:lifetime=""perpetual""",Fora do foco operacional de ransomware; não há evidência suficiente no manifest de relevância direta para a campanha simulada.,CIRCL OSINT / MISP
d6ee1a04-c309-40b8-a454-852150a1baf9,2026-03-23,Maltrail IOC for 2026-03-23,R3,0,"tlp:clear | MALWARE | misp:threat-level=""medium-risk"" | misp:event-type=""observation"" | misp:automation-level=""unsupervised"" | type:OSINT | osint:lifetime=""perpetual"" | osint:source-type=""manual-collection""",Fora do foco operacional de ransomware; não há evidência suficiente no manifest de relevância direta para a campanha simulada.,CIRCL OSINT / MISP
c3345562-2945-459e-bbb9-9bbec7e35e32,2026-03-23,KRVTZ-NET IDS alerts for 2026-03-23,R3,0,"tlp:clear | misp:event-type=""observation"" | kill-chain:Reconnaissance | misp:automation-level=""unsupervised"" | type:OSINT', 'osint:lifetime=""perpetual""",Fora do foco operacional de ransomware; não há evidência suficiente no manifest de relevância direta para a campanha simulada.,CIRCL OSINT / MISP
d1412427-b81f-4ad5-be0f-bb404d448aeb,2026-03-24,Maltrail IOC for 2026-03-24,R3,0,"tlp:clear | MALWARE | misp:threat-level=""medium-risk"" | misp:event-type=""observation"" | misp:automation-level=""unsupervised"" | type:OSINT | osint:lifetime=""perpetual"" | osint:source-type=""manual-collection""",Fora do foco operacional de ransomware; não há evidência suficiente no manifest de relevância direta para a campanha simulada.,CIRCL OSINT / MISP
41427363-7464-4678-b0cf-be384fb8a7bb,2026-03-24,KRVTZ-NET IDS alerts for 2026-03-24,R3,0,"tlp:clear | misp:event-type=""observation"" | kill-chain:Reconnaissance | misp:automation-level=""unsupervised"" | type:OSINT', 'osint:lifetime=""perpetual""",Fora do foco operacional de ransomware; não há evidência suficiente no manifest de relevância direta para a campanha simulada.,CIRCL OSINT / MISP
c3a6a834-b558-4d12-85a5-eacbdb26d643,2026-03-25,Maltrail IOC for 2026-03-25,R3,0,"tlp:clear | MALWARE | misp:threat-level=""medium-risk"" | misp:event-type=""observation"" | misp:automation-level=""unsupervised"" | type:OSINT | osint:lifetime=""perpetual"" | osint:source-type=""manual-collection""",Fora do foco operacional de ransomware; não há evidência suficiente no manifest de relevância direta para a campanha simulada.,CIRCL OSINT / MISP
eafb322b-a441-41e0-935c-f53441f8a804,2026-03-25,KRVTZ-NET IDS alerts for 2026-03-25,R3,0,"tlp:clear | misp:event-type=""observation"" | kill-chain:Reconnaissance | misp:automation-level=""unsupervised"" | type:OSINT', 'osint:lifetime=""perpetual""",Fora do foco operacional de ransomware; não há evidência suficiente no manifest de relevância direta para a campanha simulada.,CIRCL OSINT / MISP
6fdcdd1d-9fcd-4a3a-996f-ffa09c16065a,2026-03-26,Maltrail IOC for 2026-03-26,R3,0,"tlp:clear | MALWARE | misp:threat-level=""medium-risk"" | misp:event-type=""observation"" | misp:automation-level=""unsupervised"" | type:OSINT | osint:lifetime=""perpetual"" | osint:source-type=""manual-collection""",Fora do foco operacional de ransomware; não há evidência suficiente no manifest de relevância direta para a campanha simulada.,CIRCL OSINT / MISP
dfb24218-0b28-4a3f-9947-2b4bf68f7768,2026-03-26,KRVTZ-NET IDS alerts for 2026-03-26,R3,0,"tlp:clear | misp:event-type=""observation"" | kill-chain:Reconnaissance | misp:automation-level=""unsupervised"" | type:OSINT', 'osint:lifetime=""perpetual""",Fora do foco operacional de ransomware; não há evidência suficiente no manifest de relevância direta para a campanha simulada.,CIRCL OSINT / MISP
bbd0d66e-6b80-4b31-8708-a8826ce91d07,2026-03-27,Maltrail IOC for 2026-03-27,R3,0,"tlp:clear | MALWARE | misp:threat-level=""medium-risk"" | misp:event-type=""observation"" | misp:automation-level=""unsupervised"" | type:OSINT | osint:lifetime=""perpetual"" | osint:source-type=""manual-collection""",Fora do foco operacional de ransomware; não há evidência suficiente no manifest de relevância direta para a campanha simulada.,CIRCL OSINT / MISP
bdd34a3d-476b-4ded-9ab7-14efd69cbf2b,2026-03-27,KRVTZ-NET IDS alerts for 2026-03-27,R3,0,"tlp:clear | misp:event-type=""observation"" | kill-chain:Reconnaissance | misp:automation-level=""unsupervised"" | type:OSINT', 'osint:lifetime=""perpetual""",Fora do foco operacional de ransomware; não há evidência suficiente no manifest de relevância direta para a campanha simulada.,CIRCL OSINT / MISP
ee03b6e0-c469-44df-8426-42e513ab682d,2026-03-28,Maltrail IOC for 2026-03-28,R3,0,"tlp:clear | MALWARE | misp:threat-level=""medium-risk"" | misp:event-type=""observation"" | misp:automation-level=""unsupervised"" | type:OSINT | osint:lifetime=""perpetual"" | osint:source-type=""manual-collection""",Fora do foco operacional de ransomware; não há evidência suficiente no manifest de relevância direta para a campanha simulada.,CIRCL OSINT / MISP
8922ef99-4522-483e-853b-5b10d447e16f,2026-03-28,KRVTZ-NET IDS alerts for 2026-03-28,R3,0,"tlp:clear | misp:event-type=""observation"" | kill-chain:Reconnaissance | misp:automation-level=""unsupervised"" | type:OSINT', 'osint:lifetime=""perpetual""",Fora do foco operacional de ransomware; não há evidência suficiente no manifest de relevância direta para a campanha simulada.,CIRCL OSINT / MISP
dbd5afe9-55bd-43da-8721-56c54d89b351,2026-03-29,Maltrail IOC for 2026-03-29,R3,0,"tlp:clear | MALWARE | misp:threat-level=""medium-risk"" | misp:event-type=""observation"" | misp:automation-level=""unsupervised"" | type:OSINT | osint:lifetime=""perpetual"" | osint:source-type=""manual-collection""",Fora do foco operacional de ransomware; não há evidência suficiente no manifest de relevância direta para a campanha simulada.,CIRCL OSINT / MISP
52b2eb89-f08a-4dc8-8993-ef4042e00add,2026-03-29,KRVTZ-NET IDS alerts for 2026-03-29,R3,0,"tlp:clear | misp:event-type=""observation"" | kill-chain:Reconnaissance | misp:automation-level=""unsupervised"" | type:OSINT', 'osint:lifetime=""perpetual""",Fora do foco operacional de ransomware; não há evidência suficiente no manifest de relevância direta para a campanha simulada.,CIRCL OSINT / MISP
dedc7d36-0fcf-4653-ab81-2f9880a00f26,2026-03-30,KRVTZ-NET IDS alerts for 2026-03-30,R3,0,"tlp:clear | misp:event-type=""observation"" | kill-chain:Reconnaissance | misp:automation-level=""unsupervised"" | type:OSINT', 'osint:lifetime=""perpetual""",Fora do foco operacional de ransomware; não há evidência suficiente no manifest de relevância direta para a campanha simulada.,CIRCL OSINT / MISP
8474278c-7d9a-4246-b029-979a9243cc01,2026-03-31,KRVTZ-NET IDS alerts for 2026-03-31,R3,0,"tlp:clear | misp:event-type=""observation"" | kill-chain:Reconnaissance | misp:automation-level=""unsupervised"" | type:OSINT', 'osint:lifetime=""perpetual""",Fora do foco operacional de ransomware; não há evidência suficiente no manifest de relevância direta para a campanha simulada.,CIRCL OSINT / MISP
0751fd85-ecbb-4204-8d19-2b662950290c,2026-04-02,Maltrail IOC for 2026-04-02,R3,0,"tlp:clear | MALWARE | misp:threat-level=""medium-risk"" | misp:event-type=""observation"" | misp:automation-level=""unsupervised"" | type:OSINT | osint:lifetime=""perpetual"" | osint:source-type=""manual-collection""",Fora do foco operacional de ransomware; não há evidência suficiente no manifest de relevância direta para a campanha simulada.,CIRCL OSINT / MISP
7c9cc102-0241-4810-91fc-34953d8be409,2026-04-02,Maltrail IOC for 2026-04-03,R3,0,"tlp:clear | MALWARE | misp:threat-level=""medium-risk"" | misp:event-type=""observation"" | misp:automation-level=""unsupervised"" | type:OSINT | osint:lifetime=""perpetual"" | osint:source-type=""manual-collection""",Fora do foco operacional de ransomware; não há evidência suficiente no manifest de relevância direta para a campanha simulada.,CIRCL OSINT / MISP
d94d0ee5-923f-4ee2-a9bb-6daff7c10daf,2026-04-03,KRVTZ-NET IDS alerts for 2026-04-03,R3,0,"tlp:clear | misp:event-type=""observation"" | kill-chain:Reconnaissance | misp:automation-level=""unsupervised"" | type:OSINT', 'osint:lifetime=""perpetual""",Fora do foco operacional de ransomware; não há evidência suficiente no manifest de relevância direta para a campanha simulada.,CIRCL OSINT / MISP
d7cd0f75-3f3e-4c1e-8ee6-bdaf92aeffba,2026-04-03,Maltrail IOC for 2026-04-04,R3,0,"tlp:clear | MALWARE | misp:threat-level=""medium-risk"" | misp:event-type=""observation"" | misp:automation-level=""unsupervised"" | type:OSINT | osint:lifetime=""perpetual"" | osint:source-type=""manual-collection""",Fora do foco operacional de ransomware; não há evidência suficiente no manifest de relevância direta para a campanha simulada.,CIRCL OSINT / MISP
7fd49ba7-d26a-4c27-9073-c44dff263e9c,2026-04-04,KRVTZ-NET IDS alerts for 2026-04-04,R3,0,"tlp:clear | misp:event-type=""observation"" | kill-chain:Reconnaissance | misp:automation-level=""unsupervised"" | type:OSINT', 'osint:lifetime=""perpetual""",Fora do foco operacional de ransomware; não há evidência suficiente no manifest de relevância direta para a campanha simulada.,CIRCL OSINT / MISP
4fe01c50-d249-4c4e-a5c7-624aaa0c173b,2026-04-04,Maltrail IOC for 2026-04-05,R3,0,"tlp:clear | MALWARE | misp:threat-level=""medium-risk"" | misp:event-type=""observation"" | misp:automation-level=""unsupervised"" | type:OSINT | osint:lifetime=""perpetual"" | osint:source-type=""manual-collection""",Fora do foco operacional de ransomware; não há evidência suficiente no manifest de relevância direta para a campanha simulada.,CIRCL OSINT / MISP
cfd35589-baba-4335-92d7-ee5bc0f773a9,2026-04-05,KRVTZ-NET IDS alerts for 2026-04-05,R3,0,"tlp:clear | misp:event-type=""observation"" | kill-chain:Reconnaissance | misp:automation-level=""unsupervised"" | type:OSINT', 'osint:lifetime=""perpetual""",Fora do foco operacional de ransomware; não há evidência suficiente no manifest de relevância direta para a campanha simulada.,CIRCL OSINT / MISP
e16fa7b3-35d5-44a6-8274-439e29874a95,2026-04-06,KRVTZ-NET IDS alerts for 2026-04-06,R3,0,"tlp:clear | misp:event-type=""observation"" | kill-chain:Reconnaissance | misp:automation-level=""unsupervised"" | type:OSINT', 'osint:lifetime=""perpetual""",Fora do foco operacional de ransomware; não há evidência suficiente no manifest de relevância direta para a campanha simulada.,CIRCL OSINT / MISP
e4635f7f-a3e2-4b68-932b-44411b27ae88,2026-04-06,Maltrail IOC for 2026-04-07,R3,0,"tlp:clear | MALWARE | misp:threat-level=""medium-risk"" | misp:event-type=""observation"" | misp:automation-level=""unsupervised"" | type:OSINT | osint:lifetime=""perpetual"" | osint:source-type=""manual-collection""",Fora do foco operacional de ransomware; não há evidência suficiente no manifest de relevância direta para a campanha simulada.,CIRCL OSINT / MISP
0833fc76-616b-4182-9069-ca67c5b62de6,2026-04-07,KRVTZ-NET IDS alerts for 2026-04-07,R3,0,"tlp:clear | misp:event-type=""observation"" | kill-chain:Reconnaissance | misp:automation-level=""unsupervised"" | type:OSINT', 'osint:lifetime=""perpetual""",Fora do foco operacional de ransomware; não há evidência suficiente no manifest de relevância direta para a campanha simulada.,CIRCL OSINT / MISP
d4f73963-1064-40a8-ba8d-b64f253d0f5f,2026-04-08,KRVTZ-NET IDS alerts for 2026-04-08,R3,0,"tlp:clear | misp:event-type=""observation"" | kill-chain:Reconnaissance | misp:automation-level=""unsupervised"" | type:OSINT', 'osint:lifetime=""perpetual""",Fora do foco operacional de ransomware; não há evidência suficiente no manifest de relevância direta para a campanha simulada.,CIRCL OSINT / MISP
71dd1c3a-650d-4941-a6c8-3de925ff4b0a,2026-04-08,Maltrail IOC for 2026-04-09,R3,0,"tlp:clear | MALWARE | misp:threat-level=""medium-risk"" | misp:event-type=""observation"" | misp:automation-level=""unsupervised"" | type:OSINT | osint:lifetime=""perpetual"" | osint:source-type=""manual-collection""",Fora do foco operacional de ransomware; não há evidência suficiente no manifest de relevância direta para a campanha simulada.,CIRCL OSINT / MISP
026b6c1d-c2ca-41fa-8348-5f1c7dcd1ac1,2026-04-09,KRVTZ-NET IDS alerts for 2026-04-09,R3,0,"tlp:clear | misp:event-type=""observation"" | kill-chain:Reconnaissance | misp:automation-level=""unsupervised"" | type:OSINT', 'osint:lifetime=""perpetual""",Fora do foco operacional de ransomware; não há evidência suficiente no manifest de relevância direta para a campanha simulada.,CIRCL OSINT / MISP
b544b646-11bb-49fc-9b5e-7b9afb8c276f,2026-04-09,Maltrail IOC for 2026-04-10,R3,0,"tlp:clear | MALWARE | misp:threat-level=""medium-risk"" | misp:event-type=""observation"" | misp:automation-level=""unsupervised"" | type:OSINT | osint:lifetime=""perpetual"" | osint:source-type=""manual-collection""",Fora do foco operacional de ransomware; não há evidência suficiente no manifest de relevância direta para a campanha simulada.,CIRCL OSINT / MISP
d1f3f5db-8c74-4d18-8a9e-6af7137bc92c,2026-04-10,KRVTZ-NET IDS alerts for 2026-04-10,R3,0,"tlp:clear | misp:event-type=""observation"" | kill-chain:Reconnaissance | misp:automation-level=""unsupervised"" | type:OSINT', 'osint:lifetime=""perpetual""",Fora do foco operacional de ransomware; não há evidência suficiente no manifest de relevância direta para a campanha simulada.,CIRCL OSINT / MISP
08d290e0-3409-4766-843b-042d364b2187,2026-04-10,Maltrail IOC for 2026-04-11,R3,0,"tlp:clear | MALWARE | misp:threat-level=""medium-risk"" | misp:event-type=""observation"" | misp:automation-level=""unsupervised"" | type:OSINT | osint:lifetime=""perpetual"" | osint:source-type=""manual-collection""",Fora do foco operacional de ransomware; não há evidência suficiente no manifest de relevância direta para a campanha simulada.,CIRCL OSINT / MISP
749f284d-1c60-44fe-a46e-4dbbecd4c9f1,2026-04-11,KRVTZ-NET IDS alerts for 2026-04-11,R3,0,"tlp:clear | misp:event-type=""observation"" | kill-chain:Reconnaissance | misp:automation-level=""unsupervised"" | type:OSINT', 'osint:lifetime=""perpetual""",Fora do foco operacional de ransomware; não há evidência suficiente no manifest de relevância direta para a campanha simulada.,CIRCL OSINT / MISP
2cd4314d-02e5-440d-9c30-374dc6ebec21,2026-04-11,Maltrail IOC for 2026-04-12,R3,0,"tlp:clear | MALWARE | misp:threat-level=""medium-risk"" | misp:event-type=""observation"" | misp:automation-level=""unsupervised"" | type:OSINT | osint:lifetime=""perpetual"" | osint:source-type=""manual-collection""",Fora do foco operacional de ransomware; não há evidência suficiente no manifest de relevância direta para a campanha simulada.,CIRCL OSINT / MISP
78407fea-a3a8-4ecf-b340-d1c5a3afade9,2026-04-12,KRVTZ-NET IDS alerts for 2026-04-12,R3,0,"tlp:clear | misp:event-type=""observation"" | kill-chain:Reconnaissance | misp:automation-level=""unsupervised"" | type:OSINT', 'osint:lifetime=""perpetual""",Fora do foco operacional de ransomware; não há evidência suficiente no manifest de relevância direta para a campanha simulada.,CIRCL OSINT / MISP
a9ea16b8-6c9c-4e74-b57f-90fae43f6485,2026-04-12,Maltrail IOC for 2026-04-13,R3,0,"tlp:clear | MALWARE | misp:threat-level=""medium-risk"" | misp:event-type=""observation"" | misp:automation-level=""unsupervised"" | type:OSINT | osint:lifetime=""perpetual"" | osint:source-type=""manual-collection""",Fora do foco operacional de ransomware; não há evidência suficiente no manifest de relevância direta para a campanha simulada.,CIRCL OSINT / MISP
684e874a-e143-4927-a9ac-b8cddfc06861,2026-04-13,KRVTZ-NET IDS alerts for 2026-04-13,R3,0,"tlp:clear | misp:event-type=""observation"" | kill-chain:Reconnaissance | misp:automation-level=""unsupervised"" | type:OSINT', 'osint:lifetime=""perpetual""",Fora do foco operacional de ransomware; não há evidência suficiente no manifest de relevância direta para a campanha simulada.,CIRCL OSINT / MISP
9ffc0252-dcd2-4cab-96ec-b93c6f888ae4,2026-04-13,Maltrail IOC for 2026-04-14,R3,0,"tlp:clear | MALWARE | misp:threat-level=""medium-risk"" | misp:event-type=""observation"" | misp:automation-level=""unsupervised"" | type:OSINT | osint:lifetime=""perpetual"" | osint:source-type=""manual-collection""",Fora do foco operacional de ransomware; não há evidência suficiente no manifest de relevância direta para a campanha simulada.,CIRCL OSINT / MISP
258b6ca9-17fb-4cf0-b5b0-332ce65f0ce0,2026-04-14,KRVTZ-NET IDS alerts for 2026-04-14,R3,0,"tlp:clear | misp:event-type=""observation"" | kill-chain:Reconnaissance | misp:automation-level=""unsupervised"" | type:OSINT', 'osint:lifetime=""perpetual""",Fora do foco operacional de ransomware; não há evidência suficiente no manifest de relevância direta para a campanha simulada.,CIRCL OSINT / MISP
e1b629a9-1476-4830-a5ee-83b601e05ff3,2026-04-14,Maltrail IOC for 2026-04-15,R3,0,"tlp:clear | MALWARE | misp:threat-level=""medium-risk"" | misp:event-type=""observation"" | misp:automation-level=""unsupervised"" | type:OSINT | osint:lifetime=""perpetual"" | osint:source-type=""manual-collection""",Fora do foco operacional de ransomware; não há evidência suficiente no manifest de relevância direta para a campanha simulada.,CIRCL OSINT / MISP
ca0fca19-acbf-4442-9463-2a64455b763a,2026-04-15,KRVTZ-NET IDS alerts for 2026-04-15,R3,0,"tlp:clear | misp:event-type=""observation"" | kill-chain:Reconnaissance | misp:automation-level=""unsupervised"" | type:OSINT', 'osint:lifetime=""perpetual""",Fora do foco operacional de ransomware; não há evidência suficiente no manifest de relevância direta para a campanha simulada.,CIRCL OSINT / MISP
40b63ce6-f62b-43ba-a695-7e02006db7c8,2026-04-15,Maltrail IOC for 2026-04-16,R3,0,"tlp:clear | MALWARE | misp:threat-level=""medium-risk"" | misp:event-type=""observation"" | misp:automation-level=""unsupervised"" | type:OSINT | osint:lifetime=""perpetual"" | osint:source-type=""manual-collection""",Fora do foco operacional de ransomware; não há evidência suficiente no manifest de relevância direta para a campanha simulada.,CIRCL OSINT / MISP
a53dc34b-20e4-47a5-ba4f-6df457de4077,2026-04-16,KRVTZ-NET IDS alerts for 2026-04-16,R3,0,"tlp:clear | misp:event-type=""observation"" | kill-chain:Reconnaissance | misp:automation-level=""unsupervised"" | type:OSINT', 'osint:lifetime=""perpetual""",Fora do foco operacional de ransomware; não há evidência suficiente no manifest de relevância direta para a campanha simulada.,CIRCL OSINT / MISP
e01c3382-0750-4036-9299-c508d322df77,2026-04-16,Maltrail IOC for 2026-04-17,R3,0,"tlp:clear | MALWARE | misp:threat-level=""medium-risk"" | misp:event-type=""observation"" | misp:automation-level=""unsupervised"" | type:OSINT | osint:lifetime=""perpetual"" | osint:source-type=""manual-collection""",Fora do foco operacional de ransomware; não há evidência suficiente no manifest de relevância direta para a campanha simulada.,CIRCL OSINT / MISP
52e19573-cf07-4e06-bf85-7d14b4b230bd,2026-04-17,KRVTZ-NET IDS alerts for 2026-04-17,R3,0,"tlp:clear | misp:event-type=""observation"" | kill-chain:Reconnaissance | misp:automation-level=""unsupervised"" | type:OSINT', 'osint:lifetime=""perpetual""",Fora do foco operacional de ransomware; não há evidência suficiente no manifest de relevância direta para a campanha simulada.,CIRCL OSINT / MISP
19cf13ab-8026-42da-82d0-5a856e1d479a,2026-04-17,Maltrail IOC for 2026-04-18,R3,0,"tlp:clear | MALWARE | misp:threat-level=""medium-risk"" | misp:event-type=""observation"" | misp:automation-level=""unsupervised"" | type:OSINT | osint:lifetime=""perpetual"" | osint:source-type=""manual-collection""",Fora do foco operacional de ransomware; não há evidência suficiente no manifest de relevância direta para a campanha simulada.,CIRCL OSINT / MISP
610ab7a5-3aa4-4076-9a1e-c40ca05d1096,2026-04-18,KRVTZ-NET IDS alerts for 2026-04-18,R3,0,"tlp:clear | misp:event-type=""observation"" | kill-chain:Reconnaissance | misp:automation-level=""unsupervised"" | type:OSINT', 'osint:lifetime=""perpetual""",Fora do foco operacional de ransomware; não há evidência suficiente no manifest de relevância direta para a campanha simulada.,CIRCL OSINT / MISP
56ae8c9e-093c-4aa1-b82b-bedd4d7535c2,2026-04-18,Maltrail IOC for 2026-04-19,R3,0,"tlp:clear | MALWARE | misp:threat-level=""medium-risk"" | misp:event-type=""observation"" | misp:automation-level=""unsupervised"" | type:OSINT | osint:lifetime=""perpetual"" | osint:source-type=""manual-collection""",Fora do foco operacional de ransomware; não há evidência suficiente no manifest de relevância direta para a campanha simulada.,CIRCL OSINT / MISP
dea5f4a1-4379-490f-af54-a23635ce1fbd,2026-04-19,KRVTZ-NET IDS alerts for 2026-04-19,R3,0,"tlp:clear | misp:event-type=""observation"" | kill-chain:Reconnaissance | misp:automation-level=""unsupervised"" | type:OSINT', 'osint:lifetime=""perpetual""",Fora do foco operacional de ransomware; não há evidência suficiente no manifest de relevância direta para a campanha simulada.,CIRCL OSINT / MISP
edd72f39-6e90-4bde-aae0-387e18cbc015,2026-04-19,Maltrail IOC for 2026-04-20,R3,0,"tlp:clear | MALWARE | misp:threat-level=""medium-risk"" | misp:event-type=""observation"" | misp:automation-level=""unsupervised"" | type:OSINT | osint:lifetime=""perpetual"" | osint:source-type=""manual-collection""",Fora do foco operacional de ransomware; não há evidência suficiente no manifest de relevância direta para a campanha simulada.,CIRCL OSINT / MISP
07cbee90-85e6-4b82-85d3-cf7afc0ec3d7,2026-04-20,KRVTZ-NET IDS alerts for 2026-04-20,R3,0,"tlp:clear | misp:event-type=""observation"" | kill-chain:Reconnaissance | misp:automation-level=""unsupervised"" | type:OSINT', 'osint:lifetime=""perpetual""",Fora do foco operacional de ransomware; não há evidência suficiente no manifest de relevância direta para a campanha simulada.,CIRCL OSINT / MISP
7f785788-f3a8-423a-8cf9-ec8480772460,2026-04-20,Maltrail IOC for 2026-04-21,R3,0,"tlp:clear | MALWARE | misp:threat-level=""medium-risk"" | misp:event-type=""observation"" | misp:automation-level=""unsupervised"" | type:OSINT | osint:lifetime=""perpetual"" | osint:source-type=""manual-collection""",Fora do foco operacional de ransomware; não há evidência suficiente no manifest de relevância direta para a campanha simulada.,CIRCL OSINT / MISP
f557b7b4-ac80-4aa3-8250-913559a23027,2026-04-21,KRVTZ-NET IDS alerts for 2026-04-21,R3,0,"tlp:clear | misp:event-type=""observation"" | kill-chain:Reconnaissance | misp:automation-level=""unsupervised"" | type:OSINT', 'osint:lifetime=""perpetual""",Fora do foco operacional de ransomware; não há evidência suficiente no manifest de relevância direta para a campanha simulada.,CIRCL OSINT / MISP
ac521fad-b190-4293-9247-222762644fb7,2026-04-21,Maltrail IOC for 2026-04-22,R3,0,"tlp:clear | MALWARE | misp:threat-level=""medium-risk"" | misp:event-type=""observation"" | misp:automation-level=""unsupervised"" | type:OSINT | osint:lifetime=""perpetual"" | osint:source-type=""manual-collection""",Fora do foco operacional de ransomware; não há evidência suficiente no manifest de relevância direta para a campanha simulada.,CIRCL OSINT / MISP
d75bfa4f-06c8-4cb0-a857-f93bf5f000f9,2026-04-22,KRVTZ-NET IDS alerts for 2026-04-22,R3,0,"tlp:clear | misp:event-type=""observation"" | kill-chain:Reconnaissance | misp:automation-level=""unsupervised"" | type:OSINT', 'osint:lifetime=""perpetual""",Fora do foco operacional de ransomware; não há evidência suficiente no manifest de relevância direta para a campanha simulada.,CIRCL OSINT / MISP
465b76fb-42e4-4a02-b5fd-95d4a0e0cb5a,2026-04-22,Maltrail IOC for 2026-04-23,R3,0,"tlp:clear | MALWARE | misp:threat-level=""medium-risk"" | misp:event-type=""observation"" | misp:automation-level=""unsupervised"" | type:OSINT | osint:lifetime=""perpetual"" | osint:source-type=""manual-collection""",Fora do foco operacional de ransomware; não há evidência suficiente no manifest de relevância direta para a campanha simulada.,CIRCL OSINT / MISP
6061a3af-10dd-41f5-a360-81e0e819473f,2026-04-23,KRVTZ-NET IDS alerts for 2026-04-23,R3,0,"tlp:clear | misp:event-type=""observation"" | kill-chain:Reconnaissance | misp:automation-level=""unsupervised"" | type:OSINT', 'osint:lifetime=""perpetual""",Fora do foco operacional de ransomware; não há evidência suficiente no manifest de relevância direta para a campanha simulada.,CIRCL OSINT / MISP
71a0be23-b18e-4fb0-91fe-69a0ff3b53e3,2026-04-23,Maltrail IOC for 2026-04-24,R3,0,"tlp:clear | MALWARE | misp:threat-level=""medium-risk"" | misp:event-type=""observation"" | misp:automation-level=""unsupervised"" | type:OSINT | osint:lifetime=""perpetual"" | osint:source-type=""manual-collection""",Fora do foco operacional de ransomware; não há evidência suficiente no manifest de relevância direta para a campanha simulada.,CIRCL OSINT / MISP
66576149-c3e4-4fdd-ac70-efb204c5d5f6,2026-04-24,KRVTZ-NET IDS alerts for 2026-04-24,R3,0,"tlp:clear | misp:event-type=""observation"" | kill-chain:Reconnaissance | misp:automation-level=""unsupervised"" | type:OSINT', 'osint:lifetime=""perpetual""",Fora do foco operacional de ransomware; não há evidência suficiente no manifest de relevância direta para a campanha simulada.,CIRCL OSINT / MISP
41c6badd-b26b-40f1-bee9-8ac50593d892,2026-04-24,Maltrail IOC for 2026-04-25,R3,0,"tlp:clear | MALWARE | misp:threat-level=""medium-risk"" | misp:event-type=""observation"" | misp:automation-level=""unsupervised"" | type:OSINT | osint:lifetime=""perpetual"" | osint:source-type=""manual-collection""",Fora do foco operacional de ransomware; não há evidência suficiente no manifest de relevância direta para a campanha simulada.,CIRCL OSINT / MISP
23defe04-475b-4888-9033-d3fcf9d262e0,2026-04-25,KRVTZ-NET IDS alerts for 2026-04-25,R3,0,"tlp:clear | misp:event-type=""observation"" | kill-chain:Reconnaissance | misp:automation-level=""unsupervised"" | type:OSINT', 'osint:lifetime=""perpetual""",Fora do foco operacional de ransomware; não há evidência suficiente no manifest de relevância direta para a campanha simulada.,CIRCL OSINT / MISP
7fb56db4-d93d-4e94-84d0-ff0c41d703dc,2026-04-25,Maltrail IOC for 2026-04-26,R3,0,"tlp:clear | MALWARE | misp:threat-level=""medium-risk"" | misp:event-type=""observation"" | misp:automation-level=""unsupervised"" | type:OSINT | osint:lifetime=""perpetual"" | osint:source-type=""manual-collection""",Fora do foco operacional de ransomware; não há evidência suficiente no manifest de relevância direta para a campanha simulada.,CIRCL OSINT / MISP
1b6ec04b-4030-4a12-b1b3-b483874dff6b,2026-04-26,KRVTZ-NET IDS alerts for 2026-04-26,R3,0,"tlp:clear | misp:event-type=""observation"" | kill-chain:Reconnaissance | misp:automation-level=""unsupervised"" | type:OSINT', 'osint:lifetime=""perpetual""",Fora do foco operacional de ransomware; não há evidência suficiente no manifest de relevância direta para a campanha simulada.,CIRCL OSINT / MISP
33f918d7-18b1-4726-8e7d-0bf424b7dd63,2026-04-26,Maltrail IOC for 2026-04-27,R3,0,"tlp:clear | MALWARE | misp:threat-level=""medium-risk"" | misp:event-type=""observation"" | misp:automation-level=""unsupervised"" | type:OSINT | osint:lifetime=""perpetual"" | osint:source-type=""manual-collection""",Fora do foco operacional de ransomware; não há evidência suficiente no manifest de relevância direta para a campanha simulada.,CIRCL OSINT / MISP
3c8177db-2006-4a46-82a4-2653c6a866b7,2026-04-27,KRVTZ-NET IDS alerts for 2026-04-27,R3,0,"tlp:clear | misp:event-type=""observation"" | kill-chain:Reconnaissance | misp:automation-level=""unsupervised"" | type:OSINT', 'osint:lifetime=""perpetual""",Fora do foco operacional de ransomware; não há evidência suficiente no manifest de relevância direta para a campanha simulada.,CIRCL OSINT / MISP
b386637f-dd0a-4e97-ba8e-911ad76270d5,2026-04-27,Maltrail IOC for 2026-04-28,R3,0,"tlp:clear | MALWARE | misp:threat-level=""medium-risk"" | misp:event-type=""observation"" | misp:automation-level=""unsupervised"" | type:OSINT | osint:lifetime=""perpetual"" | osint:source-type=""manual-collection""",Fora do foco operacional de ransomware; não há evidência suficiente no manifest de relevância direta para a campanha simulada.,CIRCL OSINT / MISP
234a16f3-81b8-4d63-bfec-3918de7d64a3,2026-04-28,KRVTZ-NET IDS alerts for 2026-04-28,R3,0,"tlp:clear | misp:event-type=""observation"" | kill-chain:Reconnaissance | misp:automation-level=""unsupervised"" | type:OSINT', 'osint:lifetime=""perpetual""",Fora do foco operacional de ransomware; não há evidência suficiente no manifest de relevância direta para a campanha simulada.,CIRCL OSINT / MISP
ce22ab1e-7841-448d-8420-2fb8986d03b2,2026-04-28,Maltrail IOC for 2026-04-29,R3,0,"tlp:clear | MALWARE | misp:threat-level=""medium-risk"" | misp:event-type=""observation"" | misp:automation-level=""unsupervised"" | type:OSINT | osint:lifetime=""perpetual"" | osint:source-type=""manual-collection""",Fora do foco operacional de ransomware; não há evidência suficiente no manifest de relevância direta para a campanha simulada.,CIRCL OSINT / MISP
e28d0d7f-1857-4a10-b2a8-440755c1a522,2026-04-29,KRVTZ-NET IDS alerts for 2026-04-29,R3,0,"tlp:clear | misp:event-type=""observation"" | kill-chain:Reconnaissance | misp:automation-level=""unsupervised"" | type:OSINT', 'osint:lifetime=""perpetual""",Fora do foco operacional de ransomware; não há evidência suficiente no manifest de relevância direta para a campanha simulada.,CIRCL OSINT / MISP
51c47e73-03bc-444b-91f4-1293c8a3a082,2026-04-29,Maltrail IOC for 2026-04-30,R3,0,"tlp:clear | MALWARE | misp:threat-level=""medium-risk"" | misp:event-type=""observation"" | misp:automation-level=""unsupervised"" | type:OSINT | osint:lifetime=""perpetual"" | osint:source-type=""manual-collection""",Fora do foco operacional de ransomware; não há evidência suficiente no manifest de relevância direta para a campanha simulada.,CIRCL OSINT / MISP
096a3ffb-66fc-42cc-8038-cbeb2acdee6f,2026-04-30,KRVTZ-NET IDS alerts for 2026-04-30,R3,0,"tlp:clear | misp:event-type=""observation"" | kill-chain:Reconnaissance | misp:automation-level=""unsupervised"" | type:OSINT', 'osint:lifetime=""perpetual""",Fora do foco operacional de ransomware; não há evidência suficiente no manifest de relevância direta para a campanha simulada.,CIRCL OSINT / MISP
f9186f67-0632-4896-865a-6d5892a87f84,2026-04-30,Maltrail IOC for 2026-05-01,R3,0,"tlp:clear | MALWARE | misp:threat-level=""medium-risk"" | misp:event-type=""observation"" | misp:automation-level=""unsupervised"" | type:OSINT | osint:lifetime=""perpetual"" | osint:source-type=""manual-collection""",Fora do foco operacional de ransomware; não há evidência suficiente no manifest de relevância direta para a campanha simulada.,CIRCL OSINT / MISP
563ffbb5-30f9-48d0-ab91-a0e795b2f434,2026-05-01,KRVTZ-NET IDS alerts for 2026-05-01,R3,0,"tlp:clear | misp:event-type=""observation"" | kill-chain:Reconnaissance | misp:automation-level=""unsupervised"" | type:OSINT', 'osint:lifetime=""perpetual""",Fora do foco operacional de ransomware; não há evidência suficiente no manifest de relevância direta para a campanha simulada.,CIRCL OSINT / MISP
4c9bb553-9aa3-41b3-ae8b-ffdd075ae910,2026-05-01,Maltrail IOC for 2026-05-02,R3,0,"tlp:clear | MALWARE | misp:threat-level=""medium-risk"" | misp:event-type=""observation"" | misp:automation-level=""unsupervised"" | type:OSINT | osint:lifetime=""perpetual"" | osint:source-type=""manual-collection""",Fora do foco operacional de ransomware; não há evidência suficiente no manifest de relevância direta para a campanha simulada.,CIRCL OSINT / MISP
9a3f60f4-addd-48ed-b450-5ca6cf4c4c0f,2026-05-02,KRVTZ-NET IDS alerts for 2026-05-02,R3,0,"tlp:clear | misp:event-type=""observation"" | kill-chain:Reconnaissance | misp:automation-level=""unsupervised"" | type:OSINT', 'osint:lifetime=""perpetual""",Fora do foco operacional de ransomware; não há evidência suficiente no manifest de relevância direta para a campanha simulada.,CIRCL OSINT / MISP
a6ef797d-7223-409b-88bd-30bd3fafed2c,2026-05-02,Maltrail IOC for 2026-05-03,R3,0,"tlp:clear | MALWARE | misp:threat-level=""medium-risk"" | misp:event-type=""observation"" | misp:automation-level=""unsupervised"" | type:OSINT | osint:lifetime=""perpetual"" | osint:source-type=""manual-collection""",Fora do foco operacional de ransomware; não há evidência suficiente no manifest de relevância direta para a campanha simulada.,CIRCL OSINT / MISP
66b89ee8-d7ca-43e4-a8a2-384296da4415,2026-05-03,KRVTZ-NET IDS alerts for 2026-05-03,R3,0,"tlp:clear | misp:event-type=""observation"" | kill-chain:Reconnaissance | misp:automation-level=""unsupervised"" | type:OSINT', 'osint:lifetime=""perpetual""",Fora do foco operacional de ransomware; não há evidência suficiente no manifest de relevância direta para a campanha simulada.,CIRCL OSINT / MISP
905c13e3-96bb-44a4-9e41-1ff9e2fd63bf,2026-05-03,Maltrail IOC for 2026-05-04,R3,0,"tlp:clear | MALWARE | misp:threat-level=""medium-risk"" | misp:event-type=""observation"" | misp:automation-level=""unsupervised"" | type:OSINT | osint:lifetime=""perpetual"" | osint:source-type=""manual-collection""",Fora do foco operacional de ransomware; não há evidência suficiente no manifest de relevância direta para a campanha simulada.,CIRCL OSINT / MISP
d1e8e75d-81de-4b4b-857f-a52b33a23ea7,2026-05-04,KRVTZ-NET IDS alerts for 2026-05-04,R3,0,"tlp:clear | misp:event-type=""observation"" | kill-chain:Reconnaissance | misp:automation-level=""unsupervised"" | type:OSINT', 'osint:lifetime=""perpetual""",Fora do foco operacional de ransomware; não há evidência suficiente no manifest de relevância direta para a campanha simulada.,CIRCL OSINT / MISP
4db752e8-4cf1-429b-afd6-209df464146c,2026-05-04,Maltrail IOC for 2026-05-05,R3,0,"tlp:clear | MALWARE | misp:threat-level=""medium-risk"" | misp:event-type=""observation"" | misp:automation-level=""unsupervised"" | type:OSINT | osint:lifetime=""perpetual"" | osint:source-type=""manual-collection""",Fora do foco operacional de ransomware; não há evidência suficiente no manifest de relevância direta para a campanha simulada.,CIRCL OSINT / MISP
7994001e-b68e-4740-991a-27a703eef241,2026-05-05,KRVTZ-NET IDS alerts for 2026-05-05,R3,0,"tlp:clear | misp:event-type=""observation"" | kill-chain:Reconnaissance | misp:automation-level=""unsupervised"" | type:OSINT', 'osint:lifetime=""perpetual""",Fora do foco operacional de ransomware; não há evidência suficiente no manifest de relevância direta para a campanha simulada.,CIRCL OSINT / MISP
18fe8d57-6f89-4001-9500-7b26c0f50c8b,2026-05-05,Maltrail IOC for 2026-05-06,R3,0,"tlp:clear | MALWARE | misp:threat-level=""medium-risk"" | misp:event-type=""observation"" | misp:automation-level=""unsupervised"" | type:OSINT | osint:lifetime=""perpetual"" | osint:source-type=""manual-collection""",Fora do foco operacional de ransomware; não há evidência suficiente no manifest de relevância direta para a campanha simulada.,CIRCL OSINT / MISP
6202358f-37d4-4f3b-8a89-faec9ceeb909,2026-05-06,Maltrail IOC for 2026-05-07,R3,0,"tlp:clear | MALWARE | misp:threat-level=""medium-risk"" | misp:event-type=""observation"" | misp:automation-level=""unsupervised"" | type:OSINT | osint:lifetime=""perpetual"" | osint:source-type=""manual-collection""",Fora do foco operacional de ransomware; não há evidência suficiente no manifest de relevância direta para a campanha simulada.,CIRCL OSINT / MISP
cfc1b9bc-c831-4397-981c-30ab074b7f98,2026-05-07,KRVTZ-NET IDS alerts for 2026-05-07,R3,0,"tlp:clear | misp:event-type=""observation"" | kill-chain:Reconnaissance | misp:automation-level=""unsupervised"" | type:OSINT', 'osint:lifetime=""perpetual""",Fora do foco operacional de ransomware; não há evidência suficiente no manifest de relevância direta para a campanha simulada.,CIRCL OSINT / MISP
63f01919-4cf7-4dfd-a11f-3b4bcf2a5ab1,2026-05-07,Maltrail IOC for 2026-05-08,R3,0,"tlp:clear | MALWARE | misp:threat-level=""medium-risk"" | misp:event-type=""observation"" | misp:automation-level=""unsupervised"" | type:OSINT | osint:lifetime=""perpetual"" | osint:source-type=""manual-collection""",Fora do foco operacional de ransomware; não há evidência suficiente no manifest de relevância direta para a campanha simulada.,CIRCL OSINT / MISP
7340f95b-bdcb-4bc1-826e-954acdfe755a,2026-05-08,KRVTZ-NET IDS alerts for 2026-05-08,R3,0,"tlp:clear | misp:event-type=""observation"" | kill-chain:Reconnaissance | misp:automation-level=""unsupervised"" | type:OSINT', 'osint:lifetime=""perpetual""",Fora do foco operacional de ransomware; não há evidência suficiente no manifest de relevância direta para a campanha simulada.,CIRCL OSINT / MISP
b7e3734d-8081-44f7-9867-29a1d7ab1b98,2026-05-08,Maltrail IOC for 2026-05-09,R3,0,"tlp:clear | MALWARE | misp:threat-level=""medium-risk"" | misp:event-type=""observation"" | misp:automation-level=""unsupervised"" | type:OSINT | osint:lifetime=""perpetual"" | osint:source-type=""manual-collection""",Fora do foco operacional de ransomware; não há evidência suficiente no manifest de relevância direta para a campanha simulada.,CIRCL OSINT / MISP
1f8e5bfc-802a-416d-a769-2581dcefad74,2026-05-09,KRVTZ-NET IDS alerts for 2026-05-09,R3,0,"tlp:clear | misp:event-type=""observation"" | kill-chain:Reconnaissance | misp:automation-level=""unsupervised"" | type:OSINT', 'osint:lifetime=""perpetual""",Fora do foco operacional de ransomware; não há evidência suficiente no manifest de relevância direta para a campanha simulada.,CIRCL OSINT / MISP
64de6b82-8870-44ff-8fa5-18d75f2ee5ad,2026-05-09,Maltrail IOC for 2026-05-10,R3,0,"tlp:clear | MALWARE | misp:threat-level=""medium-risk"" | misp:event-type=""observation"" | misp:automation-level=""unsupervised"" | type:OSINT | osint:lifetime=""perpetual"" | osint:source-type=""manual-collection""",Fora do foco operacional de ransomware; não há evidência suficiente no manifest de relevância direta para a campanha simulada.,CIRCL OSINT / MISP
cfe40aca-79f9-4945-94c2-9a7f732cc14a,2026-05-10,KRVTZ-NET IDS alerts for 2026-05-10,R3,0,"tlp:clear | misp:event-type=""observation"" | kill-chain:Reconnaissance | misp:automation-level=""unsupervised"" | type:OSINT', 'osint:lifetime=""perpetual""",Fora do foco operacional de ransomware; não há evidência suficiente no manifest de relevância direta para a campanha simulada.,CIRCL OSINT / MISP
a3a7047b-015c-48ef-a1f5-03d8fc75d725,2026-05-11,KRVTZ-NET IDS alerts for 2026-05-11,R3,0,"tlp:clear | misp:event-type=""observation"" | kill-chain:Reconnaissance | misp:automation-level=""unsupervised"" | type:OSINT', 'osint:lifetime=""perpetual""",Fora do foco operacional de ransomware; não há evidência suficiente no manifest de relevância direta para a campanha simulada.,CIRCL OSINT / MISP
9c8f9b1a-c54e-44c3-b2ae-ff204ef2b09a,2026-05-12,KRVTZ-NET IDS alerts for 2026-05-12,R3,0,"tlp:clear | misp:event-type=""observation"" | kill-chain:Reconnaissance | misp:automation-level=""unsupervised"" | type:OSINT', 'osint:lifetime=""perpetual""",Fora do foco operacional de ransomware; não há evidência suficiente no manifest de relevância direta para a campanha simulada.,CIRCL OSINT / MISP
504dd707-68e4-4636-9c36-94ad505e666c,2026-05-13,KRVTZ-NET IDS alerts for 2026-05-13,R3,0,"tlp:clear | misp:event-type=""observation"" | kill-chain:Reconnaissance | misp:automation-level=""unsupervised"" | type:OSINT', 'osint:lifetime=""perpetual""",Fora do foco operacional de ransomware; não há evidência suficiente no manifest de relevância direta para a campanha simulada.,CIRCL OSINT / MISP
aa4fa6cc-5136-4256-bff7-dd5b82110114,2026-05-14,KRVTZ-NET IDS alerts for 2026-05-14,R3,0,"tlp:clear | misp:event-type=""observation"" | kill-chain:Reconnaissance | misp:automation-level=""unsupervised"" | type:OSINT', 'osint:lifetime=""perpetual""",Fora do foco operacional de ransomware; não há evidência suficiente no manifest de relevância direta para a campanha simulada.,CIRCL OSINT / MISP
a56de1cb-027a-4b49-be18-e0cff3ba8118,2026-05-14,Maltrail IOC for 2026-05-15,R3,0,"tlp:clear | MALWARE | misp:threat-level=""medium-risk"" | misp:event-type=""observation"" | misp:automation-level=""unsupervised"" | type:OSINT | osint:lifetime=""perpetual"" | osint:source-type=""manual-collection""",Fora do foco operacional de ransomware; não há evidência suficiente no manifest de relevância direta para a campanha simulada.,CIRCL OSINT / MISP
4f31c24b-8337-45f1-b3d9-c342dac5b5b4,2026-05-15,KRVTZ-NET IDS alerts for 2026-05-15,R3,0,"tlp:clear | misp:event-type=""observation"" | kill-chain:Reconnaissance | misp:automation-level=""unsupervised"" | type:OSINT', 'osint:lifetime=""perpetual""",Fora do foco operacional de ransomware; não há evidência suficiente no manifest de relevância direta para a campanha simulada.,CIRCL OSINT / MISP
c54b54f3-6385-4bba-8199-572afe1202a8,2026-05-15,Maltrail IOC for 2026-05-16,R3,0,"tlp:clear | MALWARE | misp:threat-level=""medium-risk"" | misp:event-type=""observation"" | misp:automation-level=""unsupervised"" | type:OSINT | osint:lifetime=""perpetual"" | osint:source-type=""manual-collection""",Fora do foco operacional de ransomware; não há evidência suficiente no manifest de relevância direta para a campanha simulada.,CIRCL OSINT / MISP
07c75420-0a1d-4db8-9785-67ad6c55efe7,2026-05-16,KRVTZ-NET IDS alerts for 2026-05-16,R3,0,"tlp:clear | misp:event-type=""observation"" | kill-chain:Reconnaissance | misp:automation-level=""unsupervised"" | type:OSINT', 'osint:lifetime=""perpetual""",Fora do foco operacional de ransomware; não há evidência suficiente no manifest de relevância direta para a campanha simulada.,CIRCL OSINT / MISP
6b353c07-62b4-4e43-8c4b-44bf0e52f2fe,2026-05-16,Maltrail IOC for 2026-05-17,R3,0,"tlp:clear | MALWARE | misp:threat-level=""medium-risk"" | misp:event-type=""observation"" | misp:automation-level=""unsupervised"" | type:OSINT | osint:lifetime=""perpetual"" | osint:source-type=""manual-collection""",Fora do foco operacional de ransomware; não há evidência suficiente no manifest de relevância direta para a campanha simulada.,CIRCL OSINT / MISP
e254b51f-abab-43cf-b069-d1cdd0646bbb,2026-05-17,KRVTZ-NET IDS alerts for 2026-05-17,R3,0,"tlp:clear | misp:event-type=""observation"" | kill-chain:Reconnaissance | misp:automation-level=""unsupervised"" | type:OSINT', 'osint:lifetime=""perpetual""",Fora do foco operacional de ransomware; não há evidência suficiente no manifest de relevância direta para a campanha simulada.,CIRCL OSINT / MISP
50844ee8-3e79-4e60-a7c4-a98f68856e9b,2026-05-17,Maltrail IOC for 2026-05-18,R3,0,"tlp:clear | MALWARE | misp:threat-level=""medium-risk"" | misp:event-type=""observation"" | misp:automation-level=""unsupervised"" | type:OSINT | osint:lifetime=""perpetual"" | osint:source-type=""manual-collection""",Fora do foco operacional de ransomware; não há evidência suficiente no manifest de relevância direta para a campanha simulada.,CIRCL OSINT / MISP
53cc7d43-7ad8-4652-b2d8-13c7648b3050,2026-05-18,KRVTZ-NET IDS alerts for 2026-05-18,R3,0,"tlp:clear | misp:event-type=""observation"" | kill-chain:Reconnaissance | misp:automation-level=""unsupervised"" | type:OSINT', 'osint:lifetime=""perpetual""",Fora do foco operacional de ransomware; não há evidência suficiente no manifest de relevância direta para a campanha simulada.,CIRCL OSINT / MISP
d86076f8-7b9d-45eb-ad26-5f6f64282a9b,2026-05-18,Maltrail IOC for 2026-05-19,R3,0,"tlp:clear | MALWARE | misp:threat-level=""medium-risk"" | misp:event-type=""observation"" | misp:automation-level=""unsupervised"" | type:OSINT | osint:lifetime=""perpetual"" | osint:source-type=""manual-collection""",Fora do foco operacional de ransomware; não há evidência suficiente no manifest de relevância direta para a campanha simulada.,CIRCL OSINT / MISP
d5a1fc6c-990a-4fc4-84f8-fb5bc35116a1,2026-05-19,KRVTZ-NET IDS alerts for 2026-05-19,R3,0,"tlp:clear | misp:event-type=""observation"" | kill-chain:Reconnaissance | misp:automation-level=""unsupervised"" | type:OSINT', 'osint:lifetime=""perpetual""",Fora do foco operacional de ransomware; não há evidência suficiente no manifest de relevância direta para a campanha simulada.,CIRCL OSINT / MISP
10c39115-7be2-45d1-884f-8125733c1b92,2026-05-19,Maltrail IOC for 2026-05-20,R3,0,"tlp:clear | MALWARE | misp:threat-level=""medium-risk"" | misp:event-type=""observation"" | misp:automation-level=""unsupervised"" | type:OSINT | osint:lifetime=""perpetual"" | osint:source-type=""manual-collection""",Fora do foco operacional de ransomware; não há evidência suficiente no manifest de relevância direta para a campanha simulada.,CIRCL OSINT / MISP
bcd222e6-4fd6-4cdd-81d2-1434cd4603ff,2026-05-20,KRVTZ-NET IDS alerts for 2026-05-20,R3,0,"tlp:clear | misp:event-type=""observation"" | kill-chain:Reconnaissance | misp:automation-level=""unsupervised"" | type:OSINT', 'osint:lifetime=""perpetual""",Fora do foco operacional de ransomware; não há evidência suficiente no manifest de relevância direta para a campanha simulada.,CIRCL OSINT / MISP
f448167c-10a0-4757-b348-873d680bfdf9,2026-05-20,Maltrail IOC for 2026-05-21,R3,0,"tlp:clear | MALWARE | misp:threat-level=""medium-risk"" | misp:event-type=""observation"" | misp:automation-level=""unsupervised"" | type:OSINT | osint:lifetime=""perpetual"" | osint:source-type=""manual-collection""",Fora do foco operacional de ransomware; não há evidência suficiente no manifest de relevância direta para a campanha simulada.,CIRCL OSINT / MISP
14bc5133-b7b6-46b8-9953-d849b5cb340c,2026-05-21,KRVTZ-NET IDS alerts for 2026-05-21,R3,0,"tlp:clear | misp:event-type=""observation"" | kill-chain:Reconnaissance | misp:automation-level=""unsupervised"" | type:OSINT', 'osint:lifetime=""perpetual""",Fora do foco operacional de ransomware; não há evidência suficiente no manifest de relevância direta para a campanha simulada.,CIRCL OSINT / MISP
f90aad37-a87e-430c-a410-3dca0a5a9dd4,2026-05-21,Maltrail IOC for 2026-05-22,R3,0,"tlp:clear | MALWARE | misp:threat-level=""medium-risk"" | misp:event-type=""observation"" | misp:automation-level=""unsupervised"" | type:OSINT | osint:lifetime=""perpetual"" | osint:source-type=""manual-collection""",Fora do foco operacional de ransomware; não há evidência suficiente no manifest de relevância direta para a campanha simulada.,CIRCL OSINT / MISP
ffe55eab-e7eb-4db5-9850-3df828ada392,2026-05-22,KRVTZ-NET IDS alerts for 2026-05-22,R3,0,"tlp:clear | misp:event-type=""observation"" | kill-chain:Reconnaissance | misp:automation-level=""unsupervised"" | type:OSINT', 'osint:lifetime=""perpetual""",Fora do foco operacional de ransomware; não há evidência suficiente no manifest de relevância direta para a campanha simulada.,CIRCL OSINT / MISP
c124c2a5-e3d7-4edf-bb8f-3de9bc35834a,2026-05-22,Maltrail IOC for 2026-05-23,R3,0,"tlp:clear | MALWARE | misp:threat-level=""medium-risk"" | misp:event-type=""observation"" | misp:automation-level=""unsupervised"" | type:OSINT | osint:lifetime=""perpetual"" | osint:source-type=""manual-collection""",Fora do foco operacional de ransomware; não há evidência suficiente no manifest de relevância direta para a campanha simulada.,CIRCL OSINT / MISP
59c34b85-6f36-4f39-959c-b2bb8d09112a,2026-05-23,KRVTZ-NET IDS alerts for 2026-05-23,R3,0,"tlp:clear | misp:event-type=""observation"" | kill-chain:Reconnaissance | misp:automation-level=""unsupervised"" | type:OSINT', 'osint:lifetime=""perpetual""",Fora do foco operacional de ransomware; não há evidência suficiente no manifest de relevância direta para a campanha simulada.,CIRCL OSINT / MISP
7855419c-51d9-4583-acd9-a6aa8e30d61e,2026-05-23,Maltrail IOC for 2026-05-24,R3,0,"tlp:clear | MALWARE | misp:threat-level=""medium-risk"" | misp:event-type=""observation"" | misp:automation-level=""unsupervised"" | type:OSINT | osint:lifetime=""perpetual"" | osint:source-type=""manual-collection""",Fora do foco operacional de ransomware; não há evidência suficiente no manifest de relevância direta para a campanha simulada.,CIRCL OSINT / MISP
d8158bee-eadb-4219-b9b6-99e0bdf9564a,2026-05-24,KRVTZ-NET IDS alerts for 2026-05-24,R3,0,"tlp:clear | misp:event-type=""observation"" | kill-chain:Reconnaissance | misp:automation-level=""unsupervised"" | type:OSINT', 'osint:lifetime=""perpetual""",Fora do foco operacional de ransomware; não há evidência suficiente no manifest de relevância direta para a campanha simulada.,CIRCL OSINT / MISP
ee072c55-80ac-4de0-a589-d9f179a82efd,2026-05-24,Maltrail IOC for 2026-05-25,R3,0,"tlp:clear | MALWARE | misp:threat-level=""medium-risk"" | misp:event-type=""observation"" | misp:automation-level=""unsupervised"" | type:OSINT | osint:lifetime=""perpetual"" | osint:source-type=""manual-collection""",Fora do foco operacional de ransomware; não há evidência suficiente no manifest de relevância direta para a campanha simulada.,CIRCL OSINT / MISP
7fd6bbec-320e-48c5-b09d-79519e533f11,2026-05-25,Maltrail IOC for 2026-05-26,R3,0,"tlp:clear | MALWARE | misp:threat-level=""medium-risk"" | misp:event-type=""observation"" | misp:automation-level=""unsupervised"" | type:OSINT | osint:lifetime=""perpetual"" | osint:source-type=""manual-collection""",Fora do foco operacional de ransomware; não há evidência suficiente no manifest de relevância direta para a campanha simulada.,CIRCL OSINT / MISP
9a4ef3c0-d447-4f61-b72c-46d3acbbb1d2,2026-05-26,Maltrail IOC for 2026-05-27,R3,0,"tlp:clear | MALWARE | misp:threat-level=""medium-risk"" | misp:event-type=""observation"" | misp:automation-level=""unsupervised"" | type:OSINT | osint:lifetime=""perpetual"" | osint:source-type=""manual-collection""",Fora do foco operacional de ransomware; não há evidência suficiente no manifest de relevância direta para a campanha simulada.,CIRCL OSINT / MISP
92b12a00-26ca-4092-a480-fece3ad6f9d5,2026-05-27,Maltrail IOC for 2026-05-28,R3,0,"tlp:clear | MALWARE | misp:threat-level=""medium-risk"" | misp:event-type=""observation"" | misp:automation-level=""unsupervised"" | type:OSINT | osint:lifetime=""perpetual"" | osint:source-type=""manual-collection""",Fora do foco operacional de ransomware; não há evidência suficiente no manifest de relevância direta para a campanha simulada.,CIRCL OSINT / MISP
a03acbf1-881f-4cb3-884b-360fa93e141e,2026-05-28,Maltrail IOC for 2026-05-29,R3,0,"tlp:clear | MALWARE | misp:threat-level=""medium-risk"" | misp:event-type=""observation"" | misp:automation-level=""unsupervised"" | type:OSINT | osint:lifetime=""perpetual"" | osint:source-type=""manual-collection""",Fora do foco operacional de ransomware; não há evidência suficiente no manifest de relevância direta para a campanha simulada.,CIRCL OSINT / MISP
73a87b4e-9bc9-48c2-bf1d-bca9bc5827fc,2026-05-29,Maltrail IOC for 2026-05-30,R3,0,"tlp:clear | MALWARE | misp:threat-level=""medium-risk"" | misp:event-type=""observation"" | misp:automation-level=""unsupervised"" | type:OSINT | osint:lifetime=""perpetual"" | osint:source-type=""manual-collection""",Fora do foco operacional de ransomware; não há evidência suficiente no manifest de relevância direta para a campanha simulada.,CIRCL OSINT / MISP
48f67453-ca57-4770-8c63-dc82595f3e0e,2026-05-30,Maltrail IOC for 2026-05-31,R3,0,"tlp:clear | MALWARE | misp:threat-level=""medium-risk"" | misp:event-type=""observation"" | misp:automation-level=""unsupervised"" | type:OSINT | osint:lifetime=""perpetual"" | osint:source-type=""manual-collection""",Fora do foco operacional de ransomware; não há evidência suficiente no manifest de relevância direta para a campanha simulada.,CIRCL OSINT / MISP
e23472df-ca0e-42e3-a1d8-903fef202593,2026-05-31,Maltrail IOC for 2026-06-01,R3,0,"tlp:clear | MALWARE | misp:threat-level=""medium-risk"" | misp:event-type=""observation"" | misp:automation-level=""unsupervised"" | type:OSINT | osint:lifetime=""perpetual"" | osint:source-type=""manual-collection""",Fora do foco operacional de ransomware; não há evidência suficiente no manifest de relevância direta para a campanha simulada.,CIRCL OSINT / MISP
10a94632-a0a1-4062-a3a5-95fe321ae045,2026-06-01,Phishing Campaign Targeting Hotel Customers in Luxembourg,R3,1,"type:OSINT | osint:lifetime=""perpetual"" | tlp:white | tlp:clear | misp-galaxy:financial-fraud=""Phishing"" | misp-galaxy:financial-fraud=""Mobile Fraud"" | misp-galaxy:mitre-attack-pattern=""Spearphishing Link - T1192"" | phishing:psychological-acceptability=""high"" | phishing:techniques=""sms-phishing"" | misp-galaxy:country=""luxembourg"" | misp-galaxy:sector=""Hospitality"" | misp-galaxy:sector=""Hotels""",Fora do foco operacional de ransomware; não há evidência suficiente no manifest de relevância direta para a campanha simulada.,CIRCL OSINT / MISP
87f831ba-5e47-4210-b79a-d733f70f4a00,2026-06-01,Maltrail IOC for 2026-06-02,R3,0,"tlp:clear | MALWARE | misp:threat-level=""medium-risk"" | misp:event-type=""observation"" | misp:automation-level=""unsupervised"" | type:OSINT | osint:lifetime=""perpetual"" | osint:source-type=""manual-collection""",Fora do foco operacional de ransomware; não há evidência suficiente no manifest de relevância direta para a campanha simulada.,CIRCL OSINT / MISP
f828f058-5a81-4142-a0b3-b47e28c71e2a,2026-06-02,Maltrail IOC for 2026-06-03,R3,0,"tlp:clear | MALWARE | misp:threat-level=""medium-risk"" | misp:event-type=""observation"" | misp:automation-level=""unsupervised"" | type:OSINT | osint:lifetime=""perpetual"" | osint:source-type=""manual-collection""",Fora do foco operacional de ransomware; não há evidência suficiente no manifest de relevância direta para a campanha simulada.,CIRCL OSINT / MISP
503001ee-8340-416d-b1a7-a72e79b0ba8f,2026-06-03,Maltrail IOC for 2026-06-04,R3,0,"tlp:clear | MALWARE | misp:threat-level=""medium-risk"" | misp:event-type=""observation"" | misp:automation-level=""unsupervised"" | type:OSINT | osint:lifetime=""perpetual"" | osint:source-type=""manual-collection""",Fora do foco operacional de ransomware; não há evidência suficiente no manifest de relevância direta para a campanha simulada.,CIRCL OSINT / MISP
e3b7f367-0435-43a2-b1d3-f4a696cfeaea,2026-06-04,Maltrail IOC for 2026-06-05,R3,0,"tlp:clear | MALWARE | misp:threat-level=""medium-risk"" | misp:event-type=""observation"" | misp:automation-level=""unsupervised"" | type:OSINT | osint:lifetime=""perpetual"" | osint:source-type=""manual-collection""",Fora do foco operacional de ransomware; não há evidência suficiente no manifest de relevância direta para a campanha simulada.,CIRCL OSINT / MISP
031fb9c1-32e9-4363-aa51-6f4df779cb14,2026-06-05,Maltrail IOC for 2026-06-06,R3,0,"tlp:clear | MALWARE | misp:threat-level=""medium-risk"" | misp:event-type=""observation"" | misp:automation-level=""unsupervised"" | type:OSINT | osint:lifetime=""perpetual"" | osint:source-type=""manual-collection""",Fora do foco operacional de ransomware; não há evidência suficiente no manifest de relevância direta para a campanha simulada.,CIRCL OSINT / MISP
04bacec9-88d5-4088-b1ba-f4c581df4bc1,2026-06-06,Maltrail IOC for 2026-06-07,R3,0,"tlp:clear | MALWARE | misp:threat-level=""medium-risk"" | misp:event-type=""observation"" | misp:automation-level=""unsupervised"" | type:OSINT | osint:lifetime=""perpetual"" | osint:source-type=""manual-collection""",Fora do foco operacional de ransomware; não há evidência suficiente no manifest de relevância direta para a campanha simulada.,CIRCL OSINT / MISP
4a45e589-c851-41a9-b4c0-249de14eceeb,2026-06-07,Maltrail IOC for 2026-06-08,R3,0,"tlp:clear | MALWARE | misp:threat-level=""medium-risk"" | misp:event-type=""observation"" | misp:automation-level=""unsupervised"" | type:OSINT | osint:lifetime=""perpetual"" | osint:source-type=""manual-collection""",Fora do foco operacional de ransomware; não há evidência suficiente no manifest de relevância direta para a campanha simulada.,CIRCL OSINT / MISP
70a24add-ca6c-48d7-8196-280b648237fd,2026-06-08,Maltrail IOC for 2026-06-09,R3,0,"tlp:clear | MALWARE | misp:threat-level=""medium-risk"" | misp:event-type=""observation"" | misp:automation-level=""unsupervised"" | type:OSINT | osint:lifetime=""perpetual"" | osint:source-type=""manual-collection""",Fora do foco operacional de ransomware; não há evidência suficiente no manifest de relevância direta para a campanha simulada.,CIRCL OSINT / MISP
a569ecc1-9e0d-413a-bb85-50ada5e643c2,2026-06-09,Maltrail IOC for 2026-06-10,R3,0,"tlp:clear | MALWARE | misp:threat-level=""medium-risk"" | misp:event-type=""observation"" | misp:automation-level=""unsupervised"" | type:OSINT | osint:lifetime=""perpetual"" | osint:source-type=""manual-collection""",Fora do foco operacional de ransomware; não há evidência suficiente no manifest de relevância direta para a campanha simulada.,CIRCL OSINT / MISP
10a9ab63-cbe7-4d03-82a5-2fbe04413b9f,2026-06-10,Maltrail IOC for 2026-06-11,R3,0,"tlp:clear | MALWARE | misp:threat-level=""medium-risk"" | misp:event-type=""observation"" | misp:automation-level=""unsupervised"" | type:OSINT | osint:lifetime=""perpetual"" | osint:source-type=""manual-collection""",Fora do foco operacional de ransomware; não há evidência suficiente no manifest de relevância direta para a campanha simulada.,CIRCL OSINT / MISP
2267a44b-6738-41b3-a92a-de3db93fcd41,2026-06-12,Maltrail IOC for 2026-06-13,R3,0,"tlp:clear | MALWARE | misp:threat-level=""medium-risk"" | misp:event-type=""observation"" | misp:automation-level=""unsupervised"" | type:OSINT | osint:lifetime=""perpetual"" | osint:source-type=""manual-collection""",Fora do foco operacional de ransomware; não há evidência suficiente no manifest de relevância direta para a campanha simulada.,CIRCL OSINT / MISP
a2b4b75f-e399-40a6-91d4-ead8b421b93d,2026-06-13,Maltrail IOC for 2026-06-14,R3,0,"tlp:clear | MALWARE | misp:threat-level=""medium-risk"" | misp:event-type=""observation"" | misp:automation-level=""unsupervised"" | type:OSINT | osint:lifetime=""perpetual"" | osint:source-type=""manual-collection""",Fora do foco operacional de ransomware; não há evidência suficiente no manifest de relevância direta para a campanha simulada.,CIRCL OSINT / MISP
5141a946-6109-4a37-821e-83eb8a281e2f,2026-06-14,Maltrail IOC for 2026-06-15,R3,0,"tlp:clear | MALWARE | misp:threat-level=""medium-risk"" | misp:event-type=""observation"" | misp:automation-level=""unsupervised"" | type:OSINT | osint:lifetime=""perpetual"" | osint:source-type=""manual-collection""",Fora do foco operacional de ransomware; não há evidência suficiente no manifest de relevância direta para a campanha simulada.,CIRCL OSINT / MISP
869bde21-bfc1-48fa-a7ff-0fd0bef879f5,2026-06-15,Maltrail IOC for 2026-06-16,R3,0,"tlp:clear | MALWARE | misp:threat-level=""medium-risk"" | misp:event-type=""observation"" | misp:automation-level=""unsupervised"" | type:OSINT | osint:lifetime=""perpetual"" | osint:source-type=""manual-collection""",Fora do foco operacional de ransomware; não há evidência suficiente no manifest de relevância direta para a campanha simulada.,CIRCL OSINT / MISP
bd15b376-88d1-45c8-9f72-e4c95c9bb869,2026-06-16,Maltrail IOC for 2026-06-17,R3,0,"tlp:clear | MALWARE | misp:threat-level=""medium-risk"" | misp:event-type=""observation"" | misp:automation-level=""unsupervised"" | type:OSINT | osint:lifetime=""perpetual"" | osint:source-type=""manual-collection""",Fora do foco operacional de ransomware; não há evidência suficiente no manifest de relevância direta para a campanha simulada.,CIRCL OSINT / MISP
08ca6bf6-3e72-403a-9c10-172acd51fdc2,2026-06-17,Maltrail IOC for 2026-06-18,R3,0,"tlp:clear | MALWARE | misp:threat-level=""medium-risk"" | misp:event-type=""observation"" | misp:automation-level=""unsupervised"" | type:OSINT | osint:lifetime=""perpetual"" | osint:source-type=""manual-collection""",Fora do foco operacional de ransomware; não há evidência suficiente no manifest de relevância direta para a campanha simulada.,CIRCL OSINT / MISP
f4ce5e14-59d8-474c-aad7-4e8cea5ece81,2026-06-18,Maltrail IOC for 2026-06-19,R3,0,"tlp:clear | MALWARE | misp:threat-level=""medium-risk"" | misp:event-type=""observation"" | misp:automation-level=""unsupervised"" | type:OSINT | osint:lifetime=""perpetual"" | osint:source-type=""manual-collection""",Fora do foco operacional de ransomware; não há evidência suficiente no manifest de relevância direta para a campanha simulada.,CIRCL OSINT / MISP
ea3effb5-fd4b-4869-aaa9-b4dea47b8f05,2026-06-19,Maltrail IOC for 2026-06-20,R3,0,"tlp:clear | MALWARE | misp:threat-level=""medium-risk"" | misp:event-type=""observation"" | misp:automation-level=""unsupervised"" | type:OSINT | osint:lifetime=""perpetual"" | osint:source-type=""manual-collection""",Fora do foco operacional de ransomware; não há evidência suficiente no manifest de relevância direta para a campanha simulada.,CIRCL OSINT / MISP
52f2c65f-9b18-48d0-b314-389497c784a6,2026-06-20,Maltrail IOC for 2026-06-21,R3,0,"tlp:clear | MALWARE | misp:threat-level=""medium-risk"" | misp:event-type=""observation"" | misp:automation-level=""unsupervised"" | type:OSINT | osint:lifetime=""perpetual"" | osint:source-type=""manual-collection""",Fora do foco operacional de ransomware; não há evidência suficiente no manifest de relevância direta para a campanha simulada.,CIRCL OSINT / MISP
f20f881a-e354-4781-8b5d-44a0929e018f,2026-06-21,Maltrail IOC for 2026-06-22,R3,0,"tlp:clear | MALWARE | misp:threat-level=""medium-risk"" | misp:event-type=""observation"" | misp:automation-level=""unsupervised"" | type:OSINT | osint:lifetime=""perpetual"" | osint:source-type=""manual-collection""",Fora do foco operacional de ransomware; não há evidência suficiente no manifest de relevância direta para a campanha simulada.,CIRCL OSINT / MISP
248327de-3f12-4976-a3d0-3a6a32f16b17,2026-06-22,Maltrail IOC for 2026-06-23,R3,0,"tlp:clear | MALWARE | misp:threat-level=""medium-risk"" | misp:event-type=""observation"" | misp:automation-level=""unsupervised"" | type:OSINT | osint:lifetime=""perpetual"" | osint:source-type=""manual-collection""",Fora do foco operacional de ransomware; não há evidência suficiente no manifest de relevância direta para a campanha simulada.,CIRCL OSINT / MISP
64f30208-0b74-45a1-80d5-656986bc15da,2026-06-27,Maltrail IOC for 2026-06-27,R3,0,"tlp:clear | MALWARE | misp:threat-level=""medium-risk"" | misp:event-type=""observation"" | misp:automation-level=""unsupervised"" | type:OSINT | osint:lifetime=""perpetual"" | osint:source-type=""manual-collection""",Fora do foco operacional de ransomware; não há evidência suficiente no manifest de relevância direta para a campanha simulada.,CIRCL OSINT / MISP
8f4fc48d-cb1c-43e9-b6d0-2b487cd0eb7d,2026-06-27,KRVTZ-NET IDS alerts for 2026-06-27,R3,0,"tlp:clear | misp:event-type=""observation"" | kill-chain:Reconnaissance | misp:automation-level=""unsupervised"" | type:OSINT', 'osint:lifetime=""perpetual""",Fora do foco operacional de ransomware; não há evidência suficiente no manifest de relevância direta para a campanha simulada.,CIRCL OSINT / MISP
8ed956fe-c0f7-4c5b-a1c0-60ebf2472f79,2026-06-27,Maltrail IOC for 2026-06-28,R3,0,"tlp:clear | MALWARE | misp:threat-level=""medium-risk"" | misp:event-type=""observation"" | misp:automation-level=""unsupervised"" | type:OSINT | osint:lifetime=""perpetual"" | osint:source-type=""manual-collection""",Fora do foco operacional de ransomware; não há evidência suficiente no manifest de relevância direta para a campanha simulada.,CIRCL OSINT / MISP
6043ec63-03ec-4873-a142-d0cfc15df79c,2026-06-28,KRVTZ-NET IDS alerts for 2026-06-28,R3,0,"tlp:clear | misp:event-type=""observation"" | kill-chain:Reconnaissance | misp:automation-level=""unsupervised"" | type:OSINT', 'osint:lifetime=""perpetual""",Fora do foco operacional de ransomware; não há evidência suficiente no manifest de relevância direta para a campanha simulada.,CIRCL OSINT / MISP
823a8f32-6afa-443a-9413-1e9fc114c8cc,2026-06-28,Maltrail IOC for 2026-06-29,R3,0,"tlp:clear | MALWARE | misp:threat-level=""medium-risk"" | misp:event-type=""observation"" | misp:automation-level=""unsupervised"" | type:OSINT | osint:lifetime=""perpetual"" | osint:source-type=""manual-collection""",Fora do foco operacional de ransomware; não há evidência suficiente no manifest de relevância direta para a campanha simulada.,CIRCL OSINT / MISP
413d6ff6-63bb-4251-940c-7e1fa522edee,2026-06-29,Maltrail IOC for 2026-06-30,R3,0,"tlp:clear | MALWARE | misp:threat-level=""medium-risk"" | misp:event-type=""observation"" | misp:automation-level=""unsupervised"" | type:OSINT | osint:lifetime=""perpetual"" | osint:source-type=""manual-collection""",Fora do foco operacional de ransomware; não há evidência suficiente no manifest de relevância direta para a campanha simulada.,CIRCL OSINT / MISP
3e67f8da-8429-4221-bd17-57600f7a6969,2026-06-30,Maltrail IOC for 2026-07-01,R3,0,"tlp:clear | MALWARE | misp:threat-level=""medium-risk"" | misp:event-type=""observation"" | misp:automation-level=""unsupervised"" | type:OSINT | osint:lifetime=""perpetual"" | osint:source-type=""manual-collection""",Fora do foco operacional de ransomware; não há evidência suficiente no manifest de relevância direta para a campanha simulada.,CIRCL OSINT / MISP
4bdca999-e02f-4d79-b011-cdb764776f3d,2026-07-01,Maltrail IOC for 2026-07-02,R3,0,"tlp:clear | MALWARE | misp:threat-level=""medium-risk"" | misp:event-type=""observation"" | misp:automation-level=""unsupervised"" | type:OSINT | osint:lifetime=""perpetual"" | osint:source-type=""manual-collection""",Fora do foco operacional de ransomware; não há evidência suficiente no manifest de relevância direta para a campanha simulada.,CIRCL OSINT / MISP
30154841-a2c0-4cb9-900c-a874c1d31d36,2026-07-02,Maltrail IOC for 2026-07-03,R3,0,"tlp:clear | MALWARE | misp:threat-level=""medium-risk"" | misp:event-type=""observation"" | misp:automation-level=""unsupervised"" | type:OSINT | osint:lifetime=""perpetual"" | osint:source-type=""manual-collection""",Fora do foco operacional de ransomware; não há evidência suficiente no manifest de relevância direta para a campanha simulada.,CIRCL OSINT / MISP
9954f3b0-35a0-4f57-b637-9a43cee2940e,2026-07-03,Maltrail IOC for 2026-07-04,R3,0,"tlp:clear | MALWARE | misp:threat-level=""medium-risk"" | misp:event-type=""observation"" | misp:automation-level=""unsupervised"" | type:OSINT | osint:lifetime=""perpetual"" | osint:source-type=""manual-collection""",Fora do foco operacional de ransomware; não há evidência suficiente no manifest de relevância direta para a campanha simulada.,CIRCL OSINT / MISP
2daa60a9-9a5d-4020-9d87-24514070fb90,2026-07-04,Maltrail IOC for 2026-07-05,R3,0,"tlp:clear | MALWARE | misp:threat-level=""medium-risk"" | misp:event-type=""observation"" | misp:automation-level=""unsupervised"" | type:OSINT | osint:lifetime=""perpetual"" | osint:source-type=""manual-collection""",Fora do foco operacional de ransomware; não há evidência suficiente no manifest de relevância direta para a campanha simulada.,CIRCL OSINT / MISP
f7b99d14-f07f-41b5-b9bf-13e59b152219,2026-07-05,Maltrail IOC for 2026-07-06,R3,0,"tlp:clear | MALWARE | misp:threat-level=""medium-risk"" | misp:event-type=""observation"" | misp:automation-level=""unsupervised"" | type:OSINT | osint:lifetime=""perpetual"" | osint:source-type=""manual-collection""",Fora do foco operacional de ransomware; não há evidência suficiente no manifest de relevância direta para a campanha simulada.,CIRCL OSINT / MISP
1b707c7f-3b81-4d91-bf4c-43199ac59886,2026-07-06,Maltrail IOC for 2026-07-07,R3,0,"tlp:clear | MALWARE | misp:threat-level=""medium-risk"" | misp:event-type=""observation"" | misp:automation-level=""unsupervised"" | type:OSINT | osint:lifetime=""perpetual"" | osint:source-type=""manual-collection""",Fora do foco operacional de ransomware; não há evidência suficiente no manifest de relevância direta para a campanha simulada.,CIRCL OSINT / MISP
08e34e6a-8b78-459d-b53d-c9724c6435cd,2026-07-07,Maltrail IOC for 2026-07-08,R3,0,"tlp:clear | MALWARE | misp:threat-level=""medium-risk"" | misp:event-type=""observation"" | misp:automation-level=""unsupervised"" | type:OSINT | osint:lifetime=""perpetual"" | osint:source-type=""manual-collection""",Fora do foco operacional de ransomware; não há evidência suficiente no manifest de relevância direta para a campanha simulada.,CIRCL OSINT / MISP
9fe21642-bde3-48a9-8865-7e7c6367b5b4,2026-07-08,Maltrail IOC for 2026-07-09,R3,0,"tlp:clear | MALWARE | misp:threat-level=""medium-risk"" | misp:event-type=""observation"" | misp:automation-level=""unsupervised"" | type:OSINT | osint:lifetime=""perpetual"" | osint:source-type=""manual-collection""",Fora do foco operacional de ransomware; não há evidência suficiente no manifest de relevância direta para a campanha simulada.,CIRCL OSINT / MISP
dd12c7a1-388e-4a7d-a6d9-7b60f2973985,2026-07-10,Maltrail IOC for 2026-07-11,R3,0,"tlp:clear | MALWARE | misp:threat-level=""medium-risk"" | misp:event-type=""observation"" | misp:automation-level=""unsupervised"" | type:OSINT | osint:lifetime=""perpetual"" | osint:source-type=""manual-collection""",Fora do foco operacional de ransomware; não há evidência suficiente no manifest de relevância direta para a campanha simulada.,CIRCL OSINT / MISP
d17ccdfc-4453-4176-a88b-9e71e060d66f,2026-07-11,Maltrail IOC for 2026-07-12,R3,0,"tlp:clear | MALWARE | misp:threat-level=""medium-risk"" | misp:event-type=""observation"" | misp:automation-level=""unsupervised"" | type:OSINT | osint:lifetime=""perpetual"" | osint:source-type=""manual-collection""",Fora do foco operacional de ransomware; não há evidência suficiente no manifest de relevância direta para a campanha simulada.,CIRCL OSINT / MISP
66a2959d-d92d-44e7-9543-9d7fc8d99f8d,2026-07-12,Maltrail IOC for 2026-07-13,R3,0,"tlp:clear | MALWARE | misp:threat-level=""medium-risk"" | misp:event-type=""observation"" | misp:automation-level=""unsupervised"" | type:OSINT | osint:lifetime=""perpetual"" | osint:source-type=""manual-collection""",Fora do foco operacional de ransomware; não há evidência suficiente no manifest de relevância direta para a campanha simulada.,CIRCL OSINT / MISP
e8810911-75c2-4125-a766-d7a897c23634,2026-07-13,Maltrail IOC for 2026-07-14,R3,0,"tlp:clear | MALWARE | misp:threat-level=""medium-risk"" | misp:event-type=""observation"" | misp:automation-level=""unsupervised"" | type:OSINT | osint:lifetime=""perpetual"" | osint:source-type=""manual-collection""",Fora do foco operacional de ransomware; não há evidência suficiente no manifest de relevância direta para a campanha simulada.,CIRCL OSINT / MISP
334351d3-2f2f-43cd-8db9-ce2d8b787364,2026-07-14,Maltrail IOC for 2026-07-15,R3,0,"tlp:clear | MALWARE | misp:threat-level=""medium-risk"" | misp:event-type=""observation"" | misp:automation-level=""unsupervised"" | type:OSINT | osint:lifetime=""perpetual"" | osint:source-type=""manual-collection""",Fora do foco operacional de ransomware; não há evidência suficiente no manifest de relevância direta para a campanha simulada.,CIRCL OSINT / MISP
79253ccc-5cde-48b2-95b6-2c6a2605bf0d,2026-07-16,Maltrail IOC for 2026-07-16,R3,0,"tlp:clear | MALWARE | misp:threat-level=""medium-risk"" | misp:event-type=""observation"" | misp:automation-level=""unsupervised"" | type:OSINT | osint:lifetime=""perpetual"" | osint:source-type=""manual-collection""",Fora do foco operacional de ransomware; não há evidência suficiente no manifest de relevância direta para a campanha simulada.,CIRCL OSINT / MISP
9b6c7383-c1da-40d2-b7d7-0fa11e98369f,2026-07-16,Maltrail IOC for 2026-07-17,R3,0,"tlp:clear | MALWARE | misp:threat-level=""medium-risk"" | misp:event-type=""observation"" | misp:automation-level=""unsupervised"" | type:OSINT | osint:lifetime=""perpetual"" | osint:source-type=""manual-collection""",Fora do foco operacional de ransomware; não há evidência suficiente no manifest de relevância direta para a campanha simulada.,CIRCL OSINT / MISP
c7d460ba-e4f5-4ed6-9714-9cda114a4c62,2026-07-17,Maltrail IOC for 2026-07-18,R3,0,"tlp:clear | MALWARE | misp:threat-level=""medium-risk"" | misp:event-type=""observation"" | misp:automation-level=""unsupervised"" | type:OSINT | osint:lifetime=""perpetual"" | osint:source-type=""manual-collection""",Fora do foco operacional de ransomware; não há evidência suficiente no manifest de relevância direta para a campanha simulada.,CIRCL OSINT / MISP
f9675093-4784-487d-ad9d-ae945c8a288e,2026-07-18,Maltrail IOC for 2026-07-19,R3,0,"tlp:clear | MALWARE | misp:threat-level=""medium-risk"" | misp:event-type=""observation"" | misp:automation-level=""unsupervised"" | type:OSINT | osint:lifetime=""perpetual"" | osint:source-type=""manual-collection""",Fora do foco operacional de ransomware; não há evidência suficiente no manifest de relevância direta para a campanha simulada.,CIRCL OSINT / MISP
1e7a9c77-9dc8-457e-98b2-dbb406d46718,2026-07-19,Maltrail IOC for 2026-07-20,R3,0,"tlp:clear | MALWARE | misp:threat-level=""medium-risk"" | misp:event-type=""observation"" | misp:automation-level=""unsupervised"" | type:OSINT | osint:lifetime=""perpetual"" | osint:source-type=""manual-collection""",Fora do foco operacional de ransomware; não há evidência suficiente no manifest de relevância direta para a campanha simulada.,CIRCL OSINT / MISP
dfc9ef66-d6ff-4417-901f-801bb22384a3,2026-07-20,Maltrail IOC for 2026-07-21,R3,0,"tlp:clear | MALWARE | misp:threat-level=""medium-risk"" | misp:event-type=""observation"" | misp:automation-level=""unsupervised"" | type:OSINT | osint:lifetime=""perpetual"" | osint:source-type=""manual-collection""",Fora do foco operacional de ransomware; não há evidência suficiente no manifest de relevância direta para a campanha simulada.,CIRCL OSINT / MISP
d9b9dbfc-bafc-45e6-a432-83d76d6c2847,2026-07-21,Maltrail IOC for 2026-07-22,R3,0,"tlp:clear | MALWARE | misp:threat-level=""medium-risk"" | misp:event-type=""observation"" | misp:automation-level=""unsupervised"" | type:OSINT | osint:lifetime=""perpetual"" | osint:source-type=""manual-collection""",Fora do foco operacional de ransomware; não há evidência suficiente no manifest de relevância direta para a campanha simulada.,CIRCL OSINT / MISP
2c8e60a1-4fa6-4be4-b2e4-87966f87c3c1,2026-07-22,Maltrail IOC for 2026-07-23,R3,0,"tlp:clear | MALWARE | misp:threat-level=""medium-risk"" | misp:event-type=""observation"" | misp:automation-level=""unsupervised"" | type:OSINT | osint:lifetime=""perpetual"" | osint:source-type=""manual-collection""",Fora do foco operacional de ransomware; não há evidência suficiente no manifest de relevância direta para a campanha simulada.,CIRCL OSINT / MISP
7151fa00-6906-4647-9cb0-ccc84b29f277,2026-07-23,Maltrail IOC for 2026-07-24,R3,0,"tlp:clear | MALWARE | misp:threat-level=""medium-risk"" | misp:event-type=""observation"" | misp:automation-level=""unsupervised"" | type:OSINT | osint:lifetime=""perpetual"" | osint:source-type=""manual-collection""",Fora do foco operacional de ransomware; não há evidência suficiente no manifest de relevância direta para a campanha simulada.,CIRCL OSINT / MISP
fde8c224-d432-4ef4-bd2a-e6a7cbce079d,2026-07-24,Maltrail IOC for 2026-07-25,R3,0,"tlp:clear | MALWARE | misp:threat-level=""medium-risk"" | misp:event-type=""observation"" | misp:automation-level=""unsupervised"" | type:OSINT | osint:lifetime=""perpetual"" | osint:source-type=""manual-collection""",Fora do foco operacional de ransomware; não há evidência suficiente no manifest de relevância direta para a campanha simulada.,CIRCL OSINT / MISP
12e1fb42-310c-4e04-878a-d76bd485c85f,2026-07-25,Maltrail IOC for 2026-07-26,R3,0,"tlp:clear | MALWARE | misp:threat-level=""medium-risk"" | misp:event-type=""observation"" | misp:automation-level=""unsupervised"" | type:OSINT | osint:lifetime=""perpetual"" | osint:source-type=""manual-collection""",Fora do foco operacional de ransomware; não há evidência suficiente no manifest de relevância direta para a campanha simulada.,CIRCL OSINT / MISP
909dfd53-79b9-46d4-9be9-b1ca6ca848fb,2026-07-26,Maltrail IOC for 2026-07-27,R3,0,"tlp:clear | MALWARE | misp:threat-level=""medium-risk"" | misp:event-type=""observation"" | misp:automation-level=""unsupervised"" | type:OSINT | osint:lifetime=""perpetual"" | osint:source-type=""manual-collection""",Fora do foco operacional de ransomware; não há evidência suficiente no manifest de relevância direta para a campanha simulada.,CIRCL OSINT / MISP
bcf9036e-b356-45a7-8191-dd4ffec7d159,2026-07-27,Maltrail IOC for 2026-07-28,R3,0,"tlp:clear | MALWARE | misp:threat-level=""medium-risk"" | misp:event-type=""observation"" | misp:automation-level=""unsupervised"" | type:OSINT | osint:lifetime=""perpetual"" | osint:source-type=""manual-collection""",Fora do foco operacional de ransomware; não há evidência suficiente no manifest de relevância direta para a campanha simulada.,CIRCL OSINT / MISP
9f824470-689b-4047-b487-03f572d4cb3f,2026-07-28,Maltrail IOC for 2026-07-29,R3,0,"tlp:clear | MALWARE | misp:threat-level=""medium-risk"" | misp:event-type=""observation"" | misp:automation-level=""unsupervised"" | type:OSINT | osint:lifetime=""perpetual"" | osint:source-type=""manual-collection""",Fora do foco operacional de ransomware; não há evidência suficiente no manifest de relevância direta para a campanha simulada.,CIRCL OSINT / MISP
4aa998aa-09cf-46cb-9c63-449bc0943968,2026-07-29,Maltrail IOC for 2026-07-30,R3,0,"tlp:clear | MALWARE | misp:threat-level=""medium-risk"" | misp:event-type=""observation"" | misp:automation-level=""unsupervised"" | type:OSINT | osint:lifetime=""perpetual"" | osint:source-type=""manual-collection""",Fora do foco operacional de ransomware; não há evidência suficiente no manifest de relevância direta para a campanha simulada.,CIRCL OSINT / MISP
6f427901-14e3-4493-b8f8-65e99ca76bd6,2026-07-30,Maltrail IOC for 2026-07-31,R3,0,"tlp:clear | MALWARE | misp:threat-level=""medium-risk"" | misp:event-type=""observation"" | misp:automation-level=""unsupervised"" | type:OSINT | osint:lifetime=""perpetual"" | osint:source-type=""manual-collection""",Fora do foco operacional de ransomware; não há evidência suficiente no manifest de relevância direta para a campanha simulada.,CIRCL OSINT / MISP
183b6a5f-ebc1-4575-ac91-87e2e13c3731,2026-07-31,Maltrail IOC for 2026-08-01,R3,0,"tlp:clear | MALWARE | misp:threat-level=""medium-risk"" | misp:event-type=""observation"" | misp:automation-level=""unsupervised"" | type:OSINT | osint:lifetime=""perpetual"" | osint:source-type=""manual-collection""",Fora do foco operacional de ransomware; não há evidência suficiente no manifest de relevância direta para a campanha simulada.,CIRCL OSINT / MISP
c2d3498b-60ea-4a1f-9a70-b3ff82056cb2,2026-08-01,Maltrail IOC for 2026-08-02,R3,0,"tlp:clear | MALWARE | misp:threat-level=""medium-risk"" | misp:event-type=""observation"" | misp:automation-level=""unsupervised"" | type:OSINT | osint:lifetime=""perpetual"" | osint:source-type=""manual-collection""",Fora do foco operacional de ransomware; não há evidência suficiente no manifest de relevância direta para a campanha simulada.,CIRCL OSINT / MISP
5ce193cb-d246-4291-8ef6-9187edc64582,2026-08-02,Maltrail IOC for 2026-08-03,R3,0,"tlp:clear | MALWARE | misp:threat-level=""medium-risk"" | misp:event-type=""observation"" | misp:automation-level=""unsupervised"" | type:OSINT | osint:lifetime=""perpetual"" | osint:source-type=""manual-collection""",Fora do foco operacional de ransomware; não há evidência suficiente no manifest de relevância direta para a campanha simulada.,CIRCL OSINT / MISP
e785d271-54e2-4c3e-8101-346cb042dd29,2026-08-03,Maltrail IOC for 2026-08-04,R3,0,"tlp:clear | MALWARE | misp:threat-level=""medium-risk"" | misp:event-type=""observation"" | misp:automation-level=""unsupervised"" | type:OSINT | osint:lifetime=""perpetual"" | osint:source-type=""manual-collection""",Fora do foco operacional de ransomware; não há evidência suficiente no manifest de relevância direta para a campanha simulada.,CIRCL OSINT / MISP
92b57f45-754e-4180-9032-1fee1714bf71,2026-08-04,Maltrail IOC for 2026-08-05,R3,0,"tlp:clear | MALWARE | misp:threat-level=""medium-risk"" | misp:event-type=""observation"" | misp:automation-level=""unsupervised"" | type:OSINT | osint:lifetime=""perpetual"" | osint:source-type=""manual-collection""",Fora do foco operacional de ransomware; não há evidência suficiente no manifest de relevância direta para a campanha simulada.,CIRCL OSINT / MISP
98fa60ea-d504-4e63-8766-d8c331f902e5,2026-08-06,Maltrail IOC for 2026-08-07,R3,0,"tlp:clear | MALWARE | misp:threat-level=""medium-risk"" | misp:event-type=""observation"" | misp:automation-level=""unsupervised"" | type:OSINT | osint:lifetime=""perpetual"" | osint:source-type=""manual-collection""",Fora do foco operacional de ransomware; não há evidência suficiente no manifest de relevância direta para a campanha simulada.,CIRCL OSINT / MISP
da6cf323-074f-4272-8ddd-8fddddac8690,2026-08-07,Maltrail IOC for 2026-08-08,R3,0,"tlp:clear | MALWARE | misp:threat-level=""medium-risk"" | misp:event-type=""observation"" | misp:automation-level=""unsupervised"" | type:OSINT | osint:lifetime=""perpetual"" | osint:source-type=""manual-collection""",Fora do foco operacional de ransomware; não há evidência suficiente no manifest de relevância direta para a campanha simulada.,CIRCL OSINT / MISP
118e66a6-103e-4d16-bf65-5ff0b6ecf532,2026-08-08,Maltrail IOC for 2026-08-09,R3,0,"tlp:clear | MALWARE | misp:threat-level=""medium-risk"" | misp:event-type=""observation"" | misp:automation-level=""unsupervised"" | type:OSINT | osint:lifetime=""perpetual"" | osint:source-type=""manual-collection""",Fora do foco operacional de ransomware; não há evidência suficiente no manifest de relevância direta para a campanha simulada.,CIRCL OSINT / MISP
0badeefd-70f0-46e6-87f4-a6f1454661f9,2026-08-09,Maltrail IOC for 2026-08-10,R3,0,"tlp:clear | MALWARE | misp:threat-level=""medium-risk"" | misp:event-type=""observation"" | misp:automation-level=""unsupervised"" | type:OSINT | osint:lifetime=""perpetual"" | osint:source-type=""manual-collection""",Fora do foco operacional de ransomware; não há evidência suficiente no manifest de relevância direta para a campanha simulada.,CIRCL OSINT / MISP
b10656a2-7551-45ed-a0b1-d97fe3ef2b81,2026-08-10,Maltrail IOC for 2026-08-11,R3,0,"tlp:clear | MALWARE | misp:threat-level=""medium-risk"" | misp:event-type=""observation"" | misp:automation-level=""unsupervised"" | type:OSINT | osint:lifetime=""perpetual"" | osint:source-type=""manual-collection""",Fora do foco operacional de ransomware; não há evidência suficiente no manifest de relevância direta para a campanha simulada.,CIRCL OSINT / MISP
58e3803b-3094-4457-a6f6-810d5bd94b6a,2026-08-11,Maltrail IOC for 2026-08-12,R3,0,"tlp:clear | MALWARE | misp:threat-level=""medium-risk"" | misp:event-type=""observation"" | misp:automation-level=""unsupervised"" | type:OSINT | osint:lifetime=""perpetual"" | osint:source-type=""manual-collection""",Fora do foco operacional de ransomware; não há evidência suficiente no manifest de relevância direta para a campanha simulada.,CIRCL OSINT / MISP
947d2ac1-3953-451f-8ae1-35e5c911978e,2026-08-12,Maltrail IOC for 2026-08-13,R3,0,"tlp:clear | MALWARE | misp:threat-level=""medium-risk"" | misp:event-type=""observation"" | misp:automation-level=""unsupervised"" | type:OSINT | osint:lifetime=""perpetual"" | osint:source-type=""manual-collection""",Fora do foco operacional de ransomware; não há evidência suficiente no manifest de relevância direta para a campanha simulada.,CIRCL OSINT / MISP
6cb37027-b16f-4d80-aa77-a0dfd2dfe872,2026-08-13,Maltrail IOC for 2026-08-14,R3,0,"tlp:clear | MALWARE | misp:threat-level=""medium-risk"" | misp:event-type=""observation"" | misp:automation-level=""unsupervised"" | type:OSINT | osint:lifetime=""perpetual"" | osint:source-type=""manual-collection""",Fora do foco operacional de ransomware; não há evidência suficiente no manifest de relevância direta para a campanha simulada.,CIRCL OSINT / MISP
